<DATE>	<TIME>	<OPEN>	<HIGH>	<LOW>	<CLOSE>	<TICKVOL>
2025.11.02	22:00:00	1.15294	1.15324	1.15294	1.15324	2.02
2025.11.02	22:01:00	1.15324	1.15329	1.15289	1.15328	3.11
2025.11.02	22:02:00	1.15328	1.15328	1.15328	1.15328	1.34
2025.11.02	22:03:00	1.15295	1.15328	1.15295	1.15328	3.03
2025.11.02	22:04:00	1.15295	1.15295	1.15295	1.15295	0.67
2025.11.02	22:05:00	1.15306	1.15329	1.15295	1.15319	30.02
2025.11.02	22:06:00	1.15300	1.15331	1.15300	1.15302	61.80
2025.11.02	22:07:00	1.15303	1.15309	1.15303	1.15305	57.60
2025.11.02	22:08:00	1.15307	1.15309	1.15306	1.15309	27.00
2025.11.02	22:09:00	1.15306	1.15306	1.15294	1.15294	24.87
2025.11.02	22:10:00	1.15299	1.15305	1.15294	1.15298	22.70
2025.11.02	22:11:00	1.15298	1.15310	1.15296	1.15296	11.55
2025.11.02	22:12:00	1.15297	1.15302	1.15296	1.15297	9.30
2025.11.02	22:13:00	1.15303	1.15304	1.15303	1.15304	2.40
2025.11.02	22:14:00	1.15302	1.15302	1.15302	1.15302	2.10
2025.11.02	22:15:00	1.15301	1.15307	1.15300	1.15303	10.80
2025.11.02	22:16:00	1.15303	1.15307	1.15302	1.15307	6.90
2025.11.02	22:17:00	1.15307	1.15307	1.15307	1.15307	1.20
2025.11.02	22:18:00	1.15298	1.15316	1.15298	1.15310	12.30
2025.11.02	22:19:00	1.15308	1.15308	1.15307	1.15307	3.60
2025.11.02	22:20:00	1.15307	1.15308	1.15300	1.15300	4.50
2025.11.02	22:21:00	1.15300	1.15314	1.15299	1.15309	18.06
2025.11.02	22:22:00	1.15309	1.15311	1.15308	1.15311	3.60
2025.11.02	22:23:00	1.15311	1.15311	1.15308	1.15308	4.80
2025.11.02	22:24:00	1.15309	1.15312	1.15309	1.15312	8.40
2025.11.02	22:25:00	1.15311	1.15311	1.15308	1.15310	4.80
2025.11.02	22:26:00	1.15310	1.15310	1.15310	1.15310	1.20
2025.11.02	22:27:00	1.15299	1.15308	1.15299	1.15308	13.20
2025.11.02	22:28:00	1.15299	1.15300	1.15299	1.15300	1.80
2025.11.02	22:29:00	1.15308	1.15308	1.15308	1.15308	1.20
2025.11.02	22:30:00	1.15308	1.15309	1.15307	1.15307	4.80
2025.11.02	22:31:00	1.15308	1.15308	1.15306	1.15306	2.10
2025.11.02	22:32:00	1.15308	1.15308	1.15307	1.15307	2.40
2025.11.02	22:33:00	1.15307	1.15308	1.15306	1.15306	4.50
2025.11.02	22:34:00	1.15298	1.15309	1.15298	1.15308	3.90
2025.11.02	22:35:00	1.15308	1.15312	1.15308	1.15308	7.50
2025.11.02	22:36:00	1.15311	1.15312	1.15308	1.15308	9.60
2025.11.02	22:37:00	1.15308	1.15308	1.15307	1.15307	4.80
2025.11.02	22:38:00	1.15307	1.15309	1.15307	1.15308	7.20
2025.11.02	22:39:00	1.15311	1.15311	1.15306	1.15308	12.00
2025.11.02	22:40:00	1.15308	1.15308	1.15304	1.15304	6.00
2025.11.02	22:41:00	1.15304	1.15305	1.15301	1.15301	11.40
2025.11.02	22:42:00	1.15307	1.15309	1.15301	1.15305	11.55
2025.11.02	22:43:00	1.15307	1.15323	1.15306	1.15309	100.65
2025.11.02	22:44:00	1.15316	1.15318	1.15303	1.15304	38.55
2025.11.02	22:45:00	1.15303	1.15309	1.15302	1.15304	10.68
2025.11.02	22:46:00	1.15305	1.15324	1.15304	1.15320	42.03
2025.11.02	22:47:00	1.15322	1.15332	1.15319	1.15331	181.39
2025.11.02	22:48:00	1.15328	1.15331	1.15319	1.15327	863.02
2025.11.02	22:49:00	1.15324	1.15332	1.15318	1.15331	954.24
2025.11.02	22:50:00	1.15329	1.15336	1.15319	1.15332	640.59
2025.11.02	22:51:00	1.15333	1.15340	1.15330	1.15333	432.56
2025.11.02	22:52:00	1.15340	1.15340	1.15332	1.15333	421.39
2025.11.02	22:53:00	1.15338	1.15340	1.15330	1.15332	495.38
2025.11.02	22:54:00	1.15332	1.15340	1.15330	1.15336	458.80
2025.11.02	22:55:00	1.15336	1.15340	1.15330	1.15334	638.17
2025.11.02	22:56:00	1.15331	1.15339	1.15330	1.15334	123.29
2025.11.02	22:57:00	1.15335	1.15339	1.15318	1.15328	189.07
2025.11.02	22:58:00	1.15328	1.15331	1.15321	1.15329	108.00
2025.11.02	22:59:00	1.15330	1.15330	1.15321	1.15329	84.89
2025.11.02	23:00:00	1.15327	1.15336	1.15313	1.15322	456.83
2025.11.02	23:01:00	1.15321	1.15341	1.15307	1.15331	298.30
2025.11.02	23:02:00	1.15332	1.15338	1.15326	1.15335	105.89
2025.11.02	23:03:00	1.15332	1.15348	1.15331	1.15348	120.48
2025.11.02	23:04:00	1.15348	1.15352	1.15328	1.15346	183.31
2025.11.02	23:05:00	1.15347	1.15355	1.15343	1.15348	71.08
2025.11.02	23:06:00	1.15354	1.15365	1.15348	1.15360	63.84
2025.11.02	23:07:00	1.15367	1.15368	1.15363	1.15364	21.60
2025.11.02	23:08:00	1.15365	1.15368	1.15358	1.15359	57.47
2025.11.02	23:09:00	1.15358	1.15366	1.15358	1.15361	42.21
2025.11.02	23:10:00	1.15364	1.15369	1.15357	1.15369	67.22
2025.11.02	23:11:00	1.15370	1.15383	1.15368	1.15370	45.99
2025.11.02	23:12:00	1.15369	1.15374	1.15367	1.15367	16.19
2025.11.02	23:13:00	1.15366	1.15370	1.15357	1.15357	41.93
2025.11.02	23:14:00	1.15358	1.15360	1.15355	1.15359	20.39
2025.11.02	23:15:00	1.15357	1.15365	1.15357	1.15360	142.31
2025.11.02	23:16:00	1.15358	1.15362	1.15353	1.15354	56.04
2025.11.02	23:17:00	1.15355	1.15369	1.15352	1.15367	79.98
2025.11.02	23:18:00	1.15368	1.15369	1.15348	1.15348	193.60
2025.11.02	23:19:00	1.15350	1.15354	1.15348	1.15351	77.19
2025.11.02	23:20:00	1.15354	1.15355	1.15341	1.15341	136.21
2025.11.02	23:21:00	1.15342	1.15344	1.15341	1.15342	34.30
2025.11.02	23:22:00	1.15344	1.15344	1.15341	1.15341	6.59
2025.11.02	23:23:00	1.15341	1.15342	1.15341	1.15341	8.39
2025.11.02	23:24:00	1.15340	1.15341	1.15316	1.15316	122.77
2025.11.02	23:25:00	1.15316	1.15317	1.15309	1.15312	123.88
2025.11.02	23:26:00	1.15310	1.15313	1.15306	1.15312	273.95
2025.11.02	23:27:00	1.15310	1.15312	1.15301	1.15308	244.96
2025.11.02	23:28:00	1.15304	1.15312	1.15303	1.15312	35.50
2025.11.02	23:29:00	1.15312	1.15339	1.15311	1.15337	143.12
2025.11.02	23:30:00	1.15338	1.15344	1.15328	1.15340	210.51
2025.11.02	23:31:00	1.15340	1.15346	1.15333	1.15340	97.82
2025.11.02	23:32:00	1.15340	1.15344	1.15335	1.15339	155.19
2025.11.02	23:33:00	1.15340	1.15340	1.15320	1.15322	107.55
2025.11.02	23:34:00	1.15323	1.15323	1.15313	1.15313	54.59
2025.11.02	23:35:00	1.15314	1.15318	1.15298	1.15299	81.17
2025.11.02	23:36:00	1.15300	1.15302	1.15298	1.15301	36.95
2025.11.02	23:37:00	1.15301	1.15301	1.15278	1.15279	90.03
2025.11.02	23:38:00	1.15279	1.15286	1.15278	1.15284	134.48
2025.11.02	23:39:00	1.15284	1.15302	1.15284	1.15286	52.81
2025.11.02	23:40:00	1.15286	1.15289	1.15278	1.15282	76.88
2025.11.02	23:41:00	1.15281	1.15285	1.15281	1.15283	38.96
2025.11.02	23:42:00	1.15283	1.15290	1.15281	1.15290	81.59
2025.11.02	23:43:00	1.15290	1.15290	1.15290	1.15290	2.70
2025.11.02	23:44:00	1.15295	1.15296	1.15289	1.15293	38.53
2025.11.02	23:45:00	1.15297	1.15297	1.15294	1.15296	9.00
2025.11.02	23:46:00	1.15295	1.15309	1.15294	1.15308	45.24
2025.11.02	23:47:00	1.15313	1.15316	1.15308	1.15312	57.32
2025.11.02	23:48:00	1.15318	1.15326	1.15317	1.15318	42.09
2025.11.02	23:49:00	1.15315	1.15315	1.15304	1.15305	102.23
2025.11.02	23:50:00	1.15307	1.15307	1.15293	1.15295	86.94
2025.11.02	23:51:00	1.15297	1.15297	1.15260	1.15268	122.77
2025.11.02	23:52:00	1.15269	1.15272	1.15262	1.15265	87.89
2025.11.02	23:53:00	1.15267	1.15271	1.15263	1.15264	53.35
2025.11.02	23:54:00	1.15265	1.15280	1.15263	1.15272	69.10
2025.11.02	23:55:00	1.15274	1.15278	1.15270	1.15278	36.29
2025.11.02	23:56:00	1.15278	1.15278	1.15270	1.15271	10.25
2025.11.02	23:57:00	1.15270	1.15272	1.15257	1.15261	49.60
2025.11.02	23:58:00	1.15259	1.15274	1.15250	1.15264	114.59
2025.11.02	23:59:00	1.15263	1.15275	1.15263	1.15274	74.34
2025.11.03	00:00:00	1.15273	1.15290	1.15270	1.15286	125.00
2025.11.03	00:01:00	1.15286	1.15309	1.15286	1.15300	155.85
2025.11.03	00:02:00	1.15302	1.15308	1.15289	1.15294	63.49
2025.11.03	00:03:00	1.15294	1.15294	1.15268	1.15276	36.31
2025.11.03	00:04:00	1.15275	1.15275	1.15266	1.15272	29.88
2025.11.03	00:05:00	1.15272	1.15274	1.15268	1.15273	11.70
2025.11.03	00:06:00	1.15273	1.15273	1.15265	1.15269	9.61
2025.11.03	00:07:00	1.15267	1.15273	1.15266	1.15273	13.88
2025.11.03	00:08:00	1.15272	1.15273	1.15268	1.15270	14.01
2025.11.03	00:09:00	1.15273	1.15277	1.15271	1.15274	30.69
2025.11.03	00:10:00	1.15273	1.15276	1.15267	1.15273	20.54
2025.11.03	00:11:00	1.15272	1.15273	1.15267	1.15267	16.17
2025.11.03	00:12:00	1.15267	1.15274	1.15260	1.15263	32.35
2025.11.03	00:13:00	1.15263	1.15289	1.15263	1.15273	48.23
2025.11.03	00:14:00	1.15277	1.15284	1.15272	1.15275	62.24
2025.11.03	00:15:00	1.15276	1.15276	1.15270	1.15270	29.11
2025.11.03	00:16:00	1.15269	1.15269	1.15262	1.15263	32.71
2025.11.03	00:17:00	1.15262	1.15262	1.15261	1.15262	14.44
2025.11.03	00:18:00	1.15262	1.15268	1.15260	1.15266	49.11
2025.11.03	00:19:00	1.15264	1.15264	1.15251	1.15254	29.87
2025.11.03	00:20:00	1.15256	1.15256	1.15251	1.15255	8.75
2025.11.03	00:21:00	1.15257	1.15262	1.15257	1.15262	12.31
2025.11.03	00:22:00	1.15263	1.15291	1.15263	1.15290	35.75
2025.11.03	00:23:00	1.15290	1.15290	1.15286	1.15287	10.70
2025.11.03	00:24:00	1.15287	1.15298	1.15286	1.15298	13.00
2025.11.03	00:25:00	1.15295	1.15302	1.15295	1.15295	18.24
2025.11.03	00:26:00	1.15297	1.15303	1.15297	1.15302	9.00
2025.11.03	00:27:00	1.15301	1.15302	1.15297	1.15301	18.64
2025.11.03	00:28:00	1.15300	1.15303	1.15293	1.15296	21.32
2025.11.03	00:29:00	1.15297	1.15298	1.15294	1.15294	9.00
2025.11.03	00:30:00	1.15294	1.15300	1.15286	1.15300	20.19
2025.11.03	00:31:00	1.15298	1.15298	1.15282	1.15286	27.72
2025.11.03	00:32:00	1.15287	1.15288	1.15282	1.15284	26.65
2025.11.03	00:33:00	1.15283	1.15283	1.15275	1.15277	27.55
2025.11.03	00:34:00	1.15277	1.15282	1.15274	1.15280	10.95
2025.11.03	00:35:00	1.15282	1.15282	1.15277	1.15279	17.45
2025.11.03	00:36:00	1.15279	1.15287	1.15279	1.15283	21.05
2025.11.03	00:37:00	1.15286	1.15288	1.15280	1.15283	22.34
2025.11.03	00:38:00	1.15282	1.15284	1.15278	1.15279	16.14
2025.11.03	00:39:00	1.15277	1.15282	1.15277	1.15282	13.99
2025.11.03	00:40:00	1.15286	1.15289	1.15284	1.15289	7.85
2025.11.03	00:41:00	1.15289	1.15297	1.15289	1.15294	18.33
2025.11.03	00:42:00	1.15294	1.15301	1.15292	1.15292	29.60
2025.11.03	00:43:00	1.15291	1.15293	1.15284	1.15287	28.75
2025.11.03	00:44:00	1.15287	1.15288	1.15282	1.15287	17.50
2025.11.03	00:45:00	1.15291	1.15291	1.15253	1.15258	77.09
2025.11.03	00:46:00	1.15257	1.15259	1.15241	1.15248	77.78
2025.11.03	00:47:00	1.15250	1.15261	1.15247	1.15249	30.39
2025.11.03	00:48:00	1.15248	1.15252	1.15242	1.15248	22.40
2025.11.03	00:49:00	1.15248	1.15261	1.15248	1.15258	10.30
2025.11.03	00:50:00	1.15259	1.15270	1.15256	1.15264	38.51
2025.11.03	00:51:00	1.15263	1.15263	1.15256	1.15261	18.80
2025.11.03	00:52:00	1.15262	1.15265	1.15258	1.15260	23.25
2025.11.03	00:53:00	1.15262	1.15269	1.15261	1.15266	20.85
2025.11.03	00:54:00	1.15267	1.15273	1.15267	1.15268	23.55
2025.11.03	00:55:00	1.15266	1.15268	1.15260	1.15267	25.33
2025.11.03	00:56:00	1.15269	1.15282	1.15268	1.15278	13.47
2025.11.03	00:57:00	1.15278	1.15279	1.15265	1.15265	30.44
2025.11.03	00:58:00	1.15267	1.15270	1.15262	1.15262	77.52
2025.11.03	00:59:00	1.15264	1.15270	1.15256	1.15256	34.04
2025.11.03	01:00:00	1.15258	1.15259	1.15249	1.15252	56.55
2025.11.03	01:01:00	1.15252	1.15258	1.15250	1.15255	58.81
2025.11.03	01:02:00	1.15253	1.15255	1.15242	1.15242	42.08
2025.11.03	01:03:00	1.15240	1.15240	1.15237	1.15238	6.30
2025.11.03	01:04:00	1.15240	1.15240	1.15226	1.15229	43.75
2025.11.03	01:05:00	1.15228	1.15243	1.15227	1.15243	120.81
2025.11.03	01:06:00	1.15242	1.15244	1.15232	1.15233	50.88
2025.11.03	01:07:00	1.15233	1.15240	1.15233	1.15236	27.09
2025.11.03	01:08:00	1.15236	1.15237	1.15215	1.15220	56.19
2025.11.03	01:09:00	1.15221	1.15228	1.15218	1.15224	36.65
2025.11.03	01:10:00	1.15223	1.15237	1.15220	1.15237	56.80
2025.11.03	01:11:00	1.15239	1.15251	1.15239	1.15245	36.17
2025.11.03	01:12:00	1.15246	1.15248	1.15239	1.15240	21.10
2025.11.03	01:13:00	1.15242	1.15243	1.15239	1.15240	17.50
2025.11.03	01:14:00	1.15241	1.15251	1.15238	1.15241	44.60
2025.11.03	01:15:00	1.15242	1.15262	1.15241	1.15262	73.34
2025.11.03	01:16:00	1.15261	1.15264	1.15258	1.15263	41.78
2025.11.03	01:17:00	1.15261	1.15270	1.15259	1.15266	55.53
2025.11.03	01:18:00	1.15271	1.15276	1.15270	1.15273	32.13
2025.11.03	01:19:00	1.15272	1.15278	1.15270	1.15274	51.18
2025.11.03	01:20:00	1.15274	1.15280	1.15271	1.15278	29.43
2025.11.03	01:21:00	1.15278	1.15278	1.15272	1.15273	32.52
2025.11.03	01:22:00	1.15275	1.15277	1.15274	1.15276	31.68
2025.11.03	01:23:00	1.15277	1.15282	1.15274	1.15281	42.54
2025.11.03	01:24:00	1.15281	1.15284	1.15272	1.15272	59.33
2025.11.03	01:25:00	1.15274	1.15279	1.15271	1.15276	40.65
2025.11.03	01:26:00	1.15275	1.15276	1.15269	1.15274	30.33
2025.11.03	01:27:00	1.15274	1.15274	1.15270	1.15274	14.85
2025.11.03	01:28:00	1.15272	1.15272	1.15266	1.15266	9.19
2025.11.03	01:29:00	1.15267	1.15268	1.15265	1.15265	12.24
2025.11.03	01:30:00	1.15266	1.15269	1.15266	1.15268	12.91
2025.11.03	01:31:00	1.15267	1.15273	1.15265	1.15272	24.03
2025.11.03	01:32:00	1.15270	1.15276	1.15268	1.15275	57.57
2025.11.03	01:33:00	1.15275	1.15279	1.15273	1.15279	24.35
2025.11.03	01:34:00	1.15278	1.15288	1.15277	1.15286	43.66
2025.11.03	01:35:00	1.15285	1.15286	1.15275	1.15279	48.20
2025.11.03	01:36:00	1.15281	1.15285	1.15281	1.15283	14.85
2025.11.03	01:37:00	1.15284	1.15288	1.15282	1.15285	38.97
2025.11.03	01:38:00	1.15284	1.15287	1.15283	1.15284	20.34
2025.11.03	01:39:00	1.15282	1.15282	1.15272	1.15272	26.10
2025.11.03	01:40:00	1.15273	1.15278	1.15268	1.15273	45.47
2025.11.03	01:41:00	1.15274	1.15275	1.15268	1.15268	19.26
2025.11.03	01:42:00	1.15272	1.15272	1.15264	1.15264	13.50
2025.11.03	01:43:00	1.15265	1.15265	1.15259	1.15260	11.45
2025.11.03	01:44:00	1.15259	1.15263	1.15257	1.15258	20.47
2025.11.03	01:45:00	1.15257	1.15265	1.15255	1.15263	52.10
2025.11.03	01:46:00	1.15265	1.15275	1.15265	1.15273	12.54
2025.11.03	01:47:00	1.15274	1.15279	1.15272	1.15272	19.64
2025.11.03	01:48:00	1.15274	1.15284	1.15272	1.15283	35.87
2025.11.03	01:49:00	1.15283	1.15285	1.15277	1.15277	11.91
2025.11.03	01:50:00	1.15278	1.15282	1.15267	1.15268	45.15
2025.11.03	01:51:00	1.15269	1.15270	1.15268	1.15269	13.00
2025.11.03	01:52:00	1.15270	1.15279	1.15263	1.15263	38.02
2025.11.03	01:53:00	1.15263	1.15264	1.15258	1.15259	30.60
2025.11.03	01:54:00	1.15259	1.15264	1.15257	1.15264	11.79
2025.11.03	01:55:00	1.15267	1.15279	1.15267	1.15279	43.33
2025.11.03	01:56:00	1.15278	1.15284	1.15274	1.15281	47.40
2025.11.03	01:57:00	1.15283	1.15286	1.15279	1.15280	34.67
2025.11.03	01:58:00	1.15277	1.15277	1.15269	1.15275	42.11
2025.11.03	01:59:00	1.15277	1.15277	1.15269	1.15269	24.70
2025.11.03	02:00:00	1.15272	1.15275	1.15263	1.15265	21.59
2025.11.03	02:01:00	1.15267	1.15267	1.15264	1.15266	9.15
2025.11.03	02:02:00	1.15267	1.15273	1.15267	1.15273	17.50
2025.11.03	02:03:00	1.15277	1.15282	1.15277	1.15280	26.93
2025.11.03	02:04:00	1.15281	1.15285	1.15280	1.15282	40.37
2025.11.03	02:05:00	1.15282	1.15282	1.15279	1.15279	11.33
2025.11.03	02:06:00	1.15277	1.15284	1.15276	1.15284	20.45
2025.11.03	02:07:00	1.15283	1.15292	1.15283	1.15290	39.53
2025.11.03	02:08:00	1.15290	1.15295	1.15288	1.15293	85.09
2025.11.03	02:09:00	1.15292	1.15319	1.15292	1.15313	79.32
2025.11.03	02:10:00	1.15312	1.15323	1.15312	1.15316	26.19
2025.11.03	02:11:00	1.15316	1.15318	1.15307	1.15317	38.07
2025.11.03	02:12:00	1.15318	1.15318	1.15308	1.15314	41.04
2025.11.03	02:13:00	1.15315	1.15318	1.15310	1.15310	27.90
2025.11.03	02:14:00	1.15309	1.15312	1.15307	1.15311	19.50
2025.11.03	02:15:00	1.15310	1.15323	1.15309	1.15309	36.65
2025.11.03	02:16:00	1.15308	1.15311	1.15302	1.15307	24.05
2025.11.03	02:17:00	1.15309	1.15311	1.15306	1.15307	60.32
2025.11.03	02:18:00	1.15308	1.15318	1.15307	1.15317	20.75
2025.11.03	02:19:00	1.15321	1.15323	1.15316	1.15317	21.53
2025.11.03	02:20:00	1.15318	1.15327	1.15317	1.15326	11.79
2025.11.03	02:21:00	1.15325	1.15325	1.15320	1.15322	16.58
2025.11.03	02:22:00	1.15324	1.15328	1.15318	1.15321	23.70
2025.11.03	02:23:00	1.15317	1.15319	1.15306	1.15309	33.59
2025.11.03	02:24:00	1.15315	1.15318	1.15312	1.15316	20.28
2025.11.03	02:25:00	1.15316	1.15321	1.15316	1.15319	24.41
2025.11.03	02:26:00	1.15318	1.15319	1.15317	1.15317	6.48
2025.11.03	02:27:00	1.15319	1.15325	1.15319	1.15322	32.94
2025.11.03	02:28:00	1.15320	1.15326	1.15318	1.15322	36.31
2025.11.03	02:29:00	1.15321	1.15323	1.15318	1.15319	31.32
2025.11.03	02:30:00	1.15318	1.15318	1.15309	1.15312	27.03
2025.11.03	02:31:00	1.15315	1.15318	1.15314	1.15317	16.92
2025.11.03	02:32:00	1.15317	1.15327	1.15316	1.15325	29.25
2025.11.03	02:33:00	1.15326	1.15328	1.15325	1.15327	13.05
2025.11.03	02:34:00	1.15328	1.15334	1.15327	1.15330	33.57
2025.11.03	02:35:00	1.15329	1.15334	1.15328	1.15334	40.71
2025.11.03	02:36:00	1.15332	1.15334	1.15315	1.15315	63.49
2025.11.03	02:37:00	1.15316	1.15320	1.15307	1.15312	65.22
2025.11.03	02:38:00	1.15314	1.15316	1.15311	1.15314	18.90
2025.11.03	02:39:00	1.15313	1.15313	1.15308	1.15308	7.65
2025.11.03	02:40:00	1.15308	1.15323	1.15308	1.15323	36.00
2025.11.03	02:41:00	1.15323	1.15328	1.15323	1.15328	7.20
2025.11.03	02:42:00	1.15326	1.15328	1.15322	1.15324	21.60
2025.11.03	02:43:00	1.15322	1.15322	1.15320	1.15320	11.25
2025.11.03	02:44:00	1.15318	1.15324	1.15317	1.15317	30.24
2025.11.03	02:45:00	1.15317	1.15319	1.15308	1.15312	18.00
2025.11.03	02:46:00	1.15309	1.15309	1.15307	1.15307	8.10
2025.11.03	02:47:00	1.15308	1.15322	1.15308	1.15322	18.00
2025.11.03	02:48:00	1.15327	1.15336	1.15327	1.15334	31.86
2025.11.03	02:49:00	1.15335	1.15340	1.15332	1.15339	23.40
2025.11.03	02:50:00	1.15339	1.15339	1.15326	1.15328	26.10
2025.11.03	02:51:00	1.15326	1.15331	1.15326	1.15328	14.40
2025.11.03	02:52:00	1.15328	1.15331	1.15328	1.15329	19.80
2025.11.03	02:53:00	1.15332	1.15334	1.15328	1.15328	7.20
2025.11.03	02:54:00	1.15328	1.15329	1.15328	1.15329	1.80
2025.11.03	02:55:00	1.15327	1.15334	1.15327	1.15332	41.04
2025.11.03	02:56:00	1.15334	1.15334	1.15319	1.15319	26.64
2025.11.03	02:57:00	1.15322	1.15329	1.15321	1.15322	29.79
2025.11.03	02:58:00	1.15323	1.15323	1.15305	1.15305	51.84
2025.11.03	02:59:00	1.15307	1.15316	1.15306	1.15314	38.70
2025.11.03	03:00:00	1.15313	1.15320	1.15312	1.15318	28.80
2025.11.03	03:01:00	1.15318	1.15320	1.15315	1.15320	14.24
2025.11.03	03:02:00	1.15318	1.15320	1.15317	1.15318	18.90
2025.11.03	03:03:00	1.15316	1.15320	1.15311	1.15320	32.01
2025.11.03	03:04:00	1.15318	1.15325	1.15318	1.15318	29.88
2025.11.03	03:05:00	1.15318	1.15321	1.15316	1.15316	11.70
2025.11.03	03:06:00	1.15316	1.15322	1.15311	1.15320	42.67
2025.11.03	03:07:00	1.15319	1.15319	1.15319	1.15319	0.90
2025.11.03	03:08:00	1.15321	1.15321	1.15318	1.15319	8.12
2025.11.03	03:09:00	1.15319	1.15323	1.15314	1.15322	49.16
2025.11.03	03:10:00	1.15324	1.15324	1.15324	1.15324	1.80
2025.11.03	03:11:00	1.15325	1.15325	1.15324	1.15324	2.70
2025.11.03	03:12:00	1.15324	1.15325	1.15320	1.15320	21.60
2025.11.03	03:13:00	1.15320	1.15321	1.15319	1.15320	25.65
2025.11.03	03:14:00	1.15321	1.15322	1.15318	1.15319	16.20
2025.11.03	03:15:00	1.15320	1.15323	1.15319	1.15323	11.70
2025.11.03	03:16:00	1.15323	1.15326	1.15323	1.15324	12.60
2025.11.03	03:17:00	1.15325	1.15328	1.15324	1.15326	26.19
2025.11.03	03:18:00	1.15327	1.15329	1.15325	1.15326	22.92
2025.11.03	03:19:00	1.15327	1.15327	1.15321	1.15323	12.60
2025.11.03	03:20:00	1.15323	1.15326	1.15321	1.15322	27.18
2025.11.03	03:21:00	1.15322	1.15322	1.15320	1.15322	14.40
2025.11.03	03:22:00	1.15321	1.15325	1.15321	1.15322	17.10
2025.11.03	03:23:00	1.15321	1.15323	1.15320	1.15322	9.00
2025.11.03	03:24:00	1.15323	1.15323	1.15318	1.15321	38.45
2025.11.03	03:25:00	1.15321	1.15322	1.15320	1.15322	26.00
2025.11.03	03:26:00	1.15322	1.15322	1.15318	1.15320	4.95
2025.11.03	03:27:00	1.15319	1.15319	1.15318	1.15318	1.80
2025.11.03	03:28:00	1.15317	1.15317	1.15314	1.15314	6.30
2025.11.03	03:29:00	1.15314	1.15315	1.15305	1.15307	31.40
2025.11.03	03:30:00	1.15307	1.15313	1.15299	1.15312	65.22
2025.11.03	03:31:00	1.15313	1.15320	1.15311	1.15319	36.18
2025.11.03	03:32:00	1.15321	1.15322	1.15321	1.15321	3.60
2025.11.03	03:33:00	1.15323	1.15323	1.15317	1.15317	8.10
2025.11.03	03:34:00	1.15319	1.15320	1.15316	1.15317	24.23
2025.11.03	03:35:00	1.15317	1.15323	1.15317	1.15323	16.59
2025.11.03	03:36:00	1.15324	1.15325	1.15321	1.15323	7.94
2025.11.03	03:37:00	1.15324	1.15324	1.15321	1.15321	11.78
2025.11.03	03:38:00	1.15321	1.15324	1.15320	1.15322	17.72
2025.11.03	03:39:00	1.15323	1.15326	1.15322	1.15325	3.68
2025.11.03	03:40:00	1.15326	1.15327	1.15321	1.15326	21.08
2025.11.03	03:41:00	1.15325	1.15326	1.15320	1.15320	23.47
2025.11.03	03:42:00	1.15319	1.15322	1.15315	1.15322	67.00
2025.11.03	03:43:00	1.15320	1.15323	1.15308	1.15310	31.37
2025.11.03	03:44:00	1.15308	1.15310	1.15308	1.15310	3.60
2025.11.03	03:45:00	1.15312	1.15313	1.15312	1.15312	5.40
2025.11.03	03:46:00	1.15309	1.15311	1.15302	1.15311	38.45
2025.11.03	03:47:00	1.15308	1.15318	1.15308	1.15318	13.62
2025.11.03	03:48:00	1.15318	1.15319	1.15318	1.15318	6.30
2025.11.03	03:49:00	1.15322	1.15325	1.15321	1.15322	12.60
2025.11.03	03:50:00	1.15322	1.15327	1.15322	1.15327	18.90
2025.11.03	03:51:00	1.15326	1.15327	1.15326	1.15327	5.40
2025.11.03	03:52:00	1.15328	1.15328	1.15321	1.15321	11.70
2025.11.03	03:53:00	1.15322	1.15322	1.15321	1.15321	1.80
2025.11.03	03:54:00	1.15323	1.15326	1.15323	1.15326	3.60
2025.11.03	03:55:00	1.15328	1.15339	1.15328	1.15338	30.63
2025.11.03	03:56:00	1.15341	1.15343	1.15336	1.15338	48.36
2025.11.03	03:57:00	1.15337	1.15340	1.15336	1.15339	15.84
2025.11.03	03:58:00	1.15336	1.15339	1.15336	1.15338	3.20
2025.11.03	03:59:00	1.15338	1.15340	1.15335	1.15336	23.31
2025.11.03	04:00:00	1.15336	1.15337	1.15328	1.15335	37.57
2025.11.03	04:01:00	1.15336	1.15339	1.15333	1.15333	54.90
2025.11.03	04:02:00	1.15333	1.15339	1.15332	1.15338	36.00
2025.11.03	04:03:00	1.15338	1.15341	1.15337	1.15339	21.30
2025.11.03	04:04:00	1.15337	1.15344	1.15337	1.15342	14.49
2025.11.03	04:05:00	1.15344	1.15345	1.15339	1.15342	44.55
2025.11.03	04:06:00	1.15342	1.15345	1.15341	1.15344	33.30
2025.11.03	04:07:00	1.15344	1.15360	1.15343	1.15360	64.41
2025.11.03	04:08:00	1.15361	1.15364	1.15355	1.15357	42.39
2025.11.03	04:09:00	1.15358	1.15365	1.15358	1.15364	41.94
2025.11.03	04:10:00	1.15365	1.15365	1.15363	1.15363	7.20
2025.11.03	04:11:00	1.15363	1.15364	1.15361	1.15361	14.40
2025.11.03	04:12:00	1.15362	1.15368	1.15362	1.15365	26.07
2025.11.03	04:13:00	1.15365	1.15369	1.15365	1.15369	16.20
2025.11.03	04:14:00	1.15368	1.15368	1.15367	1.15368	8.10
2025.11.03	04:15:00	1.15368	1.15368	1.15358	1.15358	20.70
2025.11.03	04:16:00	1.15359	1.15361	1.15359	1.15359	11.70
2025.11.03	04:17:00	1.15358	1.15360	1.15357	1.15357	19.80
2025.11.03	04:18:00	1.15358	1.15359	1.15358	1.15359	8.10
2025.11.03	04:19:00	1.15359	1.15363	1.15357	1.15361	12.69
2025.11.03	04:20:00	1.15361	1.15368	1.15361	1.15365	25.20
2025.11.03	04:21:00	1.15363	1.15364	1.15359	1.15359	26.75
2025.11.03	04:22:00	1.15359	1.15360	1.15359	1.15360	5.40
2025.11.03	04:23:00	1.15360	1.15364	1.15360	1.15362	11.70
2025.11.03	04:24:00	1.15364	1.15365	1.15364	1.15365	5.40
2025.11.03	04:25:00	1.15366	1.15366	1.15366	1.15366	2.70
2025.11.03	04:26:00	1.15365	1.15365	1.15362	1.15362	6.30
2025.11.03	04:27:00	1.15363	1.15363	1.15348	1.15349	22.00
2025.11.03	04:28:00	1.15349	1.15353	1.15347	1.15348	37.64
2025.11.03	04:29:00	1.15348	1.15348	1.15344	1.15347	15.30
2025.11.03	04:30:00	1.15345	1.15345	1.15329	1.15329	26.10
2025.11.03	04:31:00	1.15328	1.15328	1.15324	1.15324	14.40
2025.11.03	04:32:00	1.15324	1.15324	1.15322	1.15322	9.00
2025.11.03	04:33:00	1.15322	1.15323	1.15318	1.15323	15.30
2025.11.03	04:34:00	1.15324	1.15339	1.15324	1.15338	34.29
2025.11.03	04:35:00	1.15338	1.15338	1.15335	1.15337	8.10
2025.11.03	04:36:00	1.15339	1.15348	1.15339	1.15342	27.31
2025.11.03	04:37:00	1.15341	1.15341	1.15335	1.15337	17.55
2025.11.03	04:38:00	1.15336	1.15339	1.15331	1.15339	36.48
2025.11.03	04:39:00	1.15339	1.15340	1.15337	1.15339	16.04
2025.11.03	04:40:00	1.15340	1.15340	1.15333	1.15336	66.06
2025.11.03	04:41:00	1.15337	1.15341	1.15336	1.15337	49.18
2025.11.03	04:42:00	1.15338	1.15338	1.15336	1.15337	19.80
2025.11.03	04:43:00	1.15334	1.15340	1.15328	1.15328	50.46
2025.11.03	04:44:00	1.15328	1.15329	1.15326	1.15329	12.09
2025.11.03	04:45:00	1.15329	1.15329	1.15328	1.15329	6.30
2025.11.03	04:46:00	1.15329	1.15343	1.15329	1.15339	24.66
2025.11.03	04:47:00	1.15340	1.15340	1.15337	1.15337	9.90
2025.11.03	04:48:00	1.15335	1.15335	1.15332	1.15332	22.50
2025.11.03	04:49:00	1.15330	1.15334	1.15329	1.15332	29.97
2025.11.03	04:50:00	1.15332	1.15340	1.15332	1.15335	23.40
2025.11.03	04:51:00	1.15335	1.15335	1.15332	1.15333	21.61
2025.11.03	04:52:00	1.15333	1.15335	1.15332	1.15332	11.56
2025.11.03	04:53:00	1.15333	1.15333	1.15328	1.15328	9.99
2025.11.03	04:54:00	1.15328	1.15329	1.15324	1.15324	20.13
2025.11.03	04:55:00	1.15323	1.15324	1.15319	1.15320	11.70
2025.11.03	04:56:00	1.15319	1.15331	1.15319	1.15329	31.61
2025.11.03	04:57:00	1.15329	1.15329	1.15323	1.15325	14.40
2025.11.03	04:58:00	1.15323	1.15334	1.15323	1.15331	41.55
2025.11.03	04:59:00	1.15329	1.15339	1.15329	1.15338	39.35
2025.11.03	05:00:00	1.15338	1.15345	1.15334	1.15342	36.18
2025.11.03	05:01:00	1.15342	1.15343	1.15334	1.15339	34.20
2025.11.03	05:02:00	1.15339	1.15344	1.15339	1.15342	23.64
2025.11.03	05:03:00	1.15340	1.15343	1.15340	1.15343	8.10
2025.11.03	05:04:00	1.15344	1.15344	1.15343	1.15344	3.60
2025.11.03	05:05:00	1.15342	1.15344	1.15338	1.15339	32.40
2025.11.03	05:06:00	1.15339	1.15340	1.15328	1.15329	42.05
2025.11.03	05:07:00	1.15329	1.15334	1.15328	1.15332	15.68
2025.11.03	05:08:00	1.15331	1.15332	1.15327	1.15327	19.80
2025.11.03	05:09:00	1.15328	1.15330	1.15326	1.15329	32.40
2025.11.03	05:10:00	1.15329	1.15330	1.15329	1.15329	4.50
2025.11.03	05:11:00	1.15328	1.15328	1.15328	1.15328	1.80
2025.11.03	05:12:00	1.15326	1.15329	1.15322	1.15329	14.49
2025.11.03	05:13:00	1.15327	1.15334	1.15327	1.15329	18.00
2025.11.03	05:14:00	1.15328	1.15333	1.15328	1.15331	10.80
2025.11.03	05:15:00	1.15333	1.15340	1.15333	1.15337	6.30
2025.11.03	05:16:00	1.15338	1.15338	1.15334	1.15337	11.16
2025.11.03	05:17:00	1.15336	1.15340	1.15336	1.15338	14.04
2025.11.03	05:18:00	1.15339	1.15343	1.15337	1.15340	31.05
2025.11.03	05:19:00	1.15340	1.15344	1.15339	1.15343	6.84
2025.11.03	05:20:00	1.15344	1.15344	1.15343	1.15343	1.80
2025.11.03	05:21:00	1.15344	1.15353	1.15344	1.15350	29.88
2025.11.03	05:22:00	1.15348	1.15348	1.15342	1.15344	11.02
2025.11.03	05:23:00	1.15344	1.15344	1.15338	1.15338	10.80
2025.11.03	05:24:00	1.15339	1.15350	1.15337	1.15350	18.74
2025.11.03	05:25:00	1.15349	1.15350	1.15348	1.15349	6.30
2025.11.03	05:26:00	1.15348	1.15348	1.15343	1.15343	14.52
2025.11.03	05:27:00	1.15343	1.15349	1.15343	1.15349	20.45
2025.11.03	05:28:00	1.15347	1.15348	1.15344	1.15347	8.18
2025.11.03	05:29:00	1.15348	1.15349	1.15347	1.15349	9.00
2025.11.03	05:30:00	1.15349	1.15349	1.15347	1.15349	9.90
2025.11.03	05:31:00	1.15347	1.15350	1.15337	1.15348	34.42
2025.11.03	05:32:00	1.15349	1.15349	1.15343	1.15345	23.40
2025.11.03	05:33:00	1.15347	1.15350	1.15347	1.15348	3.03
2025.11.03	05:34:00	1.15350	1.15357	1.15350	1.15357	14.26
2025.11.03	05:35:00	1.15357	1.15357	1.15352	1.15354	24.05
2025.11.03	05:36:00	1.15357	1.15358	1.15351	1.15354	47.16
2025.11.03	05:37:00	1.15354	1.15366	1.15353	1.15364	43.29
2025.11.03	05:38:00	1.15363	1.15371	1.15361	1.15361	36.44
2025.11.03	05:39:00	1.15363	1.15365	1.15357	1.15362	51.39
2025.11.03	05:40:00	1.15362	1.15364	1.15360	1.15362	20.99
2025.11.03	05:41:00	1.15363	1.15368	1.15362	1.15367	24.48
2025.11.03	05:42:00	1.15367	1.15368	1.15366	1.15367	20.70
2025.11.03	05:43:00	1.15368	1.15373	1.15368	1.15369	29.52
2025.11.03	05:44:00	1.15370	1.15370	1.15367	1.15370	24.48
2025.11.03	05:45:00	1.15369	1.15373	1.15368	1.15369	40.41
2025.11.03	05:46:00	1.15369	1.15369	1.15366	1.15366	11.34
2025.11.03	05:47:00	1.15366	1.15368	1.15366	1.15367	12.33
2025.11.03	05:48:00	1.15370	1.15375	1.15369	1.15375	27.84
2025.11.03	05:49:00	1.15374	1.15374	1.15370	1.15372	11.45
2025.11.03	05:50:00	1.15371	1.15371	1.15368	1.15369	5.40
2025.11.03	05:51:00	1.15365	1.15365	1.15362	1.15363	4.25
2025.11.03	05:52:00	1.15363	1.15363	1.15355	1.15355	4.72
2025.11.03	05:53:00	1.15352	1.15360	1.15351	1.15359	21.35
2025.11.03	05:54:00	1.15362	1.15370	1.15362	1.15369	10.80
2025.11.03	05:55:00	1.15370	1.15370	1.15360	1.15363	39.91
2025.11.03	05:56:00	1.15363	1.15364	1.15357	1.15359	29.56
2025.11.03	05:57:00	1.15360	1.15360	1.15354	1.15355	15.57
2025.11.03	05:58:00	1.15355	1.15358	1.15353	1.15353	34.37
2025.11.03	05:59:00	1.15354	1.15355	1.15349	1.15349	10.80
2025.11.03	06:00:00	1.15348	1.15350	1.15343	1.15348	35.19
2025.11.03	06:01:00	1.15350	1.15362	1.15348	1.15354	77.54
2025.11.03	06:02:00	1.15354	1.15372	1.15353	1.15371	22.59
2025.11.03	06:03:00	1.15371	1.15373	1.15368	1.15370	25.89
2025.11.03	06:04:00	1.15369	1.15374	1.15369	1.15372	21.41
2025.11.03	06:05:00	1.15371	1.15372	1.15365	1.15369	22.87
2025.11.03	06:06:00	1.15368	1.15369	1.15364	1.15364	15.52
2025.11.03	06:07:00	1.15363	1.15363	1.15357	1.15362	18.74
2025.11.03	06:08:00	1.15360	1.15368	1.15360	1.15365	19.08
2025.11.03	06:09:00	1.15365	1.15366	1.15357	1.15359	23.01
2025.11.03	06:10:00	1.15357	1.15361	1.15357	1.15361	8.19
2025.11.03	06:11:00	1.15361	1.15363	1.15359	1.15363	22.52
2025.11.03	06:12:00	1.15363	1.15365	1.15363	1.15363	6.14
2025.11.03	06:13:00	1.15361	1.15363	1.15357	1.15363	22.67
2025.11.03	06:14:00	1.15365	1.15365	1.15359	1.15359	15.88
2025.11.03	06:15:00	1.15358	1.15358	1.15356	1.15358	10.39
2025.11.03	06:16:00	1.15356	1.15357	1.15354	1.15354	5.49
2025.11.03	06:17:00	1.15354	1.15358	1.15351	1.15352	18.37
2025.11.03	06:18:00	1.15351	1.15355	1.15349	1.15351	34.00
2025.11.03	06:19:00	1.15350	1.15355	1.15350	1.15355	23.30
2025.11.03	06:20:00	1.15354	1.15357	1.15354	1.15357	10.80
2025.11.03	06:21:00	1.15355	1.15361	1.15354	1.15359	21.60
2025.11.03	06:22:00	1.15358	1.15362	1.15358	1.15360	13.00
2025.11.03	06:23:00	1.15359	1.15368	1.15358	1.15365	16.20
2025.11.03	06:24:00	1.15365	1.15367	1.15357	1.15357	28.70
2025.11.03	06:25:00	1.15359	1.15364	1.15357	1.15364	52.67
2025.11.03	06:26:00	1.15364	1.15366	1.15362	1.15363	56.24
2025.11.03	06:27:00	1.15364	1.15368	1.15362	1.15365	36.57
2025.11.03	06:28:00	1.15366	1.15375	1.15366	1.15373	19.42
2025.11.03	06:29:00	1.15374	1.15374	1.15369	1.15370	37.50
2025.11.03	06:30:00	1.15373	1.15377	1.15373	1.15377	16.35
2025.11.03	06:31:00	1.15376	1.15395	1.15374	1.15395	43.09
2025.11.03	06:32:00	1.15394	1.15402	1.15393	1.15394	64.08
2025.11.03	06:33:00	1.15392	1.15393	1.15388	1.15388	15.96
2025.11.03	06:34:00	1.15390	1.15406	1.15390	1.15405	37.08
2025.11.03	06:35:00	1.15406	1.15406	1.15399	1.15401	18.09
2025.11.03	06:36:00	1.15399	1.15404	1.15398	1.15399	40.03
2025.11.03	06:37:00	1.15397	1.15405	1.15396	1.15404	38.32
2025.11.03	06:38:00	1.15406	1.15408	1.15403	1.15408	47.95
2025.11.03	06:39:00	1.15406	1.15409	1.15395	1.15400	50.25
2025.11.03	06:40:00	1.15399	1.15399	1.15390	1.15396	22.90
2025.11.03	06:41:00	1.15397	1.15397	1.15392	1.15395	17.10
2025.11.03	06:42:00	1.15394	1.15398	1.15394	1.15398	15.30
2025.11.03	06:43:00	1.15397	1.15403	1.15397	1.15403	18.39
2025.11.03	06:44:00	1.15400	1.15404	1.15399	1.15399	26.12
2025.11.03	06:45:00	1.15402	1.15413	1.15402	1.15404	26.50
2025.11.03	06:46:00	1.15406	1.15406	1.15402	1.15404	4.05
2025.11.03	06:47:00	1.15402	1.15402	1.15395	1.15398	16.29
2025.11.03	06:48:00	1.15399	1.15399	1.15393	1.15395	6.05
2025.11.03	06:49:00	1.15394	1.15394	1.15390	1.15394	16.29
2025.11.03	06:50:00	1.15392	1.15394	1.15386	1.15386	16.20
2025.11.03	06:51:00	1.15385	1.15389	1.15380	1.15389	21.98
2025.11.03	06:52:00	1.15387	1.15387	1.15379	1.15379	8.10
2025.11.03	06:53:00	1.15378	1.15380	1.15378	1.15379	11.70
2025.11.03	06:54:00	1.15378	1.15382	1.15375	1.15378	17.19
2025.11.03	06:55:00	1.15380	1.15380	1.15375	1.15375	13.92
2025.11.03	06:56:00	1.15375	1.15384	1.15375	1.15379	32.94
2025.11.03	06:57:00	1.15379	1.15381	1.15377	1.15380	16.06
2025.11.03	06:58:00	1.15378	1.15385	1.15378	1.15378	31.54
2025.11.03	06:59:00	1.15379	1.15381	1.15376	1.15376	7.40
2025.11.03	07:00:00	1.15376	1.15395	1.15368	1.15395	139.26
2025.11.03	07:01:00	1.15395	1.15406	1.15394	1.15406	64.38
2025.11.03	07:02:00	1.15405	1.15406	1.15396	1.15401	79.31
2025.11.03	07:03:00	1.15402	1.15404	1.15388	1.15388	52.68
2025.11.03	07:04:00	1.15388	1.15403	1.15383	1.15401	77.49
2025.11.03	07:05:00	1.15400	1.15409	1.15400	1.15401	36.76
2025.11.03	07:06:00	1.15400	1.15407	1.15399	1.15401	26.84
2025.11.03	07:07:00	1.15400	1.15400	1.15384	1.15390	36.70
2025.11.03	07:08:00	1.15390	1.15390	1.15367	1.15370	37.39
2025.11.03	07:09:00	1.15368	1.15384	1.15365	1.15383	51.29
2025.11.03	07:10:00	1.15382	1.15393	1.15382	1.15393	48.58
2025.11.03	07:11:00	1.15394	1.15394	1.15384	1.15385	53.99
2025.11.03	07:12:00	1.15383	1.15385	1.15377	1.15379	42.80
2025.11.03	07:13:00	1.15383	1.15384	1.15374	1.15374	81.89
2025.11.03	07:14:00	1.15375	1.15375	1.15357	1.15357	126.80
2025.11.03	07:15:00	1.15358	1.15362	1.15353	1.15358	93.06
2025.11.03	07:16:00	1.15357	1.15370	1.15357	1.15368	77.41
2025.11.03	07:17:00	1.15367	1.15369	1.15361	1.15363	69.40
2025.11.03	07:18:00	1.15362	1.15375	1.15362	1.15375	79.74
2025.11.03	07:19:00	1.15374	1.15385	1.15373	1.15383	28.97
2025.11.03	07:20:00	1.15387	1.15390	1.15361	1.15364	119.49
2025.11.03	07:21:00	1.15366	1.15371	1.15366	1.15367	66.83
2025.11.03	07:22:00	1.15368	1.15375	1.15367	1.15373	32.25
2025.11.03	07:23:00	1.15373	1.15375	1.15359	1.15359	64.34
2025.11.03	07:24:00	1.15358	1.15365	1.15355	1.15359	83.30
2025.11.03	07:25:00	1.15357	1.15363	1.15352	1.15354	47.20
2025.11.03	07:26:00	1.15355	1.15359	1.15352	1.15358	35.57
2025.11.03	07:27:00	1.15364	1.15364	1.15353	1.15356	38.90
2025.11.03	07:28:00	1.15357	1.15358	1.15346	1.15348	44.10
2025.11.03	07:29:00	1.15346	1.15349	1.15342	1.15349	56.90
2025.11.03	07:30:00	1.15347	1.15351	1.15335	1.15351	179.36
2025.11.03	07:31:00	1.15350	1.15357	1.15341	1.15352	75.71
2025.11.03	07:32:00	1.15354	1.15360	1.15350	1.15355	82.41
2025.11.03	07:33:00	1.15356	1.15368	1.15351	1.15368	71.50
2025.11.03	07:34:00	1.15366	1.15372	1.15355	1.15372	36.27
2025.11.03	07:35:00	1.15373	1.15389	1.15369	1.15387	66.93
2025.11.03	07:36:00	1.15387	1.15399	1.15385	1.15397	138.02
2025.11.03	07:37:00	1.15399	1.15399	1.15385	1.15387	35.00
2025.11.03	07:38:00	1.15389	1.15398	1.15389	1.15395	20.34
2025.11.03	07:39:00	1.15392	1.15403	1.15392	1.15398	33.74
2025.11.03	07:40:00	1.15400	1.15404	1.15399	1.15399	26.00
2025.11.03	07:41:00	1.15397	1.15404	1.15393	1.15402	44.16
2025.11.03	07:42:00	1.15403	1.15404	1.15399	1.15403	35.37
2025.11.03	07:43:00	1.15400	1.15400	1.15395	1.15399	36.67
2025.11.03	07:44:00	1.15400	1.15410	1.15396	1.15407	77.36
2025.11.03	07:45:00	1.15407	1.15407	1.15396	1.15401	61.81
2025.11.03	07:46:00	1.15401	1.15401	1.15375	1.15387	62.60
2025.11.03	07:47:00	1.15387	1.15400	1.15386	1.15395	53.39
2025.11.03	07:48:00	1.15396	1.15399	1.15383	1.15383	30.79
2025.11.03	07:49:00	1.15384	1.15389	1.15380	1.15388	40.99
2025.11.03	07:50:00	1.15387	1.15389	1.15380	1.15380	37.25
2025.11.03	07:51:00	1.15379	1.15384	1.15373	1.15384	40.00
2025.11.03	07:52:00	1.15383	1.15384	1.15382	1.15383	16.24
2025.11.03	07:53:00	1.15382	1.15385	1.15378	1.15380	57.92
2025.11.03	07:54:00	1.15380	1.15380	1.15365	1.15370	45.59
2025.11.03	07:55:00	1.15371	1.15378	1.15362	1.15377	113.67
2025.11.03	07:56:00	1.15375	1.15375	1.15359	1.15362	125.49
2025.11.03	07:57:00	1.15361	1.15377	1.15354	1.15375	83.04
2025.11.03	07:58:00	1.15374	1.15393	1.15374	1.15390	89.43
2025.11.03	07:59:00	1.15390	1.15405	1.15389	1.15399	76.63
2025.11.03	08:00:00	1.15398	1.15400	1.15364	1.15368	154.13
2025.11.03	08:01:00	1.15369	1.15372	1.15362	1.15372	104.20
2025.11.03	08:02:00	1.15370	1.15373	1.15348	1.15360	134.66
2025.11.03	08:03:00	1.15357	1.15359	1.15334	1.15338	94.60
2025.11.03	08:04:00	1.15335	1.15346	1.15330	1.15338	127.91
2025.11.03	08:05:00	1.15339	1.15343	1.15331	1.15332	32.15
2025.11.03	08:06:00	1.15333	1.15339	1.15322	1.15328	70.60
2025.11.03	08:07:00	1.15328	1.15333	1.15316	1.15316	64.64
2025.11.03	08:08:00	1.15317	1.15319	1.15311	1.15316	113.17
2025.11.03	08:09:00	1.15316	1.15318	1.15305	1.15307	68.99
2025.11.03	08:10:00	1.15305	1.15309	1.15288	1.15288	36.21
2025.11.03	08:11:00	1.15285	1.15285	1.15273	1.15283	50.26
2025.11.03	08:12:00	1.15285	1.15285	1.15272	1.15272	33.35
2025.11.03	08:13:00	1.15273	1.15303	1.15271	1.15299	58.03
2025.11.03	08:14:00	1.15295	1.15298	1.15278	1.15287	56.83
2025.11.03	08:15:00	1.15284	1.15286	1.15281	1.15284	37.77
2025.11.03	08:16:00	1.15286	1.15288	1.15274	1.15278	68.94
2025.11.03	08:17:00	1.15280	1.15280	1.15262	1.15263	45.84
2025.11.03	08:18:00	1.15260	1.15260	1.15250	1.15256	56.90
2025.11.03	08:19:00	1.15258	1.15260	1.15251	1.15256	39.69
2025.11.03	08:20:00	1.15255	1.15267	1.15247	1.15249	56.28
2025.11.03	08:21:00	1.15249	1.15261	1.15247	1.15248	51.70
2025.11.03	08:22:00	1.15250	1.15263	1.15250	1.15258	35.00
2025.11.03	08:23:00	1.15258	1.15259	1.15250	1.15250	32.45
2025.11.03	08:24:00	1.15251	1.15261	1.15249	1.15259	37.35
2025.11.03	08:25:00	1.15261	1.15272	1.15261	1.15269	43.50
2025.11.03	08:26:00	1.15267	1.15279	1.15262	1.15277	34.34
2025.11.03	08:27:00	1.15277	1.15278	1.15255	1.15260	50.32
2025.11.03	08:28:00	1.15258	1.15259	1.15251	1.15256	32.70
2025.11.03	08:29:00	1.15257	1.15263	1.15252	1.15254	43.09
2025.11.03	08:30:00	1.15256	1.15263	1.15253	1.15253	32.87
2025.11.03	08:31:00	1.15251	1.15256	1.15251	1.15253	9.65
2025.11.03	08:32:00	1.15253	1.15260	1.15251	1.15260	40.68
2025.11.03	08:33:00	1.15261	1.15266	1.15255	1.15255	33.43
2025.11.03	08:34:00	1.15258	1.15258	1.15214	1.15238	131.24
2025.11.03	08:35:00	1.15240	1.15244	1.15228	1.15228	90.98
2025.11.03	08:36:00	1.15227	1.15229	1.15199	1.15208	221.46
2025.11.03	08:37:00	1.15208	1.15208	1.15190	1.15197	105.39
2025.11.03	08:38:00	1.15200	1.15203	1.15191	1.15192	120.08
2025.11.03	08:39:00	1.15194	1.15194	1.15168	1.15170	160.36
2025.11.03	08:40:00	1.15170	1.15173	1.15142	1.15150	87.97
2025.11.03	08:41:00	1.15151	1.15179	1.15147	1.15179	98.50
2025.11.03	08:42:00	1.15182	1.15182	1.15174	1.15177	81.17
2025.11.03	08:43:00	1.15172	1.15176	1.15168	1.15171	117.00
2025.11.03	08:44:00	1.15171	1.15179	1.15166	1.15168	52.79
2025.11.03	08:45:00	1.15169	1.15175	1.15139	1.15139	202.86
2025.11.03	08:46:00	1.15138	1.15146	1.15127	1.15128	160.34
2025.11.03	08:47:00	1.15129	1.15141	1.15119	1.15123	155.29
2025.11.03	08:48:00	1.15122	1.15136	1.15116	1.15136	153.19
2025.11.03	08:49:00	1.15136	1.15143	1.15121	1.15125	61.12
2025.11.03	08:50:00	1.15125	1.15126	1.15118	1.15120	112.77
2025.11.03	08:51:00	1.15118	1.15128	1.15114	1.15117	67.41
2025.11.03	08:52:00	1.15116	1.15116	1.15103	1.15104	120.52
2025.11.03	08:53:00	1.15104	1.15109	1.15093	1.15100	115.64
2025.11.03	08:54:00	1.15100	1.15108	1.15100	1.15105	133.24
2025.11.03	08:55:00	1.15106	1.15112	1.15098	1.15106	143.45
2025.11.03	08:56:00	1.15106	1.15117	1.15105	1.15112	131.56
2025.11.03	08:57:00	1.15111	1.15123	1.15111	1.15120	93.91
2025.11.03	08:58:00	1.15120	1.15136	1.15117	1.15135	91.57
2025.11.03	08:59:00	1.15137	1.15137	1.15130	1.15133	89.16
2025.11.03	09:00:00	1.15132	1.15134	1.15112	1.15115	89.27
2025.11.03	09:01:00	1.15114	1.15120	1.15110	1.15120	129.28
2025.11.03	09:02:00	1.15119	1.15144	1.15119	1.15141	107.12
2025.11.03	09:03:00	1.15138	1.15142	1.15134	1.15138	58.11
2025.11.03	09:04:00	1.15136	1.15138	1.15129	1.15130	52.38
2025.11.03	09:05:00	1.15131	1.15147	1.15131	1.15144	40.50
2025.11.03	09:06:00	1.15144	1.15144	1.15139	1.15140	20.70
2025.11.03	09:07:00	1.15143	1.15157	1.15142	1.15156	39.00
2025.11.03	09:08:00	1.15156	1.15158	1.15140	1.15153	63.68
2025.11.03	09:09:00	1.15154	1.15164	1.15153	1.15158	53.20
2025.11.03	09:10:00	1.15156	1.15167	1.15154	1.15154	77.71
2025.11.03	09:11:00	1.15156	1.15160	1.15154	1.15159	7.98
2025.11.03	09:12:00	1.15159	1.15159	1.15148	1.15154	52.57
2025.11.03	09:13:00	1.15157	1.15163	1.15147	1.15150	43.65
2025.11.03	09:14:00	1.15149	1.15149	1.15123	1.15124	47.25
2025.11.03	09:15:00	1.15124	1.15125	1.15119	1.15122	58.93
2025.11.03	09:16:00	1.15123	1.15139	1.15123	1.15139	37.50
2025.11.03	09:17:00	1.15143	1.15171	1.15142	1.15170	77.01
2025.11.03	09:18:00	1.15173	1.15187	1.15169	1.15169	87.79
2025.11.03	09:19:00	1.15169	1.15169	1.15158	1.15164	26.90
2025.11.03	09:20:00	1.15168	1.15179	1.15168	1.15179	54.45
2025.11.03	09:21:00	1.15182	1.15185	1.15167	1.15167	44.05
2025.11.03	09:22:00	1.15168	1.15169	1.15147	1.15147	56.87
2025.11.03	09:23:00	1.15147	1.15155	1.15144	1.15155	44.35
2025.11.03	09:24:00	1.15158	1.15160	1.15152	1.15159	25.96
2025.11.03	09:25:00	1.15161	1.15165	1.15154	1.15160	38.38
2025.11.03	09:26:00	1.15159	1.15165	1.15159	1.15165	20.70
2025.11.03	09:27:00	1.15165	1.15175	1.15163	1.15171	41.91
2025.11.03	09:28:00	1.15173	1.15174	1.15165	1.15169	37.48
2025.11.03	09:29:00	1.15171	1.15184	1.15171	1.15184	19.50
2025.11.03	09:30:00	1.15187	1.15187	1.15173	1.15175	21.69
2025.11.03	09:31:00	1.15174	1.15176	1.15170	1.15172	27.97
2025.11.03	09:32:00	1.15171	1.15179	1.15169	1.15178	37.80
2025.11.03	09:33:00	1.15179	1.15186	1.15176	1.15184	36.51
2025.11.03	09:34:00	1.15186	1.15198	1.15185	1.15198	68.38
2025.11.03	09:35:00	1.15200	1.15207	1.15195	1.15199	66.57
2025.11.03	09:36:00	1.15197	1.15199	1.15178	1.15184	96.22
2025.11.03	09:37:00	1.15185	1.15186	1.15179	1.15180	48.32
2025.11.03	09:38:00	1.15178	1.15189	1.15171	1.15182	59.71
2025.11.03	09:39:00	1.15184	1.15184	1.15168	1.15168	43.49
2025.11.03	09:40:00	1.15168	1.15169	1.15142	1.15145	69.81
2025.11.03	09:41:00	1.15143	1.15149	1.15143	1.15146	46.12
2025.11.03	09:42:00	1.15145	1.15155	1.15145	1.15155	23.08
2025.11.03	09:43:00	1.15156	1.15161	1.15152	1.15152	46.42
2025.11.03	09:44:00	1.15154	1.15160	1.15152	1.15153	32.08
2025.11.03	09:45:00	1.15153	1.15153	1.15141	1.15143	33.05
2025.11.03	09:46:00	1.15142	1.15147	1.15127	1.15147	63.32
2025.11.03	09:47:00	1.15145	1.15169	1.15145	1.15151	143.91
2025.11.03	09:48:00	1.15149	1.15149	1.15137	1.15142	65.46
2025.11.03	09:49:00	1.15149	1.15154	1.15149	1.15153	84.80
2025.11.03	09:50:00	1.15155	1.15155	1.15147	1.15154	44.50
2025.11.03	09:51:00	1.15154	1.15156	1.15140	1.15143	67.52
2025.11.03	09:52:00	1.15145	1.15155	1.15143	1.15149	78.39
2025.11.03	09:53:00	1.15150	1.15150	1.15137	1.15142	63.88
2025.11.03	09:54:00	1.15144	1.15145	1.15133	1.15133	45.48
2025.11.03	09:55:00	1.15132	1.15135	1.15120	1.15120	59.32
2025.11.03	09:56:00	1.15119	1.15129	1.15114	1.15123	67.77
2025.11.03	09:57:00	1.15122	1.15124	1.15113	1.15115	37.94
2025.11.03	09:58:00	1.15117	1.15139	1.15113	1.15139	76.52
2025.11.03	09:59:00	1.15140	1.15145	1.15137	1.15143	87.37
2025.11.03	10:00:00	1.15143	1.15165	1.15141	1.15158	178.53
2025.11.03	10:01:00	1.15158	1.15164	1.15154	1.15163	172.60
2025.11.03	10:02:00	1.15163	1.15166	1.15154	1.15161	97.71
2025.11.03	10:03:00	1.15162	1.15172	1.15158	1.15167	71.38
2025.11.03	10:04:00	1.15167	1.15167	1.15152	1.15160	59.36
2025.11.03	10:05:00	1.15162	1.15165	1.15152	1.15152	60.81
2025.11.03	10:06:00	1.15152	1.15152	1.15131	1.15132	62.44
2025.11.03	10:07:00	1.15132	1.15140	1.15129	1.15135	37.77
2025.11.03	10:08:00	1.15136	1.15136	1.15102	1.15105	90.71
2025.11.03	10:09:00	1.15108	1.15110	1.15092	1.15095	95.66
2025.11.03	10:10:00	1.15096	1.15096	1.15078	1.15091	128.57
2025.11.03	10:11:00	1.15090	1.15103	1.15090	1.15098	56.47
2025.11.03	10:12:00	1.15096	1.15124	1.15095	1.15124	72.85
2025.11.03	10:13:00	1.15125	1.15128	1.15118	1.15118	78.10
2025.11.03	10:14:00	1.15119	1.15135	1.15119	1.15131	39.37
2025.11.03	10:15:00	1.15133	1.15134	1.15124	1.15131	116.65
2025.11.03	10:16:00	1.15132	1.15138	1.15121	1.15127	105.82
2025.11.03	10:17:00	1.15127	1.15128	1.15115	1.15119	90.06
2025.11.03	10:18:00	1.15119	1.15123	1.15114	1.15121	104.68
2025.11.03	10:19:00	1.15122	1.15122	1.15108	1.15112	41.52
2025.11.03	10:20:00	1.15112	1.15115	1.15104	1.15115	62.09
2025.11.03	10:21:00	1.15115	1.15123	1.15112	1.15121	95.37
2025.11.03	10:22:00	1.15123	1.15139	1.15121	1.15139	83.17
2025.11.03	10:23:00	1.15140	1.15148	1.15137	1.15146	60.00
2025.11.03	10:24:00	1.15147	1.15161	1.15147	1.15159	68.82
2025.11.03	10:25:00	1.15157	1.15179	1.15157	1.15177	88.33
2025.11.03	10:26:00	1.15177	1.15191	1.15176	1.15191	43.08
2025.11.03	10:27:00	1.15194	1.15199	1.15179	1.15179	66.35
2025.11.03	10:28:00	1.15179	1.15181	1.15173	1.15176	65.87
2025.11.03	10:29:00	1.15177	1.15181	1.15169	1.15169	112.57
2025.11.03	10:30:00	1.15168	1.15168	1.15159	1.15163	46.89
2025.11.03	10:31:00	1.15161	1.15169	1.15160	1.15164	34.20
2025.11.03	10:32:00	1.15167	1.15185	1.15167	1.15185	107.08
2025.11.03	10:33:00	1.15186	1.15187	1.15161	1.15162	67.93
2025.11.03	10:34:00	1.15161	1.15163	1.15154	1.15155	62.96
2025.11.03	10:35:00	1.15154	1.15154	1.15145	1.15145	36.30
2025.11.03	10:36:00	1.15147	1.15158	1.15147	1.15153	22.88
2025.11.03	10:37:00	1.15155	1.15164	1.15155	1.15157	21.33
2025.11.03	10:38:00	1.15157	1.15163	1.15157	1.15158	28.80
2025.11.03	10:39:00	1.15157	1.15159	1.15154	1.15154	17.05
2025.11.03	10:40:00	1.15153	1.15168	1.15146	1.15156	46.19
2025.11.03	10:41:00	1.15157	1.15158	1.15144	1.15147	38.17
2025.11.03	10:42:00	1.15149	1.15159	1.15147	1.15158	52.58
2025.11.03	10:43:00	1.15159	1.15159	1.15146	1.15146	42.16
2025.11.03	10:44:00	1.15147	1.15169	1.15147	1.15167	66.42
2025.11.03	10:45:00	1.15167	1.15171	1.15165	1.15165	54.98
2025.11.03	10:46:00	1.15164	1.15176	1.15164	1.15171	29.42
2025.11.03	10:47:00	1.15172	1.15174	1.15165	1.15169	43.44
2025.11.03	10:48:00	1.15169	1.15169	1.15158	1.15163	45.37
2025.11.03	10:49:00	1.15163	1.15163	1.15145	1.15149	62.51
2025.11.03	10:50:00	1.15148	1.15154	1.15143	1.15153	33.43
2025.11.03	10:51:00	1.15153	1.15160	1.15152	1.15153	45.62
2025.11.03	10:52:00	1.15154	1.15158	1.15148	1.15158	44.20
2025.11.03	10:53:00	1.15157	1.15160	1.15152	1.15160	53.02
2025.11.03	10:54:00	1.15158	1.15162	1.15152	1.15157	56.65
2025.11.03	10:55:00	1.15155	1.15163	1.15154	1.15162	46.84
2025.11.03	10:56:00	1.15160	1.15160	1.15155	1.15155	17.25
2025.11.03	10:57:00	1.15154	1.15154	1.15148	1.15152	26.05
2025.11.03	10:58:00	1.15152	1.15154	1.15147	1.15153	38.29
2025.11.03	10:59:00	1.15152	1.15154	1.15149	1.15154	23.15
2025.11.03	11:00:00	1.15153	1.15153	1.15136	1.15139	55.45
2025.11.03	11:01:00	1.15139	1.15149	1.15135	1.15149	34.85
2025.11.03	11:02:00	1.15148	1.15155	1.15143	1.15148	57.44
2025.11.03	11:03:00	1.15148	1.15149	1.15125	1.15128	74.68
2025.11.03	11:04:00	1.15128	1.15137	1.15125	1.15127	56.70
2025.11.03	11:05:00	1.15128	1.15140	1.15128	1.15139	39.28
2025.11.03	11:06:00	1.15137	1.15150	1.15135	1.15150	51.05
2025.11.03	11:07:00	1.15150	1.15159	1.15148	1.15159	38.45
2025.11.03	11:08:00	1.15158	1.15158	1.15152	1.15156	15.27
2025.11.03	11:09:00	1.15157	1.15169	1.15157	1.15167	37.62
2025.11.03	11:10:00	1.15168	1.15177	1.15165	1.15174	56.09
2025.11.03	11:11:00	1.15172	1.15187	1.15172	1.15185	25.78
2025.11.03	11:12:00	1.15185	1.15198	1.15185	1.15194	72.06
2025.11.03	11:13:00	1.15193	1.15193	1.15173	1.15176	65.91
2025.11.03	11:14:00	1.15185	1.15196	1.15185	1.15193	29.02
2025.11.03	11:15:00	1.15196	1.15196	1.15184	1.15187	60.12
2025.11.03	11:16:00	1.15189	1.15192	1.15183	1.15183	28.76
2025.11.03	11:17:00	1.15186	1.15188	1.15184	1.15188	11.70
2025.11.03	11:18:00	1.15187	1.15190	1.15176	1.15178	30.78
2025.11.03	11:19:00	1.15179	1.15191	1.15179	1.15186	39.60
2025.11.03	11:20:00	1.15184	1.15189	1.15176	1.15177	44.39
2025.11.03	11:21:00	1.15178	1.15178	1.15171	1.15172	20.92
2025.11.03	11:22:00	1.15172	1.15184	1.15172	1.15183	19.80
2025.11.03	11:23:00	1.15182	1.15197	1.15182	1.15197	30.08
2025.11.03	11:24:00	1.15197	1.15197	1.15184	1.15188	41.94
2025.11.03	11:25:00	1.15186	1.15198	1.15184	1.15193	55.19
2025.11.03	11:26:00	1.15194	1.15198	1.15173	1.15173	57.57
2025.11.03	11:27:00	1.15174	1.15174	1.15167	1.15167	37.32
2025.11.03	11:28:00	1.15169	1.15175	1.15162	1.15167	59.77
2025.11.03	11:29:00	1.15170	1.15170	1.15162	1.15169	54.00
2025.11.03	11:30:00	1.15168	1.15170	1.15162	1.15168	44.30
2025.11.03	11:31:00	1.15166	1.15169	1.15161	1.15163	52.10
2025.11.03	11:32:00	1.15164	1.15164	1.15149	1.15158	54.52
2025.11.03	11:33:00	1.15160	1.15163	1.15158	1.15159	23.23
2025.11.03	11:34:00	1.15158	1.15164	1.15151	1.15153	32.80
2025.11.03	11:35:00	1.15154	1.15163	1.15151	1.15152	44.84
2025.11.03	11:36:00	1.15156	1.15159	1.15150	1.15158	24.14
2025.11.03	11:37:00	1.15161	1.15168	1.15157	1.15168	41.49
2025.11.03	11:38:00	1.15168	1.15171	1.15158	1.15159	28.10
2025.11.03	11:39:00	1.15160	1.15160	1.15151	1.15153	35.16
2025.11.03	11:40:00	1.15151	1.15159	1.15151	1.15152	36.44
2025.11.03	11:41:00	1.15153	1.15159	1.15150	1.15151	33.25
2025.11.03	11:42:00	1.15153	1.15153	1.15141	1.15142	66.07
2025.11.03	11:43:00	1.15141	1.15149	1.15141	1.15148	20.25
2025.11.03	11:44:00	1.15147	1.15148	1.15141	1.15142	18.18
2025.11.03	11:45:00	1.15146	1.15152	1.15143	1.15149	38.74
2025.11.03	11:46:00	1.15149	1.15149	1.15142	1.15144	26.10
2025.11.03	11:47:00	1.15146	1.15158	1.15146	1.15155	24.45
2025.11.03	11:48:00	1.15157	1.15159	1.15156	1.15157	25.15
2025.11.03	11:49:00	1.15158	1.15159	1.15156	1.15158	17.09
2025.11.03	11:50:00	1.15158	1.15167	1.15156	1.15158	66.50
2025.11.03	11:51:00	1.15157	1.15159	1.15150	1.15153	38.20
2025.11.03	11:52:00	1.15155	1.15163	1.15154	1.15154	34.80
2025.11.03	11:53:00	1.15151	1.15153	1.15147	1.15153	9.23
2025.11.03	11:54:00	1.15154	1.15160	1.15153	1.15160	7.74
2025.11.03	11:55:00	1.15160	1.15168	1.15159	1.15165	32.44
2025.11.03	11:56:00	1.15165	1.15166	1.15162	1.15164	18.45
2025.11.03	11:57:00	1.15167	1.15169	1.15160	1.15162	23.00
2025.11.03	11:58:00	1.15164	1.15164	1.15158	1.15164	35.65
2025.11.03	11:59:00	1.15165	1.15165	1.15152	1.15152	32.97
2025.11.03	12:00:00	1.15152	1.15155	1.15142	1.15147	43.92
2025.11.03	12:01:00	1.15146	1.15150	1.15142	1.15149	44.14
2025.11.03	12:02:00	1.15147	1.15153	1.15147	1.15153	25.64
2025.11.03	12:03:00	1.15153	1.15153	1.15140	1.15143	57.03
2025.11.03	12:04:00	1.15144	1.15148	1.15140	1.15146	19.95
2025.11.03	12:05:00	1.15145	1.15147	1.15142	1.15147	37.91
2025.11.03	12:06:00	1.15149	1.15151	1.15146	1.15147	10.35
2025.11.03	12:07:00	1.15148	1.15153	1.15144	1.15150	36.80
2025.11.03	12:08:00	1.15149	1.15150	1.15145	1.15145	26.75
2025.11.03	12:09:00	1.15145	1.15155	1.15145	1.15154	16.85
2025.11.03	12:10:00	1.15163	1.15168	1.15153	1.15153	43.82
2025.11.03	12:11:00	1.15155	1.15157	1.15154	1.15156	32.24
2025.11.03	12:12:00	1.15158	1.15176	1.15158	1.15175	68.07
2025.11.03	12:13:00	1.15175	1.15188	1.15173	1.15177	124.99
2025.11.03	12:14:00	1.15175	1.15180	1.15160	1.15165	71.81
2025.11.03	12:15:00	1.15163	1.15164	1.15151	1.15163	57.41
2025.11.03	12:16:00	1.15163	1.15163	1.15156	1.15162	35.73
2025.11.03	12:17:00	1.15163	1.15173	1.15162	1.15172	12.60
2025.11.03	12:18:00	1.15172	1.15174	1.15170	1.15172	11.45
2025.11.03	12:19:00	1.15174	1.15188	1.15174	1.15188	40.50
2025.11.03	12:20:00	1.15189	1.15193	1.15187	1.15193	16.20
2025.11.03	12:21:00	1.15190	1.15192	1.15184	1.15191	78.79
2025.11.03	12:22:00	1.15192	1.15192	1.15187	1.15191	29.66
2025.11.03	12:23:00	1.15190	1.15192	1.15186	1.15187	29.81
2025.11.03	12:24:00	1.15189	1.15197	1.15186	1.15195	37.89
2025.11.03	12:25:00	1.15197	1.15203	1.15196	1.15203	30.24
2025.11.03	12:26:00	1.15201	1.15201	1.15189	1.15191	37.89
2025.11.03	12:27:00	1.15192	1.15197	1.15187	1.15196	43.32
2025.11.03	12:28:00	1.15197	1.15199	1.15190	1.15192	46.77
2025.11.03	12:29:00	1.15191	1.15192	1.15187	1.15187	65.65
2025.11.03	12:30:00	1.15188	1.15197	1.15185	1.15191	41.10
2025.11.03	12:31:00	1.15191	1.15201	1.15191	1.15196	90.90
2025.11.03	12:32:00	1.15186	1.15190	1.15182	1.15182	34.20
2025.11.03	12:33:00	1.15183	1.15183	1.15176	1.15177	72.74
2025.11.03	12:34:00	1.15177	1.15179	1.15165	1.15177	97.68
2025.11.03	12:35:00	1.15179	1.15184	1.15175	1.15178	64.83
2025.11.03	12:36:00	1.15178	1.15190	1.15173	1.15188	52.85
2025.11.03	12:37:00	1.15191	1.15200	1.15190	1.15198	61.65
2025.11.03	12:38:00	1.15200	1.15220	1.15199	1.15215	61.38
2025.11.03	12:39:00	1.15213	1.15214	1.15201	1.15208	44.36
2025.11.03	12:40:00	1.15207	1.15207	1.15201	1.15201	15.75
2025.11.03	12:41:00	1.15202	1.15204	1.15201	1.15203	14.40
2025.11.03	12:42:00	1.15202	1.15211	1.15198	1.15208	54.33
2025.11.03	12:43:00	1.15208	1.15211	1.15200	1.15202	24.89
2025.11.03	12:44:00	1.15203	1.15206	1.15199	1.15205	26.21
2025.11.03	12:45:00	1.15203	1.15204	1.15189	1.15199	56.28
2025.11.03	12:46:00	1.15201	1.15203	1.15194	1.15195	22.72
2025.11.03	12:47:00	1.15193	1.15196	1.15191	1.15191	26.10
2025.11.03	12:48:00	1.15192	1.15198	1.15187	1.15192	68.96
2025.11.03	12:49:00	1.15194	1.15214	1.15193	1.15207	71.59
2025.11.03	12:50:00	1.15206	1.15212	1.15206	1.15211	39.15
2025.11.03	12:51:00	1.15209	1.15215	1.15208	1.15211	96.95
2025.11.03	12:52:00	1.15212	1.15212	1.15201	1.15201	24.95
2025.11.03	12:53:00	1.15203	1.15204	1.15195	1.15197	17.25
2025.11.03	12:54:00	1.15196	1.15201	1.15189	1.15193	75.83
2025.11.03	12:55:00	1.15193	1.15200	1.15193	1.15195	62.58
2025.11.03	12:56:00	1.15194	1.15198	1.15188	1.15196	41.26
2025.11.03	12:57:00	1.15195	1.15203	1.15170	1.15177	79.57
2025.11.03	12:58:00	1.15178	1.15182	1.15174	1.15174	77.44
2025.11.03	12:59:00	1.15172	1.15178	1.15170	1.15172	95.76
2025.11.03	13:00:00	1.15169	1.15173	1.15158	1.15169	169.94
2025.11.03	13:01:00	1.15169	1.15173	1.15156	1.15157	152.54
2025.11.03	13:02:00	1.15158	1.15167	1.15151	1.15167	103.61
2025.11.03	13:03:00	1.15166	1.15171	1.15160	1.15171	151.63
2025.11.03	13:04:00	1.15169	1.15174	1.15162	1.15174	140.84
2025.11.03	13:05:00	1.15174	1.15176	1.15150	1.15152	160.31
2025.11.03	13:06:00	1.15151	1.15152	1.15145	1.15145	147.11
2025.11.03	13:07:00	1.15145	1.15151	1.15138	1.15142	193.89
2025.11.03	13:08:00	1.15143	1.15143	1.15124	1.15124	127.22
2025.11.03	13:09:00	1.15125	1.15141	1.15123	1.15136	95.91
2025.11.03	13:10:00	1.15136	1.15146	1.15131	1.15132	56.21
2025.11.03	13:11:00	1.15132	1.15139	1.15130	1.15137	59.52
2025.11.03	13:12:00	1.15135	1.15138	1.15131	1.15132	30.79
2025.11.03	13:13:00	1.15130	1.15132	1.15120	1.15130	57.93
2025.11.03	13:14:00	1.15131	1.15138	1.15117	1.15121	81.24
2025.11.03	13:15:00	1.15121	1.15125	1.15118	1.15124	114.01
2025.11.03	13:16:00	1.15123	1.15129	1.15123	1.15129	38.09
2025.11.03	13:17:00	1.15127	1.15127	1.15111	1.15114	34.37
2025.11.03	13:18:00	1.15115	1.15127	1.15114	1.15125	102.50
2025.11.03	13:19:00	1.15125	1.15125	1.15113	1.15119	55.66
2025.11.03	13:20:00	1.15118	1.15118	1.15101	1.15107	92.91
2025.11.03	13:21:00	1.15108	1.15114	1.15103	1.15103	65.44
2025.11.03	13:22:00	1.15105	1.15106	1.15095	1.15098	111.50
2025.11.03	13:23:00	1.15096	1.15105	1.15094	1.15098	74.96
2025.11.03	13:24:00	1.15096	1.15101	1.15091	1.15095	67.35
2025.11.03	13:25:00	1.15096	1.15098	1.15070	1.15070	69.37
2025.11.03	13:26:00	1.15072	1.15082	1.15072	1.15078	158.34
2025.11.03	13:27:00	1.15078	1.15084	1.15075	1.15078	135.42
2025.11.03	13:28:00	1.15077	1.15079	1.15069	1.15069	57.16
2025.11.03	13:29:00	1.15068	1.15073	1.15057	1.15066	159.09
2025.11.03	13:30:00	1.15066	1.15093	1.15065	1.15091	161.79
2025.11.03	13:31:00	1.15089	1.15101	1.15089	1.15092	86.18
2025.11.03	13:32:00	1.15091	1.15091	1.15083	1.15088	69.88
2025.11.03	13:33:00	1.15086	1.15093	1.15084	1.15093	97.42
2025.11.03	13:34:00	1.15094	1.15103	1.15093	1.15103	60.39
2025.11.03	13:35:00	1.15104	1.15121	1.15104	1.15121	89.75
2025.11.03	13:36:00	1.15119	1.15139	1.15119	1.15136	102.36
2025.11.03	13:37:00	1.15138	1.15144	1.15131	1.15142	104.87
2025.11.03	13:38:00	1.15143	1.15143	1.15135	1.15138	59.62
2025.11.03	13:39:00	1.15138	1.15144	1.15127	1.15128	86.62
2025.11.03	13:40:00	1.15128	1.15128	1.15098	1.15098	120.13
2025.11.03	13:41:00	1.15097	1.15101	1.15088	1.15098	92.33
2025.11.03	13:42:00	1.15099	1.15110	1.15097	1.15099	48.18
2025.11.03	13:43:00	1.15100	1.15107	1.15099	1.15102	41.67
2025.11.03	13:44:00	1.15102	1.15109	1.15098	1.15099	70.27
2025.11.03	13:45:00	1.15097	1.15098	1.15086	1.15091	75.04
2025.11.03	13:46:00	1.15091	1.15100	1.15089	1.15095	61.85
2025.11.03	13:47:00	1.15094	1.15099	1.15088	1.15093	81.83
2025.11.03	13:48:00	1.15093	1.15099	1.15089	1.15098	36.15
2025.11.03	13:49:00	1.15098	1.15102	1.15089	1.15097	76.05
2025.11.03	13:50:00	1.15096	1.15101	1.15085	1.15085	88.42
2025.11.03	13:51:00	1.15081	1.15082	1.15073	1.15075	70.91
2025.11.03	13:52:00	1.15075	1.15075	1.15061	1.15065	76.00
2025.11.03	13:53:00	1.15064	1.15090	1.15062	1.15085	78.60
2025.11.03	13:54:00	1.15083	1.15087	1.15081	1.15081	31.87
2025.11.03	13:55:00	1.15082	1.15089	1.15079	1.15089	66.78
2025.11.03	13:56:00	1.15088	1.15088	1.15079	1.15086	85.07
2025.11.03	13:57:00	1.15085	1.15095	1.15082	1.15090	65.55
2025.11.03	13:58:00	1.15091	1.15105	1.15090	1.15105	48.40
2025.11.03	13:59:00	1.15105	1.15114	1.15104	1.15110	110.66
2025.11.03	14:00:00	1.15108	1.15124	1.15107	1.15114	101.82
2025.11.03	14:01:00	1.15114	1.15114	1.15083	1.15086	131.46
2025.11.03	14:02:00	1.15083	1.15090	1.15072	1.15074	72.91
2025.11.03	14:03:00	1.15073	1.15078	1.15067	1.15069	280.08
2025.11.03	14:04:00	1.15072	1.15079	1.15070	1.15073	63.15
2025.11.03	14:05:00	1.15071	1.15090	1.15066	1.15090	95.65
2025.11.03	14:06:00	1.15090	1.15092	1.15078	1.15083	82.68
2025.11.03	14:07:00	1.15083	1.15110	1.15083	1.15109	79.76
2025.11.03	14:08:00	1.15106	1.15106	1.15099	1.15099	65.76
2025.11.03	14:09:00	1.15098	1.15098	1.15087	1.15089	68.68
2025.11.03	14:10:00	1.15086	1.15092	1.15083	1.15084	67.93
2025.11.03	14:11:00	1.15084	1.15086	1.15077	1.15077	92.46
2025.11.03	14:12:00	1.15078	1.15079	1.15061	1.15072	64.54
2025.11.03	14:13:00	1.15071	1.15080	1.15068	1.15079	95.97
2025.11.03	14:14:00	1.15079	1.15091	1.15069	1.15086	83.20
2025.11.03	14:15:00	1.15087	1.15091	1.15083	1.15087	120.84
2025.11.03	14:16:00	1.15088	1.15088	1.15078	1.15080	120.70
2025.11.03	14:17:00	1.15081	1.15085	1.15073	1.15077	138.34
2025.11.03	14:18:00	1.15076	1.15077	1.15071	1.15072	40.59
2025.11.03	14:19:00	1.15072	1.15075	1.15071	1.15072	31.25
2025.11.03	14:20:00	1.15071	1.15082	1.15067	1.15082	191.10
2025.11.03	14:21:00	1.15081	1.15103	1.15080	1.15101	97.60
2025.11.03	14:22:00	1.15102	1.15102	1.15090	1.15097	109.79
2025.11.03	14:23:00	1.15098	1.15102	1.15094	1.15098	58.27
2025.11.03	14:24:00	1.15097	1.15109	1.15096	1.15109	84.18
2025.11.03	14:25:00	1.15111	1.15124	1.15109	1.15122	124.90
2025.11.03	14:26:00	1.15122	1.15123	1.15088	1.15094	176.92
2025.11.03	14:27:00	1.15093	1.15103	1.15090	1.15092	93.95
2025.11.03	14:28:00	1.15091	1.15092	1.15085	1.15085	88.16
2025.11.03	14:29:00	1.15085	1.15085	1.15075	1.15079	59.65
2025.11.03	14:30:00	1.15077	1.15085	1.15065	1.15082	108.02
2025.11.03	14:31:00	1.15083	1.15085	1.15054	1.15056	149.65
2025.11.03	14:32:00	1.15052	1.15076	1.15050	1.15068	114.78
2025.11.03	14:33:00	1.15069	1.15075	1.15062	1.15072	128.12
2025.11.03	14:34:00	1.15073	1.15084	1.15068	1.15084	95.33
2025.11.03	14:35:00	1.15083	1.15098	1.15082	1.15096	164.67
2025.11.03	14:36:00	1.15097	1.15106	1.15096	1.15099	168.21
2025.11.03	14:37:00	1.15100	1.15108	1.15091	1.15092	271.97
2025.11.03	14:38:00	1.15091	1.15102	1.15091	1.15094	125.94
2025.11.03	14:39:00	1.15093	1.15096	1.15086	1.15096	125.76
2025.11.03	14:40:00	1.15096	1.15099	1.15086	1.15092	165.57
2025.11.03	14:41:00	1.15093	1.15095	1.15084	1.15092	59.03
2025.11.03	14:42:00	1.15092	1.15101	1.15090	1.15096	89.48
2025.11.03	14:43:00	1.15095	1.15095	1.15068	1.15069	52.94
2025.11.03	14:44:00	1.15069	1.15081	1.15068	1.15073	71.31
2025.11.03	14:45:00	1.15076	1.15076	1.15065	1.15066	41.71
2025.11.03	14:46:00	1.15068	1.15081	1.15059	1.15081	102.00
2025.11.03	14:47:00	1.15081	1.15081	1.15058	1.15061	142.77
2025.11.03	14:48:00	1.15062	1.15068	1.15059	1.15060	139.53
2025.11.03	14:49:00	1.15060	1.15067	1.15054	1.15064	120.78
2025.11.03	14:50:00	1.15066	1.15079	1.15054	1.15073	135.74
2025.11.03	14:51:00	1.15074	1.15086	1.15053	1.15068	282.42
2025.11.03	14:52:00	1.15070	1.15096	1.15070	1.15096	126.69
2025.11.03	14:53:00	1.15095	1.15108	1.15088	1.15107	144.66
2025.11.03	14:54:00	1.15113	1.15119	1.15102	1.15112	209.87
2025.11.03	14:55:00	1.15112	1.15123	1.15109	1.15119	164.56
2025.11.03	14:56:00	1.15118	1.15122	1.15116	1.15118	114.59
2025.11.03	14:57:00	1.15118	1.15128	1.15108	1.15110	116.95
2025.11.03	14:58:00	1.15110	1.15117	1.15108	1.15116	77.62
2025.11.03	14:59:00	1.15115	1.15120	1.15098	1.15099	118.94
2025.11.03	15:00:00	1.15105	1.15191	1.15105	1.15179	455.64
2025.11.03	15:01:00	1.15177	1.15191	1.15169	1.15184	188.46
2025.11.03	15:02:00	1.15184	1.15195	1.15174	1.15193	156.73
2025.11.03	15:03:00	1.15192	1.15203	1.15178	1.15195	205.71
2025.11.03	15:04:00	1.15193	1.15193	1.15163	1.15188	238.39
2025.11.03	15:05:00	1.15187	1.15223	1.15183	1.15215	286.28
2025.11.03	15:06:00	1.15215	1.15220	1.15190	1.15204	268.06
2025.11.03	15:07:00	1.15203	1.15217	1.15175	1.15175	261.45
2025.11.03	15:08:00	1.15173	1.15181	1.15159	1.15168	280.93
2025.11.03	15:09:00	1.15169	1.15197	1.15166	1.15195	157.36
2025.11.03	15:10:00	1.15194	1.15205	1.15190	1.15199	157.72
2025.11.03	15:11:00	1.15200	1.15200	1.15185	1.15193	51.75
2025.11.03	15:12:00	1.15192	1.15204	1.15183	1.15183	143.63
2025.11.03	15:13:00	1.15184	1.15185	1.15175	1.15185	115.94
2025.11.03	15:14:00	1.15187	1.15211	1.15187	1.15209	118.62
2025.11.03	15:15:00	1.15208	1.15210	1.15188	1.15188	104.05
2025.11.03	15:16:00	1.15190	1.15195	1.15165	1.15177	116.92
2025.11.03	15:17:00	1.15178	1.15184	1.15172	1.15179	118.79
2025.11.03	15:18:00	1.15180	1.15197	1.15178	1.15188	158.95
2025.11.03	15:19:00	1.15186	1.15204	1.15182	1.15203	155.96
2025.11.03	15:20:00	1.15203	1.15203	1.15179	1.15180	147.07
2025.11.03	15:21:00	1.15178	1.15179	1.15156	1.15162	285.34
2025.11.03	15:22:00	1.15162	1.15198	1.15162	1.15195	259.02
2025.11.03	15:23:00	1.15195	1.15195	1.15181	1.15183	198.36
2025.11.03	15:24:00	1.15182	1.15184	1.15140	1.15144	232.90
2025.11.03	15:25:00	1.15143	1.15144	1.15123	1.15134	263.95
2025.11.03	15:26:00	1.15135	1.15138	1.15119	1.15120	158.84
2025.11.03	15:27:00	1.15121	1.15121	1.15106	1.15106	245.65
2025.11.03	15:28:00	1.15105	1.15109	1.15097	1.15103	251.87
2025.11.03	15:29:00	1.15104	1.15108	1.15095	1.15096	222.06
2025.11.03	15:30:00	1.15096	1.15097	1.15066	1.15071	216.69
2025.11.03	15:31:00	1.15072	1.15074	1.15059	1.15059	217.25
2025.11.03	15:32:00	1.15061	1.15087	1.15061	1.15083	211.76
2025.11.03	15:33:00	1.15083	1.15127	1.15082	1.15126	137.17
2025.11.03	15:34:00	1.15126	1.15145	1.15126	1.15143	196.12
2025.11.03	15:35:00	1.15143	1.15143	1.15111	1.15113	169.07
2025.11.03	15:36:00	1.15112	1.15119	1.15107	1.15112	173.16
2025.11.03	15:37:00	1.15112	1.15118	1.15104	1.15109	167.28
2025.11.03	15:38:00	1.15108	1.15113	1.15092	1.15092	213.06
2025.11.03	15:39:00	1.15090	1.15098	1.15083	1.15089	210.11
2025.11.03	15:40:00	1.15089	1.15097	1.15086	1.15088	152.51
2025.11.03	15:41:00	1.15086	1.15102	1.15083	1.15097	162.77
2025.11.03	15:42:00	1.15101	1.15114	1.15097	1.15112	134.73
2025.11.03	15:43:00	1.15112	1.15136	1.15112	1.15134	94.21
2025.11.03	15:44:00	1.15133	1.15142	1.15132	1.15140	77.34
2025.11.03	15:45:00	1.15138	1.15156	1.15138	1.15151	105.92
2025.11.03	15:46:00	1.15151	1.15151	1.15136	1.15141	142.73
2025.11.03	15:47:00	1.15140	1.15158	1.15139	1.15156	145.36
2025.11.03	15:48:00	1.15155	1.15162	1.15140	1.15140	164.28
2025.11.03	15:49:00	1.15142	1.15179	1.15141	1.15178	222.10
2025.11.03	15:50:00	1.15178	1.15178	1.15168	1.15169	125.37
2025.11.03	15:51:00	1.15168	1.15178	1.15158	1.15177	175.58
2025.11.03	15:52:00	1.15178	1.15184	1.15171	1.15174	185.22
2025.11.03	15:53:00	1.15174	1.15196	1.15174	1.15193	178.37
2025.11.03	15:54:00	1.15194	1.15202	1.15190	1.15192	117.09
2025.11.03	15:55:00	1.15193	1.15196	1.15191	1.15193	79.25
2025.11.03	15:56:00	1.15195	1.15208	1.15195	1.15201	77.33
2025.11.03	15:57:00	1.15201	1.15231	1.15201	1.15231	178.65
2025.11.03	15:58:00	1.15231	1.15242	1.15231	1.15235	181.32
2025.11.03	15:59:00	1.15234	1.15252	1.15232	1.15252	114.77
2025.11.03	16:00:00	1.15251	1.15259	1.15248	1.15259	155.59
2025.11.03	16:01:00	1.15258	1.15260	1.15235	1.15238	165.75
2025.11.03	16:02:00	1.15238	1.15240	1.15214	1.15233	197.12
2025.11.03	16:03:00	1.15230	1.15256	1.15228	1.15253	113.66
2025.11.03	16:04:00	1.15257	1.15262	1.15252	1.15258	96.72
2025.11.03	16:05:00	1.15270	1.15287	1.15263	1.15273	164.03
2025.11.03	16:06:00	1.15271	1.15279	1.15268	1.15271	83.98
2025.11.03	16:07:00	1.15272	1.15277	1.15259	1.15262	78.35
2025.11.03	16:08:00	1.15263	1.15275	1.15257	1.15273	95.51
2025.11.03	16:09:00	1.15272	1.15276	1.15268	1.15268	67.43
2025.11.03	16:10:00	1.15268	1.15276	1.15265	1.15267	45.28
2025.11.03	16:11:00	1.15267	1.15268	1.15256	1.15262	92.81
2025.11.03	16:12:00	1.15261	1.15261	1.15246	1.15260	122.65
2025.11.03	16:13:00	1.15261	1.15261	1.15248	1.15252	59.34
2025.11.03	16:14:00	1.15252	1.15256	1.15251	1.15252	34.03
2025.11.03	16:15:00	1.15253	1.15257	1.15237	1.15238	108.95
2025.11.03	16:16:00	1.15235	1.15243	1.15227	1.15242	117.08
2025.11.03	16:17:00	1.15244	1.15260	1.15244	1.15259	150.75
2025.11.03	16:18:00	1.15258	1.15271	1.15256	1.15271	64.65
2025.11.03	16:19:00	1.15271	1.15287	1.15271	1.15286	69.55
2025.11.03	16:20:00	1.15284	1.15286	1.15275	1.15284	87.51
2025.11.03	16:21:00	1.15283	1.15316	1.15280	1.15312	119.53
2025.11.03	16:22:00	1.15312	1.15317	1.15301	1.15317	145.50
2025.11.03	16:23:00	1.15316	1.15316	1.15304	1.15305	193.35
2025.11.03	16:24:00	1.15306	1.15306	1.15291	1.15292	199.26
2025.11.03	16:25:00	1.15291	1.15297	1.15277	1.15281	123.27
2025.11.03	16:26:00	1.15282	1.15288	1.15275	1.15276	59.25
2025.11.03	16:27:00	1.15276	1.15282	1.15269	1.15277	120.76
2025.11.03	16:28:00	1.15276	1.15279	1.15274	1.15276	28.35
2025.11.03	16:29:00	1.15275	1.15288	1.15273	1.15283	87.70
2025.11.03	16:30:00	1.15285	1.15295	1.15280	1.15295	89.21
2025.11.03	16:31:00	1.15293	1.15297	1.15286	1.15286	74.65
2025.11.03	16:32:00	1.15288	1.15298	1.15286	1.15293	31.25
2025.11.03	16:33:00	1.15292	1.15293	1.15276	1.15287	79.40
2025.11.03	16:34:00	1.15288	1.15298	1.15287	1.15297	72.73
2025.11.03	16:35:00	1.15296	1.15296	1.15279	1.15280	133.72
2025.11.03	16:36:00	1.15280	1.15289	1.15271	1.15288	90.28
2025.11.03	16:37:00	1.15287	1.15296	1.15287	1.15294	74.81
2025.11.03	16:38:00	1.15295	1.15297	1.15284	1.15288	58.80
2025.11.03	16:39:00	1.15287	1.15291	1.15286	1.15286	51.58
2025.11.03	16:40:00	1.15287	1.15300	1.15276	1.15297	111.24
2025.11.03	16:41:00	1.15295	1.15299	1.15295	1.15299	31.95
2025.11.03	16:42:00	1.15299	1.15299	1.15290	1.15295	46.72
2025.11.03	16:43:00	1.15296	1.15300	1.15294	1.15300	11.25
2025.11.03	16:44:00	1.15300	1.15311	1.15299	1.15311	110.63
2025.11.03	16:45:00	1.15309	1.15312	1.15305	1.15308	54.45
2025.11.03	16:46:00	1.15309	1.15310	1.15297	1.15303	53.30
2025.11.03	16:47:00	1.15304	1.15306	1.15293	1.15295	48.52
2025.11.03	16:48:00	1.15293	1.15293	1.15283	1.15286	85.00
2025.11.03	16:49:00	1.15288	1.15299	1.15286	1.15296	58.52
2025.11.03	16:50:00	1.15293	1.15293	1.15285	1.15285	44.97
2025.11.03	16:51:00	1.15286	1.15287	1.15283	1.15287	12.60
2025.11.03	16:52:00	1.15287	1.15295	1.15286	1.15295	18.20
2025.11.03	16:53:00	1.15296	1.15296	1.15281	1.15283	22.95
2025.11.03	16:54:00	1.15282	1.15286	1.15282	1.15283	8.10
2025.11.03	16:55:00	1.15284	1.15288	1.15281	1.15281	46.80
2025.11.03	16:56:00	1.15283	1.15300	1.15283	1.15300	41.15
2025.11.03	16:57:00	1.15300	1.15306	1.15297	1.15302	67.05
2025.11.03	16:58:00	1.15303	1.15307	1.15300	1.15306	79.29
2025.11.03	16:59:00	1.15306	1.15312	1.15303	1.15306	110.34
2025.11.03	17:00:00	1.15306	1.15307	1.15292	1.15296	75.60
2025.11.03	17:01:00	1.15299	1.15307	1.15298	1.15304	105.93
2025.11.03	17:02:00	1.15304	1.15308	1.15299	1.15306	63.18
2025.11.03	17:03:00	1.15306	1.15308	1.15301	1.15306	37.35
2025.11.03	17:04:00	1.15306	1.15309	1.15293	1.15295	43.15
2025.11.03	17:05:00	1.15295	1.15297	1.15283	1.15290	70.59
2025.11.03	17:06:00	1.15292	1.15298	1.15286	1.15297	30.35
2025.11.03	17:07:00	1.15298	1.15303	1.15298	1.15299	19.35
2025.11.03	17:08:00	1.15298	1.15302	1.15294	1.15294	29.25
2025.11.03	17:09:00	1.15295	1.15298	1.15293	1.15297	31.05
2025.11.03	17:10:00	1.15296	1.15308	1.15295	1.15308	53.10
2025.11.03	17:11:00	1.15306	1.15307	1.15297	1.15298	35.55
2025.11.03	17:12:00	1.15300	1.15311	1.15299	1.15311	18.45
2025.11.03	17:13:00	1.15309	1.15313	1.15306	1.15310	21.15
2025.11.03	17:14:00	1.15311	1.15319	1.15305	1.15318	53.11
2025.11.03	17:15:00	1.15316	1.15340	1.15316	1.15338	70.37
2025.11.03	17:16:00	1.15337	1.15372	1.15336	1.15363	143.79
2025.11.03	17:17:00	1.15362	1.15369	1.15353	1.15362	58.42
2025.11.03	17:18:00	1.15361	1.15368	1.15354	1.15368	91.28
2025.11.03	17:19:00	1.15370	1.15377	1.15355	1.15356	39.57
2025.11.03	17:20:00	1.15358	1.15369	1.15356	1.15364	35.10
2025.11.03	17:21:00	1.15366	1.15371	1.15364	1.15369	41.40
2025.11.03	17:22:00	1.15371	1.15373	1.15365	1.15367	26.84
2025.11.03	17:23:00	1.15365	1.15365	1.15351	1.15358	40.19
2025.11.03	17:24:00	1.15358	1.15378	1.15354	1.15373	58.00
2025.11.03	17:25:00	1.15374	1.15376	1.15350	1.15359	76.89
2025.11.03	17:26:00	1.15358	1.15358	1.15351	1.15351	25.65
2025.11.03	17:27:00	1.15353	1.15361	1.15352	1.15357	52.62
2025.11.03	17:28:00	1.15356	1.15363	1.15356	1.15360	34.20
2025.11.03	17:29:00	1.15360	1.15362	1.15357	1.15361	51.25
2025.11.03	17:30:00	1.15362	1.15368	1.15360	1.15362	15.30
2025.11.03	17:31:00	1.15361	1.15361	1.15351	1.15355	26.42
2025.11.03	17:32:00	1.15352	1.15355	1.15345	1.15346	53.05
2025.11.03	17:33:00	1.15347	1.15347	1.15332	1.15334	140.84
2025.11.03	17:34:00	1.15333	1.15338	1.15331	1.15338	51.58
2025.11.03	17:35:00	1.15338	1.15339	1.15335	1.15335	43.40
2025.11.03	17:36:00	1.15335	1.15339	1.15333	1.15339	41.31
2025.11.03	17:37:00	1.15338	1.15338	1.15327	1.15329	33.52
2025.11.03	17:38:00	1.15324	1.15328	1.15324	1.15327	20.25
2025.11.03	17:39:00	1.15326	1.15329	1.15325	1.15329	12.35
2025.11.03	17:40:00	1.15327	1.15331	1.15325	1.15326	34.40
2025.11.03	17:41:00	1.15326	1.15329	1.15325	1.15327	21.60
2025.11.03	17:42:00	1.15327	1.15332	1.15315	1.15315	37.60
2025.11.03	17:43:00	1.15312	1.15320	1.15309	1.15319	87.00
2025.11.03	17:44:00	1.15320	1.15320	1.15300	1.15305	135.89
2025.11.03	17:45:00	1.15305	1.15308	1.15278	1.15287	186.86
2025.11.03	17:46:00	1.15289	1.15310	1.15289	1.15304	117.65
2025.11.03	17:47:00	1.15304	1.15304	1.15286	1.15294	138.25
2025.11.03	17:48:00	1.15298	1.15303	1.15287	1.15291	142.40
2025.11.03	17:49:00	1.15289	1.15291	1.15285	1.15286	41.65
2025.11.03	17:50:00	1.15287	1.15298	1.15287	1.15297	37.90
2025.11.03	17:51:00	1.15296	1.15299	1.15294	1.15298	12.91
2025.11.03	17:52:00	1.15294	1.15298	1.15294	1.15298	10.55
2025.11.03	17:53:00	1.15294	1.15294	1.15274	1.15277	57.47
2025.11.03	17:54:00	1.15276	1.15286	1.15276	1.15281	53.15
2025.11.03	17:55:00	1.15282	1.15282	1.15271	1.15271	48.58
2025.11.03	17:56:00	1.15272	1.15281	1.15272	1.15281	35.30
2025.11.03	17:57:00	1.15283	1.15286	1.15277	1.15277	69.75
2025.11.03	17:58:00	1.15277	1.15279	1.15264	1.15275	58.81
2025.11.03	17:59:00	1.15277	1.15279	1.15268	1.15270	60.34
2025.11.03	18:00:00	1.15272	1.15285	1.15272	1.15283	62.34
2025.11.03	18:01:00	1.15284	1.15293	1.15284	1.15292	40.98
2025.11.03	18:02:00	1.15294	1.15297	1.15281	1.15282	101.94
2025.11.03	18:03:00	1.15282	1.15288	1.15280	1.15288	39.17
2025.11.03	18:04:00	1.15290	1.15299	1.15290	1.15296	38.27
2025.11.03	18:05:00	1.15297	1.15309	1.15295	1.15307	35.20
2025.11.03	18:06:00	1.15308	1.15309	1.15301	1.15301	63.75
2025.11.03	18:07:00	1.15301	1.15308	1.15296	1.15297	119.70
2025.11.03	18:08:00	1.15298	1.15302	1.15295	1.15296	76.41
2025.11.03	18:09:00	1.15296	1.15301	1.15290	1.15290	74.00
2025.11.03	18:10:00	1.15287	1.15292	1.15282	1.15282	44.85
2025.11.03	18:11:00	1.15283	1.15284	1.15276	1.15277	75.05
2025.11.03	18:12:00	1.15276	1.15280	1.15267	1.15269	54.42
2025.11.03	18:13:00	1.15269	1.15280	1.15269	1.15274	77.48
2025.11.03	18:14:00	1.15276	1.15277	1.15274	1.15275	67.95
2025.11.03	18:15:00	1.15275	1.15280	1.15271	1.15280	56.00
2025.11.03	18:16:00	1.15280	1.15280	1.15274	1.15275	76.65
2025.11.03	18:17:00	1.15274	1.15275	1.15266	1.15266	59.75
2025.11.03	18:18:00	1.15266	1.15266	1.15262	1.15265	80.19
2025.11.03	18:19:00	1.15267	1.15269	1.15259	1.15266	65.68
2025.11.03	18:20:00	1.15266	1.15267	1.15259	1.15260	99.55
2025.11.03	18:21:00	1.15260	1.15261	1.15239	1.15249	153.47
2025.11.03	18:22:00	1.15249	1.15264	1.15248	1.15257	104.57
2025.11.03	18:23:00	1.15259	1.15259	1.15245	1.15247	92.01
2025.11.03	18:24:00	1.15247	1.15249	1.15242	1.15245	78.79
2025.11.03	18:25:00	1.15244	1.15244	1.15231	1.15235	94.01
2025.11.03	18:26:00	1.15235	1.15237	1.15230	1.15232	76.15
2025.11.03	18:27:00	1.15232	1.15243	1.15231	1.15243	135.35
2025.11.03	18:28:00	1.15243	1.15251	1.15243	1.15249	72.02
2025.11.03	18:29:00	1.15250	1.15253	1.15236	1.15240	110.79
2025.11.03	18:30:00	1.15242	1.15244	1.15229	1.15231	81.37
2025.11.03	18:31:00	1.15230	1.15240	1.15230	1.15236	51.13
2025.11.03	18:32:00	1.15234	1.15237	1.15233	1.15235	22.40
2025.11.03	18:33:00	1.15235	1.15252	1.15232	1.15238	87.69
2025.11.03	18:34:00	1.15237	1.15237	1.15221	1.15224	68.77
2025.11.03	18:35:00	1.15226	1.15230	1.15215	1.15215	123.74
2025.11.03	18:36:00	1.15219	1.15229	1.15204	1.15229	119.70
2025.11.03	18:37:00	1.15230	1.15235	1.15224	1.15226	52.18
2025.11.03	18:38:00	1.15227	1.15230	1.15222	1.15222	29.15
2025.11.03	18:39:00	1.15224	1.15227	1.15222	1.15222	36.93
2025.11.03	18:40:00	1.15223	1.15234	1.15220	1.15232	43.50
2025.11.03	18:41:00	1.15232	1.15235	1.15228	1.15229	55.10
2025.11.03	18:42:00	1.15229	1.15230	1.15224	1.15226	40.72
2025.11.03	18:43:00	1.15226	1.15238	1.15225	1.15235	89.75
2025.11.03	18:44:00	1.15234	1.15236	1.15230	1.15232	30.50
2025.11.03	18:45:00	1.15230	1.15230	1.15219	1.15220	67.85
2025.11.03	18:46:00	1.15221	1.15224	1.15219	1.15221	38.44
2025.11.03	18:47:00	1.15222	1.15228	1.15222	1.15226	15.25
2025.11.03	18:48:00	1.15227	1.15227	1.15219	1.15224	39.13
2025.11.03	18:49:00	1.15226	1.15227	1.15219	1.15221	37.22
2025.11.03	18:50:00	1.15222	1.15222	1.15214	1.15214	19.55
2025.11.03	18:51:00	1.15215	1.15234	1.15215	1.15231	28.49
2025.11.03	18:52:00	1.15231	1.15234	1.15227	1.15233	38.32
2025.11.03	18:53:00	1.15235	1.15242	1.15235	1.15238	16.94
2025.11.03	18:54:00	1.15236	1.15236	1.15230	1.15235	56.80
2025.11.03	18:55:00	1.15236	1.15236	1.15226	1.15228	50.39
2025.11.03	18:56:00	1.15228	1.15230	1.15218	1.15219	119.61
2025.11.03	18:57:00	1.15220	1.15221	1.15220	1.15221	8.37
2025.11.03	18:58:00	1.15222	1.15235	1.15222	1.15233	23.55
2025.11.03	18:59:00	1.15233	1.15233	1.15229	1.15231	58.41
2025.11.03	19:00:00	1.15231	1.15249	1.15226	1.15228	198.87
2025.11.03	19:01:00	1.15227	1.15238	1.15226	1.15231	149.64
2025.11.03	19:02:00	1.15230	1.15235	1.15230	1.15231	52.36
2025.11.03	19:03:00	1.15231	1.15231	1.15213	1.15216	40.87
2025.11.03	19:04:00	1.15215	1.15231	1.15214	1.15216	95.68
2025.11.03	19:05:00	1.15214	1.15216	1.15208	1.15216	42.97
2025.11.03	19:06:00	1.15214	1.15214	1.15210	1.15213	26.54
2025.11.03	19:07:00	1.15212	1.15215	1.15210	1.15211	42.84
2025.11.03	19:08:00	1.15210	1.15212	1.15195	1.15198	119.13
2025.11.03	19:09:00	1.15200	1.15200	1.15195	1.15199	43.16
2025.11.03	19:10:00	1.15198	1.15198	1.15188	1.15196	61.94
2025.11.03	19:11:00	1.15195	1.15199	1.15193	1.15199	46.95
2025.11.03	19:12:00	1.15197	1.15201	1.15192	1.15196	54.10
2025.11.03	19:13:00	1.15196	1.15201	1.15194	1.15197	65.05
2025.11.03	19:14:00	1.15194	1.15202	1.15194	1.15197	47.85
2025.11.03	19:15:00	1.15195	1.15200	1.15191	1.15192	51.26
2025.11.03	19:16:00	1.15192	1.15199	1.15190	1.15192	62.76
2025.11.03	19:17:00	1.15190	1.15193	1.15190	1.15191	50.73
2025.11.03	19:18:00	1.15191	1.15193	1.15191	1.15193	53.03
2025.11.03	19:19:00	1.15192	1.15199	1.15191	1.15191	34.78
2025.11.03	19:20:00	1.15193	1.15193	1.15190	1.15190	18.24
2025.11.03	19:21:00	1.15189	1.15191	1.15176	1.15190	49.07
2025.11.03	19:22:00	1.15189	1.15193	1.15175	1.15175	65.85
2025.11.03	19:23:00	1.15176	1.15178	1.15175	1.15177	40.85
2025.11.03	19:24:00	1.15182	1.15188	1.15181	1.15188	37.85
2025.11.03	19:25:00	1.15191	1.15192	1.15189	1.15192	15.23
2025.11.03	19:26:00	1.15193	1.15193	1.15191	1.15193	5.15
2025.11.03	19:27:00	1.15193	1.15193	1.15189	1.15192	15.21
2025.11.03	19:28:00	1.15193	1.15200	1.15192	1.15194	38.44
2025.11.03	19:29:00	1.15192	1.15193	1.15189	1.15190	43.50
2025.11.03	19:30:00	1.15190	1.15193	1.15188	1.15188	26.09
2025.11.03	19:31:00	1.15187	1.15188	1.15181	1.15182	31.99
2025.11.03	19:32:00	1.15181	1.15183	1.15178	1.15178	37.52
2025.11.03	19:33:00	1.15178	1.15184	1.15175	1.15182	35.23
2025.11.03	19:34:00	1.15182	1.15190	1.15182	1.15188	47.50
2025.11.03	19:35:00	1.15188	1.15188	1.15179	1.15179	30.70
2025.11.03	19:36:00	1.15177	1.15178	1.15173	1.15173	13.20
2025.11.03	19:37:00	1.15172	1.15179	1.15168	1.15174	27.95
2025.11.03	19:38:00	1.15173	1.15173	1.15171	1.15173	21.35
2025.11.03	19:39:00	1.15173	1.15175	1.15170	1.15175	28.95
2025.11.03	19:40:00	1.15172	1.15174	1.15170	1.15173	20.40
2025.11.03	19:41:00	1.15171	1.15180	1.15169	1.15178	21.32
2025.11.03	19:42:00	1.15177	1.15178	1.15169	1.15172	32.97
2025.11.03	19:43:00	1.15173	1.15173	1.15165	1.15169	22.06
2025.11.03	19:44:00	1.15165	1.15173	1.15165	1.15171	32.86
2025.11.03	19:45:00	1.15171	1.15171	1.15165	1.15168	18.12
2025.11.03	19:46:00	1.15169	1.15172	1.15168	1.15172	24.88
2025.11.03	19:47:00	1.15173	1.15174	1.15172	1.15174	12.31
2025.11.03	19:48:00	1.15175	1.15181	1.15174	1.15180	30.78
2025.11.03	19:49:00	1.15182	1.15184	1.15178	1.15184	47.92
2025.11.03	19:50:00	1.15182	1.15192	1.15179	1.15189	57.11
2025.11.03	19:51:00	1.15187	1.15199	1.15185	1.15198	52.12
2025.11.03	19:52:00	1.15196	1.15199	1.15194	1.15199	14.60
2025.11.03	19:53:00	1.15198	1.15203	1.15196	1.15197	55.37
2025.11.03	19:54:00	1.15196	1.15199	1.15193	1.15199	43.44
2025.11.03	19:55:00	1.15197	1.15197	1.15188	1.15193	43.03
2025.11.03	19:56:00	1.15191	1.15193	1.15188	1.15190	27.83
2025.11.03	19:57:00	1.15192	1.15195	1.15190	1.15195	41.94
2025.11.03	19:58:00	1.15194	1.15195	1.15184	1.15184	61.03
2025.11.03	19:59:00	1.15184	1.15195	1.15183	1.15194	176.14
2025.11.03	20:00:00	1.15195	1.15198	1.15192	1.15195	38.51
2025.11.03	20:01:00	1.15193	1.15206	1.15193	1.15204	76.16
2025.11.03	20:02:00	1.15205	1.15212	1.15203	1.15211	35.19
2025.11.03	20:03:00	1.15210	1.15225	1.15209	1.15223	64.47
2025.11.03	20:04:00	1.15225	1.15228	1.15222	1.15223	49.43
2025.11.03	20:05:00	1.15220	1.15222	1.15218	1.15218	54.00
2025.11.03	20:06:00	1.15218	1.15232	1.15217	1.15230	32.49
2025.11.03	20:07:00	1.15228	1.15230	1.15222	1.15228	72.90
2025.11.03	20:08:00	1.15227	1.15229	1.15218	1.15218	39.60
2025.11.03	20:09:00	1.15220	1.15225	1.15218	1.15221	19.89
2025.11.03	20:10:00	1.15220	1.15220	1.15209	1.15211	40.56
2025.11.03	20:11:00	1.15210	1.15216	1.15209	1.15214	47.25
2025.11.03	20:12:00	1.15217	1.15220	1.15217	1.15218	32.40
2025.11.03	20:13:00	1.15220	1.15220	1.15212	1.15214	17.97
2025.11.03	20:14:00	1.15214	1.15222	1.15213	1.15221	27.00
2025.11.03	20:15:00	1.15222	1.15227	1.15215	1.15218	30.21
2025.11.03	20:16:00	1.15218	1.15221	1.15216	1.15218	30.08
2025.11.03	20:17:00	1.15218	1.15220	1.15206	1.15208	41.54
2025.11.03	20:18:00	1.15208	1.15212	1.15208	1.15208	24.45
2025.11.03	20:19:00	1.15208	1.15215	1.15207	1.15212	39.78
2025.11.03	20:20:00	1.15213	1.15215	1.15212	1.15213	9.00
2025.11.03	20:21:00	1.15213	1.15213	1.15206	1.15206	12.59
2025.11.03	20:22:00	1.15204	1.15206	1.15200	1.15202	19.77
2025.11.03	20:23:00	1.15202	1.15216	1.15202	1.15212	38.88
2025.11.03	20:24:00	1.15212	1.15222	1.15209	1.15209	46.75
2025.11.03	20:25:00	1.15208	1.15209	1.15198	1.15199	45.05
2025.11.03	20:26:00	1.15200	1.15202	1.15198	1.15199	6.30
2025.11.03	20:27:00	1.15199	1.15199	1.15199	1.15199	0.90
2025.11.03	20:28:00	1.15199	1.15201	1.15196	1.15196	12.60
2025.11.03	20:29:00	1.15194	1.15197	1.15191	1.15194	27.05
2025.11.03	20:30:00	1.15194	1.15194	1.15191	1.15192	4.50
2025.11.03	20:31:00	1.15191	1.15198	1.15191	1.15195	23.43
2025.11.03	20:32:00	1.15193	1.15198	1.15193	1.15196	13.68
2025.11.03	20:33:00	1.15195	1.15195	1.15189	1.15191	24.23
2025.11.03	20:34:00	1.15192	1.15196	1.15192	1.15193	12.33
2025.11.03	20:35:00	1.15195	1.15200	1.15195	1.15196	18.72
2025.11.03	20:36:00	1.15194	1.15194	1.15190	1.15192	20.70
2025.11.03	20:37:00	1.15191	1.15193	1.15191	1.15191	7.83
2025.11.03	20:38:00	1.15192	1.15192	1.15188	1.15189	10.08
2025.11.03	20:39:00	1.15191	1.15191	1.15186	1.15187	16.40
2025.11.03	20:40:00	1.15188	1.15189	1.15182	1.15188	13.95
2025.11.03	20:41:00	1.15186	1.15187	1.15179	1.15179	18.90
2025.11.03	20:42:00	1.15179	1.15188	1.15179	1.15186	21.82
2025.11.03	20:43:00	1.15188	1.15189	1.15186	1.15189	11.99
2025.11.03	20:44:00	1.15187	1.15193	1.15187	1.15192	54.53
2025.11.03	20:45:00	1.15191	1.15196	1.15186	1.15187	23.12
2025.11.03	20:46:00	1.15186	1.15194	1.15186	1.15192	23.15
2025.11.03	20:47:00	1.15194	1.15196	1.15193	1.15193	4.50
2025.11.03	20:48:00	1.15197	1.15199	1.15193	1.15193	15.05
2025.11.03	20:49:00	1.15194	1.15196	1.15190	1.15190	9.90
2025.11.03	20:50:00	1.15191	1.15193	1.15190	1.15193	18.20
2025.11.03	20:51:00	1.15192	1.15193	1.15188	1.15188	15.05
2025.11.03	20:52:00	1.15190	1.15193	1.15188	1.15193	14.40
2025.11.03	20:53:00	1.15191	1.15192	1.15186	1.15187	23.95
2025.11.03	20:54:00	1.15186	1.15186	1.15183	1.15184	6.95
2025.11.03	20:55:00	1.15187	1.15191	1.15185	1.15191	16.20
2025.11.03	20:56:00	1.15191	1.15193	1.15185	1.15187	22.47
2025.11.03	20:57:00	1.15186	1.15188	1.15184	1.15187	24.70
2025.11.03	20:58:00	1.15187	1.15192	1.15186	1.15191	70.34
2025.11.03	20:59:00	1.15192	1.15195	1.15191	1.15195	34.89
2025.11.03	21:00:00	1.15194	1.15194	1.15170	1.15177	147.53
2025.11.03	21:01:00	1.15177	1.15178	1.15168	1.15176	82.08
2025.11.03	21:02:00	1.15177	1.15179	1.15172	1.15174	81.22
2025.11.03	21:03:00	1.15174	1.15177	1.15171	1.15174	49.23
2025.11.03	21:04:00	1.15174	1.15178	1.15173	1.15177	22.50
2025.11.03	21:05:00	1.15177	1.15178	1.15172	1.15173	40.80
2025.11.03	21:06:00	1.15171	1.15173	1.15168	1.15172	29.25
2025.11.03	21:07:00	1.15172	1.15178	1.15170	1.15176	28.80
2025.11.03	21:08:00	1.15178	1.15179	1.15177	1.15177	17.55
2025.11.03	21:09:00	1.15177	1.15177	1.15176	1.15177	3.60
2025.11.03	21:10:00	1.15176	1.15180	1.15176	1.15176	6.75
2025.11.03	21:11:00	1.15178	1.15180	1.15176	1.15176	19.80
2025.11.03	21:12:00	1.15177	1.15178	1.15172	1.15177	25.20
2025.11.03	21:13:00	1.15178	1.15178	1.15178	1.15178	1.80
2025.11.03	21:14:00	1.15179	1.15179	1.15176	1.15176	11.70
2025.11.03	21:15:00	1.15177	1.15179	1.15177	1.15177	11.25
2025.11.03	21:16:00	1.15178	1.15178	1.15178	1.15178	1.80
2025.11.03	21:17:00	1.15178	1.15180	1.15178	1.15178	14.85
2025.11.03	21:18:00	1.15179	1.15180	1.15178	1.15180	12.60
2025.11.03	21:19:00	1.15179	1.15184	1.15179	1.15184	22.14
2025.11.03	21:20:00	1.15183	1.15185	1.15182	1.15185	12.45
2025.11.03	21:21:00	1.15184	1.15184	1.15182	1.15182	6.48
2025.11.03	21:22:00	1.15183	1.15185	1.15183	1.15184	7.74
2025.11.03	21:23:00	1.15185	1.15185	1.15183	1.15184	12.96
2025.11.03	21:24:00	1.15187	1.15189	1.15186	1.15189	5.67
2025.11.03	21:26:00	1.15188	1.15188	1.15168	1.15168	41.40
2025.11.03	21:27:00	1.15168	1.15168	1.15163	1.15163	18.09
2025.11.03	21:28:00	1.15163	1.15165	1.15162	1.15164	18.09
2025.11.03	21:29:00	1.15167	1.15168	1.15162	1.15164	97.74
2025.11.03	21:30:00	1.15163	1.15167	1.15159	1.15167	79.65
2025.11.03	21:31:00	1.15166	1.15167	1.15166	1.15167	3.15
2025.11.03	21:32:00	1.15167	1.15170	1.15165	1.15170	11.61
2025.11.03	21:33:00	1.15170	1.15173	1.15170	1.15172	8.46
2025.11.03	21:34:00	1.15174	1.15174	1.15172	1.15172	3.81
2025.11.03	21:35:00	1.15173	1.15185	1.15173	1.15185	9.21
2025.11.03	21:36:00	1.15184	1.15187	1.15182	1.15186	3.15
2025.11.03	21:37:00	1.15186	1.15188	1.15186	1.15187	0.60
2025.11.03	21:38:00	1.15188	1.15194	1.15186	1.15194	1.44
2025.11.03	21:39:00	1.15193	1.15199	1.15191	1.15199	31.75
2025.11.03	21:40:00	1.15199	1.15199	1.15193	1.15193	9.00
2025.11.03	21:41:00	1.15192	1.15196	1.15192	1.15195	9.60
2025.11.03	21:42:00	1.15195	1.15197	1.15194	1.15197	8.64
2025.11.03	21:43:00	1.15196	1.15197	1.15195	1.15196	5.82
2025.11.03	21:44:00	1.15198	1.15198	1.15195	1.15195	12.15
2025.11.03	21:45:00	1.15196	1.15196	1.15190	1.15190	27.82
2025.11.03	21:46:00	1.15191	1.15191	1.15190	1.15191	7.20
2025.11.03	21:47:00	1.15190	1.15190	1.15184	1.15188	18.84
2025.11.03	21:48:00	1.15188	1.15191	1.15187	1.15191	13.95
2025.11.03	21:49:00	1.15192	1.15192	1.15190	1.15191	7.20
2025.11.03	21:50:00	1.15189	1.15190	1.15188	1.15188	6.52
2025.11.03	21:51:00	1.15193	1.15202	1.15192	1.15198	16.65
2025.11.03	21:52:00	1.15197	1.15199	1.15196	1.15197	6.30
2025.11.03	21:53:00	1.15197	1.15202	1.15197	1.15200	11.70
2025.11.03	21:54:00	1.15198	1.15198	1.15197	1.15197	5.85
2025.11.03	21:55:00	1.15198	1.15201	1.15196	1.15198	14.40
2025.11.03	21:56:00	1.15196	1.15196	1.15190	1.15191	21.60
2025.11.03	21:57:00	1.15193	1.15193	1.15190	1.15192	35.10
2025.11.03	21:58:00	1.15193	1.15193	1.15188	1.15190	40.05
2025.11.03	21:59:00	1.15190	1.15201	1.15182	1.15196	71.77
2025.11.03	22:00:00	1.15190	1.15192	1.15177	1.15177	3.60
2025.11.03	22:01:00	1.15178	1.15178	1.15168	1.15175	9.65
2025.11.03	22:02:00	1.15175	1.15175	1.15175	1.15175	0.67
2025.11.03	22:03:00	1.15175	1.15175	1.15175	1.15175	0.67
2025.11.03	22:04:00	1.15175	1.15175	1.15175	1.15175	0.67
2025.11.03	22:05:00	1.15175	1.15177	1.15175	1.15176	7.00
2025.11.03	22:06:00	1.15177	1.15179	1.15177	1.15179	5.51
2025.11.03	22:07:00	1.15179	1.15186	1.15179	1.15186	29.85
2025.11.03	22:08:00	1.15185	1.15185	1.15181	1.15182	35.04
2025.11.03	22:09:00	1.15183	1.15198	1.15180	1.15192	18.50
2025.11.03	22:10:00	1.15192	1.15192	1.15191	1.15191	10.80
2025.11.03	22:12:00	1.15192	1.15192	1.15192	1.15192	0.90
2025.11.03	22:13:00	1.15191	1.15191	1.15191	1.15191	0.90
2025.11.03	22:14:00	1.15191	1.15191	1.15191	1.15191	0.90
2025.11.03	22:15:00	1.15197	1.15197	1.15192	1.15192	2.98
2025.11.03	22:16:00	1.15191	1.15192	1.15191	1.15192	2.70
2025.11.03	22:18:00	1.15190	1.15190	1.15189	1.15189	2.08
2025.11.03	22:19:00	1.15187	1.15189	1.15187	1.15189	1.80
2025.11.03	22:20:00	1.15191	1.15191	1.15191	1.15191	1.80
2025.11.03	22:21:00	1.15189	1.15196	1.15187	1.15192	22.50
2025.11.03	22:22:00	1.15192	1.15192	1.15192	1.15192	0.90
2025.11.03	22:23:00	1.15187	1.15190	1.15184	1.15190	6.30
2025.11.03	22:24:00	1.15191	1.15192	1.15187	1.15192	5.68
2025.11.03	22:25:00	1.15187	1.15192	1.15171	1.15172	5.06
2025.11.03	22:26:00	1.15172	1.15172	1.15170	1.15170	2.36
2025.11.03	22:27:00	1.15171	1.15171	1.15169	1.15169	3.88
2025.11.03	22:28:00	1.15170	1.15179	1.15170	1.15179	4.44
2025.11.03	22:29:00	1.15169	1.15180	1.15169	1.15180	3.26
2025.11.03	22:30:00	1.15179	1.15180	1.15173	1.15173	19.23
2025.11.03	22:31:00	1.15172	1.15172	1.15172	1.15172	0.90
2025.11.03	22:32:00	1.15172	1.15172	1.15171	1.15171	3.88
2025.11.03	22:33:00	1.15172	1.15176	1.15172	1.15174	9.16
2025.11.03	22:34:00	1.15175	1.15178	1.15175	1.15178	9.44
2025.11.03	22:35:00	1.15177	1.15181	1.15177	1.15181	16.52
2025.11.03	22:36:00	1.15181	1.15183	1.15181	1.15181	10.62
2025.11.03	22:37:00	1.15183	1.15183	1.15181	1.15182	7.08
2025.11.03	22:38:00	1.15181	1.15196	1.15181	1.15193	14.68
2025.11.03	22:39:00	1.15193	1.15199	1.15193	1.15198	27.82
2025.11.03	22:40:00	1.15201	1.15201	1.15194	1.15196	56.23
2025.11.03	22:41:00	1.15202	1.15202	1.15195	1.15197	62.43
2025.11.03	22:42:00	1.15202	1.15202	1.15193	1.15195	82.36
2025.11.03	22:43:00	1.15201	1.15203	1.15195	1.15199	61.88
2025.11.03	22:44:00	1.15200	1.15202	1.15195	1.15200	59.64
2025.11.03	22:45:00	1.15197	1.15201	1.15195	1.15199	19.95
2025.11.03	22:46:00	1.15199	1.15200	1.15195	1.15198	41.15
2025.11.03	22:47:00	1.15200	1.15202	1.15194	1.15197	66.64
2025.11.03	22:48:00	1.15197	1.15198	1.15196	1.15197	7.37
2025.11.03	22:49:00	1.15198	1.15200	1.15196	1.15197	32.55
2025.11.03	22:50:00	1.15198	1.15198	1.15198	1.15198	16.08
2025.11.03	22:51:00	1.15199	1.15200	1.15197	1.15199	45.49
2025.11.03	22:52:00	1.15197	1.15200	1.15197	1.15197	29.80
2025.11.03	22:53:00	1.15198	1.15199	1.15198	1.15198	3.15
2025.11.03	22:54:00	1.15197	1.15202	1.15197	1.15198	29.30
2025.11.03	22:55:00	1.15198	1.15202	1.15198	1.15201	5.96
2025.11.03	22:56:00	1.15199	1.15199	1.15199	1.15199	0.90
2025.11.03	22:57:00	1.15200	1.15201	1.15199	1.15201	28.18
2025.11.03	22:58:00	1.15203	1.15206	1.15198	1.15205	23.90
2025.11.03	22:59:00	1.15206	1.15208	1.15201	1.15205	23.34
2025.11.03	23:00:00	1.15205	1.15206	1.15198	1.15201	32.00
2025.11.03	23:01:00	1.15201	1.15205	1.15198	1.15198	16.20
2025.11.03	23:02:00	1.15199	1.15199	1.15194	1.15194	26.83
2025.11.03	23:03:00	1.15194	1.15194	1.15189	1.15189	10.20
2025.11.03	23:04:00	1.15192	1.15192	1.15184	1.15185	18.45
2025.11.03	23:05:00	1.15192	1.15192	1.15189	1.15190	9.00
2025.11.03	23:06:00	1.15189	1.15193	1.15189	1.15190	22.50
2025.11.03	23:07:00	1.15191	1.15196	1.15191	1.15194	15.30
2025.11.03	23:08:00	1.15193	1.15195	1.15185	1.15191	14.40
2025.11.03	23:09:00	1.15191	1.15195	1.15187	1.15190	35.83
2025.11.03	23:10:00	1.15191	1.15191	1.15186	1.15187	35.15
2025.11.03	23:11:00	1.15187	1.15193	1.15187	1.15190	5.40
2025.11.03	23:12:00	1.15191	1.15191	1.15189	1.15189	1.80
2025.11.03	23:13:00	1.15191	1.15191	1.15184	1.15184	5.40
2025.11.03	23:14:00	1.15185	1.15187	1.15184	1.15185	75.37
2025.11.03	23:15:00	1.15187	1.15191	1.15185	1.15189	40.79
2025.11.03	23:16:00	1.15193	1.15199	1.15193	1.15194	47.05
2025.11.03	23:17:00	1.15195	1.15203	1.15195	1.15203	17.78
2025.11.03	23:18:00	1.15199	1.15204	1.15199	1.15200	17.69
2025.11.03	23:19:00	1.15197	1.15199	1.15195	1.15196	20.63
2025.11.03	23:20:00	1.15196	1.15198	1.15194	1.15197	14.05
2025.11.03	23:21:00	1.15194	1.15203	1.15194	1.15198	30.86
2025.11.03	23:22:00	1.15197	1.15201	1.15194	1.15195	76.47
2025.11.03	23:23:00	1.15197	1.15202	1.15195	1.15197	43.05
2025.11.03	23:24:00	1.15198	1.15201	1.15194	1.15196	19.77
2025.11.03	23:25:00	1.15197	1.15198	1.15194	1.15198	12.50
2025.11.03	23:26:00	1.15198	1.15198	1.15196	1.15196	1.80
2025.11.03	23:27:00	1.15198	1.15198	1.15198	1.15198	0.90
2025.11.03	23:28:00	1.15196	1.15199	1.15196	1.15199	3.24
2025.11.03	23:29:00	1.15196	1.15199	1.15196	1.15199	2.45
2025.11.03	23:30:00	1.15197	1.15199	1.15193	1.15195	101.29
2025.11.03	23:31:00	1.15195	1.15197	1.15191	1.15194	59.35
2025.11.03	23:32:00	1.15197	1.15198	1.15193	1.15197	16.97
2025.11.03	23:33:00	1.15196	1.15196	1.15194	1.15194	3.60
2025.11.03	23:34:00	1.15195	1.15197	1.15193	1.15197	4.50
2025.11.03	23:35:00	1.15197	1.15199	1.15196	1.15198	11.45
2025.11.03	23:36:00	1.15196	1.15198	1.15195	1.15195	12.10
2025.11.03	23:37:00	1.15195	1.15198	1.15194	1.15196	8.10
2025.11.03	23:38:00	1.15198	1.15198	1.15197	1.15197	2.70
2025.11.03	23:39:00	1.15199	1.15200	1.15199	1.15200	1.80
2025.11.03	23:40:00	1.15202	1.15202	1.15201	1.15202	5.15
2025.11.03	23:41:00	1.15200	1.15202	1.15199	1.15202	5.15
2025.11.03	23:42:00	1.15199	1.15199	1.15195	1.15196	9.25
2025.11.03	23:43:00	1.15196	1.15199	1.15196	1.15199	2.70
2025.11.03	23:44:00	1.15200	1.15200	1.15198	1.15198	1.80
2025.11.03	23:46:00	1.15199	1.15199	1.15194	1.15194	5.40
2025.11.03	23:47:00	1.15193	1.15196	1.15193	1.15193	4.43
2025.11.03	23:48:00	1.15194	1.15194	1.15189	1.15190	15.67
2025.11.03	23:49:00	1.15192	1.15193	1.15192	1.15193	2.70
2025.11.03	23:51:00	1.15195	1.15195	1.15190	1.15191	6.30
2025.11.03	23:52:00	1.15190	1.15190	1.15190	1.15190	0.90
2025.11.03	23:53:00	1.15189	1.15190	1.15189	1.15189	4.50
2025.11.03	23:54:00	1.15189	1.15189	1.15187	1.15188	3.35
2025.11.03	23:56:00	1.15186	1.15190	1.15186	1.15190	3.60
2025.11.03	23:57:00	1.15187	1.15187	1.15187	1.15187	1.80
2025.11.03	23:58:00	1.15187	1.15188	1.15186	1.15188	3.60
2025.11.03	23:59:00	1.15187	1.15187	1.15184	1.15184	6.05
2025.11.04	00:00:00	1.15183	1.15183	1.15150	1.15154	92.08
2025.11.04	00:01:00	1.15154	1.15154	1.15139	1.15139	75.60
2025.11.04	00:02:00	1.15138	1.15142	1.15135	1.15137	49.07
2025.11.04	00:03:00	1.15136	1.15137	1.15133	1.15133	12.30
2025.11.04	00:04:00	1.15130	1.15130	1.15118	1.15120	34.29
2025.11.04	00:05:00	1.15120	1.15122	1.15100	1.15102	57.52
2025.11.04	00:06:00	1.15102	1.15103	1.15085	1.15089	46.27
2025.11.04	00:07:00	1.15088	1.15089	1.15070	1.15073	64.21
2025.11.04	00:08:00	1.15077	1.15077	1.15063	1.15066	89.78
2025.11.04	00:09:00	1.15066	1.15089	1.15060	1.15086	78.49
2025.11.04	00:10:00	1.15087	1.15091	1.15080	1.15087	38.00
2025.11.04	00:11:00	1.15088	1.15090	1.15086	1.15089	8.55
2025.11.04	00:12:00	1.15092	1.15093	1.15077	1.15080	44.60
2025.11.04	00:13:00	1.15081	1.15081	1.15067	1.15069	54.02
2025.11.04	00:14:00	1.15069	1.15073	1.15068	1.15069	28.61
2025.11.04	00:15:00	1.15070	1.15085	1.15069	1.15079	63.94
2025.11.04	00:16:00	1.15080	1.15093	1.15078	1.15093	34.79
2025.11.04	00:17:00	1.15092	1.15093	1.15084	1.15084	57.18
2025.11.04	00:18:00	1.15081	1.15081	1.15060	1.15070	64.07
2025.11.04	00:19:00	1.15069	1.15076	1.15069	1.15072	34.21
2025.11.04	00:20:00	1.15073	1.15074	1.15065	1.15067	51.62
2025.11.04	00:21:00	1.15066	1.15068	1.15062	1.15062	36.05
2025.11.04	00:22:00	1.15062	1.15070	1.15060	1.15065	55.71
2025.11.04	00:23:00	1.15066	1.15071	1.15063	1.15070	37.14
2025.11.04	00:24:00	1.15072	1.15079	1.15068	1.15079	43.64
2025.11.04	00:25:00	1.15078	1.15080	1.15074	1.15074	21.50
2025.11.04	00:26:00	1.15074	1.15074	1.15063	1.15067	40.32
2025.11.04	00:27:00	1.15067	1.15070	1.15065	1.15069	30.35
2025.11.04	00:28:00	1.15069	1.15070	1.15060	1.15063	61.32
2025.11.04	00:29:00	1.15062	1.15064	1.15059	1.15062	66.65
2025.11.04	00:30:00	1.15060	1.15064	1.15055	1.15062	70.34
2025.11.04	00:31:00	1.15060	1.15069	1.15060	1.15068	59.93
2025.11.04	00:32:00	1.15067	1.15069	1.15066	1.15067	39.05
2025.11.04	00:33:00	1.15066	1.15077	1.15062	1.15074	52.30
2025.11.04	00:34:00	1.15077	1.15084	1.15072	1.15082	65.41
2025.11.04	00:35:00	1.15083	1.15094	1.15079	1.15094	25.62
2025.11.04	00:36:00	1.15092	1.15092	1.15065	1.15078	80.51
2025.11.04	00:37:00	1.15076	1.15077	1.15063	1.15068	45.68
2025.11.04	00:38:00	1.15068	1.15079	1.15067	1.15078	51.29
2025.11.04	00:39:00	1.15078	1.15086	1.15077	1.15084	33.85
2025.11.04	00:40:00	1.15083	1.15088	1.15080	1.15088	31.13
2025.11.04	00:41:00	1.15088	1.15090	1.15085	1.15088	41.50
2025.11.04	00:42:00	1.15089	1.15089	1.15088	1.15088	6.05
2025.11.04	00:43:00	1.15088	1.15089	1.15076	1.15085	51.23
2025.11.04	00:44:00	1.15083	1.15085	1.15072	1.15076	63.10
2025.11.04	00:45:00	1.15077	1.15078	1.15070	1.15073	26.65
2025.11.04	00:46:00	1.15073	1.15074	1.15070	1.15073	8.10
2025.11.04	00:47:00	1.15076	1.15077	1.15071	1.15072	10.70
2025.11.04	00:48:00	1.15072	1.15074	1.15070	1.15071	17.44
2025.11.04	00:49:00	1.15071	1.15083	1.15071	1.15079	54.96
2025.11.04	00:50:00	1.15078	1.15100	1.15077	1.15098	46.55
2025.11.04	00:51:00	1.15097	1.15102	1.15092	1.15094	79.99
2025.11.04	00:52:00	1.15093	1.15102	1.15092	1.15100	24.70
2025.11.04	00:53:00	1.15097	1.15097	1.15089	1.15089	56.17
2025.11.04	00:54:00	1.15089	1.15090	1.15074	1.15080	142.14
2025.11.04	00:55:00	1.15080	1.15090	1.15077	1.15081	115.55
2025.11.04	00:56:00	1.15082	1.15082	1.15074	1.15075	89.73
2025.11.04	00:57:00	1.15075	1.15089	1.15075	1.15082	29.36
2025.11.04	00:58:00	1.15083	1.15085	1.15076	1.15083	89.46
2025.11.04	00:59:00	1.15085	1.15086	1.15077	1.15082	37.80
2025.11.04	01:00:00	1.15082	1.15082	1.15068	1.15072	80.40
2025.11.04	01:01:00	1.15074	1.15081	1.15063	1.15068	42.06
2025.11.04	01:02:00	1.15066	1.15073	1.15063	1.15067	45.58
2025.11.04	01:03:00	1.15068	1.15077	1.15068	1.15072	23.45
2025.11.04	01:04:00	1.15072	1.15083	1.15070	1.15080	30.90
2025.11.04	01:05:00	1.15078	1.15083	1.15068	1.15068	23.27
2025.11.04	01:06:00	1.15072	1.15072	1.15050	1.15059	58.46
2025.11.04	01:07:00	1.15058	1.15060	1.15051	1.15051	29.06
2025.11.04	01:08:00	1.15050	1.15052	1.15039	1.15052	81.45
2025.11.04	01:09:00	1.15050	1.15050	1.15043	1.15044	22.86
2025.11.04	01:10:00	1.15042	1.15048	1.15037	1.15039	67.16
2025.11.04	01:11:00	1.15038	1.15040	1.15031	1.15040	85.59
2025.11.04	01:12:00	1.15040	1.15040	1.15032	1.15036	165.99
2025.11.04	01:13:00	1.15032	1.15042	1.15031	1.15037	75.02
2025.11.04	01:14:00	1.15037	1.15048	1.15031	1.15048	109.92
2025.11.04	01:15:00	1.15048	1.15057	1.15047	1.15056	43.38
2025.11.04	01:16:00	1.15054	1.15055	1.15046	1.15047	20.02
2025.11.04	01:17:00	1.15048	1.15054	1.15048	1.15054	8.84
2025.11.04	01:18:00	1.15057	1.15072	1.15057	1.15072	25.49
2025.11.04	01:19:00	1.15072	1.15079	1.15068	1.15069	30.52
2025.11.04	01:20:00	1.15069	1.15069	1.15065	1.15068	50.24
2025.11.04	01:21:00	1.15069	1.15075	1.15066	1.15069	37.55
2025.11.04	01:22:00	1.15071	1.15074	1.15066	1.15066	37.17
2025.11.04	01:23:00	1.15064	1.15064	1.15054	1.15055	39.77
2025.11.04	01:24:00	1.15057	1.15057	1.15043	1.15044	51.67
2025.11.04	01:25:00	1.15043	1.15044	1.15030	1.15030	63.08
2025.11.04	01:26:00	1.15032	1.15032	1.15019	1.15020	110.44
2025.11.04	01:27:00	1.15019	1.15021	1.15012	1.15012	111.89
2025.11.04	01:28:00	1.15010	1.15013	1.14998	1.15000	162.85
2025.11.04	01:29:00	1.14998	1.15005	1.14980	1.15005	270.13
2025.11.04	01:30:00	1.15004	1.15012	1.14998	1.15001	104.93
2025.11.04	01:31:00	1.15001	1.15007	1.14998	1.15003	82.76
2025.11.04	01:32:00	1.15007	1.15007	1.14996	1.14996	45.77
2025.11.04	01:33:00	1.14997	1.15002	1.14990	1.15001	41.80
2025.11.04	01:34:00	1.14999	1.15002	1.14996	1.15000	44.82
2025.11.04	01:35:00	1.14999	1.15009	1.14995	1.15008	82.48
2025.11.04	01:36:00	1.15007	1.15010	1.15001	1.15008	34.80
2025.11.04	01:37:00	1.15009	1.15026	1.15008	1.15024	70.01
2025.11.04	01:38:00	1.15025	1.15043	1.15025	1.15041	80.39
2025.11.04	01:39:00	1.15040	1.15042	1.15031	1.15032	40.72
2025.11.04	01:40:00	1.15032	1.15051	1.15032	1.15048	63.03
2025.11.04	01:41:00	1.15048	1.15048	1.15042	1.15042	52.97
2025.11.04	01:42:00	1.15043	1.15052	1.15030	1.15043	67.02
2025.11.04	01:43:00	1.15043	1.15063	1.15043	1.15059	54.35
2025.11.04	01:44:00	1.15059	1.15061	1.15057	1.15058	75.30
2025.11.04	01:45:00	1.15058	1.15063	1.15056	1.15058	73.11
2025.11.04	01:46:00	1.15057	1.15062	1.15055	1.15061	99.19
2025.11.04	01:47:00	1.15062	1.15062	1.15053	1.15053	78.34
2025.11.04	01:48:00	1.15054	1.15089	1.15054	1.15084	86.93
2025.11.04	01:49:00	1.15084	1.15093	1.15082	1.15082	52.75
2025.11.04	01:50:00	1.15082	1.15086	1.15081	1.15085	22.50
2025.11.04	01:51:00	1.15084	1.15093	1.15084	1.15090	46.95
2025.11.04	01:52:00	1.15088	1.15089	1.15077	1.15078	28.05
2025.11.04	01:53:00	1.15078	1.15090	1.15077	1.15090	27.37
2025.11.04	01:54:00	1.15088	1.15092	1.15088	1.15089	23.49
2025.11.04	01:55:00	1.15088	1.15094	1.15087	1.15092	40.20
2025.11.04	01:56:00	1.15093	1.15094	1.15072	1.15072	31.94
2025.11.04	01:57:00	1.15074	1.15086	1.15071	1.15085	40.29
2025.11.04	01:58:00	1.15084	1.15095	1.15084	1.15095	25.67
2025.11.04	01:59:00	1.15096	1.15100	1.15092	1.15099	64.75
2025.11.04	02:00:00	1.15097	1.15097	1.15086	1.15092	126.67
2025.11.04	02:01:00	1.15092	1.15092	1.15088	1.15090	127.33
2025.11.04	02:02:00	1.15089	1.15089	1.15078	1.15078	42.93
2025.11.04	02:03:00	1.15078	1.15080	1.15077	1.15078	28.06
2025.11.04	02:04:00	1.15078	1.15078	1.15064	1.15077	44.48
2025.11.04	02:05:00	1.15076	1.15078	1.15073	1.15075	33.00
2025.11.04	02:06:00	1.15075	1.15094	1.15075	1.15091	46.03
2025.11.04	02:07:00	1.15090	1.15095	1.15084	1.15084	39.00
2025.11.04	02:08:00	1.15085	1.15101	1.15085	1.15094	63.22
2025.11.04	02:09:00	1.15095	1.15096	1.15086	1.15086	41.27
2025.11.04	02:10:00	1.15087	1.15090	1.15084	1.15086	23.59
2025.11.04	02:11:00	1.15088	1.15091	1.15086	1.15090	17.77
2025.11.04	02:12:00	1.15090	1.15091	1.15063	1.15063	63.79
2025.11.04	02:13:00	1.15063	1.15070	1.15062	1.15070	61.33
2025.11.04	02:14:00	1.15068	1.15073	1.15065	1.15067	41.62
2025.11.04	02:15:00	1.15065	1.15067	1.15062	1.15066	19.51
2025.11.04	02:16:00	1.15064	1.15070	1.15057	1.15059	53.16
2025.11.04	02:17:00	1.15060	1.15068	1.15055	1.15068	24.85
2025.11.04	02:18:00	1.15069	1.15076	1.15067	1.15074	24.46
2025.11.04	02:19:00	1.15074	1.15074	1.15058	1.15059	35.52
2025.11.04	02:20:00	1.15057	1.15058	1.15053	1.15057	100.72
2025.11.04	02:21:00	1.15059	1.15064	1.15048	1.15048	126.49
2025.11.04	02:22:00	1.15048	1.15055	1.15048	1.15054	26.96
2025.11.04	02:23:00	1.15054	1.15059	1.15049	1.15053	60.85
2025.11.04	02:24:00	1.15052	1.15063	1.15052	1.15059	41.27
2025.11.04	02:25:00	1.15059	1.15060	1.15052	1.15056	31.28
2025.11.04	02:26:00	1.15053	1.15065	1.15053	1.15064	26.67
2025.11.04	02:27:00	1.15064	1.15068	1.15061	1.15061	46.25
2025.11.04	02:28:00	1.15063	1.15072	1.15063	1.15070	38.67
2025.11.04	02:29:00	1.15067	1.15069	1.15063	1.15067	37.66
2025.11.04	02:30:00	1.15070	1.15076	1.15069	1.15071	23.97
2025.11.04	02:31:00	1.15071	1.15078	1.15070	1.15077	72.81
2025.11.04	02:32:00	1.15078	1.15083	1.15075	1.15077	87.10
2025.11.04	02:33:00	1.15078	1.15080	1.15075	1.15076	28.62
2025.11.04	02:34:00	1.15077	1.15098	1.15077	1.15094	87.01
2025.11.04	02:35:00	1.15095	1.15103	1.15092	1.15101	101.83
2025.11.04	02:36:00	1.15103	1.15108	1.15096	1.15097	65.58
2025.11.04	02:37:00	1.15099	1.15105	1.15094	1.15098	77.15
2025.11.04	02:38:00	1.15098	1.15098	1.15086	1.15087	62.18
2025.11.04	02:39:00	1.15087	1.15087	1.15077	1.15078	117.59
2025.11.04	02:40:00	1.15077	1.15083	1.15073	1.15075	51.05
2025.11.04	02:41:00	1.15074	1.15074	1.15069	1.15069	44.97
2025.11.04	02:42:00	1.15061	1.15070	1.15057	1.15069	38.48
2025.11.04	02:43:00	1.15070	1.15070	1.15065	1.15065	11.75
2025.11.04	02:44:00	1.15066	1.15068	1.15064	1.15067	10.12
2025.11.04	02:45:00	1.15067	1.15076	1.15065	1.15073	33.42
2025.11.04	02:46:00	1.15077	1.15082	1.15063	1.15063	43.13
2025.11.04	02:47:00	1.15061	1.15071	1.15059	1.15063	34.47
2025.11.04	02:48:00	1.15064	1.15071	1.15060	1.15071	57.85
2025.11.04	02:49:00	1.15069	1.15070	1.15064	1.15069	33.89
2025.11.04	02:50:00	1.15068	1.15081	1.15068	1.15079	55.34
2025.11.04	02:51:00	1.15078	1.15080	1.15074	1.15076	18.00
2025.11.04	02:52:00	1.15075	1.15077	1.15071	1.15075	32.22
2025.11.04	02:53:00	1.15075	1.15076	1.15074	1.15074	5.40
2025.11.04	02:54:00	1.15076	1.15080	1.15073	1.15075	22.78
2025.11.04	02:55:00	1.15075	1.15087	1.15075	1.15086	27.18
2025.11.04	02:56:00	1.15085	1.15097	1.15085	1.15097	34.61
2025.11.04	02:57:00	1.15098	1.15105	1.15098	1.15103	40.91
2025.11.04	02:58:00	1.15104	1.15109	1.15103	1.15104	46.51
2025.11.04	02:59:00	1.15103	1.15110	1.15100	1.15108	47.59
2025.11.04	03:00:00	1.15109	1.15123	1.15109	1.15122	105.90
2025.11.04	03:01:00	1.15123	1.15134	1.15122	1.15124	67.51
2025.11.04	03:02:00	1.15122	1.15123	1.15116	1.15118	38.16
2025.11.04	03:03:00	1.15116	1.15118	1.15103	1.15110	83.54
2025.11.04	03:04:00	1.15110	1.15113	1.15110	1.15112	31.55
2025.11.04	03:05:00	1.15112	1.15117	1.15111	1.15114	84.13
2025.11.04	03:06:00	1.15113	1.15123	1.15113	1.15121	44.83
2025.11.04	03:07:00	1.15122	1.15122	1.15113	1.15113	34.13
2025.11.04	03:08:00	1.15113	1.15121	1.15112	1.15120	52.90
2025.11.04	03:09:00	1.15119	1.15125	1.15118	1.15120	38.12
2025.11.04	03:10:00	1.15120	1.15129	1.15120	1.15127	31.66
2025.11.04	03:11:00	1.15129	1.15136	1.15129	1.15134	27.33
2025.11.04	03:12:00	1.15132	1.15134	1.15128	1.15134	17.32
2025.11.04	03:13:00	1.15132	1.15138	1.15124	1.15137	37.51
2025.11.04	03:14:00	1.15136	1.15138	1.15134	1.15138	47.91
2025.11.04	03:15:00	1.15138	1.15148	1.15137	1.15148	34.61
2025.11.04	03:16:00	1.15147	1.15154	1.15146	1.15150	59.19
2025.11.04	03:17:00	1.15148	1.15156	1.15148	1.15150	45.54
2025.11.04	03:18:00	1.15149	1.15159	1.15149	1.15158	46.55
2025.11.04	03:19:00	1.15158	1.15162	1.15157	1.15160	18.25
2025.11.04	03:20:00	1.15159	1.15160	1.15154	1.15154	47.40
2025.11.04	03:21:00	1.15153	1.15158	1.15153	1.15154	38.34
2025.11.04	03:22:00	1.15154	1.15158	1.15147	1.15148	58.25
2025.11.04	03:23:00	1.15150	1.15159	1.15149	1.15159	59.39
2025.11.04	03:24:00	1.15158	1.15160	1.15155	1.15160	30.02
2025.11.04	03:25:00	1.15161	1.15163	1.15154	1.15156	45.69
2025.11.04	03:26:00	1.15158	1.15160	1.15157	1.15157	40.03
2025.11.04	03:27:00	1.15158	1.15171	1.15158	1.15170	38.83
2025.11.04	03:28:00	1.15170	1.15170	1.15161	1.15162	17.33
2025.11.04	03:29:00	1.15161	1.15166	1.15161	1.15163	25.10
2025.11.04	03:30:00	1.15162	1.15164	1.15144	1.15158	101.10
2025.11.04	03:31:00	1.15158	1.15163	1.15138	1.15139	183.34
2025.11.04	03:32:00	1.15138	1.15170	1.15136	1.15168	115.40
2025.11.04	03:33:00	1.15168	1.15176	1.15162	1.15167	136.43
2025.11.04	03:34:00	1.15167	1.15176	1.15164	1.15164	128.97
2025.11.04	03:35:00	1.15164	1.15165	1.15163	1.15165	62.51
2025.11.04	03:36:00	1.15163	1.15168	1.15155	1.15159	160.79
2025.11.04	03:37:00	1.15160	1.15160	1.15143	1.15154	86.49
2025.11.04	03:38:00	1.15151	1.15151	1.15137	1.15138	83.42
2025.11.04	03:39:00	1.15138	1.15149	1.15137	1.15149	44.38
2025.11.04	03:40:00	1.15149	1.15149	1.15141	1.15145	61.25
2025.11.04	03:41:00	1.15145	1.15152	1.15141	1.15148	88.87
2025.11.04	03:42:00	1.15149	1.15156	1.15146	1.15153	35.40
2025.11.04	03:43:00	1.15154	1.15155	1.15152	1.15154	41.61
2025.11.04	03:44:00	1.15153	1.15153	1.15146	1.15149	28.69
2025.11.04	03:45:00	1.15147	1.15148	1.15142	1.15144	40.12
2025.11.04	03:46:00	1.15143	1.15150	1.15142	1.15149	38.61
2025.11.04	03:47:00	1.15150	1.15154	1.15147	1.15149	29.22
2025.11.04	03:48:00	1.15148	1.15148	1.15141	1.15142	22.37
2025.11.04	03:49:00	1.15141	1.15142	1.15131	1.15133	38.80
2025.11.04	03:50:00	1.15133	1.15138	1.15129	1.15131	54.86
2025.11.04	03:51:00	1.15132	1.15137	1.15132	1.15135	36.61
2025.11.04	03:52:00	1.15136	1.15136	1.15128	1.15131	76.05
2025.11.04	03:53:00	1.15131	1.15134	1.15128	1.15131	46.03
2025.11.04	03:54:00	1.15132	1.15136	1.15129	1.15132	52.15
2025.11.04	03:55:00	1.15133	1.15135	1.15131	1.15135	43.03
2025.11.04	03:56:00	1.15133	1.15133	1.15124	1.15133	85.87
2025.11.04	03:57:00	1.15134	1.15134	1.15132	1.15133	26.86
2025.11.04	03:58:00	1.15134	1.15135	1.15131	1.15133	21.86
2025.11.04	03:59:00	1.15132	1.15134	1.15131	1.15132	31.64
2025.11.04	04:00:00	1.15132	1.15137	1.15131	1.15134	42.16
2025.11.04	04:01:00	1.15134	1.15134	1.15131	1.15132	25.83
2025.11.04	04:02:00	1.15133	1.15134	1.15131	1.15133	30.24
2025.11.04	04:03:00	1.15133	1.15134	1.15127	1.15128	52.45
2025.11.04	04:04:00	1.15126	1.15128	1.15124	1.15127	43.78
2025.11.04	04:05:00	1.15127	1.15130	1.15127	1.15129	16.41
2025.11.04	04:06:00	1.15127	1.15128	1.15123	1.15126	39.67
2025.11.04	04:07:00	1.15125	1.15130	1.15125	1.15129	16.86
2025.11.04	04:08:00	1.15128	1.15128	1.15120	1.15120	30.07
2025.11.04	04:09:00	1.15121	1.15125	1.15120	1.15121	27.35
2025.11.04	04:10:00	1.15120	1.15121	1.15118	1.15120	57.86
2025.11.04	04:11:00	1.15120	1.15120	1.15113	1.15115	94.31
2025.11.04	04:12:00	1.15117	1.15122	1.15113	1.15122	70.01
2025.11.04	04:13:00	1.15123	1.15125	1.15117	1.15118	75.58
2025.11.04	04:14:00	1.15118	1.15120	1.15117	1.15118	35.68
2025.11.04	04:15:00	1.15119	1.15120	1.15118	1.15120	34.18
2025.11.04	04:16:00	1.15122	1.15128	1.15121	1.15127	25.36
2025.11.04	04:17:00	1.15129	1.15133	1.15127	1.15129	52.84
2025.11.04	04:18:00	1.15130	1.15133	1.15127	1.15127	31.98
2025.11.04	04:19:00	1.15128	1.15133	1.15127	1.15133	8.19
2025.11.04	04:20:00	1.15133	1.15145	1.15133	1.15143	72.18
2025.11.04	04:21:00	1.15143	1.15144	1.15131	1.15139	77.99
2025.11.04	04:22:00	1.15139	1.15144	1.15136	1.15137	57.01
2025.11.04	04:23:00	1.15138	1.15142	1.15129	1.15132	41.60
2025.11.04	04:24:00	1.15133	1.15133	1.15120	1.15120	54.06
2025.11.04	04:25:00	1.15121	1.15125	1.15118	1.15119	43.71
2025.11.04	04:26:00	1.15120	1.15124	1.15114	1.15115	86.76
2025.11.04	04:27:00	1.15115	1.15117	1.15111	1.15111	26.71
2025.11.04	04:28:00	1.15112	1.15116	1.15111	1.15113	44.79
2025.11.04	04:29:00	1.15113	1.15114	1.15111	1.15111	41.30
2025.11.04	04:30:00	1.15112	1.15124	1.15112	1.15117	64.76
2025.11.04	04:31:00	1.15116	1.15118	1.15115	1.15118	19.12
2025.11.04	04:32:00	1.15118	1.15123	1.15115	1.15118	17.14
2025.11.04	04:33:00	1.15117	1.15119	1.15117	1.15117	26.71
2025.11.04	04:34:00	1.15117	1.15138	1.15117	1.15132	108.59
2025.11.04	04:35:00	1.15134	1.15134	1.15127	1.15129	58.33
2025.11.04	04:36:00	1.15130	1.15135	1.15123	1.15133	85.13
2025.11.04	04:37:00	1.15132	1.15140	1.15126	1.15139	82.97
2025.11.04	04:38:00	1.15139	1.15150	1.15138	1.15150	73.09
2025.11.04	04:39:00	1.15148	1.15157	1.15147	1.15156	49.50
2025.11.04	04:40:00	1.15157	1.15166	1.15157	1.15166	44.96
2025.11.04	04:41:00	1.15165	1.15170	1.15165	1.15170	21.64
2025.11.04	04:42:00	1.15170	1.15174	1.15161	1.15163	58.40
2025.11.04	04:43:00	1.15162	1.15165	1.15156	1.15157	58.46
2025.11.04	04:44:00	1.15157	1.15159	1.15156	1.15157	26.31
2025.11.04	04:45:00	1.15157	1.15158	1.15147	1.15148	38.68
2025.11.04	04:46:00	1.15147	1.15150	1.15138	1.15138	20.52
2025.11.04	04:47:00	1.15138	1.15138	1.15127	1.15127	12.68
2025.11.04	04:48:00	1.15126	1.15130	1.15126	1.15129	10.86
2025.11.04	04:49:00	1.15127	1.15127	1.15116	1.15118	18.17
2025.11.04	04:50:00	1.15119	1.15122	1.15114	1.15116	25.96
2025.11.04	04:51:00	1.15115	1.15120	1.15115	1.15117	8.69
2025.11.04	04:52:00	1.15123	1.15129	1.15117	1.15117	56.34
2025.11.04	04:53:00	1.15116	1.15119	1.15113	1.15119	14.82
2025.11.04	04:55:00	1.15118	1.15118	1.15106	1.15106	33.39
2025.11.04	04:56:00	1.15107	1.15107	1.15103	1.15104	17.96
2025.11.04	04:57:00	1.15104	1.15104	1.15098	1.15099	14.59
2025.11.04	04:58:00	1.15097	1.15100	1.15096	1.15100	9.94
2025.11.04	04:59:00	1.15100	1.15100	1.15092	1.15094	20.68
2025.11.04	05:00:00	1.15094	1.15094	1.15088	1.15093	33.21
2025.11.04	05:01:00	1.15092	1.15092	1.15082	1.15083	27.67
2025.11.04	05:02:00	1.15084	1.15097	1.15084	1.15095	38.78
2025.11.04	05:03:00	1.15095	1.15103	1.15095	1.15102	74.92
2025.11.04	05:04:00	1.15104	1.15105	1.15092	1.15095	67.61
2025.11.04	05:05:00	1.15094	1.15097	1.15085	1.15090	55.17
2025.11.04	05:06:00	1.15088	1.15089	1.15085	1.15089	22.72
2025.11.04	05:07:00	1.15087	1.15089	1.15081	1.15081	12.87
2025.11.04	05:08:00	1.15082	1.15084	1.15080	1.15081	42.42
2025.11.04	05:09:00	1.15081	1.15086	1.15080	1.15082	67.22
2025.11.04	05:10:00	1.15083	1.15090	1.15081	1.15086	50.18
2025.11.04	05:11:00	1.15086	1.15089	1.15085	1.15088	53.55
2025.11.04	05:12:00	1.15088	1.15088	1.15081	1.15084	100.63
2025.11.04	05:13:00	1.15086	1.15089	1.15086	1.15088	27.67
2025.11.04	05:14:00	1.15087	1.15088	1.15086	1.15087	43.68
2025.11.04	05:15:00	1.15087	1.15090	1.15086	1.15088	42.09
2025.11.04	05:16:00	1.15092	1.15092	1.15087	1.15087	6.30
2025.11.04	05:17:00	1.15089	1.15095	1.15087	1.15094	17.02
2025.11.04	05:18:00	1.15093	1.15093	1.15092	1.15093	1.76
2025.11.04	05:19:00	1.15092	1.15092	1.15087	1.15090	21.67
2025.11.04	05:20:00	1.15092	1.15092	1.15092	1.15092	2.70
2025.11.04	05:21:00	1.15094	1.15094	1.15075	1.15076	56.80
2025.11.04	05:22:00	1.15077	1.15078	1.15073	1.15075	61.10
2025.11.04	05:23:00	1.15076	1.15080	1.15074	1.15077	53.53
2025.11.04	05:24:00	1.15076	1.15083	1.15075	1.15083	43.15
2025.11.04	05:25:00	1.15086	1.15097	1.15086	1.15097	25.59
2025.11.04	05:26:00	1.15094	1.15097	1.15092	1.15097	31.67
2025.11.04	05:27:00	1.15099	1.15099	1.15096	1.15097	44.22
2025.11.04	05:28:00	1.15097	1.15107	1.15096	1.15107	79.95
2025.11.04	05:29:00	1.15108	1.15109	1.15105	1.15109	62.12
2025.11.04	05:30:00	1.15107	1.15114	1.15107	1.15111	77.06
2025.11.04	05:31:00	1.15112	1.15114	1.15112	1.15113	23.40
2025.11.04	05:32:00	1.15112	1.15118	1.15112	1.15117	66.54
2025.11.04	05:33:00	1.15116	1.15116	1.15110	1.15113	96.28
2025.11.04	05:34:00	1.15114	1.15116	1.15111	1.15114	64.94
2025.11.04	05:35:00	1.15116	1.15128	1.15101	1.15102	186.03
2025.11.04	05:36:00	1.15101	1.15115	1.15098	1.15107	97.60
2025.11.04	05:37:00	1.15108	1.15109	1.15099	1.15107	49.91
2025.11.04	05:38:00	1.15106	1.15107	1.15106	1.15107	30.89
2025.11.04	05:39:00	1.15108	1.15115	1.15104	1.15104	55.51
2025.11.04	05:40:00	1.15104	1.15115	1.15104	1.15111	52.16
2025.11.04	05:41:00	1.15110	1.15123	1.15110	1.15123	126.55
2025.11.04	05:42:00	1.15122	1.15126	1.15116	1.15122	63.26
2025.11.04	05:43:00	1.15122	1.15126	1.15117	1.15118	65.48
2025.11.04	05:44:00	1.15117	1.15124	1.15101	1.15105	136.08
2025.11.04	05:45:00	1.15106	1.15109	1.15101	1.15109	72.91
2025.11.04	05:46:00	1.15110	1.15119	1.15110	1.15116	77.56
2025.11.04	05:47:00	1.15117	1.15117	1.15111	1.15114	42.05
2025.11.04	05:48:00	1.15113	1.15119	1.15111	1.15119	33.57
2025.11.04	05:49:00	1.15121	1.15121	1.15114	1.15117	29.99
2025.11.04	05:50:00	1.15117	1.15118	1.15113	1.15117	49.90
2025.11.04	05:51:00	1.15117	1.15118	1.15112	1.15113	126.87
2025.11.04	05:52:00	1.15111	1.15124	1.15111	1.15124	56.49
2025.11.04	05:53:00	1.15122	1.15127	1.15122	1.15123	76.00
2025.11.04	05:54:00	1.15123	1.15132	1.15122	1.15132	91.10
2025.11.04	05:55:00	1.15132	1.15139	1.15122	1.15126	104.86
2025.11.04	05:56:00	1.15126	1.15126	1.15108	1.15108	79.37
2025.11.04	05:57:00	1.15105	1.15113	1.15097	1.15112	92.43
2025.11.04	05:58:00	1.15112	1.15120	1.15111	1.15119	129.73
2025.11.04	05:59:00	1.15120	1.15124	1.15118	1.15124	63.33
2025.11.04	06:00:00	1.15124	1.15132	1.15122	1.15122	65.43
2025.11.04	06:01:00	1.15123	1.15127	1.15118	1.15124	82.26
2025.11.04	06:02:00	1.15123	1.15127	1.15115	1.15126	60.32
2025.11.04	06:03:00	1.15127	1.15132	1.15119	1.15119	42.17
2025.11.04	06:04:00	1.15119	1.15123	1.15113	1.15123	89.96
2025.11.04	06:05:00	1.15124	1.15124	1.15113	1.15119	93.55
2025.11.04	06:06:00	1.15121	1.15128	1.15121	1.15125	88.13
2025.11.04	06:07:00	1.15125	1.15138	1.15125	1.15132	31.15
2025.11.04	06:08:00	1.15134	1.15138	1.15132	1.15133	33.00
2025.11.04	06:09:00	1.15134	1.15134	1.15128	1.15130	25.73
2025.11.04	06:10:00	1.15130	1.15134	1.15128	1.15134	38.44
2025.11.04	06:11:00	1.15133	1.15139	1.15126	1.15127	75.61
2025.11.04	06:12:00	1.15128	1.15137	1.15126	1.15136	54.92
2025.11.04	06:13:00	1.15137	1.15150	1.15136	1.15146	77.93
2025.11.04	06:14:00	1.15145	1.15157	1.15142	1.15155	79.75
2025.11.04	06:15:00	1.15156	1.15163	1.15154	1.15160	17.10
2025.11.04	06:16:00	1.15159	1.15164	1.15153	1.15162	33.44
2025.11.04	06:17:00	1.15162	1.15166	1.15159	1.15166	35.86
2025.11.04	06:18:00	1.15168	1.15168	1.15159	1.15161	17.95
2025.11.04	06:19:00	1.15159	1.15173	1.15158	1.15161	131.18
2025.11.04	06:20:00	1.15161	1.15196	1.15160	1.15195	123.05
2025.11.04	06:21:00	1.15195	1.15206	1.15191	1.15200	82.71
2025.11.04	06:22:00	1.15200	1.15240	1.15196	1.15240	98.12
2025.11.04	06:23:00	1.15238	1.15256	1.15223	1.15247	161.65
2025.11.04	06:24:00	1.15247	1.15249	1.15231	1.15240	126.93
2025.11.04	06:25:00	1.15238	1.15252	1.15226	1.15244	96.40
2025.11.04	06:26:00	1.15246	1.15252	1.15232	1.15233	74.89
2025.11.04	06:27:00	1.15235	1.15248	1.15226	1.15246	68.80
2025.11.04	06:28:00	1.15243	1.15257	1.15240	1.15255	43.11
2025.11.04	06:29:00	1.15256	1.15256	1.15252	1.15255	36.87
2025.11.04	06:30:00	1.15255	1.15265	1.15238	1.15242	106.05
2025.11.04	06:31:00	1.15240	1.15244	1.15232	1.15239	47.04
2025.11.04	06:32:00	1.15236	1.15236	1.15223	1.15228	69.43
2025.11.04	06:33:00	1.15227	1.15229	1.15222	1.15224	25.10
2025.11.04	06:34:00	1.15221	1.15223	1.15215	1.15216	26.62
2025.11.04	06:35:00	1.15215	1.15216	1.15204	1.15209	101.55
2025.11.04	06:36:00	1.15207	1.15219	1.15205	1.15219	51.92
2025.11.04	06:37:00	1.15218	1.15221	1.15210	1.15210	23.84
2025.11.04	06:38:00	1.15210	1.15220	1.15210	1.15220	23.71
2025.11.04	06:39:00	1.15219	1.15225	1.15213	1.15225	32.72
2025.11.04	06:40:00	1.15227	1.15239	1.15223	1.15239	25.67
2025.11.04	06:41:00	1.15240	1.15248	1.15240	1.15248	32.23
2025.11.04	06:42:00	1.15247	1.15247	1.15233	1.15241	67.77
2025.11.04	06:43:00	1.15240	1.15251	1.15238	1.15251	23.95
2025.11.04	06:44:00	1.15250	1.15259	1.15250	1.15257	25.75
2025.11.04	06:45:00	1.15257	1.15259	1.15248	1.15249	22.00
2025.11.04	06:46:00	1.15247	1.15255	1.15247	1.15249	12.85
2025.11.04	06:47:00	1.15250	1.15257	1.15248	1.15254	29.35
2025.11.04	06:48:00	1.15255	1.15255	1.15228	1.15233	32.74
2025.11.04	06:49:00	1.15233	1.15255	1.15233	1.15243	36.73
2025.11.04	06:50:00	1.15242	1.15245	1.15242	1.15245	17.47
2025.11.04	06:51:00	1.15245	1.15245	1.15235	1.15240	20.45
2025.11.04	06:52:00	1.15239	1.15240	1.15227	1.15239	111.83
2025.11.04	06:53:00	1.15240	1.15258	1.15240	1.15256	41.72
2025.11.04	06:54:00	1.15255	1.15256	1.15234	1.15242	82.75
2025.11.04	06:55:00	1.15242	1.15242	1.15230	1.15232	131.11
2025.11.04	06:56:00	1.15233	1.15234	1.15226	1.15233	33.50
2025.11.04	06:57:00	1.15232	1.15245	1.15230	1.15240	40.50
2025.11.04	06:58:00	1.15239	1.15239	1.15229	1.15229	15.05
2025.11.04	06:59:00	1.15228	1.15235	1.15225	1.15232	41.00
2025.11.04	07:00:00	1.15233	1.15246	1.15231	1.15245	154.05
2025.11.04	07:01:00	1.15245	1.15246	1.15232	1.15239	81.36
2025.11.04	07:02:00	1.15237	1.15242	1.15232	1.15235	44.72
2025.11.04	07:03:00	1.15234	1.15239	1.15223	1.15233	83.33
2025.11.04	07:04:00	1.15233	1.15245	1.15233	1.15241	121.17
2025.11.04	07:05:00	1.15240	1.15251	1.15233	1.15248	82.31
2025.11.04	07:06:00	1.15249	1.15259	1.15247	1.15253	117.88
2025.11.04	07:07:00	1.15252	1.15280	1.15249	1.15279	131.63
2025.11.04	07:08:00	1.15277	1.15293	1.15272	1.15277	138.78
2025.11.04	07:09:00	1.15277	1.15281	1.15270	1.15279	161.20
2025.11.04	07:10:00	1.15277	1.15283	1.15272	1.15279	65.04
2025.11.04	07:11:00	1.15279	1.15286	1.15278	1.15284	146.70
2025.11.04	07:12:00	1.15285	1.15304	1.15284	1.15297	110.60
2025.11.04	07:13:00	1.15296	1.15298	1.15285	1.15285	55.80
2025.11.04	07:14:00	1.15285	1.15294	1.15284	1.15284	74.01
2025.11.04	07:15:00	1.15286	1.15287	1.15284	1.15285	41.31
2025.11.04	07:16:00	1.15285	1.15286	1.15277	1.15282	50.65
2025.11.04	07:17:00	1.15281	1.15286	1.15273	1.15283	80.14
2025.11.04	07:18:00	1.15285	1.15297	1.15282	1.15291	80.18
2025.11.04	07:19:00	1.15289	1.15301	1.15280	1.15297	109.64
2025.11.04	07:20:00	1.15295	1.15299	1.15284	1.15287	123.17
2025.11.04	07:21:00	1.15288	1.15305	1.15287	1.15295	70.07
2025.11.04	07:22:00	1.15297	1.15298	1.15278	1.15281	64.43
2025.11.04	07:23:00	1.15279	1.15289	1.15270	1.15289	152.67
2025.11.04	07:24:00	1.15288	1.15296	1.15280	1.15281	182.91
2025.11.04	07:25:00	1.15283	1.15290	1.15274	1.15290	82.42
2025.11.04	07:26:00	1.15289	1.15289	1.15280	1.15283	45.18
2025.11.04	07:27:00	1.15281	1.15299	1.15280	1.15298	137.73
2025.11.04	07:28:00	1.15300	1.15304	1.15285	1.15288	101.76
2025.11.04	07:29:00	1.15288	1.15300	1.15275	1.15293	119.39
2025.11.04	07:30:00	1.15293	1.15302	1.15291	1.15298	143.64
2025.11.04	07:31:00	1.15297	1.15298	1.15291	1.15293	90.20
2025.11.04	07:32:00	1.15292	1.15298	1.15288	1.15298	120.93
2025.11.04	07:33:00	1.15297	1.15298	1.15288	1.15291	76.01
2025.11.04	07:34:00	1.15291	1.15293	1.15290	1.15292	25.57
2025.11.04	07:35:00	1.15291	1.15297	1.15281	1.15282	66.75
2025.11.04	07:36:00	1.15281	1.15284	1.15271	1.15271	65.27
2025.11.04	07:37:00	1.15272	1.15273	1.15264	1.15267	90.29
2025.11.04	07:38:00	1.15268	1.15296	1.15267	1.15289	143.51
2025.11.04	07:39:00	1.15288	1.15289	1.15277	1.15279	113.34
2025.11.04	07:40:00	1.15279	1.15286	1.15276	1.15278	58.52
2025.11.04	07:41:00	1.15279	1.15299	1.15276	1.15298	113.85
2025.11.04	07:42:00	1.15299	1.15334	1.15299	1.15325	107.96
2025.11.04	07:43:00	1.15323	1.15324	1.15309	1.15311	61.02
2025.11.04	07:44:00	1.15312	1.15315	1.15305	1.15308	53.05
2025.11.04	07:45:00	1.15307	1.15321	1.15296	1.15319	79.36
2025.11.04	07:46:00	1.15320	1.15320	1.15312	1.15314	50.56
2025.11.04	07:47:00	1.15314	1.15321	1.15308	1.15315	100.15
2025.11.04	07:48:00	1.15314	1.15314	1.15296	1.15296	81.36
2025.11.04	07:49:00	1.15296	1.15297	1.15288	1.15294	122.97
2025.11.04	07:50:00	1.15294	1.15300	1.15290	1.15292	38.18
2025.11.04	07:51:00	1.15296	1.15301	1.15290	1.15299	100.75
2025.11.04	07:52:00	1.15298	1.15298	1.15289	1.15291	53.28
2025.11.04	07:53:00	1.15291	1.15291	1.15278	1.15284	97.62
2025.11.04	07:54:00	1.15282	1.15286	1.15281	1.15284	65.40
2025.11.04	07:55:00	1.15284	1.15287	1.15275	1.15282	53.83
2025.11.04	07:56:00	1.15282	1.15284	1.15267	1.15267	62.01
2025.11.04	07:57:00	1.15265	1.15269	1.15258	1.15258	65.87
2025.11.04	07:58:00	1.15256	1.15273	1.15256	1.15264	88.64
2025.11.04	07:59:00	1.15265	1.15273	1.15264	1.15271	88.27
2025.11.04	08:00:00	1.15269	1.15287	1.15268	1.15284	102.10
2025.11.04	08:01:00	1.15283	1.15287	1.15273	1.15276	86.06
2025.11.04	08:02:00	1.15278	1.15280	1.15274	1.15276	77.77
2025.11.04	08:03:00	1.15277	1.15278	1.15266	1.15273	80.51
2025.11.04	08:04:00	1.15272	1.15272	1.15246	1.15268	168.62
2025.11.04	08:05:00	1.15265	1.15273	1.15258	1.15264	69.42
2025.11.04	08:06:00	1.15264	1.15266	1.15228	1.15234	109.61
2025.11.04	08:07:00	1.15235	1.15237	1.15216	1.15229	129.16
2025.11.04	08:08:00	1.15231	1.15251	1.15224	1.15250	82.46
2025.11.04	08:09:00	1.15246	1.15247	1.15235	1.15243	71.49
2025.11.04	08:10:00	1.15242	1.15259	1.15237	1.15259	86.80
2025.11.04	08:11:00	1.15259	1.15260	1.15245	1.15245	37.55
2025.11.04	08:12:00	1.15246	1.15250	1.15233	1.15234	82.12
2025.11.04	08:13:00	1.15233	1.15245	1.15232	1.15239	34.65
2025.11.04	08:14:00	1.15239	1.15257	1.15238	1.15251	58.91
2025.11.04	08:15:00	1.15250	1.15268	1.15249	1.15266	40.33
2025.11.04	08:16:00	1.15267	1.15268	1.15262	1.15266	93.20
2025.11.04	08:17:00	1.15266	1.15280	1.15264	1.15274	92.35
2025.11.04	08:18:00	1.15274	1.15279	1.15273	1.15275	56.90
2025.11.04	08:19:00	1.15275	1.15284	1.15266	1.15269	87.28
2025.11.04	08:20:00	1.15270	1.15273	1.15257	1.15260	107.15
2025.11.04	08:21:00	1.15259	1.15259	1.15237	1.15239	85.89
2025.11.04	08:22:00	1.15244	1.15273	1.15243	1.15273	56.65
2025.11.04	08:23:00	1.15274	1.15280	1.15267	1.15272	55.97
2025.11.04	08:24:00	1.15272	1.15278	1.15265	1.15268	83.32
2025.11.04	08:25:00	1.15269	1.15270	1.15256	1.15270	66.09
2025.11.04	08:26:00	1.15269	1.15275	1.15252	1.15257	121.21
2025.11.04	08:27:00	1.15258	1.15265	1.15252	1.15265	70.14
2025.11.04	08:28:00	1.15266	1.15266	1.15254	1.15256	120.00
2025.11.04	08:29:00	1.15255	1.15265	1.15247	1.15265	71.39
2025.11.04	08:30:00	1.15264	1.15276	1.15261	1.15269	125.54
2025.11.04	08:31:00	1.15269	1.15269	1.15225	1.15225	107.78
2025.11.04	08:32:00	1.15227	1.15246	1.15220	1.15242	232.23
2025.11.04	08:33:00	1.15242	1.15268	1.15242	1.15265	163.63
2025.11.04	08:34:00	1.15263	1.15272	1.15262	1.15270	49.05
2025.11.04	08:35:00	1.15270	1.15272	1.15260	1.15261	178.43
2025.11.04	08:36:00	1.15259	1.15273	1.15234	1.15235	167.50
2025.11.04	08:37:00	1.15235	1.15243	1.15228	1.15230	142.93
2025.11.04	08:38:00	1.15235	1.15245	1.15232	1.15233	104.71
2025.11.04	08:39:00	1.15234	1.15237	1.15211	1.15211	104.09
2025.11.04	08:40:00	1.15215	1.15233	1.15214	1.15228	77.48
2025.11.04	08:41:00	1.15229	1.15234	1.15224	1.15233	55.34
2025.11.04	08:42:00	1.15233	1.15247	1.15228	1.15232	87.17
2025.11.04	08:43:00	1.15234	1.15244	1.15234	1.15235	48.69
2025.11.04	08:44:00	1.15235	1.15235	1.15217	1.15221	48.66
2025.11.04	08:45:00	1.15223	1.15228	1.15221	1.15222	61.49
2025.11.04	08:46:00	1.15223	1.15223	1.15202	1.15208	124.18
2025.11.04	08:47:00	1.15209	1.15213	1.15185	1.15185	129.34
2025.11.04	08:48:00	1.15185	1.15191	1.15163	1.15183	103.00
2025.11.04	08:49:00	1.15183	1.15192	1.15178	1.15182	86.67
2025.11.04	08:50:00	1.15185	1.15191	1.15177	1.15184	53.62
2025.11.04	08:51:00	1.15185	1.15189	1.15166	1.15166	47.45
2025.11.04	08:52:00	1.15167	1.15174	1.15148	1.15153	88.05
2025.11.04	08:53:00	1.15153	1.15162	1.15146	1.15160	151.53
2025.11.04	08:54:00	1.15161	1.15163	1.15142	1.15157	76.93
2025.11.04	08:55:00	1.15159	1.15163	1.15147	1.15149	48.58
2025.11.04	08:56:00	1.15147	1.15149	1.15135	1.15142	95.54
2025.11.04	08:57:00	1.15144	1.15152	1.15144	1.15152	88.07
2025.11.04	08:58:00	1.15154	1.15160	1.15139	1.15151	82.86
2025.11.04	08:59:00	1.15150	1.15150	1.15134	1.15138	75.34
2025.11.04	09:00:00	1.15139	1.15141	1.15129	1.15130	78.14
2025.11.04	09:01:00	1.15129	1.15136	1.15127	1.15129	80.32
2025.11.04	09:02:00	1.15130	1.15135	1.15115	1.15118	86.63
2025.11.04	09:03:00	1.15119	1.15137	1.15116	1.15132	82.06
2025.11.04	09:04:00	1.15133	1.15148	1.15133	1.15140	66.84
2025.11.04	09:05:00	1.15141	1.15145	1.15135	1.15144	54.86
2025.11.04	09:06:00	1.15145	1.15147	1.15135	1.15145	30.85
2025.11.04	09:07:00	1.15146	1.15158	1.15145	1.15155	28.75
2025.11.04	09:08:00	1.15156	1.15157	1.15143	1.15145	43.96
2025.11.04	09:09:00	1.15144	1.15152	1.15143	1.15148	28.92
2025.11.04	09:10:00	1.15150	1.15150	1.15139	1.15146	57.05
2025.11.04	09:11:00	1.15147	1.15155	1.15147	1.15154	54.73
2025.11.04	09:12:00	1.15155	1.15157	1.15143	1.15143	39.28
2025.11.04	09:13:00	1.15141	1.15153	1.15141	1.15153	60.93
2025.11.04	09:14:00	1.15152	1.15152	1.15145	1.15147	72.42
2025.11.04	09:15:00	1.15148	1.15170	1.15147	1.15166	89.23
2025.11.04	09:16:00	1.15166	1.15166	1.15150	1.15156	59.80
2025.11.04	09:17:00	1.15154	1.15154	1.15117	1.15118	89.17
2025.11.04	09:18:00	1.15122	1.15132	1.15116	1.15118	94.02
2025.11.04	09:19:00	1.15121	1.15124	1.15112	1.15119	56.76
2025.11.04	09:20:00	1.15119	1.15129	1.15119	1.15129	40.79
2025.11.04	09:21:00	1.15129	1.15129	1.15107	1.15108	79.64
2025.11.04	09:22:00	1.15108	1.15109	1.15074	1.15074	98.97
2025.11.04	09:23:00	1.15073	1.15079	1.15061	1.15078	201.80
2025.11.04	09:24:00	1.15076	1.15091	1.15076	1.15091	195.24
2025.11.04	09:25:00	1.15091	1.15100	1.15090	1.15098	93.40
2025.11.04	09:26:00	1.15098	1.15100	1.15094	1.15096	58.80
2025.11.04	09:27:00	1.15093	1.15107	1.15089	1.15104	140.03
2025.11.04	09:28:00	1.15103	1.15110	1.15101	1.15103	112.73
2025.11.04	09:29:00	1.15106	1.15107	1.15096	1.15099	91.93
2025.11.04	09:30:00	1.15099	1.15099	1.15089	1.15091	116.19
2025.11.04	09:31:00	1.15092	1.15108	1.15087	1.15104	117.24
2025.11.04	09:32:00	1.15105	1.15105	1.15096	1.15097	109.04
2025.11.04	09:33:00	1.15096	1.15114	1.15091	1.15114	87.24
2025.11.04	09:34:00	1.15113	1.15131	1.15112	1.15128	129.73
2025.11.04	09:35:00	1.15128	1.15130	1.15118	1.15125	100.56
2025.11.04	09:36:00	1.15125	1.15125	1.15113	1.15119	114.05
2025.11.04	09:37:00	1.15117	1.15125	1.15114	1.15124	83.76
2025.11.04	09:38:00	1.15124	1.15129	1.15122	1.15126	46.35
2025.11.04	09:39:00	1.15123	1.15126	1.15120	1.15124	40.18
2025.11.04	09:40:00	1.15125	1.15126	1.15116	1.15118	50.89
2025.11.04	09:41:00	1.15118	1.15119	1.15112	1.15114	62.15
2025.11.04	09:42:00	1.15114	1.15115	1.15108	1.15109	82.40
2025.11.04	09:43:00	1.15110	1.15111	1.15103	1.15110	57.97
2025.11.04	09:44:00	1.15109	1.15114	1.15107	1.15110	55.08
2025.11.04	09:45:00	1.15109	1.15116	1.15108	1.15110	37.41
2025.11.04	09:46:00	1.15108	1.15108	1.15088	1.15090	83.53
2025.11.04	09:47:00	1.15083	1.15097	1.15082	1.15087	73.99
2025.11.04	09:48:00	1.15086	1.15091	1.15080	1.15082	59.70
2025.11.04	09:49:00	1.15082	1.15094	1.15082	1.15089	58.79
2025.11.04	09:50:00	1.15091	1.15091	1.15074	1.15079	94.64
2025.11.04	09:51:00	1.15079	1.15082	1.15076	1.15080	21.68
2025.11.04	09:52:00	1.15077	1.15082	1.15076	1.15079	45.80
2025.11.04	09:53:00	1.15078	1.15078	1.15050	1.15055	126.32
2025.11.04	09:54:00	1.15052	1.15055	1.15027	1.15028	134.17
2025.11.04	09:55:00	1.15029	1.15038	1.15023	1.15024	71.55
2025.11.04	09:56:00	1.15024	1.15024	1.15011	1.15012	104.24
2025.11.04	09:57:00	1.15012	1.15017	1.15000	1.15014	100.99
2025.11.04	09:58:00	1.15013	1.15015	1.14999	1.15004	88.28
2025.11.04	09:59:00	1.15004	1.15010	1.14998	1.15010	27.15
2025.11.04	10:00:00	1.15007	1.15009	1.14989	1.15009	127.98
2025.11.04	10:01:00	1.15013	1.15021	1.15009	1.15021	108.44
2025.11.04	10:02:00	1.15022	1.15043	1.15020	1.15043	179.67
2025.11.04	10:03:00	1.15043	1.15069	1.15032	1.15068	125.69
2025.11.04	10:04:00	1.15068	1.15073	1.15060	1.15069	86.04
2025.11.04	10:05:00	1.15068	1.15081	1.15057	1.15080	77.91
2025.11.04	10:06:00	1.15083	1.15086	1.15063	1.15073	124.86
2025.11.04	10:07:00	1.15072	1.15083	1.15063	1.15083	66.68
2025.11.04	10:08:00	1.15082	1.15082	1.15071	1.15073	88.77
2025.11.04	10:09:00	1.15075	1.15084	1.15071	1.15077	69.06
2025.11.04	10:10:00	1.15078	1.15080	1.15064	1.15068	66.56
2025.11.04	10:11:00	1.15067	1.15070	1.15064	1.15069	69.30
2025.11.04	10:12:00	1.15068	1.15083	1.15068	1.15072	79.04
2025.11.04	10:13:00	1.15073	1.15084	1.15073	1.15084	59.69
2025.11.04	10:14:00	1.15084	1.15085	1.15077	1.15078	33.90
2025.11.04	10:15:00	1.15077	1.15078	1.15064	1.15069	85.25
2025.11.04	10:16:00	1.15068	1.15076	1.15067	1.15073	33.81
2025.11.04	10:17:00	1.15074	1.15085	1.15072	1.15083	20.00
2025.11.04	10:18:00	1.15085	1.15088	1.15070	1.15070	37.97
2025.11.04	10:19:00	1.15068	1.15070	1.15051	1.15060	45.76
2025.11.04	10:20:00	1.15060	1.15060	1.15038	1.15046	51.27
2025.11.04	10:21:00	1.15045	1.15052	1.15041	1.15051	79.74
2025.11.04	10:22:00	1.15053	1.15064	1.15051	1.15055	34.15
2025.11.04	10:23:00	1.15054	1.15063	1.15051	1.15058	48.40
2025.11.04	10:24:00	1.15056	1.15056	1.15046	1.15049	50.45
2025.11.04	10:25:00	1.15049	1.15055	1.15048	1.15055	46.70
2025.11.04	10:26:00	1.15054	1.15063	1.15051	1.15058	45.85
2025.11.04	10:27:00	1.15060	1.15061	1.15053	1.15061	31.47
2025.11.04	10:28:00	1.15063	1.15067	1.15063	1.15064	26.10
2025.11.04	10:29:00	1.15062	1.15066	1.15057	1.15059	43.21
2025.11.04	10:30:00	1.15061	1.15066	1.15059	1.15059	27.45
2025.11.04	10:31:00	1.15062	1.15068	1.15051	1.15055	36.50
2025.11.04	10:32:00	1.15058	1.15058	1.15048	1.15057	37.10
2025.11.04	10:33:00	1.15058	1.15068	1.15055	1.15058	18.90
2025.11.04	10:34:00	1.15057	1.15084	1.15057	1.15083	52.60
2025.11.04	10:35:00	1.15084	1.15091	1.15079	1.15088	35.95
2025.11.04	10:36:00	1.15087	1.15091	1.15083	1.15089	70.69
2025.11.04	10:37:00	1.15089	1.15095	1.15088	1.15093	37.45
2025.11.04	10:38:00	1.15094	1.15099	1.15089	1.15089	24.05
2025.11.04	10:39:00	1.15088	1.15088	1.15079	1.15086	44.29
2025.11.04	10:40:00	1.15086	1.15091	1.15082	1.15087	54.00
2025.11.04	10:41:00	1.15087	1.15091	1.15083	1.15088	38.79
2025.11.04	10:42:00	1.15088	1.15095	1.15088	1.15092	26.84
2025.11.04	10:43:00	1.15089	1.15093	1.15087	1.15091	39.59
2025.11.04	10:44:00	1.15089	1.15092	1.15085	1.15091	39.35
2025.11.04	10:45:00	1.15092	1.15093	1.15079	1.15079	44.80
2025.11.04	10:46:00	1.15080	1.15084	1.15080	1.15080	14.13
2025.11.04	10:47:00	1.15080	1.15081	1.15075	1.15078	15.05
2025.11.04	10:48:00	1.15078	1.15078	1.15068	1.15070	27.65
2025.11.04	10:49:00	1.15069	1.15069	1.15063	1.15064	21.10
2025.11.04	10:50:00	1.15063	1.15063	1.15054	1.15055	37.77
2025.11.04	10:51:00	1.15055	1.15062	1.15055	1.15059	30.60
2025.11.04	10:52:00	1.15059	1.15060	1.15048	1.15050	69.06
2025.11.04	10:53:00	1.15050	1.15054	1.15047	1.15054	18.33
2025.11.04	10:54:00	1.15054	1.15062	1.15052	1.15054	26.25
2025.11.04	10:55:00	1.15055	1.15055	1.15049	1.15049	26.63
2025.11.04	10:56:00	1.15051	1.15058	1.15040	1.15043	64.82
2025.11.04	10:57:00	1.15043	1.15043	1.15038	1.15038	38.76
2025.11.04	10:58:00	1.15038	1.15039	1.15029	1.15034	116.77
2025.11.04	10:59:00	1.15032	1.15038	1.15029	1.15038	77.60
2025.11.04	11:00:00	1.15039	1.15055	1.15037	1.15055	66.17
2025.11.04	11:01:00	1.15054	1.15056	1.15038	1.15038	54.45
2025.11.04	11:02:00	1.15038	1.15046	1.15038	1.15046	28.55
2025.11.04	11:03:00	1.15046	1.15046	1.15040	1.15040	43.82
2025.11.04	11:04:00	1.15040	1.15043	1.15038	1.15040	41.85
2025.11.04	11:05:00	1.15039	1.15047	1.15033	1.15033	33.87
2025.11.04	11:06:00	1.15031	1.15034	1.15027	1.15031	36.60
2025.11.04	11:07:00	1.15028	1.15045	1.15028	1.15033	39.82
2025.11.04	11:08:00	1.15033	1.15036	1.15029	1.15029	10.80
2025.11.04	11:09:00	1.15031	1.15033	1.15023	1.15023	45.85
2025.11.04	11:10:00	1.15024	1.15038	1.15024	1.15034	42.14
2025.11.04	11:11:00	1.15036	1.15043	1.15036	1.15043	21.19
2025.11.04	11:12:00	1.15044	1.15049	1.15034	1.15034	40.54
2025.11.04	11:13:00	1.15037	1.15038	1.15032	1.15033	19.50
2025.11.04	11:14:00	1.15035	1.15035	1.15028	1.15029	25.04
2025.11.04	11:15:00	1.15028	1.15029	1.15016	1.15023	48.70
2025.11.04	11:16:00	1.15025	1.15025	1.15014	1.15019	34.00
2025.11.04	11:17:00	1.15017	1.15019	1.15017	1.15019	7.60
2025.11.04	11:18:00	1.15018	1.15019	1.15009	1.15018	36.38
2025.11.04	11:19:00	1.15022	1.15032	1.15022	1.15027	32.82
2025.11.04	11:20:00	1.15027	1.15032	1.15027	1.15029	22.25
2025.11.04	11:21:00	1.15029	1.15038	1.15027	1.15034	40.55
2025.11.04	11:22:00	1.15034	1.15048	1.15034	1.15048	62.75
2025.11.04	11:23:00	1.15048	1.15049	1.15044	1.15048	60.09
2025.11.04	11:24:00	1.15049	1.15051	1.15040	1.15045	49.41
2025.11.04	11:25:00	1.15046	1.15046	1.15039	1.15039	35.77
2025.11.04	11:26:00	1.15039	1.15039	1.15030	1.15032	22.43
2025.11.04	11:27:00	1.15033	1.15039	1.15032	1.15034	40.50
2025.11.04	11:28:00	1.15032	1.15044	1.15032	1.15044	51.75
2025.11.04	11:29:00	1.15046	1.15046	1.15040	1.15040	24.30
2025.11.04	11:30:00	1.15040	1.15049	1.15029	1.15049	54.52
2025.11.04	11:31:00	1.15050	1.15052	1.15037	1.15040	39.36
2025.11.04	11:32:00	1.15038	1.15043	1.15032	1.15041	39.00
2025.11.04	11:33:00	1.15040	1.15049	1.15037	1.15047	39.23
2025.11.04	11:34:00	1.15048	1.15055	1.15048	1.15051	35.65
2025.11.04	11:35:00	1.15046	1.15046	1.15007	1.15008	118.28
2025.11.04	11:36:00	1.15008	1.15024	1.14997	1.15024	93.18
2025.11.04	11:37:00	1.15024	1.15024	1.15001	1.15001	125.98
2025.11.04	11:38:00	1.15000	1.15005	1.14985	1.14994	123.62
2025.11.04	11:39:00	1.14994	1.15001	1.14986	1.14987	110.18
2025.11.04	11:40:00	1.14988	1.14990	1.14967	1.14968	115.34
2025.11.04	11:41:00	1.14967	1.14980	1.14963	1.14968	92.67
2025.11.04	11:42:00	1.14968	1.14968	1.14945	1.14957	114.80
2025.11.04	11:43:00	1.14962	1.14964	1.14952	1.14958	28.41
2025.11.04	11:44:00	1.14958	1.14966	1.14957	1.14960	74.16
2025.11.04	11:45:00	1.14960	1.14967	1.14959	1.14959	85.70
2025.11.04	11:46:00	1.14960	1.14962	1.14953	1.14956	35.05
2025.11.04	11:47:00	1.14954	1.14963	1.14954	1.14958	51.71
2025.11.04	11:48:00	1.14960	1.14963	1.14958	1.14960	16.65
2025.11.04	11:49:00	1.14959	1.14960	1.14953	1.14959	11.28
2025.11.04	11:50:00	1.14957	1.14963	1.14957	1.14959	50.16
2025.11.04	11:51:00	1.14957	1.14961	1.14952	1.14955	47.40
2025.11.04	11:52:00	1.14954	1.14954	1.14941	1.14944	86.75
2025.11.04	11:53:00	1.14944	1.14945	1.14896	1.14914	186.08
2025.11.04	11:54:00	1.14917	1.14920	1.14913	1.14918	39.69
2025.11.04	11:55:00	1.14918	1.14925	1.14912	1.14919	30.02
2025.11.04	11:56:00	1.14920	1.14924	1.14909	1.14909	39.41
2025.11.04	11:57:00	1.14909	1.14909	1.14897	1.14899	70.98
2025.11.04	11:58:00	1.14901	1.14902	1.14895	1.14902	54.90
2025.11.04	11:59:00	1.14905	1.14907	1.14891	1.14898	58.70
2025.11.04	12:00:00	1.14899	1.14911	1.14893	1.14903	109.45
2025.11.04	12:01:00	1.14903	1.14914	1.14902	1.14908	95.04
2025.11.04	12:02:00	1.14906	1.14918	1.14904	1.14917	64.92
2025.11.04	12:03:00	1.14918	1.14923	1.14898	1.14909	73.10
2025.11.04	12:04:00	1.14910	1.14910	1.14881	1.14887	92.56
2025.11.04	12:05:00	1.14886	1.14889	1.14869	1.14874	71.49
2025.11.04	12:06:00	1.14878	1.14889	1.14878	1.14883	46.50
2025.11.04	12:07:00	1.14882	1.14901	1.14882	1.14901	88.14
2025.11.04	12:08:00	1.14900	1.14904	1.14898	1.14901	46.88
2025.11.04	12:09:00	1.14900	1.14900	1.14892	1.14900	48.55
2025.11.04	12:10:00	1.14901	1.14924	1.14899	1.14924	81.37
2025.11.04	12:11:00	1.14924	1.14928	1.14924	1.14926	32.40
2025.11.04	12:12:00	1.14926	1.14928	1.14906	1.14914	70.47
2025.11.04	12:13:00	1.14912	1.14916	1.14878	1.14887	181.68
2025.11.04	12:14:00	1.14889	1.14902	1.14889	1.14902	89.50
2025.11.04	12:15:00	1.14903	1.14913	1.14903	1.14909	52.69
2025.11.04	12:16:00	1.14910	1.14914	1.14894	1.14897	61.95
2025.11.04	12:17:00	1.14895	1.14908	1.14895	1.14896	83.94
2025.11.04	12:18:00	1.14894	1.14894	1.14885	1.14886	22.70
2025.11.04	12:19:00	1.14884	1.14890	1.14882	1.14890	50.25
2025.11.04	12:20:00	1.14889	1.14892	1.14880	1.14881	33.45
2025.11.04	12:21:00	1.14883	1.14885	1.14870	1.14872	39.69
2025.11.04	12:22:00	1.14873	1.14882	1.14869	1.14878	56.33
2025.11.04	12:23:00	1.14878	1.14881	1.14825	1.14828	116.60
2025.11.04	12:24:00	1.14828	1.14844	1.14814	1.14826	212.76
2025.11.04	12:25:00	1.14827	1.14830	1.14818	1.14827	60.89
2025.11.04	12:26:00	1.14827	1.14829	1.14809	1.14810	106.34
2025.11.04	12:27:00	1.14811	1.14829	1.14809	1.14825	71.62
2025.11.04	12:28:00	1.14826	1.14827	1.14812	1.14812	42.87
2025.11.04	12:29:00	1.14817	1.14830	1.14817	1.14824	59.80
2025.11.04	12:30:00	1.14823	1.14823	1.14805	1.14807	71.22
2025.11.04	12:31:00	1.14807	1.14809	1.14801	1.14803	65.04
2025.11.04	12:32:00	1.14805	1.14820	1.14805	1.14816	56.53
2025.11.04	12:33:00	1.14815	1.14816	1.14804	1.14807	66.82
2025.11.04	12:34:00	1.14808	1.14809	1.14768	1.14776	98.15
2025.11.04	12:35:00	1.14776	1.14808	1.14773	1.14799	85.16
2025.11.04	12:36:00	1.14799	1.14817	1.14799	1.14816	100.28
2025.11.04	12:37:00	1.14815	1.14821	1.14812	1.14819	85.05
2025.11.04	12:38:00	1.14820	1.14825	1.14812	1.14813	101.80
2025.11.04	12:39:00	1.14813	1.14825	1.14803	1.14824	58.85
2025.11.04	12:40:00	1.14823	1.14839	1.14818	1.14825	78.88
2025.11.04	12:41:00	1.14825	1.14833	1.14819	1.14832	56.39
2025.11.04	12:42:00	1.14834	1.14834	1.14813	1.14830	153.66
2025.11.04	12:43:00	1.14830	1.14835	1.14825	1.14826	42.49
2025.11.04	12:44:00	1.14828	1.14830	1.14819	1.14823	44.15
2025.11.04	12:45:00	1.14823	1.14833	1.14815	1.14832	53.17
2025.11.04	12:46:00	1.14830	1.14836	1.14828	1.14833	34.22
2025.11.04	12:47:00	1.14832	1.14853	1.14832	1.14842	75.32
2025.11.04	12:48:00	1.14843	1.14850	1.14840	1.14847	66.08
2025.11.04	12:49:00	1.14849	1.14851	1.14835	1.14845	96.51
2025.11.04	12:50:00	1.14846	1.14848	1.14839	1.14845	45.65
2025.11.04	12:51:00	1.14846	1.14865	1.14845	1.14864	104.40
2025.11.04	12:52:00	1.14864	1.14867	1.14857	1.14866	89.53
2025.11.04	12:53:00	1.14865	1.14885	1.14864	1.14883	98.68
2025.11.04	12:54:00	1.14882	1.14885	1.14873	1.14878	89.30
2025.11.04	12:55:00	1.14879	1.14890	1.14875	1.14886	70.65
2025.11.04	12:56:00	1.14882	1.14887	1.14874	1.14880	83.94
2025.11.04	12:57:00	1.14880	1.14886	1.14875	1.14881	67.95
2025.11.04	12:58:00	1.14883	1.14890	1.14883	1.14885	40.47
2025.11.04	12:59:00	1.14889	1.14894	1.14873	1.14891	56.09
2025.11.04	13:00:00	1.14892	1.14902	1.14886	1.14886	101.52
2025.11.04	13:01:00	1.14891	1.14897	1.14886	1.14887	88.06
2025.11.04	13:02:00	1.14885	1.14897	1.14882	1.14895	80.10
2025.11.04	13:03:00	1.14896	1.14900	1.14894	1.14897	57.01
2025.11.04	13:04:00	1.14898	1.14919	1.14893	1.14916	134.35
2025.11.04	13:05:00	1.14918	1.14922	1.14915	1.14920	91.26
2025.11.04	13:06:00	1.14922	1.14932	1.14919	1.14924	79.96
2025.11.04	13:07:00	1.14922	1.14925	1.14916	1.14920	96.33
2025.11.04	13:08:00	1.14921	1.14937	1.14921	1.14928	79.33
2025.11.04	13:09:00	1.14926	1.14926	1.14912	1.14912	60.08
2025.11.04	13:10:00	1.14911	1.14930	1.14909	1.14926	63.15
2025.11.04	13:11:00	1.14927	1.14928	1.14914	1.14928	37.35
2025.11.04	13:12:00	1.14926	1.14935	1.14921	1.14923	109.37
2025.11.04	13:13:00	1.14924	1.14927	1.14919	1.14921	54.45
2025.11.04	13:14:00	1.14919	1.14923	1.14905	1.14906	74.67
2025.11.04	13:15:00	1.14908	1.14914	1.14903	1.14905	78.90
2025.11.04	13:16:00	1.14906	1.14909	1.14897	1.14905	83.91
2025.11.04	13:17:00	1.14904	1.14916	1.14903	1.14913	56.73
2025.11.04	13:18:00	1.14915	1.14920	1.14914	1.14917	51.90
2025.11.04	13:19:00	1.14916	1.14922	1.14912	1.14922	50.54
2025.11.04	13:20:00	1.14923	1.14927	1.14909	1.14920	73.89
2025.11.04	13:21:00	1.14920	1.14921	1.14903	1.14903	43.17
2025.11.04	13:22:00	1.14901	1.14906	1.14895	1.14897	67.43
2025.11.04	13:23:00	1.14896	1.14905	1.14894	1.14902	53.70
2025.11.04	13:24:00	1.14902	1.14915	1.14901	1.14915	50.85
2025.11.04	13:25:00	1.14918	1.14928	1.14917	1.14927	30.20
2025.11.04	13:26:00	1.14927	1.14943	1.14927	1.14942	92.61
2025.11.04	13:27:00	1.14939	1.14945	1.14933	1.14934	71.59
2025.11.04	13:28:00	1.14936	1.14938	1.14926	1.14928	82.70
2025.11.04	13:29:00	1.14930	1.14931	1.14920	1.14920	38.90
2025.11.04	13:30:00	1.14923	1.14930	1.14923	1.14926	28.10
2025.11.04	13:31:00	1.14930	1.14932	1.14916	1.14927	32.87
2025.11.04	13:32:00	1.14928	1.14931	1.14925	1.14929	49.07
2025.11.04	13:33:00	1.14928	1.14934	1.14926	1.14930	84.13
2025.11.04	13:34:00	1.14929	1.14930	1.14915	1.14923	103.95
2025.11.04	13:35:00	1.14924	1.14926	1.14910	1.14919	116.30
2025.11.04	13:36:00	1.14918	1.14920	1.14909	1.14915	70.91
2025.11.04	13:37:00	1.14916	1.14926	1.14915	1.14916	55.35
2025.11.04	13:38:00	1.14916	1.14937	1.14905	1.14934	88.52
2025.11.04	13:39:00	1.14935	1.14937	1.14932	1.14935	33.45
2025.11.04	13:40:00	1.14936	1.14946	1.14935	1.14943	67.13
2025.11.04	13:41:00	1.14945	1.14955	1.14945	1.14951	40.09
2025.11.04	13:42:00	1.14952	1.14956	1.14945	1.14947	52.35
2025.11.04	13:43:00	1.14947	1.14954	1.14943	1.14947	57.64
2025.11.04	13:44:00	1.14948	1.14957	1.14940	1.14954	50.15
2025.11.04	13:45:00	1.14954	1.14966	1.14950	1.14966	70.67
2025.11.04	13:46:00	1.14965	1.14967	1.14954	1.14955	48.81
2025.11.04	13:47:00	1.14954	1.14960	1.14949	1.14958	83.20
2025.11.04	13:48:00	1.14956	1.14957	1.14944	1.14944	31.23
2025.11.04	13:49:00	1.14945	1.14953	1.14945	1.14953	43.40
2025.11.04	13:50:00	1.14952	1.14966	1.14947	1.14953	40.92
2025.11.04	13:51:00	1.14954	1.14955	1.14942	1.14942	51.30
2025.11.04	13:52:00	1.14943	1.14957	1.14940	1.14955	64.90
2025.11.04	13:53:00	1.14956	1.14961	1.14950	1.14952	33.27
2025.11.04	13:54:00	1.14951	1.14961	1.14948	1.14960	51.03
2025.11.04	13:55:00	1.14958	1.14958	1.14926	1.14929	62.20
2025.11.04	13:56:00	1.14927	1.14930	1.14914	1.14930	91.09
2025.11.04	13:57:00	1.14930	1.14931	1.14914	1.14918	78.70
2025.11.04	13:58:00	1.14919	1.14928	1.14917	1.14918	66.50
2025.11.04	13:59:00	1.14918	1.14922	1.14914	1.14922	65.70
2025.11.04	14:00:00	1.14921	1.14923	1.14908	1.14923	109.65
2025.11.04	14:01:00	1.14925	1.14937	1.14921	1.14937	58.05
2025.11.04	14:02:00	1.14935	1.14946	1.14932	1.14945	42.13
2025.11.04	14:03:00	1.14943	1.14943	1.14926	1.14928	45.40
2025.11.04	14:04:00	1.14926	1.14931	1.14897	1.14900	158.92
2025.11.04	14:05:00	1.14899	1.14911	1.14884	1.14887	131.84
2025.11.04	14:06:00	1.14889	1.14893	1.14880	1.14889	120.57
2025.11.04	14:07:00	1.14889	1.14901	1.14889	1.14900	41.38
2025.11.04	14:08:00	1.14901	1.14903	1.14896	1.14900	38.27
2025.11.04	14:09:00	1.14903	1.14903	1.14879	1.14880	35.25
2025.11.04	14:10:00	1.14881	1.14891	1.14874	1.14884	48.52
2025.11.04	14:11:00	1.14886	1.14886	1.14862	1.14863	68.43
2025.11.04	14:12:00	1.14862	1.14862	1.14837	1.14843	162.62
2025.11.04	14:13:00	1.14843	1.14845	1.14831	1.14832	131.71
2025.11.04	14:14:00	1.14832	1.14839	1.14820	1.14835	70.42
2025.11.04	14:15:00	1.14832	1.14849	1.14832	1.14848	58.14
2025.11.04	14:16:00	1.14848	1.14848	1.14832	1.14846	124.22
2025.11.04	14:17:00	1.14846	1.14849	1.14822	1.14828	79.85
2025.11.04	14:18:00	1.14827	1.14833	1.14824	1.14829	58.84
2025.11.04	14:19:00	1.14829	1.14829	1.14817	1.14824	65.71
2025.11.04	14:20:00	1.14823	1.14825	1.14810	1.14824	100.04
2025.11.04	14:21:00	1.14822	1.14822	1.14810	1.14819	69.45
2025.11.04	14:22:00	1.14819	1.14819	1.14809	1.14811	40.84
2025.11.04	14:23:00	1.14808	1.14809	1.14789	1.14796	99.94
2025.11.04	14:24:00	1.14798	1.14804	1.14793	1.14800	53.24
2025.11.04	14:25:00	1.14800	1.14806	1.14796	1.14797	85.84
2025.11.04	14:26:00	1.14796	1.14799	1.14793	1.14793	48.95
2025.11.04	14:27:00	1.14796	1.14798	1.14790	1.14794	73.50
2025.11.04	14:28:00	1.14792	1.14794	1.14782	1.14782	49.67
2025.11.04	14:29:00	1.14783	1.14792	1.14776	1.14787	112.42
2025.11.04	14:30:00	1.14790	1.14795	1.14782	1.14785	117.70
2025.11.04	14:31:00	1.14786	1.14795	1.14783	1.14793	112.17
2025.11.04	14:32:00	1.14792	1.14798	1.14789	1.14791	108.38
2025.11.04	14:33:00	1.14790	1.14791	1.14774	1.14779	183.03
2025.11.04	14:34:00	1.14781	1.14783	1.14764	1.14770	178.74
2025.11.04	14:35:00	1.14769	1.14769	1.14743	1.14751	216.18
2025.11.04	14:36:00	1.14748	1.14771	1.14744	1.14759	142.10
2025.11.04	14:37:00	1.14759	1.14764	1.14754	1.14754	101.77
2025.11.04	14:38:00	1.14755	1.14763	1.14745	1.14760	96.60
2025.11.04	14:39:00	1.14762	1.14763	1.14746	1.14756	113.36
2025.11.04	14:40:00	1.14758	1.14758	1.14733	1.14734	152.39
2025.11.04	14:41:00	1.14733	1.14744	1.14729	1.14730	107.05
2025.11.04	14:42:00	1.14731	1.14770	1.14729	1.14769	99.15
2025.11.04	14:43:00	1.14768	1.14777	1.14765	1.14775	200.08
2025.11.04	14:44:00	1.14775	1.14803	1.14769	1.14796	165.78
2025.11.04	14:45:00	1.14795	1.14801	1.14775	1.14775	228.02
2025.11.04	14:46:00	1.14775	1.14800	1.14771	1.14800	91.41
2025.11.04	14:47:00	1.14799	1.14809	1.14795	1.14801	209.74
2025.11.04	14:48:00	1.14801	1.14807	1.14787	1.14800	153.74
2025.11.04	14:49:00	1.14799	1.14808	1.14789	1.14789	139.48
2025.11.04	14:50:00	1.14791	1.14811	1.14791	1.14811	45.74
2025.11.04	14:51:00	1.14810	1.14832	1.14806	1.14828	118.07
2025.11.04	14:52:00	1.14830	1.14846	1.14829	1.14844	124.65
2025.11.04	14:53:00	1.14842	1.14844	1.14828	1.14835	74.04
2025.11.04	14:54:00	1.14833	1.14834	1.14820	1.14822	95.59
2025.11.04	14:55:00	1.14824	1.14827	1.14818	1.14820	49.00
2025.11.04	14:56:00	1.14819	1.14822	1.14805	1.14811	227.04
2025.11.04	14:57:00	1.14810	1.14820	1.14805	1.14810	104.78
2025.11.04	14:58:00	1.14810	1.14817	1.14804	1.14816	105.99
2025.11.04	14:59:00	1.14816	1.14818	1.14807	1.14808	95.98
2025.11.04	15:00:00	1.14807	1.14807	1.14795	1.14802	106.23
2025.11.04	15:01:00	1.14801	1.14826	1.14799	1.14823	130.28
2025.11.04	15:02:00	1.14822	1.14822	1.14791	1.14795	89.63
2025.11.04	15:03:00	1.14793	1.14793	1.14764	1.14770	124.24
2025.11.04	15:04:00	1.14770	1.14773	1.14763	1.14764	58.47
2025.11.04	15:05:00	1.14765	1.14765	1.14747	1.14761	120.19
2025.11.04	15:06:00	1.14763	1.14781	1.14760	1.14777	102.00
2025.11.04	15:07:00	1.14776	1.14796	1.14773	1.14789	108.49
2025.11.04	15:08:00	1.14791	1.14813	1.14781	1.14807	154.23
2025.11.04	15:09:00	1.14807	1.14817	1.14795	1.14812	196.93
2025.11.04	15:10:00	1.14813	1.14818	1.14791	1.14795	156.63
2025.11.04	15:11:00	1.14795	1.14805	1.14787	1.14803	142.61
2025.11.04	15:12:00	1.14803	1.14807	1.14787	1.14790	128.78
2025.11.04	15:13:00	1.14790	1.14797	1.14785	1.14786	73.14
2025.11.04	15:14:00	1.14786	1.14789	1.14778	1.14786	114.98
2025.11.04	15:15:00	1.14785	1.14787	1.14774	1.14777	118.10
2025.11.04	15:16:00	1.14775	1.14778	1.14774	1.14778	106.66
2025.11.04	15:17:00	1.14777	1.14801	1.14777	1.14797	81.12
2025.11.04	15:18:00	1.14798	1.14808	1.14793	1.14806	90.85
2025.11.04	15:19:00	1.14806	1.14806	1.14785	1.14801	102.25
2025.11.04	15:20:00	1.14800	1.14813	1.14798	1.14813	120.40
2025.11.04	15:21:00	1.14813	1.14813	1.14794	1.14806	126.51
2025.11.04	15:22:00	1.14804	1.14805	1.14793	1.14796	88.87
2025.11.04	15:23:00	1.14795	1.14816	1.14795	1.14814	133.31
2025.11.04	15:24:00	1.14815	1.14828	1.14809	1.14812	108.63
2025.11.04	15:25:00	1.14814	1.14820	1.14798	1.14802	166.63
2025.11.04	15:26:00	1.14803	1.14816	1.14796	1.14813	84.49
2025.11.04	15:27:00	1.14812	1.14817	1.14810	1.14812	58.50
2025.11.04	15:28:00	1.14813	1.14813	1.14798	1.14799	51.69
2025.11.04	15:29:00	1.14800	1.14804	1.14797	1.14802	89.50
2025.11.04	15:30:00	1.14803	1.14826	1.14801	1.14806	135.50
2025.11.04	15:31:00	1.14806	1.14821	1.14806	1.14816	83.80
2025.11.04	15:32:00	1.14818	1.14839	1.14818	1.14826	155.23
2025.11.04	15:33:00	1.14827	1.14845	1.14825	1.14841	137.81
2025.11.04	15:34:00	1.14842	1.14855	1.14835	1.14851	127.42
2025.11.04	15:35:00	1.14850	1.14863	1.14847	1.14858	78.97
2025.11.04	15:36:00	1.14858	1.14882	1.14856	1.14872	121.70
2025.11.04	15:37:00	1.14871	1.14881	1.14871	1.14877	61.20
2025.11.04	15:38:00	1.14878	1.14888	1.14866	1.14886	76.45
2025.11.04	15:39:00	1.14885	1.14888	1.14877	1.14880	91.41
2025.11.04	15:40:00	1.14880	1.14880	1.14861	1.14862	103.32
2025.11.04	15:41:00	1.14864	1.14871	1.14853	1.14871	133.31
2025.11.04	15:42:00	1.14871	1.14881	1.14867	1.14881	58.25
2025.11.04	15:43:00	1.14879	1.14884	1.14870	1.14882	72.53
2025.11.04	15:44:00	1.14884	1.14893	1.14875	1.14877	81.00
2025.11.04	15:45:00	1.14878	1.14879	1.14856	1.14870	104.22
2025.11.04	15:46:00	1.14873	1.14875	1.14858	1.14860	71.10
2025.11.04	15:47:00	1.14860	1.14860	1.14846	1.14858	99.69
2025.11.04	15:48:00	1.14858	1.14860	1.14842	1.14852	85.97
2025.11.04	15:49:00	1.14851	1.14880	1.14849	1.14880	82.32
2025.11.04	15:50:00	1.14879	1.14881	1.14873	1.14877	57.30
2025.11.04	15:51:00	1.14878	1.14902	1.14878	1.14899	93.42
2025.11.04	15:52:00	1.14897	1.14899	1.14890	1.14894	99.20
2025.11.04	15:53:00	1.14894	1.14910	1.14894	1.14901	139.40
2025.11.04	15:54:00	1.14902	1.14907	1.14899	1.14900	104.67
2025.11.04	15:55:00	1.14901	1.14908	1.14899	1.14905	108.66
2025.11.04	15:56:00	1.14907	1.14922	1.14906	1.14922	69.05
2025.11.04	15:57:00	1.14920	1.14927	1.14914	1.14919	86.82
2025.11.04	15:58:00	1.14918	1.14918	1.14904	1.14907	79.30
2025.11.04	15:59:00	1.14908	1.14918	1.14908	1.14916	58.82
2025.11.04	16:00:00	1.14916	1.14924	1.14914	1.14916	65.16
2025.11.04	16:01:00	1.14915	1.14924	1.14915	1.14917	78.81
2025.11.04	16:02:00	1.14917	1.14918	1.14907	1.14914	81.49
2025.11.04	16:03:00	1.14914	1.14918	1.14905	1.14916	43.17
2025.11.04	16:04:00	1.14917	1.14927	1.14903	1.14913	55.74
2025.11.04	16:05:00	1.14912	1.14921	1.14894	1.14918	164.95
2025.11.04	16:06:00	1.14920	1.14928	1.14914	1.14917	66.30
2025.11.04	16:07:00	1.14919	1.14930	1.14908	1.14925	55.53
2025.11.04	16:08:00	1.14926	1.14926	1.14909	1.14910	37.96
2025.11.04	16:09:00	1.14910	1.14917	1.14906	1.14906	47.19
2025.11.04	16:10:00	1.14908	1.14912	1.14899	1.14904	120.82
2025.11.04	16:11:00	1.14905	1.14912	1.14900	1.14906	124.40
2025.11.04	16:12:00	1.14906	1.14919	1.14903	1.14919	48.60
2025.11.04	16:13:00	1.14919	1.14925	1.14909	1.14910	44.30
2025.11.04	16:14:00	1.14912	1.14920	1.14908	1.14920	34.04
2025.11.04	16:15:00	1.14919	1.14943	1.14919	1.14935	65.46
2025.11.04	16:16:00	1.14936	1.14940	1.14927	1.14938	66.13
2025.11.04	16:17:00	1.14938	1.14957	1.14928	1.14946	196.48
2025.11.04	16:18:00	1.14947	1.14966	1.14946	1.14948	177.13
2025.11.04	16:19:00	1.14947	1.14959	1.14947	1.14954	96.49
2025.11.04	16:20:00	1.14956	1.14957	1.14933	1.14941	112.71
2025.11.04	16:21:00	1.14941	1.14941	1.14925	1.14928	64.94
2025.11.04	16:22:00	1.14929	1.14936	1.14925	1.14935	26.95
2025.11.04	16:23:00	1.14932	1.14933	1.14927	1.14929	49.70
2025.11.04	16:24:00	1.14928	1.14932	1.14928	1.14930	44.21
2025.11.04	16:25:00	1.14928	1.14930	1.14918	1.14930	71.30
2025.11.04	16:26:00	1.14928	1.14928	1.14918	1.14919	40.69
2025.11.04	16:27:00	1.14918	1.14931	1.14918	1.14929	28.35
2025.11.04	16:28:00	1.14929	1.14936	1.14928	1.14935	53.62
2025.11.04	16:29:00	1.14933	1.14934	1.14925	1.14933	82.17
2025.11.04	16:30:00	1.14933	1.14940	1.14932	1.14939	47.70
2025.11.04	16:31:00	1.14936	1.14937	1.14923	1.14936	95.39
2025.11.04	16:32:00	1.14934	1.14934	1.14923	1.14923	90.05
2025.11.04	16:33:00	1.14924	1.14924	1.14914	1.14917	55.55
2025.11.04	16:34:00	1.14919	1.14932	1.14917	1.14929	166.12
2025.11.04	16:35:00	1.14930	1.14943	1.14924	1.14943	201.13
2025.11.04	16:36:00	1.14942	1.14947	1.14927	1.14928	58.82
2025.11.04	16:37:00	1.14930	1.14938	1.14924	1.14938	50.35
2025.11.04	16:38:00	1.14939	1.14944	1.14935	1.14935	72.22
2025.11.04	16:39:00	1.14936	1.14940	1.14925	1.14928	52.33
2025.11.04	16:40:00	1.14928	1.14928	1.14902	1.14903	64.02
2025.11.04	16:41:00	1.14902	1.14922	1.14902	1.14920	54.19
2025.11.04	16:42:00	1.14920	1.14920	1.14912	1.14914	78.95
2025.11.04	16:43:00	1.14917	1.14919	1.14909	1.14914	43.13
2025.11.04	16:44:00	1.14916	1.14923	1.14914	1.14919	22.00
2025.11.04	16:45:00	1.14916	1.14916	1.14904	1.14904	33.22
2025.11.04	16:46:00	1.14901	1.14912	1.14900	1.14904	34.17
2025.11.04	16:47:00	1.14901	1.14905	1.14898	1.14902	63.32
2025.11.04	16:48:00	1.14900	1.14906	1.14897	1.14904	26.95
2025.11.04	16:49:00	1.14903	1.14906	1.14898	1.14904	55.77
2025.11.04	16:50:00	1.14904	1.14904	1.14891	1.14894	42.55
2025.11.04	16:51:00	1.14896	1.14896	1.14879	1.14885	68.26
2025.11.04	16:52:00	1.14885	1.14895	1.14885	1.14891	67.07
2025.11.04	16:53:00	1.14890	1.14890	1.14879	1.14880	33.18
2025.11.04	16:54:00	1.14883	1.14885	1.14874	1.14883	43.82
2025.11.04	16:55:00	1.14884	1.14896	1.14875	1.14895	38.85
2025.11.04	16:56:00	1.14895	1.14900	1.14895	1.14900	12.60
2025.11.04	16:57:00	1.14899	1.14899	1.14884	1.14885	55.75
2025.11.04	16:58:00	1.14886	1.14902	1.14886	1.14902	78.05
2025.11.04	16:59:00	1.14902	1.14902	1.14894	1.14895	58.14
2025.11.04	17:00:00	1.14898	1.14901	1.14895	1.14896	57.15
2025.11.04	17:01:00	1.14895	1.14900	1.14895	1.14898	45.25
2025.11.04	17:02:00	1.14897	1.14900	1.14889	1.14895	64.73
2025.11.04	17:03:00	1.14895	1.14896	1.14890	1.14890	43.20
2025.11.04	17:04:00	1.14891	1.14893	1.14883	1.14890	52.36
2025.11.04	17:05:00	1.14889	1.14889	1.14875	1.14878	80.81
2025.11.04	17:06:00	1.14878	1.14880	1.14874	1.14875	49.71
2025.11.04	17:07:00	1.14876	1.14879	1.14848	1.14850	117.29
2025.11.04	17:08:00	1.14850	1.14853	1.14838	1.14851	71.05
2025.11.04	17:09:00	1.14852	1.14863	1.14852	1.14859	22.15
2025.11.04	17:10:00	1.14858	1.14868	1.14855	1.14857	44.90
2025.11.04	17:11:00	1.14858	1.14863	1.14855	1.14863	18.20
2025.11.04	17:12:00	1.14862	1.14864	1.14857	1.14859	21.70
2025.11.04	17:13:00	1.14860	1.14862	1.14855	1.14858	33.95
2025.11.04	17:14:00	1.14859	1.14861	1.14852	1.14852	44.70
2025.11.04	17:15:00	1.14851	1.14853	1.14841	1.14844	23.22
2025.11.04	17:16:00	1.14844	1.14852	1.14843	1.14844	41.85
2025.11.04	17:17:00	1.14844	1.14850	1.14841	1.14849	42.95
2025.11.04	17:18:00	1.14850	1.14861	1.14849	1.14861	44.41
2025.11.04	17:19:00	1.14861	1.14863	1.14857	1.14857	37.12
2025.11.04	17:20:00	1.14855	1.14871	1.14854	1.14871	42.19
2025.11.04	17:21:00	1.14871	1.14872	1.14870	1.14870	25.85
2025.11.04	17:22:00	1.14871	1.14871	1.14856	1.14864	34.63
2025.11.04	17:23:00	1.14864	1.14865	1.14862	1.14864	21.30
2025.11.04	17:24:00	1.14863	1.14864	1.14859	1.14864	18.20
2025.11.04	17:25:00	1.14862	1.14862	1.14844	1.14845	38.85
2025.11.04	17:26:00	1.14844	1.14857	1.14844	1.14855	32.15
2025.11.04	17:27:00	1.14853	1.14857	1.14853	1.14854	12.10
2025.11.04	17:28:00	1.14854	1.14856	1.14851	1.14856	33.05
2025.11.04	17:29:00	1.14856	1.14857	1.14853	1.14855	24.30
2025.11.04	17:30:00	1.14855	1.14856	1.14841	1.14843	48.51
2025.11.04	17:31:00	1.14845	1.14850	1.14845	1.14845	30.03
2025.11.04	17:32:00	1.14842	1.14846	1.14839	1.14841	46.58
2025.11.04	17:33:00	1.14842	1.14843	1.14840	1.14841	21.60
2025.11.04	17:34:00	1.14841	1.14842	1.14837	1.14840	32.15
2025.11.04	17:35:00	1.14840	1.14842	1.14839	1.14842	23.40
2025.11.04	17:36:00	1.14842	1.14842	1.14838	1.14840	16.85
2025.11.04	17:37:00	1.14840	1.14842	1.14836	1.14839	17.75
2025.11.04	17:38:00	1.14840	1.14851	1.14839	1.14848	32.27
2025.11.04	17:39:00	1.14846	1.14848	1.14837	1.14840	40.04
2025.11.04	17:40:00	1.14838	1.14843	1.14836	1.14839	26.75
2025.11.04	17:41:00	1.14838	1.14847	1.14837	1.14847	23.40
2025.11.04	17:42:00	1.14846	1.14847	1.14843	1.14847	41.04
2025.11.04	17:43:00	1.14846	1.14852	1.14844	1.14850	33.48
2025.11.04	17:44:00	1.14849	1.14850	1.14836	1.14836	33.51
2025.11.04	17:45:00	1.14836	1.14845	1.14836	1.14841	86.46
2025.11.04	17:46:00	1.14841	1.14847	1.14837	1.14847	60.48
2025.11.04	17:47:00	1.14847	1.14847	1.14840	1.14841	19.55
2025.11.04	17:48:00	1.14841	1.14845	1.14839	1.14840	27.00
2025.11.04	17:49:00	1.14840	1.14842	1.14835	1.14836	22.05
2025.11.04	17:50:00	1.14837	1.14843	1.14836	1.14839	49.90
2025.11.04	17:51:00	1.14841	1.14841	1.14834	1.14836	32.37
2025.11.04	17:52:00	1.14836	1.14849	1.14836	1.14849	51.86
2025.11.04	17:53:00	1.14848	1.14848	1.14844	1.14845	19.95
2025.11.04	17:54:00	1.14848	1.14851	1.14848	1.14850	14.49
2025.11.04	17:55:00	1.14848	1.14848	1.14839	1.14839	13.70
2025.11.04	17:56:00	1.14842	1.14849	1.14842	1.14848	22.50
2025.11.04	17:57:00	1.14846	1.14850	1.14839	1.14842	57.24
2025.11.04	17:58:00	1.14842	1.14843	1.14834	1.14837	48.59
2025.11.04	17:59:00	1.14836	1.14841	1.14835	1.14838	23.15
2025.11.04	18:00:00	1.14837	1.14837	1.14822	1.14829	70.17
2025.11.04	18:01:00	1.14828	1.14831	1.14825	1.14828	25.40
2025.11.04	18:02:00	1.14828	1.14828	1.14823	1.14827	37.50
2025.11.04	18:03:00	1.14826	1.14829	1.14822	1.14826	61.35
2025.11.04	18:04:00	1.14826	1.14828	1.14824	1.14826	21.25
2025.11.04	18:05:00	1.14824	1.14827	1.14824	1.14826	6.30
2025.11.04	18:06:00	1.14825	1.14826	1.14817	1.14818	34.07
2025.11.04	18:07:00	1.14820	1.14835	1.14820	1.14835	32.57
2025.11.04	18:08:00	1.14836	1.14848	1.14836	1.14845	56.95
2025.11.04	18:09:00	1.14846	1.14846	1.14826	1.14831	50.19
2025.11.04	18:10:00	1.14829	1.14836	1.14825	1.14831	47.77
2025.11.04	18:11:00	1.14829	1.14829	1.14815	1.14816	47.56
2025.11.04	18:12:00	1.14815	1.14816	1.14809	1.14812	25.95
2025.11.04	18:13:00	1.14811	1.14820	1.14809	1.14820	20.52
2025.11.04	18:14:00	1.14820	1.14822	1.14820	1.14821	10.05
2025.11.04	18:15:00	1.14821	1.14821	1.14817	1.14820	9.87
2025.11.04	18:16:00	1.14819	1.14825	1.14817	1.14821	26.10
2025.11.04	18:17:00	1.14823	1.14823	1.14820	1.14822	28.55
2025.11.04	18:18:00	1.14822	1.14827	1.14822	1.14822	31.40
2025.11.04	18:19:00	1.14822	1.14824	1.14818	1.14821	16.62
2025.11.04	18:20:00	1.14822	1.14827	1.14821	1.14826	21.25
2025.11.04	18:21:00	1.14828	1.14842	1.14828	1.14839	48.41
2025.11.04	18:22:00	1.14838	1.14852	1.14837	1.14850	39.50
2025.11.04	18:23:00	1.14851	1.14851	1.14847	1.14850	33.95
2025.11.04	18:24:00	1.14851	1.14854	1.14841	1.14841	40.81
2025.11.04	18:25:00	1.14843	1.14847	1.14839	1.14841	40.78
2025.11.04	18:26:00	1.14838	1.14838	1.14829	1.14830	16.51
2025.11.04	18:27:00	1.14831	1.14832	1.14823	1.14826	45.63
2025.11.04	18:28:00	1.14825	1.14831	1.14824	1.14830	32.15
2025.11.04	18:29:00	1.14832	1.14838	1.14831	1.14836	17.75
2025.11.04	18:30:00	1.14835	1.14836	1.14829	1.14836	24.95
2025.11.04	18:31:00	1.14836	1.14836	1.14830	1.14836	18.15
2025.11.04	18:32:00	1.14838	1.14842	1.14830	1.14830	24.20
2025.11.04	18:33:00	1.14834	1.14837	1.14834	1.14835	16.22
2025.11.04	18:34:00	1.14836	1.14840	1.14834	1.14835	36.53
2025.11.04	18:35:00	1.14834	1.14843	1.14834	1.14842	56.57
2025.11.04	18:36:00	1.14843	1.14844	1.14840	1.14841	13.00
2025.11.04	18:37:00	1.14843	1.14846	1.14841	1.14841	16.85
2025.11.04	18:38:00	1.14842	1.14843	1.14830	1.14831	28.06
2025.11.04	18:39:00	1.14830	1.14832	1.14829	1.14830	18.40
2025.11.04	18:40:00	1.14830	1.14848	1.14827	1.14847	73.46
2025.11.04	18:41:00	1.14848	1.14848	1.14840	1.14841	29.02
2025.11.04	18:42:00	1.14840	1.14848	1.14840	1.14848	33.30
2025.11.04	18:43:00	1.14847	1.14853	1.14846	1.14853	18.99
2025.11.04	18:44:00	1.14852	1.14861	1.14849	1.14860	62.64
2025.11.04	18:45:00	1.14860	1.14863	1.14853	1.14860	63.54
2025.11.04	18:46:00	1.14861	1.14864	1.14859	1.14860	53.38
2025.11.04	18:47:00	1.14861	1.14861	1.14849	1.14851	25.94
2025.11.04	18:48:00	1.14849	1.14851	1.14846	1.14851	20.34
2025.11.04	18:49:00	1.14850	1.14851	1.14844	1.14846	15.95
2025.11.04	18:50:00	1.14846	1.14848	1.14841	1.14843	36.15
2025.11.04	18:51:00	1.14842	1.14845	1.14827	1.14827	56.90
2025.11.04	18:52:00	1.14826	1.14832	1.14826	1.14826	23.25
2025.11.04	18:53:00	1.14828	1.14837	1.14826	1.14835	36.29
2025.11.04	18:54:00	1.14835	1.14836	1.14829	1.14829	31.00
2025.11.04	18:55:00	1.14828	1.14832	1.14828	1.14831	42.75
2025.11.04	18:56:00	1.14831	1.14839	1.14829	1.14835	85.70
2025.11.04	18:57:00	1.14836	1.14842	1.14834	1.14840	30.63
2025.11.04	18:58:00	1.14842	1.14849	1.14842	1.14849	33.30
2025.11.04	18:59:00	1.14848	1.14848	1.14836	1.14840	44.01
2025.11.04	19:00:00	1.14837	1.14837	1.14832	1.14837	32.98
2025.11.04	19:01:00	1.14836	1.14847	1.14834	1.14847	48.42
2025.11.04	19:02:00	1.14850	1.14854	1.14848	1.14851	19.80
2025.11.04	19:03:00	1.14849	1.14850	1.14842	1.14842	15.05
2025.11.04	19:04:00	1.14843	1.14843	1.14839	1.14843	29.45
2025.11.04	19:05:00	1.14845	1.14845	1.14839	1.14839	33.90
2025.11.04	19:06:00	1.14840	1.14852	1.14840	1.14852	27.45
2025.11.04	19:07:00	1.14853	1.14853	1.14850	1.14850	18.90
2025.11.04	19:08:00	1.14851	1.14851	1.14847	1.14850	21.35
2025.11.04	19:09:00	1.14849	1.14851	1.14846	1.14850	13.50
2025.11.04	19:10:00	1.14848	1.14853	1.14847	1.14850	15.50
2025.11.04	19:11:00	1.14852	1.14857	1.14849	1.14852	41.60
2025.11.04	19:12:00	1.14854	1.14854	1.14849	1.14854	22.05
2025.11.04	19:13:00	1.14853	1.14861	1.14853	1.14861	69.95
2025.11.04	19:14:00	1.14859	1.14867	1.14859	1.14867	31.49
2025.11.04	19:15:00	1.14867	1.14870	1.14863	1.14867	39.55
2025.11.04	19:16:00	1.14867	1.14871	1.14861	1.14870	32.35
2025.11.04	19:17:00	1.14869	1.14871	1.14863	1.14863	56.57
2025.11.04	19:18:00	1.14863	1.14866	1.14860	1.14862	24.50
2025.11.04	19:19:00	1.14861	1.14867	1.14860	1.14867	21.35
2025.11.04	19:20:00	1.14867	1.14867	1.14863	1.14863	31.25
2025.11.04	19:21:00	1.14864	1.14864	1.14859	1.14862	22.90
2025.11.04	19:22:00	1.14863	1.14868	1.14861	1.14867	78.35
2025.11.04	19:23:00	1.14869	1.14869	1.14831	1.14836	34.16
2025.11.04	19:24:00	1.14834	1.14835	1.14829	1.14830	17.32
2025.11.04	19:25:00	1.14829	1.14831	1.14828	1.14829	10.35
2025.11.04	19:26:00	1.14831	1.14832	1.14826	1.14828	15.05
2025.11.04	19:27:00	1.14831	1.14834	1.14828	1.14829	26.67
2025.11.04	19:28:00	1.14829	1.14829	1.14824	1.14826	17.95
2025.11.04	19:29:00	1.14826	1.14826	1.14813	1.14814	36.62
2025.11.04	19:30:00	1.14813	1.14813	1.14805	1.14811	53.46
2025.11.04	19:31:00	1.14811	1.14812	1.14795	1.14804	69.78
2025.11.04	19:32:00	1.14805	1.14805	1.14798	1.14800	118.90
2025.11.04	19:33:00	1.14798	1.14801	1.14794	1.14801	71.42
2025.11.04	19:34:00	1.14803	1.14813	1.14803	1.14810	24.05
2025.11.04	19:35:00	1.14811	1.14816	1.14808	1.14814	29.17
2025.11.04	19:36:00	1.14815	1.14815	1.14810	1.14811	29.12
2025.11.04	19:37:00	1.14810	1.14812	1.14809	1.14809	20.69
2025.11.04	19:38:00	1.14808	1.14811	1.14805	1.14808	114.58
2025.11.04	19:39:00	1.14806	1.14806	1.14800	1.14804	56.49
2025.11.04	19:40:00	1.14805	1.14806	1.14800	1.14805	22.90
2025.11.04	19:41:00	1.14805	1.14807	1.14803	1.14804	15.95
2025.11.04	19:42:00	1.14803	1.14805	1.14794	1.14794	48.69
2025.11.04	19:43:00	1.14793	1.14801	1.14793	1.14799	29.70
2025.11.04	19:44:00	1.14800	1.14801	1.14798	1.14800	20.40
2025.11.04	19:45:00	1.14798	1.14800	1.14797	1.14799	35.95
2025.11.04	19:46:00	1.14799	1.14799	1.14793	1.14798	41.15
2025.11.04	19:47:00	1.14800	1.14808	1.14800	1.14800	17.55
2025.11.04	19:48:00	1.14800	1.14800	1.14797	1.14797	12.35
2025.11.04	19:49:00	1.14795	1.14795	1.14790	1.14790	16.82
2025.11.04	19:50:00	1.14790	1.14799	1.14788	1.14799	40.94
2025.11.04	19:51:00	1.14799	1.14805	1.14797	1.14805	29.22
2025.11.04	19:52:00	1.14801	1.14810	1.14801	1.14810	20.31
2025.11.04	19:53:00	1.14812	1.14813	1.14808	1.14812	29.70
2025.11.04	19:54:00	1.14810	1.14820	1.14810	1.14816	54.45
2025.11.04	19:55:00	1.14816	1.14816	1.14807	1.14815	81.01
2025.11.04	19:56:00	1.14812	1.14812	1.14805	1.14805	9.90
2025.11.04	19:57:00	1.14806	1.14816	1.14803	1.14804	39.59
2025.11.04	19:58:00	1.14804	1.14804	1.14797	1.14798	28.30
2025.11.04	19:59:00	1.14800	1.14800	1.14789	1.14789	37.10
2025.11.04	20:00:00	1.14790	1.14790	1.14772	1.14772	27.65
2025.11.04	20:01:00	1.14770	1.14774	1.14755	1.14757	46.32
2025.11.04	20:02:00	1.14757	1.14758	1.14752	1.14753	44.05
2025.11.04	20:03:00	1.14755	1.14766	1.14754	1.14766	57.47
2025.11.04	20:04:00	1.14768	1.14770	1.14755	1.14755	39.85
2025.11.04	20:05:00	1.14757	1.14758	1.14750	1.14756	81.35
2025.11.04	20:06:00	1.14757	1.14768	1.14757	1.14764	50.11
2025.11.04	20:07:00	1.14766	1.14766	1.14754	1.14759	27.05
2025.11.04	20:08:00	1.14763	1.14766	1.14762	1.14764	29.80
2025.11.04	20:09:00	1.14764	1.14766	1.14763	1.14765	34.55
2025.11.04	20:10:00	1.14764	1.14770	1.14761	1.14763	34.88
2025.11.04	20:11:00	1.14763	1.14766	1.14760	1.14765	32.50
2025.11.04	20:12:00	1.14764	1.14771	1.14764	1.14771	21.79
2025.11.04	20:13:00	1.14769	1.14777	1.14769	1.14776	23.61
2025.11.04	20:14:00	1.14776	1.14781	1.14774	1.14781	34.45
2025.11.04	20:15:00	1.14784	1.14784	1.14780	1.14781	25.25
2025.11.04	20:16:00	1.14781	1.14788	1.14780	1.14787	108.55
2025.11.04	20:17:00	1.14788	1.14792	1.14788	1.14790	11.90
2025.11.04	20:18:00	1.14794	1.14795	1.14790	1.14790	10.55
2025.11.04	20:19:00	1.14789	1.14795	1.14789	1.14794	37.73
2025.11.04	20:20:00	1.14792	1.14792	1.14785	1.14789	82.87
2025.11.04	20:21:00	1.14789	1.14792	1.14786	1.14792	70.92
2025.11.04	20:22:00	1.14790	1.14793	1.14789	1.14791	33.25
2025.11.04	20:23:00	1.14792	1.14792	1.14785	1.14785	17.22
2025.11.04	20:24:00	1.14785	1.14786	1.14785	1.14786	6.30
2025.11.04	20:25:00	1.14786	1.14789	1.14783	1.14786	38.92
2025.11.04	20:26:00	1.14785	1.14791	1.14785	1.14788	26.75
2025.11.04	20:27:00	1.14788	1.14789	1.14781	1.14785	37.75
2025.11.04	20:28:00	1.14787	1.14789	1.14785	1.14786	22.22
2025.11.04	20:29:00	1.14788	1.14794	1.14788	1.14794	18.90
2025.11.04	20:30:00	1.14796	1.14804	1.14796	1.14804	38.60
2025.11.04	20:31:00	1.14801	1.14802	1.14799	1.14800	53.30
2025.11.04	20:32:00	1.14800	1.14802	1.14795	1.14797	83.04
2025.11.04	20:33:00	1.14798	1.14807	1.14795	1.14805	49.47
2025.11.04	20:34:00	1.14806	1.14817	1.14806	1.14809	92.79
2025.11.04	20:35:00	1.14811	1.14812	1.14809	1.14810	38.95
2025.11.04	20:36:00	1.14810	1.14813	1.14808	1.14811	79.30
2025.11.04	20:37:00	1.14809	1.14809	1.14804	1.14805	9.22
2025.11.04	20:38:00	1.14806	1.14813	1.14806	1.14813	52.08
2025.11.04	20:39:00	1.14813	1.14822	1.14811	1.14821	66.97
2025.11.04	20:40:00	1.14820	1.14825	1.14820	1.14824	51.39
2025.11.04	20:41:00	1.14824	1.14829	1.14822	1.14825	40.33
2025.11.04	20:42:00	1.14827	1.14833	1.14827	1.14827	37.44
2025.11.04	20:43:00	1.14826	1.14828	1.14826	1.14828	5.40
2025.11.04	20:44:00	1.14830	1.14831	1.14818	1.14818	27.58
2025.11.04	20:45:00	1.14818	1.14822	1.14815	1.14815	26.30
2025.11.04	20:46:00	1.14815	1.14815	1.14811	1.14811	9.22
2025.11.04	20:47:00	1.14810	1.14810	1.14806	1.14807	18.15
2025.11.04	20:48:00	1.14805	1.14805	1.14786	1.14789	85.72
2025.11.04	20:49:00	1.14790	1.14790	1.14784	1.14786	65.40
2025.11.04	20:50:00	1.14785	1.14786	1.14780	1.14786	92.55
2025.11.04	20:51:00	1.14785	1.14786	1.14783	1.14785	52.14
2025.11.04	20:52:00	1.14785	1.14789	1.14783	1.14788	35.85
2025.11.04	20:53:00	1.14789	1.14790	1.14783	1.14788	45.45
2025.11.04	20:54:00	1.14786	1.14795	1.14785	1.14787	30.15
2025.11.04	20:55:00	1.14788	1.14789	1.14785	1.14789	32.24
2025.11.04	20:56:00	1.14789	1.14791	1.14785	1.14786	30.42
2025.11.04	20:57:00	1.14789	1.14794	1.14787	1.14793	23.04
2025.11.04	20:58:00	1.14792	1.14801	1.14790	1.14800	85.75
2025.11.04	20:59:00	1.14802	1.14803	1.14795	1.14795	71.63
2025.11.04	21:00:00	1.14795	1.14804	1.14789	1.14803	100.11
2025.11.04	21:01:00	1.14803	1.14820	1.14803	1.14811	35.45
2025.11.04	21:02:00	1.14813	1.14817	1.14800	1.14800	81.76
2025.11.04	21:03:00	1.14801	1.14807	1.14792	1.14807	53.64
2025.11.04	21:04:00	1.14805	1.14813	1.14805	1.14809	53.10
2025.11.04	21:05:00	1.14807	1.14816	1.14800	1.14816	52.47
2025.11.04	21:06:00	1.14817	1.14817	1.14808	1.14808	24.72
2025.11.04	21:07:00	1.14808	1.14810	1.14799	1.14805	31.26
2025.11.04	21:08:00	1.14803	1.14807	1.14796	1.14798	32.25
2025.11.04	21:09:00	1.14798	1.14798	1.14795	1.14795	19.36
2025.11.04	21:10:00	1.14797	1.14805	1.14796	1.14805	32.76
2025.11.04	21:11:00	1.14805	1.14811	1.14804	1.14809	11.38
2025.11.04	21:12:00	1.14810	1.14811	1.14810	1.14811	8.28
2025.11.04	21:13:00	1.14811	1.14812	1.14808	1.14810	25.29
2025.11.04	21:14:00	1.14810	1.14815	1.14809	1.14812	43.20
2025.11.04	21:15:00	1.14811	1.14815	1.14800	1.14811	54.18
2025.11.04	21:16:00	1.14809	1.14812	1.14804	1.14804	37.00
2025.11.04	21:17:00	1.14804	1.14806	1.14802	1.14806	38.53
2025.11.04	21:18:00	1.14807	1.14813	1.14805	1.14813	35.19
2025.11.04	21:19:00	1.14812	1.14817	1.14811	1.14816	26.91
2025.11.04	21:20:00	1.14816	1.14816	1.14800	1.14800	48.66
2025.11.04	21:21:00	1.14800	1.14804	1.14798	1.14804	21.24
2025.11.04	21:22:00	1.14804	1.14804	1.14800	1.14804	21.15
2025.11.04	21:23:00	1.14804	1.14809	1.14804	1.14806	14.40
2025.11.04	21:24:00	1.14809	1.14809	1.14804	1.14806	21.60
2025.11.04	21:25:00	1.14806	1.14811	1.14806	1.14810	46.63
2025.11.04	21:26:00	1.14810	1.14811	1.14805	1.14805	24.93
2025.11.04	21:27:00	1.14804	1.14805	1.14798	1.14801	19.80
2025.11.04	21:28:00	1.14798	1.14800	1.14798	1.14798	44.38
2025.11.04	21:29:00	1.14799	1.14799	1.14790	1.14795	60.67
2025.11.04	21:30:00	1.14794	1.14811	1.14794	1.14809	38.00
2025.11.04	21:31:00	1.14811	1.14812	1.14807	1.14808	23.37
2025.11.04	21:32:00	1.14809	1.14824	1.14809	1.14823	23.34
2025.11.04	21:33:00	1.14821	1.14823	1.14819	1.14821	32.58
2025.11.04	21:34:00	1.14821	1.14822	1.14812	1.14812	21.37
2025.11.04	21:35:00	1.14812	1.14814	1.14805	1.14808	39.64
2025.11.04	21:36:00	1.14807	1.14809	1.14806	1.14808	10.83
2025.11.04	21:37:00	1.14808	1.14820	1.14808	1.14813	27.17
2025.11.04	21:38:00	1.14813	1.14814	1.14804	1.14804	11.67
2025.11.04	21:39:00	1.14806	1.14820	1.14806	1.14815	21.88
2025.11.04	21:40:00	1.14816	1.14818	1.14814	1.14817	40.02
2025.11.04	21:41:00	1.14817	1.14824	1.14815	1.14823	22.64
2025.11.04	21:42:00	1.14822	1.14824	1.14818	1.14822	21.44
2025.11.04	21:43:00	1.14822	1.14823	1.14820	1.14821	10.89
2025.11.04	21:44:00	1.14821	1.14825	1.14817	1.14823	27.91
2025.11.04	21:45:00	1.14821	1.14822	1.14818	1.14819	31.83
2025.11.04	21:46:00	1.14820	1.14821	1.14817	1.14820	24.93
2025.11.04	21:47:00	1.14820	1.14820	1.14805	1.14808	57.69
2025.11.04	21:48:00	1.14808	1.14809	1.14804	1.14804	30.42
2025.11.04	21:49:00	1.14806	1.14812	1.14805	1.14812	56.47
2025.11.04	21:50:00	1.14811	1.14815	1.14811	1.14814	28.55
2025.11.04	21:51:00	1.14815	1.14815	1.14814	1.14815	9.90
2025.11.04	21:52:00	1.14813	1.14816	1.14808	1.14811	34.24
2025.11.04	21:53:00	1.14811	1.14815	1.14810	1.14815	5.88
2025.11.04	21:54:00	1.14813	1.14815	1.14807	1.14807	49.14
2025.11.04	21:55:00	1.14805	1.14810	1.14805	1.14808	11.10
2025.11.04	21:56:00	1.14808	1.14814	1.14808	1.14813	11.64
2025.11.04	21:57:00	1.14811	1.14822	1.14811	1.14819	28.11
2025.11.04	21:58:00	1.14818	1.14825	1.14813	1.14823	60.10
2025.11.04	21:59:00	1.14824	1.14824	1.14811	1.14818	172.75
2025.11.04	22:00:00	1.14816	1.14819	1.14812	1.14814	9.00
2025.11.04	22:01:00	1.14813	1.14813	1.14800	1.14800	21.60
2025.11.04	22:02:00	1.14799	1.14802	1.14799	1.14802	12.91
2025.11.04	22:03:00	1.14802	1.14819	1.14802	1.14819	6.69
2025.11.04	22:04:00	1.14815	1.14815	1.14815	1.14815	4.50
2025.11.04	22:05:00	1.14822	1.14829	1.14819	1.14819	15.34
2025.11.04	22:06:00	1.14819	1.14821	1.14818	1.14821	3.54
2025.11.04	22:07:00	1.14818	1.14821	1.14817	1.14821	7.42
2025.11.04	22:08:00	1.14820	1.14822	1.14815	1.14818	6.40
2025.11.04	22:09:00	1.14819	1.14819	1.14805	1.14805	5.76
2025.11.04	22:10:00	1.14809	1.14809	1.14802	1.14802	20.57
2025.11.04	22:12:00	1.14802	1.14804	1.14801	1.14804	11.43
2025.11.04	22:14:00	1.14801	1.14803	1.14801	1.14803	10.36
2025.11.04	22:15:00	1.14803	1.14803	1.14803	1.14803	2.68
2025.11.04	22:16:00	1.14803	1.14803	1.14803	1.14803	2.68
2025.11.04	22:17:00	1.14803	1.14803	1.14803	1.14803	2.68
2025.11.04	22:18:00	1.14803	1.14803	1.14803	1.14803	102.15
2025.11.04	22:19:00	1.14803	1.14819	1.14801	1.14801	168.72
2025.11.04	22:20:00	1.14802	1.14802	1.14802	1.14802	23.18
2025.11.04	22:21:00	1.14802	1.14803	1.14802	1.14802	13.64
2025.11.04	22:22:00	1.14803	1.14804	1.14803	1.14804	4.13
2025.11.04	22:23:00	1.14804	1.14804	1.14802	1.14802	7.07
2025.11.04	22:24:00	1.14803	1.14806	1.14803	1.14803	4.61
2025.11.04	22:25:00	1.14804	1.14804	1.14802	1.14803	30.88
2025.11.04	22:26:00	1.14810	1.14816	1.14809	1.14809	13.32
2025.11.04	22:27:00	1.14809	1.14815	1.14805	1.14809	25.08
2025.11.04	22:28:00	1.14811	1.14817	1.14807	1.14809	6.24
2025.11.04	22:29:00	1.14807	1.14808	1.14807	1.14807	4.16
2025.11.04	22:30:00	1.14807	1.14810	1.14807	1.14808	15.74
2025.11.04	22:31:00	1.14809	1.14810	1.14808	1.14808	10.79
2025.11.04	22:32:00	1.14810	1.14817	1.14808	1.14815	32.38
2025.11.04	22:33:00	1.14815	1.14821	1.14812	1.14819	19.12
2025.11.04	22:34:00	1.14821	1.14822	1.14821	1.14822	1.80
2025.11.04	22:35:00	1.14816	1.14817	1.14816	1.14817	1.80
2025.11.04	22:36:00	1.14819	1.14819	1.14819	1.14819	0.90
2025.11.04	22:37:00	1.14818	1.14821	1.14812	1.14820	13.15
2025.11.04	22:38:00	1.14819	1.14821	1.14818	1.14818	8.26
2025.11.04	22:39:00	1.14817	1.14819	1.14817	1.14818	12.98
2025.11.04	22:40:00	1.14818	1.14819	1.14812	1.14815	91.30
2025.11.04	22:41:00	1.14816	1.14823	1.14814	1.14816	40.59
2025.11.04	22:42:00	1.14816	1.14823	1.14812	1.14815	50.94
2025.11.04	22:43:00	1.14821	1.14824	1.14811	1.14813	42.79
2025.11.04	22:44:00	1.14822	1.14829	1.14816	1.14824	73.67
2025.11.04	22:45:00	1.14825	1.14829	1.14810	1.14825	73.13
2025.11.04	22:46:00	1.14825	1.14830	1.14824	1.14825	59.06
2025.11.04	22:47:00	1.14826	1.14829	1.14821	1.14825	50.63
2025.11.04	22:48:00	1.14825	1.14828	1.14821	1.14825	74.85
2025.11.04	22:49:00	1.14826	1.14826	1.14811	1.14812	25.92
2025.11.04	22:50:00	1.14814	1.14822	1.14810	1.14810	73.48
2025.11.04	22:51:00	1.14816	1.14829	1.14813	1.14825	41.53
2025.11.04	22:52:00	1.14826	1.14838	1.14818	1.14838	32.74
2025.11.04	22:53:00	1.14840	1.14842	1.14837	1.14841	44.40
2025.11.04	22:54:00	1.14843	1.14845	1.14839	1.14844	41.82
2025.11.04	22:55:00	1.14844	1.14849	1.14831	1.14840	88.14
2025.11.04	22:56:00	1.14837	1.14840	1.14837	1.14838	2.25
2025.11.04	22:57:00	1.14840	1.14841	1.14835	1.14837	42.11
2025.11.04	22:58:00	1.14840	1.14840	1.14837	1.14837	3.60
2025.11.04	22:59:00	1.14837	1.14837	1.14834	1.14834	12.60
2025.11.04	23:00:00	1.14834	1.14843	1.14830	1.14831	39.84
2025.11.04	23:01:00	1.14835	1.14836	1.14830	1.14832	5.94
2025.11.04	23:02:00	1.14831	1.14831	1.14822	1.14829	60.25
2025.11.04	23:03:00	1.14827	1.14829	1.14827	1.14828	61.41
2025.11.04	23:04:00	1.14827	1.14829	1.14827	1.14829	12.23
2025.11.04	23:05:00	1.14831	1.14831	1.14828	1.14829	22.10
2025.11.04	23:06:00	1.14827	1.14830	1.14827	1.14828	10.48
2025.11.04	23:07:00	1.14829	1.14831	1.14828	1.14828	12.01
2025.11.04	23:08:00	1.14828	1.14832	1.14828	1.14831	9.81
2025.11.04	23:09:00	1.14830	1.14830	1.14829	1.14829	4.23
2025.11.04	23:10:00	1.14827	1.14830	1.14827	1.14829	14.57
2025.11.04	23:11:00	1.14828	1.14830	1.14828	1.14830	1.80
2025.11.04	23:12:00	1.14830	1.14834	1.14830	1.14833	11.31
2025.11.04	23:13:00	1.14833	1.14839	1.14833	1.14839	1.80
2025.11.04	23:14:00	1.14842	1.14842	1.14838	1.14838	14.70
2025.11.04	23:15:00	1.14836	1.14839	1.14836	1.14836	9.55
2025.11.04	23:16:00	1.14838	1.14838	1.14835	1.14838	3.60
2025.11.04	23:17:00	1.14839	1.14840	1.14837	1.14837	4.00
2025.11.04	23:18:00	1.14839	1.14842	1.14839	1.14842	2.70
2025.11.04	23:19:00	1.14843	1.14847	1.14843	1.14846	4.33
2025.11.04	23:20:00	1.14846	1.14847	1.14846	1.14846	8.43
2025.11.04	23:21:00	1.14846	1.14848	1.14846	1.14846	5.05
2025.11.04	23:22:00	1.14846	1.14848	1.14846	1.14846	8.50
2025.11.04	23:23:00	1.14848	1.14850	1.14842	1.14847	40.57
2025.11.04	23:24:00	1.14845	1.14845	1.14844	1.14845	5.37
2025.11.04	23:25:00	1.14843	1.14846	1.14843	1.14843	13.58
2025.11.04	23:26:00	1.14844	1.14844	1.14844	1.14844	12.09
2025.11.04	23:27:00	1.14844	1.14845	1.14841	1.14845	28.03
2025.11.04	23:28:00	1.14846	1.14847	1.14845	1.14845	0.36
2025.11.04	23:29:00	1.14844	1.14845	1.14844	1.14845	5.89
2025.11.04	23:30:00	1.14847	1.14848	1.14845	1.14845	0.72
2025.11.04	23:31:00	1.14846	1.14846	1.14837	1.14837	26.74
2025.11.04	23:32:00	1.14837	1.14840	1.14837	1.14839	5.01
2025.11.04	23:33:00	1.14841	1.14843	1.14841	1.14843	5.13
2025.11.04	23:34:00	1.14841	1.14842	1.14838	1.14841	11.55
2025.11.04	23:35:00	1.14842	1.14844	1.14842	1.14843	6.03
2025.11.04	23:36:00	1.14840	1.14844	1.14839	1.14844	9.45
2025.11.04	23:37:00	1.14847	1.14847	1.14844	1.14844	3.60
2025.11.04	23:38:00	1.14845	1.14847	1.14845	1.14847	3.60
2025.11.04	23:39:00	1.14847	1.14847	1.14842	1.14847	8.95
2025.11.04	23:40:00	1.14847	1.14847	1.14847	1.14847	0.90
2025.11.04	23:42:00	1.14849	1.14849	1.14847	1.14847	2.70
2025.11.04	23:43:00	1.14845	1.14847	1.14843	1.14843	15.27
2025.11.04	23:44:00	1.14842	1.14847	1.14842	1.14847	5.40
2025.11.04	23:45:00	1.14846	1.14847	1.14842	1.14842	7.94
2025.11.04	23:46:00	1.14843	1.14847	1.14843	1.14847	7.04
2025.11.04	23:47:00	1.14845	1.14845	1.14841	1.14842	6.70
2025.11.04	23:48:00	1.14845	1.14845	1.14843	1.14843	1.80
2025.11.04	23:49:00	1.14844	1.14847	1.14844	1.14847	2.70
2025.11.04	23:50:00	1.14848	1.14851	1.14846	1.14850	20.00
2025.11.04	23:51:00	1.14852	1.14852	1.14850	1.14851	7.13
2025.11.04	23:52:00	1.14850	1.14857	1.14850	1.14855	11.75
2025.11.04	23:53:00	1.14853	1.14857	1.14851	1.14851	39.24
2025.11.04	23:54:00	1.14852	1.14852	1.14848	1.14852	16.35
2025.11.04	23:55:00	1.14851	1.14852	1.14847	1.14852	7.93
2025.11.04	23:56:00	1.14850	1.14853	1.14847	1.14850	14.24
2025.11.04	23:57:00	1.14848	1.14851	1.14848	1.14849	10.35
2025.11.04	23:58:00	1.14848	1.14848	1.14847	1.14847	6.30
2025.11.04	23:59:00	1.14848	1.14852	1.14848	1.14850	9.90
2025.11.05	00:00:00	1.14849	1.14851	1.14847	1.14847	30.58
2025.11.05	00:01:00	1.14848	1.14848	1.14840	1.14840	37.77
2025.11.05	00:02:00	1.14839	1.14840	1.14820	1.14820	35.99
2025.11.05	00:03:00	1.14819	1.14820	1.14813	1.14818	35.82
2025.11.05	00:04:00	1.14818	1.14838	1.14818	1.14833	22.52
2025.11.05	00:05:00	1.14834	1.14834	1.14829	1.14832	12.60
2025.11.05	00:06:00	1.14829	1.14829	1.14812	1.14812	34.69
2025.11.05	00:07:00	1.14815	1.14821	1.14813	1.14817	67.86
2025.11.05	00:08:00	1.14818	1.14819	1.14806	1.14813	42.23
2025.11.05	00:09:00	1.14808	1.14818	1.14806	1.14808	45.44
2025.11.05	00:10:00	1.14810	1.14814	1.14810	1.14811	5.43
2025.11.05	00:11:00	1.14817	1.14819	1.14814	1.14818	25.93
2025.11.05	00:12:00	1.14819	1.14819	1.14814	1.14814	12.35
2025.11.05	00:13:00	1.14813	1.14817	1.14806	1.14811	52.59
2025.11.05	00:14:00	1.14812	1.14816	1.14809	1.14813	50.85
2025.11.05	00:15:00	1.14813	1.14819	1.14812	1.14817	32.85
2025.11.05	00:16:00	1.14816	1.14818	1.14812	1.14812	28.10
2025.11.05	00:17:00	1.14811	1.14818	1.14809	1.14818	25.65
2025.11.05	00:18:00	1.14816	1.14817	1.14815	1.14816	24.30
2025.11.05	00:19:00	1.14816	1.14823	1.14816	1.14821	35.22
2025.11.05	00:20:00	1.14825	1.14829	1.14822	1.14822	21.52
2025.11.05	00:21:00	1.14822	1.14827	1.14822	1.14825	22.95
2025.11.05	00:22:00	1.14825	1.14825	1.14824	1.14825	4.05
2025.11.05	00:23:00	1.14827	1.14827	1.14819	1.14819	25.20
2025.11.05	00:24:00	1.14819	1.14821	1.14817	1.14821	14.40
2025.11.05	00:25:00	1.14819	1.14821	1.14816	1.14818	35.37
2025.11.05	00:26:00	1.14817	1.14823	1.14816	1.14820	40.44
2025.11.05	00:27:00	1.14819	1.14823	1.14817	1.14823	37.83
2025.11.05	00:28:00	1.14826	1.14835	1.14826	1.14832	39.26
2025.11.05	00:29:00	1.14832	1.14847	1.14832	1.14846	49.05
2025.11.05	00:30:00	1.14845	1.14849	1.14839	1.14847	156.80
2025.11.05	00:31:00	1.14847	1.14849	1.14839	1.14843	92.08
2025.11.05	00:32:00	1.14844	1.14853	1.14842	1.14847	62.40
2025.11.05	00:33:00	1.14847	1.14849	1.14836	1.14836	41.60
2025.11.05	00:34:00	1.14837	1.14842	1.14836	1.14842	94.09
2025.11.05	00:35:00	1.14842	1.14842	1.14837	1.14840	103.78
2025.11.05	00:36:00	1.14840	1.14841	1.14837	1.14838	79.31
2025.11.05	00:37:00	1.14836	1.14840	1.14835	1.14839	77.15
2025.11.05	00:38:00	1.14838	1.14843	1.14836	1.14842	70.69
2025.11.05	00:39:00	1.14841	1.14842	1.14838	1.14840	59.60
2025.11.05	00:40:00	1.14840	1.14846	1.14838	1.14841	106.85
2025.11.05	00:41:00	1.14840	1.14842	1.14834	1.14837	84.20
2025.11.05	00:42:00	1.14838	1.14841	1.14825	1.14828	112.87
2025.11.05	00:43:00	1.14828	1.14838	1.14827	1.14836	113.13
2025.11.05	00:44:00	1.14834	1.14840	1.14832	1.14840	71.79
2025.11.05	00:45:00	1.14840	1.14840	1.14836	1.14838	62.82
2025.11.05	00:46:00	1.14836	1.14840	1.14830	1.14830	77.67
2025.11.05	00:47:00	1.14831	1.14843	1.14831	1.14842	111.21
2025.11.05	00:48:00	1.14842	1.14847	1.14841	1.14842	83.82
2025.11.05	00:49:00	1.14842	1.14842	1.14832	1.14842	43.61
2025.11.05	00:50:00	1.14842	1.14846	1.14840	1.14843	82.19
2025.11.05	00:51:00	1.14844	1.14844	1.14836	1.14836	37.46
2025.11.05	00:52:00	1.14836	1.14841	1.14835	1.14838	27.49
2025.11.05	00:53:00	1.14840	1.14842	1.14832	1.14832	120.83
2025.11.05	00:54:00	1.14834	1.14835	1.14807	1.14814	181.55
2025.11.05	00:55:00	1.14815	1.14827	1.14811	1.14815	135.26
2025.11.05	00:56:00	1.14815	1.14822	1.14811	1.14815	145.37
2025.11.05	00:57:00	1.14818	1.14841	1.14815	1.14838	138.68
2025.11.05	00:58:00	1.14837	1.14843	1.14831	1.14835	96.37
2025.11.05	00:59:00	1.14836	1.14839	1.14830	1.14837	46.17
2025.11.05	01:00:00	1.14835	1.14841	1.14822	1.14840	148.65
2025.11.05	01:01:00	1.14841	1.14847	1.14838	1.14845	68.76
2025.11.05	01:02:00	1.14845	1.14846	1.14838	1.14842	71.11
2025.11.05	01:03:00	1.14842	1.14848	1.14840	1.14848	51.48
2025.11.05	01:04:00	1.14848	1.14849	1.14838	1.14841	52.77
2025.11.05	01:05:00	1.14842	1.14844	1.14840	1.14842	53.40
2025.11.05	01:06:00	1.14841	1.14848	1.14835	1.14839	45.22
2025.11.05	01:07:00	1.14839	1.14840	1.14827	1.14838	72.95
2025.11.05	01:08:00	1.14838	1.14838	1.14820	1.14825	92.15
2025.11.05	01:09:00	1.14825	1.14826	1.14802	1.14802	68.57
2025.11.05	01:10:00	1.14799	1.14806	1.14797	1.14801	81.21
2025.11.05	01:11:00	1.14801	1.14806	1.14798	1.14803	65.20
2025.11.05	01:12:00	1.14804	1.14818	1.14804	1.14814	48.15
2025.11.05	01:13:00	1.14816	1.14819	1.14812	1.14819	46.14
2025.11.05	01:14:00	1.14821	1.14823	1.14815	1.14823	53.48
2025.11.05	01:15:00	1.14822	1.14828	1.14819	1.14824	73.94
2025.11.05	01:16:00	1.14828	1.14833	1.14820	1.14832	47.92
2025.11.05	01:17:00	1.14833	1.14842	1.14824	1.14842	70.37
2025.11.05	01:18:00	1.14840	1.14847	1.14840	1.14842	41.29
2025.11.05	01:19:00	1.14847	1.14847	1.14828	1.14828	55.93
2025.11.05	01:20:00	1.14830	1.14838	1.14825	1.14832	58.92
2025.11.05	01:21:00	1.14831	1.14836	1.14826	1.14826	78.11
2025.11.05	01:22:00	1.14825	1.14846	1.14825	1.14844	61.44
2025.11.05	01:23:00	1.14844	1.14878	1.14841	1.14873	83.74
2025.11.05	01:24:00	1.14874	1.14885	1.14873	1.14883	77.20
2025.11.05	01:25:00	1.14882	1.14893	1.14872	1.14872	79.14
2025.11.05	01:26:00	1.14872	1.14882	1.14865	1.14879	102.75
2025.11.05	01:27:00	1.14880	1.14895	1.14876	1.14894	88.42
2025.11.05	01:28:00	1.14895	1.14895	1.14873	1.14878	61.03
2025.11.05	01:29:00	1.14876	1.14879	1.14869	1.14872	33.67
2025.11.05	01:30:00	1.14871	1.14892	1.14871	1.14890	58.61
2025.11.05	01:31:00	1.14888	1.14891	1.14876	1.14882	99.15
2025.11.05	01:32:00	1.14880	1.14893	1.14880	1.14887	111.93
2025.11.05	01:33:00	1.14885	1.14887	1.14872	1.14873	31.72
2025.11.05	01:34:00	1.14872	1.14888	1.14872	1.14881	50.35
2025.11.05	01:35:00	1.14881	1.14911	1.14875	1.14906	126.03
2025.11.05	01:36:00	1.14904	1.14933	1.14901	1.14928	171.79
2025.11.05	01:37:00	1.14926	1.14947	1.14924	1.14933	128.66
2025.11.05	01:38:00	1.14932	1.14953	1.14931	1.14947	150.11
2025.11.05	01:39:00	1.14948	1.14958	1.14939	1.14956	119.41
2025.11.05	01:40:00	1.14954	1.14967	1.14952	1.14961	119.81
2025.11.05	01:41:00	1.14960	1.14966	1.14952	1.14960	111.29
2025.11.05	01:42:00	1.14959	1.14970	1.14958	1.14967	100.82
2025.11.05	01:43:00	1.14966	1.14975	1.14962	1.14974	94.06
2025.11.05	01:44:00	1.14973	1.14978	1.14960	1.14962	71.15
2025.11.05	01:45:00	1.14963	1.14966	1.14944	1.14953	143.47
2025.11.05	01:46:00	1.14953	1.14956	1.14931	1.14934	162.37
2025.11.05	01:47:00	1.14932	1.14936	1.14919	1.14936	116.81
2025.11.05	01:48:00	1.14936	1.14940	1.14935	1.14937	41.56
2025.11.05	01:49:00	1.14938	1.14942	1.14936	1.14938	60.51
2025.11.05	01:50:00	1.14938	1.14938	1.14933	1.14936	55.26
2025.11.05	01:51:00	1.14935	1.14937	1.14926	1.14927	84.55
2025.11.05	01:52:00	1.14931	1.14935	1.14925	1.14928	96.49
2025.11.05	01:53:00	1.14927	1.14932	1.14918	1.14921	104.80
2025.11.05	01:54:00	1.14920	1.14922	1.14914	1.14914	77.26
2025.11.05	01:55:00	1.14915	1.14929	1.14913	1.14924	58.40
2025.11.05	01:56:00	1.14926	1.14932	1.14913	1.14930	104.44
2025.11.05	01:57:00	1.14932	1.14932	1.14912	1.14913	55.01
2025.11.05	01:58:00	1.14913	1.14913	1.14896	1.14900	100.41
2025.11.05	01:59:00	1.14902	1.14905	1.14890	1.14892	95.25
2025.11.05	02:00:00	1.14892	1.14915	1.14892	1.14913	137.06
2025.11.05	02:01:00	1.14912	1.14918	1.14911	1.14918	32.56
2025.11.05	02:02:00	1.14918	1.14920	1.14898	1.14899	100.75
2025.11.05	02:03:00	1.14900	1.14902	1.14889	1.14891	73.82
2025.11.05	02:04:00	1.14892	1.14905	1.14892	1.14902	83.99
2025.11.05	02:05:00	1.14902	1.14904	1.14897	1.14901	105.19
2025.11.05	02:06:00	1.14903	1.14906	1.14901	1.14902	54.56
2025.11.05	02:07:00	1.14902	1.14903	1.14889	1.14896	55.64
2025.11.05	02:08:00	1.14894	1.14895	1.14872	1.14872	40.25
2025.11.05	02:09:00	1.14874	1.14880	1.14869	1.14878	40.70
2025.11.05	02:10:00	1.14879	1.14883	1.14878	1.14879	34.75
2025.11.05	02:11:00	1.14878	1.14880	1.14878	1.14879	8.75
2025.11.05	02:12:00	1.14878	1.14878	1.14864	1.14864	37.88
2025.11.05	02:13:00	1.14867	1.14873	1.14866	1.14868	36.15
2025.11.05	02:14:00	1.14870	1.14870	1.14853	1.14858	67.65
2025.11.05	02:15:00	1.14860	1.14863	1.14856	1.14856	35.55
2025.11.05	02:16:00	1.14857	1.14860	1.14855	1.14857	16.40
2025.11.05	02:17:00	1.14855	1.14859	1.14851	1.14859	44.49
2025.11.05	02:18:00	1.14859	1.14861	1.14855	1.14861	19.35
2025.11.05	02:19:00	1.14860	1.14869	1.14858	1.14868	23.85
2025.11.05	02:20:00	1.14867	1.14869	1.14866	1.14867	11.25
2025.11.05	02:21:00	1.14865	1.14873	1.14865	1.14867	48.28
2025.11.05	02:22:00	1.14867	1.14867	1.14861	1.14863	42.45
2025.11.05	02:23:00	1.14862	1.14868	1.14862	1.14868	23.15
2025.11.05	02:24:00	1.14866	1.14866	1.14857	1.14859	37.95
2025.11.05	02:25:00	1.14858	1.14869	1.14858	1.14868	44.73
2025.11.05	02:26:00	1.14867	1.14871	1.14867	1.14869	9.40
2025.11.05	02:27:00	1.14871	1.14877	1.14868	1.14877	25.18
2025.11.05	02:28:00	1.14878	1.14887	1.14876	1.14886	12.28
2025.11.05	02:29:00	1.14887	1.14893	1.14887	1.14890	32.28
2025.11.05	02:30:00	1.14893	1.14899	1.14890	1.14892	43.85
2025.11.05	02:31:00	1.14892	1.14907	1.14891	1.14907	45.40
2025.11.05	02:32:00	1.14906	1.14915	1.14906	1.14915	42.75
2025.11.05	02:33:00	1.14914	1.14916	1.14909	1.14912	33.95
2025.11.05	02:34:00	1.14911	1.14915	1.14905	1.14915	33.30
2025.11.05	02:35:00	1.14913	1.14917	1.14908	1.14911	43.51
2025.11.05	02:36:00	1.14910	1.14915	1.14907	1.14909	84.17
2025.11.05	02:37:00	1.14910	1.14912	1.14905	1.14907	97.76
2025.11.05	02:38:00	1.14908	1.14909	1.14903	1.14908	86.98
2025.11.05	02:39:00	1.14909	1.14909	1.14891	1.14898	82.00
2025.11.05	02:40:00	1.14898	1.14907	1.14892	1.14892	86.25
2025.11.05	02:41:00	1.14891	1.14894	1.14886	1.14886	37.30
2025.11.05	02:42:00	1.14886	1.14887	1.14877	1.14878	38.25
2025.11.05	02:43:00	1.14877	1.14883	1.14877	1.14883	40.78
2025.11.05	02:44:00	1.14881	1.14881	1.14872	1.14875	36.26
2025.11.05	02:45:00	1.14876	1.14877	1.14871	1.14877	56.90
2025.11.05	02:46:00	1.14877	1.14879	1.14870	1.14872	50.96
2025.11.05	02:47:00	1.14872	1.14879	1.14865	1.14877	48.07
2025.11.05	02:48:00	1.14877	1.14883	1.14875	1.14882	52.37
2025.11.05	02:49:00	1.14881	1.14890	1.14881	1.14887	84.46
2025.11.05	02:50:00	1.14889	1.14897	1.14886	1.14897	53.89
2025.11.05	02:51:00	1.14897	1.14898	1.14888	1.14888	31.97
2025.11.05	02:52:00	1.14890	1.14892	1.14887	1.14888	35.84
2025.11.05	02:53:00	1.14887	1.14893	1.14886	1.14893	29.70
2025.11.05	02:54:00	1.14894	1.14894	1.14885	1.14886	44.10
2025.11.05	02:55:00	1.14887	1.14889	1.14881	1.14886	33.13
2025.11.05	02:56:00	1.14886	1.14892	1.14885	1.14889	62.37
2025.11.05	02:57:00	1.14889	1.14890	1.14884	1.14890	67.69
2025.11.05	02:58:00	1.14888	1.14898	1.14888	1.14893	24.84
2025.11.05	02:59:00	1.14894	1.14894	1.14881	1.14884	28.99
2025.11.05	03:00:00	1.14882	1.14892	1.14879	1.14889	47.31
2025.11.05	03:01:00	1.14886	1.14889	1.14886	1.14888	21.93
2025.11.05	03:02:00	1.14888	1.14894	1.14887	1.14891	31.32
2025.11.05	03:03:00	1.14892	1.14920	1.14892	1.14920	24.99
2025.11.05	03:04:00	1.14918	1.14922	1.14914	1.14918	38.22
2025.11.05	03:05:00	1.14918	1.14923	1.14913	1.14913	49.98
2025.11.05	03:06:00	1.14911	1.14922	1.14911	1.14922	34.50
2025.11.05	03:07:00	1.14922	1.14923	1.14907	1.14909	27.22
2025.11.05	03:08:00	1.14910	1.14910	1.14893	1.14897	43.48
2025.11.05	03:09:00	1.14896	1.14912	1.14896	1.14912	80.16
2025.11.05	03:10:00	1.14912	1.14916	1.14907	1.14915	84.64
2025.11.05	03:11:00	1.14916	1.14917	1.14915	1.14917	97.57
2025.11.05	03:12:00	1.14917	1.14917	1.14909	1.14910	120.80
2025.11.05	03:13:00	1.14911	1.14913	1.14906	1.14912	50.17
2025.11.05	03:14:00	1.14910	1.14914	1.14909	1.14910	38.15
2025.11.05	03:15:00	1.14910	1.14910	1.14905	1.14907	37.74
2025.11.05	03:16:00	1.14907	1.14907	1.14901	1.14901	27.55
2025.11.05	03:17:00	1.14903	1.14908	1.14897	1.14898	90.82
2025.11.05	03:18:00	1.14900	1.14902	1.14900	1.14901	5.40
2025.11.05	03:19:00	1.14899	1.14899	1.14892	1.14892	22.49
2025.11.05	03:20:00	1.14893	1.14894	1.14891	1.14894	6.52
2025.11.05	03:21:00	1.14894	1.14901	1.14894	1.14898	15.27
2025.11.05	03:22:00	1.14898	1.14901	1.14896	1.14899	39.76
2025.11.05	03:23:00	1.14900	1.14900	1.14895	1.14899	22.61
2025.11.05	03:24:00	1.14899	1.14901	1.14899	1.14900	2.70
2025.11.05	03:25:00	1.14900	1.14906	1.14894	1.14894	24.14
2025.11.05	03:26:00	1.14895	1.14898	1.14888	1.14889	35.22
2025.11.05	03:27:00	1.14891	1.14898	1.14888	1.14889	32.79
2025.11.05	03:28:00	1.14889	1.14889	1.14885	1.14888	20.67
2025.11.05	03:29:00	1.14888	1.14889	1.14884	1.14884	6.30
2025.11.05	03:30:00	1.14885	1.14885	1.14872	1.14873	26.48
2025.11.05	03:31:00	1.14874	1.14878	1.14873	1.14878	6.30
2025.11.05	03:32:00	1.14880	1.14883	1.14877	1.14880	15.96
2025.11.05	03:33:00	1.14879	1.14881	1.14876	1.14878	10.05
2025.11.05	03:34:00	1.14878	1.14881	1.14872	1.14874	16.20
2025.11.05	03:35:00	1.14875	1.14883	1.14871	1.14878	41.57
2025.11.05	03:36:00	1.14880	1.14881	1.14868	1.14870	16.12
2025.11.05	03:37:00	1.14870	1.14872	1.14870	1.14872	5.15
2025.11.05	03:38:00	1.14872	1.14874	1.14866	1.14866	15.85
2025.11.05	03:39:00	1.14867	1.14885	1.14866	1.14884	25.29
2025.11.05	03:40:00	1.14882	1.14890	1.14879	1.14889	44.80
2025.11.05	03:41:00	1.14890	1.14890	1.14872	1.14874	24.47
2025.11.05	03:42:00	1.14873	1.14873	1.14871	1.14873	7.60
2025.11.05	03:43:00	1.14873	1.14876	1.14872	1.14872	10.80
2025.11.05	03:44:00	1.14875	1.14888	1.14873	1.14886	38.58
2025.11.05	03:45:00	1.14889	1.14893	1.14878	1.14893	65.19
2025.11.05	03:46:00	1.14892	1.14898	1.14874	1.14880	99.27
2025.11.05	03:47:00	1.14879	1.14882	1.14874	1.14878	102.85
2025.11.05	03:48:00	1.14877	1.14883	1.14872	1.14873	57.95
2025.11.05	03:49:00	1.14871	1.14884	1.14869	1.14884	58.95
2025.11.05	03:50:00	1.14882	1.14882	1.14864	1.14872	80.75
2025.11.05	03:51:00	1.14872	1.14875	1.14864	1.14864	41.15
2025.11.05	03:52:00	1.14864	1.14864	1.14859	1.14863	20.45
2025.11.05	03:53:00	1.14862	1.14869	1.14859	1.14860	41.14
2025.11.05	03:54:00	1.14859	1.14871	1.14858	1.14870	75.53
2025.11.05	03:55:00	1.14869	1.14873	1.14858	1.14873	60.13
2025.11.05	03:56:00	1.14872	1.14889	1.14872	1.14877	44.55
2025.11.05	03:57:00	1.14876	1.14876	1.14870	1.14874	18.30
2025.11.05	03:58:00	1.14872	1.14882	1.14872	1.14881	29.35
2025.11.05	03:59:00	1.14883	1.14887	1.14883	1.14885	17.50
2025.11.05	04:00:00	1.14885	1.14889	1.14882	1.14888	11.45
2025.11.05	04:01:00	1.14889	1.14889	1.14876	1.14878	24.30
2025.11.05	04:02:00	1.14875	1.14888	1.14875	1.14888	20.90
2025.11.05	04:03:00	1.14888	1.14897	1.14888	1.14888	36.90
2025.11.05	04:04:00	1.14888	1.14893	1.14888	1.14893	6.70
2025.11.05	04:05:00	1.14894	1.14894	1.14890	1.14890	7.75
2025.11.05	04:06:00	1.14894	1.14895	1.14884	1.14886	31.30
2025.11.05	04:07:00	1.14890	1.14894	1.14889	1.14893	9.90
2025.11.05	04:08:00	1.14893	1.14894	1.14892	1.14892	4.90
2025.11.05	04:09:00	1.14894	1.14899	1.14892	1.14896	16.37
2025.11.05	04:10:00	1.14898	1.14902	1.14890	1.14890	35.12
2025.11.05	04:11:00	1.14890	1.14890	1.14884	1.14887	55.77
2025.11.05	04:12:00	1.14886	1.14889	1.14880	1.14882	43.92
2025.11.05	04:13:00	1.14882	1.14891	1.14882	1.14890	16.60
2025.11.05	04:14:00	1.14888	1.14890	1.14888	1.14889	4.00
2025.11.05	04:15:00	1.14891	1.14897	1.14890	1.14893	11.25
2025.11.05	04:16:00	1.14895	1.14898	1.14893	1.14897	17.27
2025.11.05	04:17:00	1.14897	1.14898	1.14894	1.14894	15.94
2025.11.05	04:18:00	1.14894	1.14899	1.14888	1.14897	29.91
2025.11.05	04:19:00	1.14899	1.14904	1.14899	1.14902	6.05
2025.11.05	04:20:00	1.14901	1.14902	1.14901	1.14902	4.00
2025.11.05	04:21:00	1.14900	1.14900	1.14895	1.14898	12.30
2025.11.05	04:22:00	1.14897	1.14903	1.14897	1.14901	6.30
2025.11.05	04:23:00	1.14902	1.14902	1.14898	1.14901	7.60
2025.11.05	04:24:00	1.14902	1.14905	1.14902	1.14902	9.65
2025.11.05	04:25:00	1.14901	1.14901	1.14891	1.14892	18.40
2025.11.05	04:26:00	1.14893	1.14895	1.14892	1.14892	12.14
2025.11.05	04:27:00	1.14893	1.14899	1.14893	1.14897	18.15
2025.11.05	04:28:00	1.14898	1.14899	1.14896	1.14898	16.20
2025.11.05	04:29:00	1.14899	1.14901	1.14894	1.14896	47.65
2025.11.05	04:30:00	1.14897	1.14899	1.14895	1.14898	18.29
2025.11.05	04:31:00	1.14898	1.14901	1.14898	1.14900	16.94
2025.11.05	04:32:00	1.14902	1.14907	1.14899	1.14907	38.11
2025.11.05	04:33:00	1.14904	1.14908	1.14903	1.14908	16.94
2025.11.05	04:34:00	1.14908	1.14908	1.14900	1.14900	26.70
2025.11.05	04:35:00	1.14900	1.14902	1.14895	1.14898	83.73
2025.11.05	04:36:00	1.14900	1.14902	1.14899	1.14900	108.95
2025.11.05	04:37:00	1.14902	1.14907	1.14900	1.14906	31.35
2025.11.05	04:38:00	1.14907	1.14914	1.14907	1.14911	16.87
2025.11.05	04:39:00	1.14913	1.14913	1.14910	1.14911	9.75
2025.11.05	04:40:00	1.14911	1.14912	1.14910	1.14910	47.58
2025.11.05	04:41:00	1.14911	1.14912	1.14907	1.14911	46.55
2025.11.05	04:42:00	1.14912	1.14912	1.14912	1.14912	0.90
2025.11.05	04:43:00	1.14915	1.14917	1.14911	1.14911	16.60
2025.11.05	04:44:00	1.14911	1.14918	1.14909	1.14913	19.70
2025.11.05	04:45:00	1.14913	1.14917	1.14911	1.14911	17.76
2025.11.05	04:46:00	1.14912	1.14914	1.14912	1.14913	9.45
2025.11.05	04:47:00	1.14909	1.14912	1.14908	1.14909	26.75
2025.11.05	04:48:00	1.14909	1.14910	1.14902	1.14902	38.00
2025.11.05	04:49:00	1.14902	1.14902	1.14891	1.14891	46.55
2025.11.05	04:50:00	1.14892	1.14897	1.14892	1.14897	9.00
2025.11.05	04:51:00	1.14898	1.14902	1.14897	1.14899	11.28
2025.11.05	04:52:00	1.14901	1.14902	1.14898	1.14899	14.15
2025.11.05	04:54:00	1.14897	1.14898	1.14897	1.14898	3.60
2025.11.05	04:55:00	1.14896	1.14903	1.14896	1.14903	8.10
2025.11.05	04:56:00	1.14906	1.14909	1.14903	1.14903	25.85
2025.11.05	04:57:00	1.14903	1.14903	1.14902	1.14902	1.98
2025.11.05	04:58:00	1.14903	1.14910	1.14903	1.14908	16.05
2025.11.05	04:59:00	1.14909	1.14910	1.14906	1.14906	10.92
2025.11.05	05:00:00	1.14908	1.14908	1.14902	1.14905	29.91
2025.11.05	05:01:00	1.14907	1.14909	1.14906	1.14907	21.42
2025.11.05	05:02:00	1.14908	1.14909	1.14906	1.14906	39.60
2025.11.05	05:03:00	1.14907	1.14907	1.14903	1.14905	17.30
2025.11.05	05:04:00	1.14904	1.14908	1.14903	1.14903	23.58
2025.11.05	05:05:00	1.14904	1.14904	1.14897	1.14900	10.80
2025.11.05	05:06:00	1.14898	1.14903	1.14895	1.14898	17.10
2025.11.05	05:07:00	1.14896	1.14898	1.14893	1.14897	21.15
2025.11.05	05:08:00	1.14897	1.14897	1.14894	1.14895	18.45
2025.11.05	05:09:00	1.14896	1.14896	1.14895	1.14896	5.40
2025.11.05	05:10:00	1.14899	1.14899	1.14895	1.14897	12.35
2025.11.05	05:11:00	1.14898	1.14898	1.14895	1.14897	12.60
2025.11.05	05:12:00	1.14897	1.14910	1.14897	1.14909	32.67
2025.11.05	05:13:00	1.14912	1.14918	1.14910	1.14910	40.94
2025.11.05	05:14:00	1.14910	1.14917	1.14910	1.14916	22.95
2025.11.05	05:15:00	1.14914	1.14919	1.14913	1.14918	30.49
2025.11.05	05:16:00	1.14918	1.14919	1.14910	1.14910	10.32
2025.11.05	05:17:00	1.14912	1.14913	1.14907	1.14909	9.22
2025.11.05	05:18:00	1.14906	1.14907	1.14906	1.14907	4.50
2025.11.05	05:19:00	1.14909	1.14914	1.14909	1.14912	4.50
2025.11.05	05:20:00	1.14912	1.14915	1.14907	1.14907	20.04
2025.11.05	05:21:00	1.14908	1.14914	1.14908	1.14912	13.23
2025.11.05	05:22:00	1.14912	1.14913	1.14909	1.14910	7.47
2025.11.05	05:23:00	1.14913	1.14914	1.14909	1.14913	4.59
2025.11.05	05:24:00	1.14909	1.14909	1.14905	1.14907	23.82
2025.11.05	05:25:00	1.14908	1.14916	1.14908	1.14912	23.13
2025.11.05	05:26:00	1.14913	1.14924	1.14913	1.14924	15.84
2025.11.05	05:27:00	1.14923	1.14923	1.14923	1.14923	2.70
2025.11.05	05:28:00	1.14927	1.14934	1.14927	1.14932	20.76
2025.11.05	05:29:00	1.14936	1.14936	1.14928	1.14929	29.43
2025.11.05	05:30:00	1.14926	1.14927	1.14923	1.14926	39.21
2025.11.05	05:31:00	1.14927	1.14933	1.14926	1.14926	30.03
2025.11.05	05:32:00	1.14927	1.14927	1.14918	1.14918	19.45
2025.11.05	05:33:00	1.14919	1.14921	1.14912	1.14913	28.51
2025.11.05	05:34:00	1.14913	1.14919	1.14913	1.14916	10.38
2025.11.05	05:35:00	1.14917	1.14932	1.14917	1.14930	51.27
2025.11.05	05:36:00	1.14932	1.14932	1.14923	1.14925	27.23
2025.11.05	05:37:00	1.14925	1.14929	1.14925	1.14928	8.59
2025.11.05	05:38:00	1.14926	1.14927	1.14926	1.14927	1.89
2025.11.05	05:39:00	1.14926	1.14927	1.14925	1.14927	16.67
2025.11.05	05:40:00	1.14926	1.14926	1.14926	1.14926	0.99
2025.11.05	05:41:00	1.14926	1.14926	1.14918	1.14918	16.01
2025.11.05	05:42:00	1.14923	1.14924	1.14923	1.14924	7.29
2025.11.05	05:43:00	1.14923	1.14926	1.14919	1.14926	26.61
2025.11.05	05:44:00	1.14925	1.14928	1.14923	1.14928	12.60
2025.11.05	05:45:00	1.14927	1.14929	1.14926	1.14927	21.96
2025.11.05	05:46:00	1.14926	1.14928	1.14924	1.14924	21.73
2025.11.05	05:47:00	1.14924	1.14929	1.14924	1.14928	16.49
2025.11.05	05:48:00	1.14927	1.14931	1.14926	1.14929	17.42
2025.11.05	05:49:00	1.14927	1.14929	1.14923	1.14924	29.76
2025.11.05	05:51:00	1.14924	1.14933	1.14924	1.14933	17.76
2025.11.05	05:52:00	1.14934	1.14934	1.14926	1.14927	44.37
2025.11.05	05:53:00	1.14927	1.14933	1.14926	1.14929	46.93
2025.11.05	05:54:00	1.14930	1.14934	1.14927	1.14932	30.60
2025.11.05	05:55:00	1.14932	1.14940	1.14932	1.14938	50.10
2025.11.05	05:56:00	1.14938	1.14940	1.14916	1.14916	146.02
2025.11.05	05:57:00	1.14914	1.14917	1.14907	1.14917	61.07
2025.11.05	05:58:00	1.14916	1.14920	1.14915	1.14917	37.82
2025.11.05	05:59:00	1.14915	1.14919	1.14912	1.14916	26.82
2025.11.05	06:00:00	1.14915	1.14920	1.14908	1.14913	54.66
2025.11.05	06:01:00	1.14913	1.14923	1.14913	1.14923	39.10
2025.11.05	06:02:00	1.14924	1.14924	1.14915	1.14918	36.13
2025.11.05	06:03:00	1.14917	1.14918	1.14914	1.14914	14.40
2025.11.05	06:04:00	1.14914	1.14923	1.14912	1.14922	33.75
2025.11.05	06:05:00	1.14922	1.14923	1.14919	1.14922	16.40
2025.11.05	06:06:00	1.14923	1.14926	1.14920	1.14923	32.69
2025.11.05	06:07:00	1.14923	1.14926	1.14922	1.14923	10.80
2025.11.05	06:08:00	1.14928	1.14932	1.14924	1.14927	22.88
2025.11.05	06:10:00	1.14924	1.14924	1.14919	1.14924	8.54
2025.11.05	06:11:00	1.14923	1.14927	1.14923	1.14927	3.60
2025.11.05	06:12:00	1.14926	1.14928	1.14924	1.14927	13.05
2025.11.05	06:13:00	1.14929	1.14929	1.14926	1.14927	8.10
2025.11.05	06:14:00	1.14926	1.14928	1.14923	1.14925	15.30
2025.11.05	06:15:00	1.14925	1.14926	1.14918	1.14924	28.75
2025.11.05	06:16:00	1.14921	1.14941	1.14921	1.14936	33.81
2025.11.05	06:17:00	1.14936	1.14936	1.14931	1.14934	53.01
2025.11.05	06:18:00	1.14934	1.14940	1.14931	1.14935	55.08
2025.11.05	06:19:00	1.14933	1.14933	1.14926	1.14927	28.21
2025.11.05	06:20:00	1.14929	1.14929	1.14921	1.14922	35.18
2025.11.05	06:21:00	1.14922	1.14933	1.14921	1.14932	38.74
2025.11.05	06:22:00	1.14932	1.14932	1.14923	1.14923	18.28
2025.11.05	06:23:00	1.14921	1.14923	1.14921	1.14922	10.80
2025.11.05	06:24:00	1.14923	1.14930	1.14922	1.14929	17.10
2025.11.05	06:25:00	1.14928	1.14933	1.14927	1.14933	13.72
2025.11.05	06:26:00	1.14933	1.14935	1.14933	1.14935	4.50
2025.11.05	06:27:00	1.14935	1.14935	1.14928	1.14928	19.83
2025.11.05	06:28:00	1.14928	1.14929	1.14928	1.14928	4.50
2025.11.05	06:29:00	1.14929	1.14932	1.14924	1.14924	20.65
2025.11.05	06:30:00	1.14923	1.14923	1.14899	1.14903	59.17
2025.11.05	06:31:00	1.14904	1.14904	1.14900	1.14904	24.00
2025.11.05	06:32:00	1.14903	1.14903	1.14887	1.14889	31.81
2025.11.05	06:33:00	1.14890	1.14891	1.14870	1.14873	80.53
2025.11.05	06:34:00	1.14871	1.14882	1.14871	1.14876	60.33
2025.11.05	06:35:00	1.14877	1.14886	1.14876	1.14882	45.03
2025.11.05	06:36:00	1.14883	1.14887	1.14881	1.14885	50.06
2025.11.05	06:37:00	1.14885	1.14887	1.14880	1.14881	51.18
2025.11.05	06:38:00	1.14882	1.14888	1.14881	1.14887	36.58
2025.11.05	06:39:00	1.14887	1.14887	1.14881	1.14885	71.64
2025.11.05	06:40:00	1.14885	1.14891	1.14883	1.14888	58.72
2025.11.05	06:41:00	1.14887	1.14888	1.14886	1.14886	20.34
2025.11.05	06:42:00	1.14887	1.14889	1.14876	1.14879	89.74
2025.11.05	06:43:00	1.14880	1.14883	1.14878	1.14880	48.60
2025.11.05	06:44:00	1.14880	1.14881	1.14875	1.14878	35.50
2025.11.05	06:45:00	1.14876	1.14884	1.14875	1.14882	40.90
2025.11.05	06:46:00	1.14880	1.14895	1.14877	1.14892	60.34
2025.11.05	06:47:00	1.14893	1.14896	1.14888	1.14892	53.80
2025.11.05	06:48:00	1.14891	1.14894	1.14890	1.14892	28.20
2025.11.05	06:49:00	1.14891	1.14893	1.14887	1.14888	29.60
2025.11.05	06:50:00	1.14888	1.14893	1.14888	1.14893	5.40
2025.11.05	06:51:00	1.14892	1.14900	1.14892	1.14899	9.90
2025.11.05	06:52:00	1.14900	1.14903	1.14895	1.14896	20.70
2025.11.05	06:53:00	1.14898	1.14898	1.14894	1.14894	9.22
2025.11.05	06:54:00	1.14893	1.14893	1.14889	1.14890	36.54
2025.11.05	06:55:00	1.14889	1.14889	1.14872	1.14872	38.20
2025.11.05	06:56:00	1.14873	1.14874	1.14869	1.14872	23.40
2025.11.05	06:57:00	1.14871	1.14880	1.14871	1.14874	19.15
2025.11.05	06:58:00	1.14873	1.14878	1.14872	1.14873	27.70
2025.11.05	06:59:00	1.14875	1.14881	1.14875	1.14879	16.43
2025.11.05	07:00:00	1.14878	1.14878	1.14867	1.14874	42.31
2025.11.05	07:01:00	1.14871	1.14872	1.14868	1.14868	10.11
2025.11.05	07:02:00	1.14867	1.14868	1.14858	1.14864	43.12
2025.11.05	07:03:00	1.14866	1.14878	1.14866	1.14868	55.81
2025.11.05	07:04:00	1.14867	1.14873	1.14864	1.14868	48.05
2025.11.05	07:05:00	1.14869	1.14870	1.14864	1.14867	24.25
2025.11.05	07:06:00	1.14869	1.14883	1.14869	1.14878	74.71
2025.11.05	07:07:00	1.14878	1.14888	1.14869	1.14881	119.62
2025.11.05	07:08:00	1.14884	1.14888	1.14866	1.14868	101.09
2025.11.05	07:09:00	1.14869	1.14869	1.14859	1.14862	55.05
2025.11.05	07:10:00	1.14863	1.14865	1.14854	1.14863	72.59
2025.11.05	07:11:00	1.14863	1.14874	1.14863	1.14874	40.33
2025.11.05	07:12:00	1.14871	1.14882	1.14867	1.14882	43.62
2025.11.05	07:13:00	1.14880	1.14889	1.14877	1.14889	36.27
2025.11.05	07:14:00	1.14888	1.14889	1.14885	1.14885	23.12
2025.11.05	07:15:00	1.14884	1.14888	1.14875	1.14878	31.09
2025.11.05	07:16:00	1.14876	1.14881	1.14870	1.14876	35.94
2025.11.05	07:17:00	1.14877	1.14882	1.14874	1.14874	46.28
2025.11.05	07:18:00	1.14875	1.14875	1.14860	1.14863	53.67
2025.11.05	07:19:00	1.14863	1.14864	1.14837	1.14838	37.95
2025.11.05	07:20:00	1.14838	1.14847	1.14836	1.14842	35.27
2025.11.05	07:21:00	1.14840	1.14847	1.14835	1.14835	47.20
2025.11.05	07:22:00	1.14834	1.14842	1.14833	1.14837	41.80
2025.11.05	07:23:00	1.14838	1.14857	1.14837	1.14847	71.25
2025.11.05	07:24:00	1.14849	1.14852	1.14846	1.14848	31.50
2025.11.05	07:25:00	1.14848	1.14851	1.14848	1.14849	23.40
2025.11.05	07:26:00	1.14848	1.14854	1.14848	1.14852	16.20
2025.11.05	07:27:00	1.14852	1.14857	1.14851	1.14851	45.92
2025.11.05	07:28:00	1.14852	1.14857	1.14848	1.14856	44.47
2025.11.05	07:29:00	1.14857	1.14862	1.14856	1.14858	15.70
2025.11.05	07:30:00	1.14855	1.14855	1.14848	1.14852	48.47
2025.11.05	07:31:00	1.14856	1.14879	1.14852	1.14878	54.00
2025.11.05	07:32:00	1.14878	1.14887	1.14872	1.14885	61.20
2025.11.05	07:33:00	1.14887	1.14887	1.14876	1.14882	64.03
2025.11.05	07:34:00	1.14883	1.14891	1.14878	1.14883	99.93
2025.11.05	07:35:00	1.14882	1.14884	1.14869	1.14884	70.99
2025.11.05	07:36:00	1.14884	1.14889	1.14878	1.14878	23.30
2025.11.05	07:37:00	1.14877	1.14893	1.14877	1.14893	43.88
2025.11.05	07:38:00	1.14894	1.14909	1.14893	1.14907	71.25
2025.11.05	07:39:00	1.14905	1.14906	1.14894	1.14899	50.26
2025.11.05	07:40:00	1.14899	1.14902	1.14895	1.14899	43.35
2025.11.05	07:41:00	1.14901	1.14901	1.14894	1.14898	34.32
2025.11.05	07:42:00	1.14899	1.14899	1.14895	1.14899	6.30
2025.11.05	07:43:00	1.14899	1.14899	1.14890	1.14895	30.73
2025.11.05	07:44:00	1.14893	1.14895	1.14887	1.14887	39.15
2025.11.05	07:45:00	1.14887	1.14887	1.14877	1.14878	21.32
2025.11.05	07:46:00	1.14876	1.14879	1.14870	1.14879	42.70
2025.11.05	07:47:00	1.14877	1.14879	1.14865	1.14873	51.07
2025.11.05	07:48:00	1.14872	1.14873	1.14868	1.14873	40.50
2025.11.05	07:49:00	1.14872	1.14895	1.14872	1.14895	21.60
2025.11.05	07:50:00	1.14893	1.14894	1.14886	1.14887	48.15
2025.11.05	07:51:00	1.14886	1.14887	1.14878	1.14879	33.30
2025.11.05	07:52:00	1.14880	1.14888	1.14878	1.14887	21.69
2025.11.05	07:53:00	1.14888	1.14889	1.14884	1.14889	17.75
2025.11.05	07:54:00	1.14889	1.14896	1.14887	1.14888	53.10
2025.11.05	07:55:00	1.14887	1.14887	1.14875	1.14884	54.74
2025.11.05	07:56:00	1.14881	1.14884	1.14879	1.14884	40.68
2025.11.05	07:57:00	1.14882	1.14884	1.14869	1.14869	75.55
2025.11.05	07:58:00	1.14866	1.14899	1.14865	1.14891	93.77
2025.11.05	07:59:00	1.14893	1.14894	1.14867	1.14869	127.33
2025.11.05	08:00:00	1.14870	1.14893	1.14855	1.14866	229.99
2025.11.05	08:01:00	1.14866	1.14880	1.14866	1.14875	139.65
2025.11.05	08:02:00	1.14876	1.14902	1.14875	1.14901	156.77
2025.11.05	08:03:00	1.14902	1.14902	1.14883	1.14885	131.80
2025.11.05	08:04:00	1.14884	1.14905	1.14883	1.14896	104.32
2025.11.05	08:05:00	1.14897	1.14913	1.14895	1.14911	80.14
2025.11.05	08:06:00	1.14913	1.14937	1.14912	1.14937	62.98
2025.11.05	08:07:00	1.14937	1.14938	1.14924	1.14936	96.24
2025.11.05	08:08:00	1.14937	1.14947	1.14936	1.14936	110.93
2025.11.05	08:09:00	1.14936	1.14952	1.14930	1.14950	178.66
2025.11.05	08:10:00	1.14949	1.14950	1.14921	1.14921	140.10
2025.11.05	08:11:00	1.14922	1.14932	1.14922	1.14927	100.95
2025.11.05	08:12:00	1.14925	1.14941	1.14925	1.14941	41.94
2025.11.05	08:13:00	1.14939	1.14947	1.14936	1.14944	79.83
2025.11.05	08:14:00	1.14943	1.14952	1.14942	1.14948	40.68
2025.11.05	08:15:00	1.14949	1.14952	1.14944	1.14949	65.63
2025.11.05	08:16:00	1.14950	1.14950	1.14931	1.14931	76.56
2025.11.05	08:17:00	1.14932	1.14942	1.14931	1.14940	78.34
2025.11.05	08:18:00	1.14942	1.14952	1.14940	1.14943	78.48
2025.11.05	08:19:00	1.14943	1.14943	1.14907	1.14912	109.53
2025.11.05	08:20:00	1.14911	1.14918	1.14909	1.14915	40.90
2025.11.05	08:21:00	1.14916	1.14919	1.14906	1.14906	76.32
2025.11.05	08:22:00	1.14910	1.14911	1.14894	1.14896	38.62
2025.11.05	08:23:00	1.14898	1.14901	1.14895	1.14896	72.88
2025.11.05	08:24:00	1.14898	1.14918	1.14894	1.14918	91.44
2025.11.05	08:25:00	1.14918	1.14920	1.14903	1.14911	98.27
2025.11.05	08:26:00	1.14911	1.14911	1.14905	1.14908	53.93
2025.11.05	08:27:00	1.14906	1.14909	1.14898	1.14907	46.09
2025.11.05	08:28:00	1.14907	1.14917	1.14907	1.14909	100.47
2025.11.05	08:29:00	1.14910	1.14923	1.14908	1.14922	49.90
2025.11.05	08:30:00	1.14924	1.14924	1.14909	1.14912	109.90
2025.11.05	08:31:00	1.14916	1.14930	1.14915	1.14922	101.16
2025.11.05	08:32:00	1.14923	1.14949	1.14923	1.14939	84.19
2025.11.05	08:33:00	1.14940	1.14948	1.14940	1.14943	130.91
2025.11.05	08:34:00	1.14944	1.14944	1.14935	1.14943	56.50
2025.11.05	08:35:00	1.14942	1.14944	1.14933	1.14933	52.57
2025.11.05	08:36:00	1.14934	1.14945	1.14932	1.14937	35.14
2025.11.05	08:37:00	1.14937	1.14938	1.14929	1.14938	26.07
2025.11.05	08:38:00	1.14940	1.14943	1.14929	1.14932	67.53
2025.11.05	08:39:00	1.14929	1.14938	1.14924	1.14925	64.84
2025.11.05	08:40:00	1.14928	1.14929	1.14925	1.14927	43.32
2025.11.05	08:41:00	1.14924	1.14924	1.14911	1.14912	56.79
2025.11.05	08:42:00	1.14912	1.14916	1.14903	1.14906	36.90
2025.11.05	08:43:00	1.14904	1.14906	1.14895	1.14897	37.35
2025.11.05	08:44:00	1.14896	1.14904	1.14887	1.14902	64.75
2025.11.05	08:45:00	1.14904	1.14912	1.14900	1.14901	68.15
2025.11.05	08:46:00	1.14901	1.14907	1.14897	1.14901	88.69
2025.11.05	08:47:00	1.14902	1.14908	1.14891	1.14896	42.58
2025.11.05	08:48:00	1.14898	1.14899	1.14887	1.14892	101.49
2025.11.05	08:49:00	1.14892	1.14903	1.14890	1.14895	136.18
2025.11.05	08:50:00	1.14893	1.14934	1.14893	1.14931	120.85
2025.11.05	08:51:00	1.14931	1.14942	1.14929	1.14933	72.02
2025.11.05	08:52:00	1.14932	1.14934	1.14922	1.14930	57.57
2025.11.05	08:53:00	1.14929	1.14929	1.14917	1.14918	50.71
2025.11.05	08:54:00	1.14916	1.14926	1.14914	1.14919	69.05
2025.11.05	08:55:00	1.14922	1.14928	1.14920	1.14928	122.10
2025.11.05	08:56:00	1.14928	1.14929	1.14907	1.14907	121.62
2025.11.05	08:57:00	1.14905	1.14908	1.14886	1.14897	127.12
2025.11.05	08:58:00	1.14897	1.14905	1.14892	1.14897	83.99
2025.11.05	08:59:00	1.14897	1.14897	1.14884	1.14886	69.14
2025.11.05	09:00:00	1.14885	1.14885	1.14864	1.14865	168.79
2025.11.05	09:01:00	1.14867	1.14869	1.14854	1.14857	92.05
2025.11.05	09:02:00	1.14857	1.14865	1.14851	1.14858	86.50
2025.11.05	09:03:00	1.14863	1.14892	1.14863	1.14892	39.75
2025.11.05	09:04:00	1.14891	1.14894	1.14891	1.14892	51.20
2025.11.05	09:05:00	1.14890	1.14891	1.14874	1.14879	67.52
2025.11.05	09:06:00	1.14881	1.14889	1.14877	1.14888	28.55
2025.11.05	09:07:00	1.14888	1.14911	1.14885	1.14907	77.84
2025.11.05	09:08:00	1.14909	1.14925	1.14907	1.14916	117.10
2025.11.05	09:09:00	1.14916	1.14916	1.14907	1.14910	52.17
2025.11.05	09:10:00	1.14910	1.14914	1.14901	1.14903	40.68
2025.11.05	09:11:00	1.14902	1.14905	1.14896	1.14896	64.63
2025.11.05	09:12:00	1.14897	1.14897	1.14884	1.14889	61.78
2025.11.05	09:13:00	1.14893	1.14895	1.14885	1.14888	71.97
2025.11.05	09:14:00	1.14889	1.14890	1.14887	1.14890	19.12
2025.11.05	09:15:00	1.14887	1.14889	1.14882	1.14885	35.65
2025.11.05	09:16:00	1.14885	1.14891	1.14874	1.14886	71.30
2025.11.05	09:17:00	1.14884	1.14886	1.14878	1.14880	128.56
2025.11.05	09:18:00	1.14878	1.14887	1.14876	1.14879	99.42
2025.11.05	09:19:00	1.14880	1.14881	1.14873	1.14875	70.55
2025.11.05	09:20:00	1.14873	1.14873	1.14856	1.14866	171.63
2025.11.05	09:21:00	1.14865	1.14879	1.14862	1.14862	85.98
2025.11.05	09:22:00	1.14862	1.14868	1.14861	1.14868	42.75
2025.11.05	09:23:00	1.14870	1.14883	1.14861	1.14883	67.05
2025.11.05	09:24:00	1.14882	1.14882	1.14875	1.14879	77.40
2025.11.05	09:25:00	1.14880	1.14880	1.14877	1.14878	48.60
2025.11.05	09:26:00	1.14877	1.14889	1.14876	1.14883	83.22
2025.11.05	09:27:00	1.14882	1.14887	1.14878	1.14881	43.37
2025.11.05	09:28:00	1.14881	1.14889	1.14881	1.14889	21.69
2025.11.05	09:29:00	1.14886	1.14890	1.14880	1.14884	26.75
2025.11.05	09:30:00	1.14885	1.14895	1.14881	1.14881	50.82
2025.11.05	09:31:00	1.14881	1.14881	1.14871	1.14872	23.85
2025.11.05	09:32:00	1.14872	1.14873	1.14845	1.14852	55.09
2025.11.05	09:33:00	1.14850	1.14855	1.14843	1.14846	58.45
2025.11.05	09:34:00	1.14847	1.14855	1.14846	1.14854	49.80
2025.11.05	09:35:00	1.14856	1.14870	1.14856	1.14867	48.87
2025.11.05	09:36:00	1.14867	1.14869	1.14856	1.14856	25.65
2025.11.05	09:37:00	1.14857	1.14864	1.14855	1.14858	42.48
2025.11.05	09:38:00	1.14859	1.14862	1.14854	1.14859	27.21
2025.11.05	09:39:00	1.14862	1.14866	1.14848	1.14865	49.29
2025.11.05	09:40:00	1.14864	1.14864	1.14855	1.14859	50.09
2025.11.05	09:41:00	1.14857	1.14857	1.14827	1.14833	82.26
2025.11.05	09:42:00	1.14832	1.14848	1.14832	1.14846	48.89
2025.11.05	09:43:00	1.14847	1.14851	1.14835	1.14836	58.68
2025.11.05	09:44:00	1.14836	1.14844	1.14835	1.14843	68.85
2025.11.05	09:45:00	1.14841	1.14842	1.14825	1.14838	75.62
2025.11.05	09:46:00	1.14839	1.14839	1.14826	1.14828	42.41
2025.11.05	09:47:00	1.14828	1.14838	1.14828	1.14835	25.20
2025.11.05	09:48:00	1.14833	1.14838	1.14823	1.14823	43.60
2025.11.05	09:49:00	1.14822	1.14831	1.14822	1.14829	36.90
2025.11.05	09:50:00	1.14827	1.14827	1.14812	1.14821	102.38
2025.11.05	09:51:00	1.14822	1.14828	1.14816	1.14824	70.10
2025.11.05	09:52:00	1.14824	1.14833	1.14824	1.14829	47.02
2025.11.05	09:53:00	1.14830	1.14830	1.14822	1.14823	23.85
2025.11.05	09:54:00	1.14822	1.14834	1.14822	1.14832	38.65
2025.11.05	09:55:00	1.14832	1.14832	1.14828	1.14828	26.50
2025.11.05	09:56:00	1.14829	1.14832	1.14825	1.14828	36.55
2025.11.05	09:57:00	1.14829	1.14834	1.14827	1.14828	22.47
2025.11.05	09:58:00	1.14828	1.14834	1.14824	1.14834	37.55
2025.11.05	09:59:00	1.14836	1.14844	1.14836	1.14844	70.90
2025.11.05	10:00:00	1.14845	1.14848	1.14841	1.14842	37.39
2025.11.05	10:01:00	1.14843	1.14845	1.14839	1.14839	62.41
2025.11.05	10:02:00	1.14839	1.14840	1.14812	1.14812	137.63
2025.11.05	10:03:00	1.14811	1.14815	1.14776	1.14785	201.27
2025.11.05	10:04:00	1.14785	1.14788	1.14771	1.14788	86.74
2025.11.05	10:05:00	1.14788	1.14799	1.14786	1.14797	45.12
2025.11.05	10:06:00	1.14798	1.14810	1.14795	1.14798	89.59
2025.11.05	10:07:00	1.14800	1.14800	1.14786	1.14794	76.10
2025.11.05	10:08:00	1.14796	1.14803	1.14785	1.14795	76.12
2025.11.05	10:09:00	1.14794	1.14802	1.14793	1.14799	55.32
2025.11.05	10:10:00	1.14800	1.14801	1.14787	1.14798	50.86
2025.11.05	10:11:00	1.14796	1.14796	1.14787	1.14788	19.14
2025.11.05	10:12:00	1.14789	1.14790	1.14781	1.14787	50.60
2025.11.05	10:13:00	1.14788	1.14788	1.14773	1.14773	36.87
2025.11.05	10:14:00	1.14774	1.14775	1.14771	1.14773	46.05
2025.11.05	10:15:00	1.14771	1.14771	1.14758	1.14767	71.75
2025.11.05	10:16:00	1.14766	1.14768	1.14761	1.14768	33.75
2025.11.05	10:17:00	1.14771	1.14779	1.14769	1.14773	101.10
2025.11.05	10:18:00	1.14777	1.14781	1.14767	1.14769	93.95
2025.11.05	10:19:00	1.14769	1.14780	1.14766	1.14769	57.47
2025.11.05	10:20:00	1.14769	1.14769	1.14767	1.14769	17.55
2025.11.05	10:21:00	1.14769	1.14779	1.14762	1.14779	54.44
2025.11.05	10:22:00	1.14781	1.14789	1.14778	1.14780	89.59
2025.11.05	10:23:00	1.14780	1.14788	1.14774	1.14782	26.50
2025.11.05	10:24:00	1.14782	1.14794	1.14781	1.14792	57.06
2025.11.05	10:25:00	1.14792	1.14799	1.14788	1.14796	80.64
2025.11.05	10:26:00	1.14797	1.14799	1.14791	1.14798	45.48
2025.11.05	10:27:00	1.14798	1.14798	1.14794	1.14796	26.19
2025.11.05	10:28:00	1.14797	1.14797	1.14793	1.14795	36.99
2025.11.05	10:29:00	1.14797	1.14797	1.14796	1.14797	19.80
2025.11.05	10:30:00	1.14797	1.14800	1.14792	1.14798	51.39
2025.11.05	10:31:00	1.14797	1.14812	1.14796	1.14810	51.39
2025.11.05	10:32:00	1.14809	1.14817	1.14806	1.14817	29.98
2025.11.05	10:33:00	1.14816	1.14821	1.14814	1.14817	50.04
2025.11.05	10:34:00	1.14817	1.14819	1.14813	1.14817	72.41
2025.11.05	10:35:00	1.14818	1.14820	1.14805	1.14809	72.87
2025.11.05	10:36:00	1.14811	1.14811	1.14802	1.14803	31.45
2025.11.05	10:37:00	1.14803	1.14807	1.14801	1.14802	17.38
2025.11.05	10:38:00	1.14799	1.14809	1.14798	1.14809	41.35
2025.11.05	10:39:00	1.14809	1.14822	1.14807	1.14822	58.83
2025.11.05	10:40:00	1.14821	1.14831	1.14821	1.14830	23.70
2025.11.05	10:41:00	1.14830	1.14833	1.14829	1.14832	36.00
2025.11.05	10:42:00	1.14834	1.14843	1.14833	1.14840	24.63
2025.11.05	10:43:00	1.14843	1.14847	1.14841	1.14845	17.10
2025.11.05	10:44:00	1.14840	1.14841	1.14835	1.14837	44.10
2025.11.05	10:45:00	1.14837	1.14850	1.14837	1.14845	20.02
2025.11.05	10:46:00	1.14845	1.14845	1.14829	1.14830	34.42
2025.11.05	10:47:00	1.14829	1.14830	1.14824	1.14827	14.40
2025.11.05	10:48:00	1.14825	1.14826	1.14811	1.14820	77.85
2025.11.05	10:49:00	1.14818	1.14820	1.14813	1.14813	28.25
2025.11.05	10:50:00	1.14815	1.14819	1.14813	1.14815	26.90
2025.11.05	10:51:00	1.14812	1.14825	1.14812	1.14824	43.40
2025.11.05	10:52:00	1.14823	1.14827	1.14821	1.14823	23.17
2025.11.05	10:53:00	1.14822	1.14832	1.14822	1.14830	72.99
2025.11.05	10:54:00	1.14829	1.14834	1.14827	1.14828	28.86
2025.11.05	10:55:00	1.14827	1.14839	1.14827	1.14839	33.75
2025.11.05	10:56:00	1.14839	1.14844	1.14839	1.14839	27.79
2025.11.05	10:57:00	1.14839	1.14839	1.14837	1.14837	7.20
2025.11.05	10:58:00	1.14840	1.14846	1.14834	1.14839	33.84
2025.11.05	10:59:00	1.14838	1.14838	1.14822	1.14831	41.37
2025.11.05	11:00:00	1.14833	1.14848	1.14831	1.14837	106.01
2025.11.05	11:01:00	1.14836	1.14836	1.14819	1.14819	66.57
2025.11.05	11:02:00	1.14823	1.14845	1.14820	1.14844	90.63
2025.11.05	11:03:00	1.14844	1.14845	1.14832	1.14843	53.07
2025.11.05	11:04:00	1.14843	1.14848	1.14838	1.14838	48.60
2025.11.05	11:05:00	1.14838	1.14838	1.14823	1.14824	33.05
2025.11.05	11:06:00	1.14823	1.14829	1.14820	1.14824	25.15
2025.11.05	11:07:00	1.14823	1.14828	1.14809	1.14810	44.61
2025.11.05	11:08:00	1.14812	1.14818	1.14810	1.14812	21.10
2025.11.05	11:09:00	1.14811	1.14811	1.14800	1.14803	29.19
2025.11.05	11:10:00	1.14803	1.14803	1.14793	1.14798	63.86
2025.11.05	11:11:00	1.14798	1.14799	1.14794	1.14794	24.20
2025.11.05	11:12:00	1.14793	1.14797	1.14787	1.14787	43.18
2025.11.05	11:13:00	1.14788	1.14796	1.14787	1.14792	56.28
2025.11.05	11:14:00	1.14794	1.14804	1.14791	1.14804	69.97
2025.11.05	11:15:00	1.14802	1.14811	1.14802	1.14808	84.34
2025.11.05	11:16:00	1.14809	1.14825	1.14807	1.14819	69.25
2025.11.05	11:17:00	1.14821	1.14822	1.14815	1.14819	74.27
2025.11.05	11:18:00	1.14818	1.14821	1.14801	1.14821	52.34
2025.11.05	11:19:00	1.14821	1.14849	1.14819	1.14849	100.74
2025.11.05	11:20:00	1.14847	1.14851	1.14845	1.14849	68.51
2025.11.05	11:21:00	1.14848	1.14849	1.14837	1.14838	62.40
2025.11.05	11:22:00	1.14839	1.14846	1.14838	1.14846	49.65
2025.11.05	11:23:00	1.14844	1.14858	1.14838	1.14856	77.51
2025.11.05	11:24:00	1.14856	1.14867	1.14855	1.14859	46.62
2025.11.05	11:25:00	1.14859	1.14859	1.14849	1.14850	56.86
2025.11.05	11:26:00	1.14849	1.14854	1.14842	1.14852	62.67
2025.11.05	11:27:00	1.14854	1.14871	1.14853	1.14871	31.50
2025.11.05	11:28:00	1.14869	1.14879	1.14869	1.14872	78.98
2025.11.05	11:29:00	1.14874	1.14888	1.14870	1.14879	98.12
2025.11.05	11:30:00	1.14879	1.14879	1.14870	1.14873	74.22
2025.11.05	11:31:00	1.14872	1.14874	1.14865	1.14873	90.63
2025.11.05	11:32:00	1.14871	1.14875	1.14868	1.14868	63.15
2025.11.05	11:33:00	1.14868	1.14870	1.14857	1.14863	73.48
2025.11.05	11:34:00	1.14864	1.14874	1.14864	1.14873	120.20
2025.11.05	11:35:00	1.14872	1.14874	1.14863	1.14870	53.08
2025.11.05	11:36:00	1.14873	1.14877	1.14873	1.14876	30.08
2025.11.05	11:37:00	1.14875	1.14885	1.14875	1.14885	36.94
2025.11.05	11:38:00	1.14886	1.14891	1.14884	1.14886	25.85
2025.11.05	11:39:00	1.14884	1.14886	1.14879	1.14883	40.06
2025.11.05	11:40:00	1.14886	1.14886	1.14876	1.14876	41.15
2025.11.05	11:41:00	1.14875	1.14886	1.14870	1.14876	143.50
2025.11.05	11:42:00	1.14876	1.14881	1.14873	1.14879	37.73
2025.11.05	11:43:00	1.14877	1.14881	1.14874	1.14880	31.82
2025.11.05	11:44:00	1.14878	1.14878	1.14867	1.14869	32.02
2025.11.05	11:45:00	1.14867	1.14873	1.14866	1.14867	103.03
2025.11.05	11:46:00	1.14867	1.14880	1.14867	1.14877	33.03
2025.11.05	11:47:00	1.14878	1.14879	1.14871	1.14872	27.08
2025.11.05	11:48:00	1.14871	1.14874	1.14871	1.14874	40.02
2025.11.05	11:49:00	1.14874	1.14874	1.14871	1.14872	13.32
2025.11.05	11:50:00	1.14872	1.14878	1.14870	1.14878	71.95
2025.11.05	11:51:00	1.14879	1.14879	1.14876	1.14877	25.80
2025.11.05	11:52:00	1.14876	1.14878	1.14871	1.14877	78.29
2025.11.05	11:53:00	1.14876	1.14885	1.14875	1.14882	50.59
2025.11.05	11:54:00	1.14882	1.14884	1.14876	1.14878	63.62
2025.11.05	11:55:00	1.14877	1.14886	1.14872	1.14884	95.38
2025.11.05	11:56:00	1.14885	1.14890	1.14883	1.14888	50.52
2025.11.05	11:57:00	1.14887	1.14890	1.14879	1.14881	96.56
2025.11.05	11:58:00	1.14881	1.14882	1.14872	1.14872	66.67
2025.11.05	11:59:00	1.14873	1.14881	1.14871	1.14881	74.54
2025.11.05	12:00:00	1.14882	1.14898	1.14879	1.14898	134.04
2025.11.05	12:01:00	1.14897	1.14897	1.14885	1.14888	37.82
2025.11.05	12:02:00	1.14888	1.14893	1.14879	1.14889	103.11
2025.11.05	12:03:00	1.14888	1.14894	1.14888	1.14894	30.98
2025.11.05	12:04:00	1.14892	1.14892	1.14886	1.14886	44.30
2025.11.05	12:05:00	1.14886	1.14894	1.14886	1.14892	33.03
2025.11.05	12:06:00	1.14893	1.14908	1.14893	1.14906	81.39
2025.11.05	12:07:00	1.14907	1.14908	1.14893	1.14900	63.28
2025.11.05	12:08:00	1.14900	1.14903	1.14893	1.14899	45.65
2025.11.05	12:09:00	1.14902	1.14904	1.14896	1.14901	63.93
2025.11.05	12:10:00	1.14900	1.14900	1.14892	1.14899	65.22
2025.11.05	12:11:00	1.14900	1.14900	1.14893	1.14898	60.30
2025.11.05	12:12:00	1.14898	1.14908	1.14898	1.14906	83.25
2025.11.05	12:13:00	1.14906	1.14907	1.14904	1.14906	42.30
2025.11.05	12:14:00	1.14908	1.14919	1.14908	1.14917	85.50
2025.11.05	12:15:00	1.14918	1.14919	1.14905	1.14909	38.87
2025.11.05	12:16:00	1.14909	1.14922	1.14907	1.14921	74.78
2025.11.05	12:17:00	1.14920	1.14924	1.14912	1.14914	81.96
2025.11.05	12:18:00	1.14913	1.14919	1.14909	1.14914	26.18
2025.11.05	12:19:00	1.14916	1.14919	1.14915	1.14918	12.96
2025.11.05	12:20:00	1.14919	1.14922	1.14908	1.14914	68.55
2025.11.05	12:21:00	1.14916	1.14918	1.14897	1.14898	74.26
2025.11.05	12:22:00	1.14896	1.14898	1.14896	1.14896	47.24
2025.11.05	12:23:00	1.14897	1.14906	1.14890	1.14904	104.42
2025.11.05	12:24:00	1.14906	1.14909	1.14897	1.14897	62.86
2025.11.05	12:25:00	1.14898	1.14901	1.14883	1.14883	75.72
2025.11.05	12:26:00	1.14885	1.14891	1.14882	1.14890	39.64
2025.11.05	12:27:00	1.14890	1.14897	1.14890	1.14893	72.63
2025.11.05	12:28:00	1.14895	1.14895	1.14887	1.14888	88.50
2025.11.05	12:29:00	1.14888	1.14890	1.14885	1.14885	22.86
2025.11.05	12:30:00	1.14884	1.14890	1.14882	1.14883	23.15
2025.11.05	12:31:00	1.14882	1.14888	1.14882	1.14888	18.29
2025.11.05	12:32:00	1.14886	1.14886	1.14877	1.14879	23.00
2025.11.05	12:33:00	1.14879	1.14881	1.14870	1.14871	53.30
2025.11.05	12:34:00	1.14871	1.14875	1.14869	1.14870	27.28
2025.11.05	12:35:00	1.14872	1.14891	1.14872	1.14890	75.68
2025.11.05	12:36:00	1.14888	1.14891	1.14885	1.14890	35.10
2025.11.05	12:37:00	1.14887	1.14892	1.14887	1.14889	63.18
2025.11.05	12:38:00	1.14888	1.14895	1.14881	1.14881	60.66
2025.11.05	12:39:00	1.14882	1.14883	1.14875	1.14877	61.18
2025.11.05	12:40:00	1.14876	1.14876	1.14870	1.14875	188.13
2025.11.05	12:41:00	1.14874	1.14875	1.14870	1.14872	55.64
2025.11.05	12:42:00	1.14873	1.14879	1.14873	1.14879	30.35
2025.11.05	12:43:00	1.14880	1.14891	1.14876	1.14889	32.12
2025.11.05	12:44:00	1.14888	1.14902	1.14888	1.14902	37.57
2025.11.05	12:45:00	1.14903	1.14917	1.14901	1.14911	49.90
2025.11.05	12:46:00	1.14912	1.14919	1.14910	1.14918	37.80
2025.11.05	12:47:00	1.14915	1.14918	1.14897	1.14898	76.80
2025.11.05	12:48:00	1.14895	1.14899	1.14885	1.14885	29.67
2025.11.05	12:49:00	1.14885	1.14889	1.14876	1.14877	34.15
2025.11.05	12:50:00	1.14878	1.14888	1.14876	1.14887	44.70
2025.11.05	12:51:00	1.14890	1.14896	1.14886	1.14895	35.26
2025.11.05	12:52:00	1.14894	1.14899	1.14890	1.14891	38.62
2025.11.05	12:53:00	1.14894	1.14895	1.14880	1.14881	24.20
2025.11.05	12:54:00	1.14880	1.14886	1.14877	1.14882	18.09
2025.11.05	12:55:00	1.14879	1.14889	1.14877	1.14887	20.92
2025.11.05	12:56:00	1.14889	1.14893	1.14883	1.14890	85.65
2025.11.05	12:57:00	1.14887	1.14901	1.14885	1.14901	121.44
2025.11.05	12:58:00	1.14903	1.14908	1.14901	1.14905	46.83
2025.11.05	12:59:00	1.14906	1.14912	1.14905	1.14909	51.72
2025.11.05	13:00:00	1.14909	1.14912	1.14901	1.14902	60.27
2025.11.05	13:01:00	1.14901	1.14910	1.14898	1.14907	56.12
2025.11.05	13:02:00	1.14906	1.14913	1.14902	1.14912	136.57
2025.11.05	13:03:00	1.14912	1.14923	1.14912	1.14923	48.15
2025.11.05	13:04:00	1.14924	1.14928	1.14913	1.14922	79.26
2025.11.05	13:05:00	1.14920	1.14928	1.14916	1.14926	63.30
2025.11.05	13:06:00	1.14929	1.14929	1.14920	1.14923	28.59
2025.11.05	13:07:00	1.14928	1.14934	1.14922	1.14922	46.38
2025.11.05	13:08:00	1.14921	1.14927	1.14917	1.14924	64.80
2025.11.05	13:09:00	1.14924	1.14928	1.14916	1.14916	71.70
2025.11.05	13:10:00	1.14916	1.14916	1.14909	1.14912	48.35
2025.11.05	13:11:00	1.14913	1.14922	1.14913	1.14922	31.32
2025.11.05	13:12:00	1.14920	1.14920	1.14897	1.14900	53.18
2025.11.05	13:13:00	1.14901	1.14905	1.14895	1.14897	38.00
2025.11.05	13:14:00	1.14896	1.14903	1.14877	1.14878	141.64
2025.11.05	13:15:00	1.14877	1.14892	1.14848	1.14885	314.37
2025.11.05	13:16:00	1.14885	1.14885	1.14834	1.14837	186.84
2025.11.05	13:17:00	1.14837	1.14849	1.14828	1.14839	92.15
2025.11.05	13:18:00	1.14840	1.14843	1.14823	1.14824	142.25
2025.11.05	13:19:00	1.14824	1.14855	1.14824	1.14851	220.00
2025.11.05	13:20:00	1.14851	1.14864	1.14847	1.14848	201.78
2025.11.05	13:21:00	1.14848	1.14873	1.14844	1.14870	80.30
2025.11.05	13:22:00	1.14868	1.14893	1.14864	1.14884	137.48
2025.11.05	13:23:00	1.14883	1.14893	1.14869	1.14869	115.22
2025.11.05	13:24:00	1.14869	1.14885	1.14868	1.14885	60.79
2025.11.05	13:25:00	1.14888	1.14889	1.14864	1.14868	123.49
2025.11.05	13:26:00	1.14867	1.14869	1.14860	1.14868	76.69
2025.11.05	13:27:00	1.14866	1.14870	1.14861	1.14867	52.93
2025.11.05	13:28:00	1.14866	1.14876	1.14863	1.14870	43.67
2025.11.05	13:29:00	1.14871	1.14872	1.14866	1.14867	67.69
2025.11.05	13:30:00	1.14865	1.14865	1.14835	1.14843	90.57
2025.11.05	13:31:00	1.14844	1.14850	1.14838	1.14849	124.17
2025.11.05	13:32:00	1.14846	1.14846	1.14826	1.14828	108.19
2025.11.05	13:33:00	1.14829	1.14836	1.14805	1.14830	107.91
2025.11.05	13:34:00	1.14830	1.14836	1.14811	1.14813	77.91
2025.11.05	13:35:00	1.14813	1.14829	1.14807	1.14829	80.76
2025.11.05	13:36:00	1.14831	1.14835	1.14824	1.14825	58.65
2025.11.05	13:37:00	1.14827	1.14847	1.14826	1.14839	71.75
2025.11.05	13:38:00	1.14841	1.14848	1.14835	1.14837	66.77
2025.11.05	13:39:00	1.14836	1.14844	1.14819	1.14821	72.63
2025.11.05	13:40:00	1.14819	1.14819	1.14810	1.14817	79.73
2025.11.05	13:41:00	1.14818	1.14834	1.14799	1.14810	199.04
2025.11.05	13:42:00	1.14811	1.14815	1.14806	1.14813	103.25
2025.11.05	13:43:00	1.14814	1.14821	1.14809	1.14820	56.97
2025.11.05	13:44:00	1.14821	1.14831	1.14814	1.14816	75.27
2025.11.05	13:45:00	1.14814	1.14816	1.14806	1.14810	64.40
2025.11.05	13:46:00	1.14810	1.14820	1.14804	1.14804	85.72
2025.11.05	13:47:00	1.14806	1.14813	1.14799	1.14813	134.64
2025.11.05	13:48:00	1.14813	1.14814	1.14794	1.14798	184.52
2025.11.05	13:49:00	1.14798	1.14803	1.14773	1.14773	157.71
2025.11.05	13:50:00	1.14772	1.14778	1.14756	1.14759	145.34
2025.11.05	13:51:00	1.14762	1.14798	1.14762	1.14796	157.82
2025.11.05	13:52:00	1.14797	1.14803	1.14789	1.14790	96.67
2025.11.05	13:53:00	1.14789	1.14795	1.14785	1.14789	67.69
2025.11.05	13:54:00	1.14791	1.14803	1.14789	1.14789	73.47
2025.11.05	13:55:00	1.14785	1.14789	1.14777	1.14778	44.55
2025.11.05	13:56:00	1.14778	1.14783	1.14759	1.14761	62.41
2025.11.05	13:57:00	1.14759	1.14760	1.14743	1.14759	110.62
2025.11.05	13:58:00	1.14755	1.14759	1.14741	1.14741	108.60
2025.11.05	13:59:00	1.14739	1.14743	1.14728	1.14736	89.70
2025.11.05	14:00:00	1.14734	1.14743	1.14721	1.14743	108.21
2025.11.05	14:01:00	1.14744	1.14745	1.14722	1.14730	135.77
2025.11.05	14:02:00	1.14727	1.14735	1.14706	1.14709	120.00
2025.11.05	14:03:00	1.14710	1.14710	1.14688	1.14695	215.30
2025.11.05	14:04:00	1.14694	1.14716	1.14687	1.14715	127.58
2025.11.05	14:05:00	1.14715	1.14735	1.14710	1.14733	166.97
2025.11.05	14:06:00	1.14732	1.14732	1.14718	1.14728	90.35
2025.11.05	14:07:00	1.14729	1.14742	1.14729	1.14740	109.05
2025.11.05	14:08:00	1.14742	1.14749	1.14728	1.14745	149.07
2025.11.05	14:09:00	1.14743	1.14753	1.14738	1.14744	90.72
2025.11.05	14:10:00	1.14742	1.14750	1.14742	1.14750	49.50
2025.11.05	14:11:00	1.14750	1.14766	1.14749	1.14764	90.99
2025.11.05	14:12:00	1.14768	1.14768	1.14760	1.14763	65.54
2025.11.05	14:13:00	1.14765	1.14780	1.14765	1.14773	96.30
2025.11.05	14:14:00	1.14772	1.14775	1.14766	1.14771	112.16
2025.11.05	14:15:00	1.14770	1.14792	1.14769	1.14789	99.33
2025.11.05	14:16:00	1.14790	1.14798	1.14788	1.14794	102.50
2025.11.05	14:17:00	1.14795	1.14806	1.14789	1.14805	76.45
2025.11.05	14:18:00	1.14806	1.14831	1.14806	1.14829	117.49
2025.11.05	14:19:00	1.14829	1.14831	1.14814	1.14821	185.01
2025.11.05	14:20:00	1.14820	1.14822	1.14819	1.14819	41.49
2025.11.05	14:21:00	1.14818	1.14820	1.14805	1.14810	48.80
2025.11.05	14:22:00	1.14808	1.14810	1.14797	1.14802	41.94
2025.11.05	14:23:00	1.14800	1.14806	1.14799	1.14805	56.17
2025.11.05	14:24:00	1.14801	1.14808	1.14794	1.14807	60.50
2025.11.05	14:25:00	1.14807	1.14834	1.14807	1.14813	98.56
2025.11.05	14:26:00	1.14813	1.14831	1.14811	1.14821	86.43
2025.11.05	14:27:00	1.14820	1.14837	1.14812	1.14835	114.72
2025.11.05	14:28:00	1.14834	1.14835	1.14825	1.14828	59.80
2025.11.05	14:29:00	1.14826	1.14838	1.14822	1.14832	76.14
2025.11.05	14:30:00	1.14832	1.14844	1.14826	1.14829	148.11
2025.11.05	14:31:00	1.14829	1.14829	1.14819	1.14825	77.75
2025.11.05	14:32:00	1.14826	1.14834	1.14821	1.14833	84.78
2025.11.05	14:33:00	1.14831	1.14840	1.14830	1.14836	35.25
2025.11.05	14:34:00	1.14838	1.14847	1.14838	1.14846	51.75
2025.11.05	14:35:00	1.14847	1.14853	1.14838	1.14850	104.40
2025.11.05	14:36:00	1.14851	1.14853	1.14845	1.14850	64.44
2025.11.05	14:37:00	1.14853	1.14865	1.14849	1.14861	108.85
2025.11.05	14:38:00	1.14859	1.14867	1.14850	1.14864	58.05
2025.11.05	14:39:00	1.14861	1.14873	1.14854	1.14854	84.05
2025.11.05	14:40:00	1.14854	1.14855	1.14841	1.14843	138.18
2025.11.05	14:41:00	1.14843	1.14851	1.14838	1.14840	125.63
2025.11.05	14:42:00	1.14838	1.14840	1.14832	1.14838	94.99
2025.11.05	14:43:00	1.14836	1.14846	1.14834	1.14845	74.71
2025.11.05	14:44:00	1.14845	1.14850	1.14840	1.14841	97.64
2025.11.05	14:45:00	1.14841	1.14874	1.14836	1.14870	117.17
2025.11.05	14:46:00	1.14871	1.14875	1.14852	1.14856	125.99
2025.11.05	14:47:00	1.14858	1.14861	1.14844	1.14846	67.02
2025.11.05	14:48:00	1.14849	1.14856	1.14846	1.14851	81.26
2025.11.05	14:49:00	1.14852	1.14885	1.14850	1.14870	101.06
2025.11.05	14:50:00	1.14871	1.14871	1.14855	1.14862	145.64
2025.11.05	14:51:00	1.14860	1.14862	1.14853	1.14860	102.06
2025.11.05	14:52:00	1.14859	1.14886	1.14859	1.14885	79.74
2025.11.05	14:53:00	1.14886	1.14909	1.14885	1.14904	134.44
2025.11.05	14:54:00	1.14905	1.14930	1.14902	1.14921	89.18
2025.11.05	14:55:00	1.14925	1.14927	1.14890	1.14890	82.41
2025.11.05	14:56:00	1.14889	1.14895	1.14882	1.14884	76.89
2025.11.05	14:57:00	1.14884	1.14884	1.14869	1.14870	63.30
2025.11.05	14:58:00	1.14870	1.14876	1.14867	1.14868	102.41
2025.11.05	14:59:00	1.14868	1.14875	1.14855	1.14868	129.47
2025.11.05	15:00:00	1.14867	1.14868	1.14697	1.14729	748.10
2025.11.05	15:01:00	1.14731	1.14738	1.14709	1.14720	372.39
2025.11.05	15:02:00	1.14723	1.14753	1.14698	1.14747	304.60
2025.11.05	15:03:00	1.14750	1.14754	1.14711	1.14711	300.55
2025.11.05	15:04:00	1.14710	1.14777	1.14710	1.14774	359.23
2025.11.05	15:05:00	1.14774	1.14804	1.14749	1.14789	419.84
2025.11.05	15:06:00	1.14789	1.14801	1.14777	1.14783	399.96
2025.11.05	15:07:00	1.14783	1.14788	1.14759	1.14783	314.46
2025.11.05	15:08:00	1.14782	1.14789	1.14752	1.14768	427.40
2025.11.05	15:09:00	1.14766	1.14770	1.14752	1.14759	276.95
2025.11.05	15:10:00	1.14759	1.14759	1.14737	1.14743	352.98
2025.11.05	15:11:00	1.14744	1.14774	1.14744	1.14761	365.13
2025.11.05	15:12:00	1.14762	1.14796	1.14761	1.14789	308.71
2025.11.05	15:13:00	1.14790	1.14796	1.14770	1.14771	345.63
2025.11.05	15:14:00	1.14771	1.14786	1.14747	1.14758	396.80
2025.11.05	15:15:00	1.14757	1.14776	1.14753	1.14767	288.01
2025.11.05	15:16:00	1.14767	1.14815	1.14767	1.14814	322.18
2025.11.05	15:17:00	1.14813	1.14816	1.14802	1.14810	293.18
2025.11.05	15:18:00	1.14811	1.14851	1.14803	1.14848	189.97
2025.11.05	15:19:00	1.14846	1.14846	1.14802	1.14809	225.41
2025.11.05	15:20:00	1.14809	1.14827	1.14804	1.14813	164.28
2025.11.05	15:21:00	1.14813	1.14814	1.14788	1.14790	267.27
2025.11.05	15:22:00	1.14790	1.14828	1.14787	1.14827	266.76
2025.11.05	15:23:00	1.14825	1.14846	1.14819	1.14838	192.86
2025.11.05	15:24:00	1.14838	1.14839	1.14822	1.14836	202.45
2025.11.05	15:25:00	1.14834	1.14843	1.14831	1.14835	163.69
2025.11.05	15:26:00	1.14833	1.14854	1.14820	1.14829	307.28
2025.11.05	15:27:00	1.14829	1.14849	1.14828	1.14842	312.41
2025.11.05	15:28:00	1.14842	1.14863	1.14836	1.14855	373.56
2025.11.05	15:29:00	1.14858	1.14866	1.14847	1.14854	323.08
2025.11.05	15:30:00	1.14856	1.14872	1.14847	1.14859	191.27
2025.11.05	15:31:00	1.14859	1.14863	1.14838	1.14841	355.60
2025.11.05	15:32:00	1.14841	1.14852	1.14837	1.14840	170.80
2025.11.05	15:33:00	1.14840	1.14843	1.14828	1.14831	91.40
2025.11.05	15:34:00	1.14832	1.14842	1.14832	1.14835	106.19
2025.11.05	15:35:00	1.14833	1.14840	1.14829	1.14836	70.87
2025.11.05	15:36:00	1.14837	1.14837	1.14822	1.14822	57.40
2025.11.05	15:37:00	1.14822	1.14822	1.14779	1.14783	219.52
2025.11.05	15:38:00	1.14784	1.14791	1.14767	1.14785	137.24
2025.11.05	15:39:00	1.14789	1.14809	1.14786	1.14798	65.96
2025.11.05	15:40:00	1.14794	1.14800	1.14784	1.14795	55.30
2025.11.05	15:41:00	1.14796	1.14799	1.14779	1.14781	106.87
2025.11.05	15:42:00	1.14780	1.14785	1.14771	1.14784	63.65
2025.11.05	15:43:00	1.14784	1.14784	1.14759	1.14762	88.95
2025.11.05	15:44:00	1.14761	1.14772	1.14751	1.14765	158.79
2025.11.05	15:45:00	1.14767	1.14774	1.14751	1.14769	97.88
2025.11.05	15:46:00	1.14768	1.14804	1.14758	1.14803	102.51
2025.11.05	15:47:00	1.14801	1.14806	1.14786	1.14797	145.44
2025.11.05	15:48:00	1.14800	1.14809	1.14777	1.14782	87.17
2025.11.05	15:49:00	1.14781	1.14784	1.14772	1.14783	118.69
2025.11.05	15:50:00	1.14782	1.14787	1.14765	1.14766	88.33
2025.11.05	15:51:00	1.14765	1.14779	1.14761	1.14764	92.90
2025.11.05	15:52:00	1.14761	1.14808	1.14759	1.14795	97.51
2025.11.05	15:53:00	1.14794	1.14804	1.14785	1.14789	108.93
2025.11.05	15:54:00	1.14787	1.14787	1.14771	1.14775	78.61
2025.11.05	15:55:00	1.14773	1.14791	1.14773	1.14784	122.92
2025.11.05	15:56:00	1.14785	1.14799	1.14779	1.14798	90.79
2025.11.05	15:57:00	1.14796	1.14796	1.14780	1.14780	78.42
2025.11.05	15:58:00	1.14777	1.14790	1.14775	1.14788	74.98
2025.11.05	15:59:00	1.14788	1.14796	1.14787	1.14791	120.16
2025.11.05	16:00:00	1.14791	1.14794	1.14772	1.14779	153.40
2025.11.05	16:01:00	1.14778	1.14785	1.14772	1.14785	60.28
2025.11.05	16:02:00	1.14784	1.14795	1.14776	1.14793	101.95
2025.11.05	16:03:00	1.14791	1.14792	1.14744	1.14748	130.44
2025.11.05	16:04:00	1.14749	1.14749	1.14721	1.14728	120.75
2025.11.05	16:05:00	1.14729	1.14737	1.14710	1.14710	65.25
2025.11.05	16:06:00	1.14711	1.14714	1.14698	1.14714	83.85
2025.11.05	16:07:00	1.14714	1.14723	1.14707	1.14722	93.25
2025.11.05	16:08:00	1.14722	1.14728	1.14716	1.14720	93.80
2025.11.05	16:09:00	1.14718	1.14742	1.14717	1.14735	110.00
2025.11.05	16:10:00	1.14735	1.14738	1.14723	1.14726	49.12
2025.11.05	16:11:00	1.14726	1.14752	1.14724	1.14747	110.12
2025.11.05	16:12:00	1.14748	1.14756	1.14740	1.14748	71.00
2025.11.05	16:13:00	1.14749	1.14770	1.14743	1.14768	75.74
2025.11.05	16:14:00	1.14768	1.14769	1.14752	1.14756	111.14
2025.11.05	16:15:00	1.14756	1.14771	1.14756	1.14771	89.10
2025.11.05	16:16:00	1.14771	1.14776	1.14740	1.14745	127.18
2025.11.05	16:17:00	1.14744	1.14755	1.14738	1.14740	40.11
2025.11.05	16:18:00	1.14736	1.14760	1.14734	1.14760	55.26
2025.11.05	16:19:00	1.14759	1.14760	1.14753	1.14755	44.52
2025.11.05	16:20:00	1.14758	1.14759	1.14735	1.14740	87.06
2025.11.05	16:21:00	1.14742	1.14767	1.14741	1.14767	77.62
2025.11.05	16:22:00	1.14767	1.14767	1.14756	1.14760	57.17
2025.11.05	16:23:00	1.14759	1.14765	1.14759	1.14765	41.85
2025.11.05	16:24:00	1.14765	1.14783	1.14765	1.14783	57.63
2025.11.05	16:25:00	1.14782	1.14804	1.14776	1.14804	155.42
2025.11.05	16:26:00	1.14802	1.14808	1.14787	1.14788	112.96
2025.11.05	16:27:00	1.14786	1.14795	1.14786	1.14794	74.34
2025.11.05	16:28:00	1.14793	1.14799	1.14790	1.14794	68.46
2025.11.05	16:29:00	1.14792	1.14797	1.14786	1.14796	90.22
2025.11.05	16:30:00	1.14795	1.14796	1.14768	1.14775	117.04
2025.11.05	16:31:00	1.14773	1.14779	1.14762	1.14762	49.95
2025.11.05	16:32:00	1.14761	1.14765	1.14754	1.14757	38.48
2025.11.05	16:33:00	1.14756	1.14764	1.14755	1.14759	69.77
2025.11.05	16:34:00	1.14757	1.14775	1.14754	1.14773	62.27
2025.11.05	16:35:00	1.14772	1.14777	1.14754	1.14759	104.44
2025.11.05	16:36:00	1.14761	1.14765	1.14755	1.14759	58.35
2025.11.05	16:37:00	1.14761	1.14779	1.14760	1.14773	113.43
2025.11.05	16:38:00	1.14773	1.14784	1.14771	1.14777	73.75
2025.11.05	16:39:00	1.14779	1.14780	1.14758	1.14780	110.80
2025.11.05	16:40:00	1.14783	1.14783	1.14771	1.14774	59.55
2025.11.05	16:41:00	1.14774	1.14774	1.14761	1.14762	48.70
2025.11.05	16:42:00	1.14764	1.14775	1.14763	1.14774	47.70
2025.11.05	16:43:00	1.14775	1.14794	1.14775	1.14783	110.17
2025.11.05	16:44:00	1.14783	1.14783	1.14772	1.14783	180.20
2025.11.05	16:45:00	1.14784	1.14794	1.14782	1.14787	88.78
2025.11.05	16:46:00	1.14787	1.14793	1.14783	1.14790	44.55
2025.11.05	16:47:00	1.14788	1.14803	1.14784	1.14803	84.12
2025.11.05	16:48:00	1.14802	1.14811	1.14799	1.14808	70.20
2025.11.05	16:49:00	1.14808	1.14814	1.14804	1.14811	92.70
2025.11.05	16:50:00	1.14811	1.14838	1.14811	1.14833	123.70
2025.11.05	16:51:00	1.14832	1.14851	1.14828	1.14851	80.14
2025.11.05	16:52:00	1.14848	1.14857	1.14841	1.14851	109.19
2025.11.05	16:53:00	1.14851	1.14851	1.14832	1.14844	78.29
2025.11.05	16:54:00	1.14843	1.14848	1.14835	1.14836	71.52
2025.11.05	16:55:00	1.14836	1.14847	1.14829	1.14846	93.08
2025.11.05	16:56:00	1.14846	1.14850	1.14844	1.14846	83.34
2025.11.05	16:57:00	1.14844	1.14846	1.14829	1.14835	121.63
2025.11.05	16:58:00	1.14834	1.14839	1.14833	1.14839	55.35
2025.11.05	16:59:00	1.14837	1.14841	1.14833	1.14839	39.69
2025.11.05	17:00:00	1.14841	1.14845	1.14833	1.14833	33.50
2025.11.05	17:01:00	1.14832	1.14842	1.14832	1.14842	50.23
2025.11.05	17:02:00	1.14842	1.14857	1.14837	1.14852	114.56
2025.11.05	17:03:00	1.14853	1.14855	1.14838	1.14838	148.25
2025.11.05	17:04:00	1.14839	1.14840	1.14826	1.14828	27.60
2025.11.05	17:05:00	1.14826	1.14830	1.14815	1.14824	57.47
2025.11.05	17:06:00	1.14823	1.14828	1.14818	1.14819	36.65
2025.11.05	17:07:00	1.14818	1.14830	1.14814	1.14823	70.88
2025.11.05	17:08:00	1.14822	1.14834	1.14822	1.14834	23.82
2025.11.05	17:09:00	1.14833	1.14833	1.14816	1.14818	47.86
2025.11.05	17:10:00	1.14819	1.14834	1.14818	1.14833	83.99
2025.11.05	17:11:00	1.14834	1.14835	1.14822	1.14822	72.20
2025.11.05	17:12:00	1.14822	1.14822	1.14805	1.14822	93.81
2025.11.05	17:13:00	1.14823	1.14828	1.14819	1.14825	47.61
2025.11.05	17:14:00	1.14826	1.14827	1.14819	1.14820	27.20
2025.11.05	17:15:00	1.14822	1.14825	1.14817	1.14818	38.70
2025.11.05	17:16:00	1.14815	1.14821	1.14807	1.14821	49.47
2025.11.05	17:17:00	1.14821	1.14824	1.14819	1.14821	25.85
2025.11.05	17:18:00	1.14819	1.14822	1.14816	1.14818	48.35
2025.11.05	17:19:00	1.14817	1.14822	1.14807	1.14807	55.88
2025.11.05	17:20:00	1.14805	1.14808	1.14798	1.14799	51.56
2025.11.05	17:21:00	1.14799	1.14813	1.14798	1.14813	27.45
2025.11.05	17:22:00	1.14814	1.14815	1.14812	1.14814	12.60
2025.11.05	17:23:00	1.14811	1.14818	1.14809	1.14814	24.52
2025.11.05	17:24:00	1.14814	1.14814	1.14805	1.14809	37.97
2025.11.05	17:25:00	1.14809	1.14815	1.14809	1.14814	18.90
2025.11.05	17:26:00	1.14815	1.14819	1.14811	1.14814	52.72
2025.11.05	17:27:00	1.14814	1.14816	1.14806	1.14813	56.40
2025.11.05	17:28:00	1.14812	1.14812	1.14807	1.14810	32.75
2025.11.05	17:29:00	1.14812	1.14815	1.14811	1.14811	90.85
2025.11.05	17:30:00	1.14811	1.14811	1.14786	1.14786	88.21
2025.11.05	17:31:00	1.14785	1.14792	1.14783	1.14788	36.45
2025.11.05	17:32:00	1.14788	1.14789	1.14785	1.14787	19.27
2025.11.05	17:33:00	1.14790	1.14800	1.14788	1.14798	35.52
2025.11.05	17:34:00	1.14800	1.14802	1.14794	1.14798	17.52
2025.11.05	17:35:00	1.14797	1.14799	1.14790	1.14792	39.22
2025.11.05	17:36:00	1.14791	1.14804	1.14790	1.14798	36.30
2025.11.05	17:37:00	1.14798	1.14799	1.14793	1.14797	41.45
2025.11.05	17:38:00	1.14797	1.14798	1.14789	1.14792	57.50
2025.11.05	17:39:00	1.14792	1.14797	1.14790	1.14796	86.64
2025.11.05	17:40:00	1.14796	1.14803	1.14796	1.14803	23.55
2025.11.05	17:41:00	1.14801	1.14801	1.14791	1.14794	17.75
2025.11.05	17:42:00	1.14791	1.14797	1.14789	1.14797	24.81
2025.11.05	17:43:00	1.14798	1.14801	1.14795	1.14797	19.35
2025.11.05	17:44:00	1.14797	1.14798	1.14793	1.14795	23.60
2025.11.05	17:45:00	1.14796	1.14800	1.14792	1.14796	39.19
2025.11.05	17:46:00	1.14793	1.14793	1.14776	1.14776	59.60
2025.11.05	17:47:00	1.14773	1.14774	1.14763	1.14772	40.19
2025.11.05	17:48:00	1.14772	1.14781	1.14769	1.14781	63.26
2025.11.05	17:49:00	1.14781	1.14796	1.14777	1.14793	53.13
2025.11.05	17:50:00	1.14794	1.14806	1.14794	1.14798	81.91
2025.11.05	17:51:00	1.14797	1.14800	1.14794	1.14794	72.29
2025.11.05	17:52:00	1.14794	1.14794	1.14785	1.14789	34.70
2025.11.05	17:53:00	1.14790	1.14796	1.14788	1.14796	32.75
2025.11.05	17:54:00	1.14796	1.14798	1.14796	1.14797	10.80
2025.11.05	17:55:00	1.14800	1.14807	1.14797	1.14807	66.93
2025.11.05	17:56:00	1.14808	1.14814	1.14807	1.14813	83.70
2025.11.05	17:57:00	1.14812	1.14812	1.14799	1.14801	97.49
2025.11.05	17:58:00	1.14803	1.14803	1.14789	1.14802	56.51
2025.11.05	17:59:00	1.14802	1.14807	1.14801	1.14804	68.70
2025.11.05	18:00:00	1.14806	1.14811	1.14797	1.14797	40.59
2025.11.05	18:01:00	1.14798	1.14808	1.14798	1.14807	32.49
2025.11.05	18:02:00	1.14805	1.14821	1.14805	1.14819	31.45
2025.11.05	18:03:00	1.14819	1.14823	1.14818	1.14819	41.15
2025.11.05	18:04:00	1.14818	1.14830	1.14817	1.14827	36.30
2025.11.05	18:05:00	1.14828	1.14831	1.14825	1.14827	27.15
2025.11.05	18:06:00	1.14827	1.14830	1.14821	1.14823	29.02
2025.11.05	18:07:00	1.14825	1.14825	1.14819	1.14821	38.79
2025.11.05	18:08:00	1.14824	1.14824	1.14814	1.14814	36.87
2025.11.05	18:09:00	1.14816	1.14824	1.14816	1.14824	41.15
2025.11.05	18:10:00	1.14825	1.14826	1.14818	1.14818	33.25
2025.11.05	18:11:00	1.14819	1.14820	1.14814	1.14819	30.80
2025.11.05	18:12:00	1.14819	1.14820	1.14812	1.14817	48.37
2025.11.05	18:13:00	1.14816	1.14825	1.14815	1.14825	20.02
2025.11.05	18:14:00	1.14826	1.14829	1.14822	1.14824	36.42
2025.11.05	18:15:00	1.14823	1.14827	1.14817	1.14819	37.64
2025.11.05	18:16:00	1.14821	1.14821	1.14819	1.14819	8.10
2025.11.05	18:17:00	1.14821	1.14837	1.14819	1.14834	66.60
2025.11.05	18:18:00	1.14833	1.14833	1.14830	1.14831	7.65
2025.11.05	18:19:00	1.14831	1.14832	1.14829	1.14829	7.20
2025.11.05	18:20:00	1.14828	1.14829	1.14822	1.14824	22.67
2025.11.05	18:21:00	1.14822	1.14823	1.14817	1.14819	30.12
2025.11.05	18:22:00	1.14818	1.14819	1.14815	1.14818	9.90
2025.11.05	18:23:00	1.14819	1.14819	1.14812	1.14815	21.96
2025.11.05	18:24:00	1.14814	1.14816	1.14810	1.14812	26.55
2025.11.05	18:25:00	1.14811	1.14814	1.14810	1.14810	44.10
2025.11.05	18:26:00	1.14811	1.14818	1.14811	1.14816	37.89
2025.11.05	18:27:00	1.14816	1.14816	1.14810	1.14811	59.60
2025.11.05	18:28:00	1.14811	1.14814	1.14811	1.14811	20.37
2025.11.05	18:29:00	1.14812	1.14821	1.14808	1.14816	147.30
2025.11.05	18:30:00	1.14815	1.14815	1.14805	1.14805	80.63
2025.11.05	18:31:00	1.14806	1.14809	1.14801	1.14803	66.55
2025.11.05	18:32:00	1.14804	1.14805	1.14794	1.14799	47.95
2025.11.05	18:33:00	1.14800	1.14810	1.14800	1.14809	19.30
2025.11.05	18:34:00	1.14811	1.14811	1.14800	1.14801	25.20
2025.11.05	18:35:00	1.14802	1.14808	1.14801	1.14807	16.22
2025.11.05	18:36:00	1.14806	1.14808	1.14804	1.14805	13.50
2025.11.05	18:37:00	1.14806	1.14808	1.14804	1.14807	17.55
2025.11.05	18:38:00	1.14807	1.14816	1.14804	1.14815	63.45
2025.11.05	18:39:00	1.14814	1.14815	1.14809	1.14811	34.84
2025.11.05	18:40:00	1.14811	1.14812	1.14799	1.14799	32.35
2025.11.05	18:41:00	1.14801	1.14801	1.14800	1.14800	9.45
2025.11.05	18:42:00	1.14800	1.14800	1.14790	1.14797	47.40
2025.11.05	18:43:00	1.14798	1.14800	1.14794	1.14797	27.20
2025.11.05	18:44:00	1.14796	1.14801	1.14795	1.14795	18.00
2025.11.05	18:45:00	1.14797	1.14799	1.14795	1.14797	14.85
2025.11.05	18:46:00	1.14797	1.14802	1.14797	1.14800	19.50
2025.11.05	18:47:00	1.14800	1.14800	1.14794	1.14795	45.89
2025.11.05	18:48:00	1.14796	1.14798	1.14790	1.14791	73.60
2025.11.05	18:49:00	1.14791	1.14797	1.14788	1.14797	39.60
2025.11.05	18:50:00	1.14796	1.14798	1.14796	1.14796	9.20
2025.11.05	18:51:00	1.14798	1.14804	1.14795	1.14798	49.25
2025.11.05	18:52:00	1.14797	1.14797	1.14787	1.14791	40.17
2025.11.05	18:53:00	1.14788	1.14796	1.14788	1.14795	15.05
2025.11.05	18:54:00	1.14797	1.14802	1.14792	1.14802	39.25
2025.11.05	18:55:00	1.14800	1.14804	1.14796	1.14798	64.58
2025.11.05	18:56:00	1.14799	1.14804	1.14799	1.14804	31.49
2025.11.05	18:57:00	1.14804	1.14809	1.14803	1.14809	53.10
2025.11.05	18:58:00	1.14810	1.14817	1.14807	1.14812	71.57
2025.11.05	18:59:00	1.14812	1.14818	1.14812	1.14815	89.28
2025.11.05	19:00:00	1.14815	1.14822	1.14812	1.14820	60.36
2025.11.05	19:01:00	1.14821	1.14822	1.14817	1.14821	55.27
2025.11.05	19:02:00	1.14820	1.14825	1.14818	1.14822	24.55
2025.11.05	19:03:00	1.14824	1.14828	1.14822	1.14828	30.15
2025.11.05	19:04:00	1.14828	1.14833	1.14827	1.14827	28.80
2025.11.05	19:05:00	1.14827	1.14830	1.14827	1.14827	30.15
2025.11.05	19:06:00	1.14827	1.14828	1.14821	1.14822	58.72
2025.11.05	19:07:00	1.14823	1.14832	1.14823	1.14831	19.35
2025.11.05	19:08:00	1.14832	1.14836	1.14832	1.14836	6.30
2025.11.05	19:09:00	1.14836	1.14836	1.14821	1.14821	32.58
2025.11.05	19:10:00	1.14823	1.14824	1.14823	1.14823	5.40
2025.11.05	19:11:00	1.14822	1.14823	1.14817	1.14819	29.25
2025.11.05	19:12:00	1.14818	1.14819	1.14816	1.14818	22.41
2025.11.05	19:13:00	1.14817	1.14820	1.14812	1.14812	28.35
2025.11.05	19:14:00	1.14813	1.14813	1.14808	1.14809	28.11
2025.11.05	19:15:00	1.14808	1.14811	1.14802	1.14809	102.12
2025.11.05	19:16:00	1.14808	1.14815	1.14807	1.14811	76.42
2025.11.05	19:17:00	1.14812	1.14812	1.14805	1.14806	42.69
2025.11.05	19:18:00	1.14807	1.14808	1.14806	1.14806	13.50
2025.11.05	19:19:00	1.14807	1.14814	1.14807	1.14811	29.79
2025.11.05	19:20:00	1.14815	1.14818	1.14815	1.14816	31.95
2025.11.05	19:21:00	1.14816	1.14819	1.14816	1.14819	132.29
2025.11.05	19:22:00	1.14818	1.14818	1.14810	1.14814	83.35
2025.11.05	19:23:00	1.14815	1.14815	1.14810	1.14811	32.10
2025.11.05	19:24:00	1.14813	1.14820	1.14813	1.14819	76.45
2025.11.05	19:25:00	1.14821	1.14824	1.14820	1.14823	49.97
2025.11.05	19:26:00	1.14822	1.14832	1.14822	1.14828	40.81
2025.11.05	19:27:00	1.14826	1.14833	1.14825	1.14830	76.74
2025.11.05	19:28:00	1.14831	1.14837	1.14831	1.14836	28.17
2025.11.05	19:29:00	1.14835	1.14837	1.14835	1.14837	8.55
2025.11.05	19:30:00	1.14836	1.14837	1.14831	1.14831	38.88
2025.11.05	19:31:00	1.14831	1.14833	1.14830	1.14832	17.99
2025.11.05	19:32:00	1.14835	1.14840	1.14832	1.14835	50.72
2025.11.05	19:33:00	1.14836	1.14838	1.14830	1.14832	32.59
2025.11.05	19:34:00	1.14831	1.14836	1.14831	1.14836	30.15
2025.11.05	19:35:00	1.14837	1.14837	1.14835	1.14836	9.90
2025.11.05	19:36:00	1.14834	1.14835	1.14832	1.14834	16.78
2025.11.05	19:37:00	1.14834	1.14844	1.14834	1.14843	53.10
2025.11.05	19:38:00	1.14845	1.14845	1.14837	1.14842	20.10
2025.11.05	19:39:00	1.14843	1.14846	1.14841	1.14844	28.17
2025.11.05	19:40:00	1.14842	1.14850	1.14842	1.14845	54.96
2025.11.05	19:41:00	1.14846	1.14849	1.14837	1.14839	36.55
2025.11.05	19:42:00	1.14840	1.14843	1.14840	1.14843	4.50
2025.11.05	19:43:00	1.14845	1.14848	1.14845	1.14847	13.25
2025.11.05	19:44:00	1.14848	1.14851	1.14845	1.14851	43.60
2025.11.05	19:45:00	1.14851	1.14851	1.14845	1.14847	8.10
2025.11.05	19:46:00	1.14845	1.14846	1.14840	1.14845	28.02
2025.11.05	19:47:00	1.14845	1.14848	1.14837	1.14846	27.22
2025.11.05	19:48:00	1.14847	1.14847	1.14837	1.14837	31.47
2025.11.05	19:49:00	1.14841	1.14845	1.14841	1.14841	23.60
2025.11.05	19:50:00	1.14841	1.14841	1.14836	1.14838	22.50
2025.11.05	19:51:00	1.14841	1.14843	1.14838	1.14841	22.92
2025.11.05	19:52:00	1.14844	1.14844	1.14844	1.14844	0.90
2025.11.05	19:53:00	1.14846	1.14868	1.14846	1.14866	21.33
2025.11.05	19:54:00	1.14865	1.14865	1.14861	1.14863	7.42
2025.11.05	19:55:00	1.14862	1.14862	1.14857	1.14862	9.45
2025.11.05	19:56:00	1.14863	1.14875	1.14863	1.14871	45.90
2025.11.05	19:57:00	1.14872	1.14872	1.14865	1.14866	26.41
2025.11.05	19:58:00	1.14863	1.14866	1.14862	1.14862	14.85
2025.11.05	19:59:00	1.14862	1.14864	1.14850	1.14858	45.78
2025.11.05	20:00:00	1.14859	1.14874	1.14859	1.14873	64.09
2025.11.05	20:01:00	1.14871	1.14885	1.14868	1.14878	69.25
2025.11.05	20:02:00	1.14876	1.14883	1.14874	1.14883	42.85
2025.11.05	20:03:00	1.14884	1.14884	1.14876	1.14880	9.45
2025.11.05	20:04:00	1.14878	1.14894	1.14872	1.14894	36.74
2025.11.05	20:05:00	1.14894	1.14894	1.14890	1.14890	23.40
2025.11.05	20:06:00	1.14889	1.14896	1.14887	1.14896	65.90
2025.11.05	20:07:00	1.14898	1.14898	1.14891	1.14893	67.50
2025.11.05	20:08:00	1.14893	1.14894	1.14893	1.14894	9.40
2025.11.05	20:09:00	1.14893	1.14904	1.14886	1.14904	19.56
2025.11.05	20:10:00	1.14902	1.14903	1.14901	1.14903	10.55
2025.11.05	20:11:00	1.14901	1.14901	1.14898	1.14900	7.62
2025.11.05	20:12:00	1.14902	1.14902	1.14899	1.14902	35.45
2025.11.05	20:13:00	1.14902	1.14903	1.14901	1.14902	37.80
2025.11.05	20:14:00	1.14902	1.14906	1.14901	1.14906	10.05
2025.11.05	20:15:00	1.14907	1.14908	1.14905	1.14906	23.67
2025.11.05	20:16:00	1.14907	1.14907	1.14906	1.14906	2.25
2025.11.05	20:17:00	1.14911	1.14911	1.14905	1.14909	42.59
2025.11.05	20:18:00	1.14908	1.14917	1.14908	1.14911	54.23
2025.11.05	20:19:00	1.14911	1.14911	1.14903	1.14905	56.94
2025.11.05	20:20:00	1.14905	1.14907	1.14901	1.14903	33.97
2025.11.05	20:21:00	1.14903	1.14917	1.14901	1.14910	68.49
2025.11.05	20:22:00	1.14911	1.14914	1.14906	1.14907	54.74
2025.11.05	20:23:00	1.14907	1.14918	1.14907	1.14918	34.65
2025.11.05	20:24:00	1.14917	1.14917	1.14908	1.14908	25.20
2025.11.05	20:26:00	1.14910	1.14913	1.14893	1.14897	36.64
2025.11.05	20:27:00	1.14895	1.14895	1.14893	1.14893	7.65
2025.11.05	20:28:00	1.14894	1.14896	1.14888	1.14892	14.89
2025.11.05	20:29:00	1.14892	1.14898	1.14891	1.14898	13.05
2025.11.05	20:30:00	1.14897	1.14897	1.14892	1.14896	20.94
2025.11.05	20:31:00	1.14897	1.14903	1.14897	1.14901	7.40
2025.11.05	20:32:00	1.14900	1.14906	1.14900	1.14906	22.27
2025.11.05	20:33:00	1.14907	1.14908	1.14906	1.14908	6.30
2025.11.05	20:34:00	1.14909	1.14909	1.14901	1.14902	23.40
2025.11.05	20:35:00	1.14901	1.14903	1.14901	1.14903	8.10
2025.11.05	20:36:00	1.14902	1.14903	1.14902	1.14903	1.80
2025.11.05	20:37:00	1.14904	1.14904	1.14902	1.14903	6.30
2025.11.05	20:38:00	1.14901	1.14901	1.14897	1.14898	12.68
2025.11.05	20:39:00	1.14898	1.14898	1.14893	1.14894	13.05
2025.11.05	20:40:00	1.14893	1.14893	1.14887	1.14891	26.77
2025.11.05	20:41:00	1.14889	1.14896	1.14889	1.14893	29.00
2025.11.05	20:42:00	1.14895	1.14900	1.14895	1.14898	23.94
2025.11.05	20:43:00	1.14897	1.14898	1.14892	1.14897	56.62
2025.11.05	20:44:00	1.14897	1.14897	1.14892	1.14893	15.95
2025.11.05	20:45:00	1.14893	1.14894	1.14891	1.14891	21.10
2025.11.05	20:46:00	1.14891	1.14894	1.14887	1.14887	19.72
2025.11.05	20:47:00	1.14887	1.14889	1.14887	1.14887	11.70
2025.11.05	20:48:00	1.14886	1.14887	1.14880	1.14880	14.40
2025.11.05	20:49:00	1.14881	1.14889	1.14881	1.14889	13.53
2025.11.05	20:50:00	1.14888	1.14889	1.14887	1.14888	18.00
2025.11.05	20:51:00	1.14889	1.14889	1.14884	1.14887	20.70
2025.11.05	20:52:00	1.14885	1.14888	1.14885	1.14888	3.60
2025.11.05	20:53:00	1.14889	1.14890	1.14886	1.14888	11.25
2025.11.05	20:54:00	1.14887	1.14891	1.14887	1.14888	13.95
2025.11.05	20:55:00	1.14888	1.14888	1.14883	1.14885	30.35
2025.11.05	20:56:00	1.14887	1.14887	1.14881	1.14881	24.75
2025.11.05	20:57:00	1.14882	1.14888	1.14881	1.14886	28.35
2025.11.05	20:58:00	1.14886	1.14886	1.14876	1.14876	95.67
2025.11.05	20:59:00	1.14876	1.14883	1.14876	1.14883	84.86
2025.11.05	21:00:00	1.14883	1.14887	1.14873	1.14873	68.61
2025.11.05	21:01:00	1.14875	1.14879	1.14873	1.14878	16.04
2025.11.05	21:02:00	1.14879	1.14884	1.14877	1.14877	24.30
2025.11.05	21:03:00	1.14878	1.14882	1.14877	1.14880	28.80
2025.11.05	21:04:00	1.14882	1.14883	1.14878	1.14878	11.70
2025.11.05	21:05:00	1.14878	1.14899	1.14878	1.14898	40.62
2025.11.05	21:06:00	1.14901	1.14905	1.14899	1.14905	65.17
2025.11.05	21:07:00	1.14903	1.14907	1.14900	1.14903	66.34
2025.11.05	21:08:00	1.14901	1.14907	1.14901	1.14905	25.83
2025.11.05	21:09:00	1.14904	1.14907	1.14904	1.14907	13.68
2025.11.05	21:10:00	1.14905	1.14906	1.14901	1.14902	14.05
2025.11.05	21:11:00	1.14902	1.14903	1.14902	1.14902	3.60
2025.11.05	21:12:00	1.14901	1.14904	1.14900	1.14903	18.45
2025.11.05	21:13:00	1.14903	1.14903	1.14902	1.14902	2.70
2025.11.05	21:14:00	1.14903	1.14908	1.14902	1.14908	20.70
2025.11.05	21:15:00	1.14906	1.14908	1.14903	1.14906	74.64
2025.11.05	21:16:00	1.14911	1.14913	1.14911	1.14913	13.05
2025.11.05	21:17:00	1.14912	1.14915	1.14911	1.14913	30.60
2025.11.05	21:18:00	1.14912	1.14914	1.14912	1.14914	9.12
2025.11.05	21:19:00	1.14914	1.14918	1.14914	1.14914	23.61
2025.11.05	21:20:00	1.14915	1.14917	1.14915	1.14916	9.00
2025.11.05	21:21:00	1.14918	1.14919	1.14916	1.14917	20.04
2025.11.05	21:22:00	1.14916	1.14917	1.14916	1.14917	3.60
2025.11.05	21:23:00	1.14916	1.14923	1.14916	1.14919	19.80
2025.11.05	21:24:00	1.14921	1.14928	1.14921	1.14928	18.00
2025.11.05	21:25:00	1.14927	1.14932	1.14927	1.14931	34.30
2025.11.05	21:26:00	1.14932	1.14933	1.14913	1.14914	44.01
2025.11.05	21:27:00	1.14913	1.14914	1.14912	1.14912	11.70
2025.11.05	21:28:00	1.14914	1.14924	1.14913	1.14924	22.05
2025.11.05	21:29:00	1.14922	1.14923	1.14918	1.14919	57.16
2025.11.05	21:30:00	1.14917	1.14919	1.14917	1.14919	4.05
2025.11.05	21:31:00	1.14918	1.14928	1.14918	1.14927	20.88
2025.11.05	21:32:00	1.14927	1.14929	1.14926	1.14926	8.64
2025.11.05	21:33:00	1.14928	1.14930	1.14928	1.14928	11.34
2025.11.05	21:34:00	1.14929	1.14929	1.14922	1.14924	18.85
2025.11.05	21:35:00	1.14925	1.14925	1.14924	1.14924	7.56
2025.11.05	21:36:00	1.14922	1.14924	1.14922	1.14923	15.12
2025.11.05	21:37:00	1.14924	1.14924	1.14923	1.14923	8.46
2025.11.05	21:38:00	1.14924	1.14924	1.14922	1.14922	2.94
2025.11.05	21:39:00	1.14922	1.14927	1.14922	1.14927	10.35
2025.11.05	21:40:00	1.14925	1.14936	1.14925	1.14933	24.57
2025.11.05	21:41:00	1.14931	1.14931	1.14924	1.14930	41.44
2025.11.05	21:42:00	1.14929	1.14940	1.14929	1.14938	28.56
2025.11.05	21:43:00	1.14938	1.14938	1.14936	1.14938	4.71
2025.11.05	21:44:00	1.14931	1.14932	1.14926	1.14932	27.26
2025.11.05	21:45:00	1.14932	1.14932	1.14931	1.14931	4.50
2025.11.05	21:46:00	1.14932	1.14932	1.14923	1.14926	26.89
2025.11.05	21:47:00	1.14926	1.14930	1.14926	1.14928	11.20
2025.11.05	21:48:00	1.14932	1.14934	1.14930	1.14931	16.29
2025.11.05	21:49:00	1.14932	1.14932	1.14915	1.14922	17.43
2025.11.05	21:50:00	1.14921	1.14936	1.14917	1.14917	80.21
2025.11.05	21:51:00	1.14917	1.14921	1.14917	1.14919	26.97
2025.11.05	21:52:00	1.14922	1.14923	1.14921	1.14922	2.37
2025.11.05	21:53:00	1.14923	1.14923	1.14919	1.14922	11.28
2025.11.05	21:54:00	1.14925	1.14930	1.14924	1.14929	19.06
2025.11.05	21:55:00	1.14928	1.14928	1.14925	1.14926	10.86
2025.11.05	21:56:00	1.14925	1.14928	1.14912	1.14912	27.94
2025.11.05	21:57:00	1.14916	1.14921	1.14915	1.14917	55.08
2025.11.05	21:58:00	1.14919	1.14928	1.14918	1.14924	372.55
2025.11.05	21:59:00	1.14924	1.14924	1.14917	1.14917	384.94
2025.11.05	22:00:00	1.14917	1.14917	1.14915	1.14915	9.45
2025.11.05	22:01:00	1.14908	1.14910	1.14905	1.14905	5.14
2025.11.05	22:02:00	1.14905	1.14905	1.14905	1.14905	7.01
2025.11.05	22:03:00	1.14905	1.14905	1.14905	1.14905	1.34
2025.11.05	22:04:00	1.14905	1.14905	1.14905	1.14905	3.01
2025.11.05	22:05:00	1.14907	1.14910	1.14907	1.14907	9.28
2025.11.05	22:06:00	1.14908	1.14908	1.14906	1.14906	14.40
2025.11.05	22:07:00	1.14908	1.14908	1.14908	1.14908	4.50
2025.11.05	22:08:00	1.14906	1.14920	1.14906	1.14910	12.99
2025.11.05	22:09:00	1.14910	1.14919	1.14906	1.14919	29.47
2025.11.05	22:10:00	1.14931	1.14931	1.14906	1.14906	18.30
2025.11.05	22:11:00	1.14915	1.14915	1.14906	1.14912	15.17
2025.11.05	22:12:00	1.14913	1.14915	1.14910	1.14915	10.80
2025.11.05	22:13:00	1.14915	1.14915	1.14911	1.14913	15.30
2025.11.05	22:14:00	1.14912	1.14912	1.14910	1.14910	5.40
2025.11.05	22:15:00	1.14908	1.14911	1.14908	1.14910	19.80
2025.11.05	22:16:00	1.14908	1.14909	1.14906	1.14908	19.80
2025.11.05	22:17:00	1.14909	1.14909	1.14908	1.14909	9.00
2025.11.05	22:18:00	1.14911	1.14913	1.14909	1.14913	25.20
2025.11.05	22:19:00	1.14913	1.14913	1.14911	1.14912	12.60
2025.11.05	22:20:00	1.14913	1.14915	1.14910	1.14915	9.00
2025.11.05	22:21:00	1.14912	1.14914	1.14911	1.14914	7.20
2025.11.05	22:22:00	1.14914	1.14921	1.14910	1.14921	25.65
2025.11.05	22:23:00	1.14919	1.14921	1.14919	1.14921	12.60
2025.11.05	22:24:00	1.14921	1.14924	1.14917	1.14921	14.40
2025.11.05	22:25:00	1.14920	1.14921	1.14920	1.14921	7.20
2025.11.05	22:26:00	1.14920	1.14922	1.14920	1.14922	3.60
2025.11.05	22:27:00	1.14913	1.14916	1.14911	1.14916	8.55
2025.11.05	22:28:00	1.14911	1.14924	1.14911	1.14923	34.20
2025.11.05	22:29:00	1.14923	1.14925	1.14917	1.14918	18.00
2025.11.05	22:30:00	1.14917	1.14925	1.14916	1.14922	34.65
2025.11.05	22:31:00	1.14921	1.14924	1.14918	1.14918	44.64
2025.11.05	22:32:00	1.14922	1.14925	1.14919	1.14925	23.85
2025.11.05	22:33:00	1.14921	1.14925	1.14916	1.14917	45.99
2025.11.05	22:34:00	1.14917	1.14921	1.14917	1.14919	18.90
2025.11.05	22:35:00	1.14920	1.14921	1.14917	1.14917	41.49
2025.11.05	22:36:00	1.14920	1.14920	1.14918	1.14919	18.90
2025.11.05	22:37:00	1.14922	1.14922	1.14919	1.14922	14.85
2025.11.05	22:38:00	1.14919	1.14926	1.14919	1.14923	35.10
2025.11.05	22:39:00	1.14925	1.14925	1.14920	1.14921	91.80
2025.11.05	22:40:00	1.14919	1.14927	1.14918	1.14925	87.30
2025.11.05	22:41:00	1.14924	1.14926	1.14921	1.14921	25.65
2025.11.05	22:42:00	1.14923	1.14928	1.14922	1.14928	71.10
2025.11.05	22:43:00	1.14927	1.14927	1.14920	1.14923	41.85
2025.11.05	22:44:00	1.14924	1.14929	1.14920	1.14928	65.69
2025.11.05	22:45:00	1.14922	1.14927	1.14921	1.14922	34.20
2025.11.05	22:46:00	1.14923	1.14924	1.14921	1.14923	29.70
2025.11.05	22:47:00	1.14924	1.14924	1.14915	1.14915	23.40
2025.11.05	22:48:00	1.14917	1.14924	1.14916	1.14918	32.40
2025.11.05	22:49:00	1.14918	1.14922	1.14916	1.14916	54.45
2025.11.05	22:50:00	1.14922	1.14922	1.14915	1.14919	62.55
2025.11.05	22:51:00	1.14918	1.14921	1.14915	1.14919	69.75
2025.11.05	22:52:00	1.14918	1.14920	1.14916	1.14918	50.40
2025.11.05	22:53:00	1.14920	1.14923	1.14917	1.14918	37.35
2025.11.05	22:54:00	1.14921	1.14924	1.14916	1.14918	29.70
2025.11.05	22:55:00	1.14921	1.14924	1.14917	1.14921	43.65
2025.11.05	22:56:00	1.14922	1.14924	1.14914	1.14918	106.65
2025.11.05	22:57:00	1.14924	1.14924	1.14916	1.14917	52.65
2025.11.05	22:58:00	1.14920	1.14921	1.14916	1.14921	57.60
2025.11.05	22:59:00	1.14919	1.14921	1.14916	1.14919	58.05
2025.11.05	23:00:00	1.14920	1.14935	1.14919	1.14925	263.25
2025.11.05	23:01:00	1.14926	1.14932	1.14917	1.14917	148.50
2025.11.05	23:02:00	1.14918	1.14922	1.14918	1.14920	42.30
2025.11.05	23:03:00	1.14918	1.14920	1.14910	1.14912	37.80
2025.11.05	23:04:00	1.14910	1.14912	1.14910	1.14912	18.00
2025.11.05	23:05:00	1.14912	1.14916	1.14910	1.14912	48.60
2025.11.05	23:06:00	1.14912	1.14915	1.14911	1.14914	45.09
2025.11.05	23:07:00	1.14914	1.14933	1.14913	1.14928	98.64
2025.11.05	23:08:00	1.14928	1.14929	1.14927	1.14928	12.12
2025.11.05	23:09:00	1.14928	1.14928	1.14924	1.14924	6.75
2025.11.05	23:10:00	1.14931	1.14939	1.14931	1.14939	20.34
2025.11.05	23:11:00	1.14939	1.14939	1.14933	1.14936	26.12
2025.11.05	23:12:00	1.14934	1.14934	1.14931	1.14933	15.14
2025.11.05	23:13:00	1.14934	1.14945	1.14934	1.14943	47.70
2025.11.05	23:14:00	1.14944	1.14947	1.14942	1.14944	45.60
2025.11.05	23:15:00	1.14945	1.14945	1.14942	1.14942	16.82
2025.11.05	23:16:00	1.14944	1.14948	1.14944	1.14946	16.85
2025.11.05	23:17:00	1.14947	1.14948	1.14947	1.14948	3.37
2025.11.05	23:18:00	1.14951	1.14952	1.14949	1.14952	15.90
2025.11.05	23:19:00	1.14948	1.14948	1.14943	1.14945	15.25
2025.11.05	23:20:00	1.14947	1.14947	1.14946	1.14947	4.14
2025.11.05	23:21:00	1.14947	1.14947	1.14946	1.14947	12.76
2025.11.05	23:22:00	1.14948	1.14950	1.14947	1.14950	18.24
2025.11.05	23:23:00	1.14952	1.14952	1.14950	1.14950	1.56
2025.11.05	23:24:00	1.14951	1.14952	1.14945	1.14945	10.44
2025.11.05	23:25:00	1.14944	1.14946	1.14943	1.14946	8.30
2025.11.05	23:26:00	1.14947	1.14947	1.14947	1.14947	0.90
2025.11.05	23:27:00	1.14947	1.14947	1.14947	1.14947	0.90
2025.11.05	23:28:00	1.14945	1.14945	1.14945	1.14945	0.90
2025.11.05	23:30:00	1.14951	1.14954	1.14947	1.14952	16.65
2025.11.05	23:31:00	1.14951	1.14951	1.14943	1.14945	23.70
2025.11.05	23:32:00	1.14947	1.14949	1.14947	1.14948	3.60
2025.11.05	23:33:00	1.14952	1.14952	1.14946	1.14952	16.87
2025.11.05	23:34:00	1.14952	1.14952	1.14952	1.14952	2.70
2025.11.05	23:36:00	1.14951	1.14951	1.14946	1.14949	18.52
2025.11.05	23:37:00	1.14951	1.14951	1.14950	1.14950	5.05
2025.11.05	23:38:00	1.14949	1.14951	1.14948	1.14948	10.74
2025.11.05	23:39:00	1.14949	1.14949	1.14949	1.14949	0.90
2025.11.05	23:40:00	1.14950	1.14951	1.14949	1.14950	8.78
2025.11.05	23:41:00	1.14951	1.14951	1.14950	1.14950	7.95
2025.11.05	23:42:00	1.14951	1.14951	1.14947	1.14947	16.97
2025.11.05	23:43:00	1.14946	1.14947	1.14941	1.14942	11.87
2025.11.05	23:44:00	1.14945	1.14949	1.14945	1.14949	8.14
2025.11.05	23:45:00	1.14947	1.14947	1.14945	1.14945	5.05
2025.11.05	23:46:00	1.14945	1.14945	1.14944	1.14944	4.25
2025.11.05	23:47:00	1.14944	1.14946	1.14944	1.14946	1.80
2025.11.05	23:48:00	1.14946	1.14948	1.14946	1.14948	6.80
2025.11.05	23:49:00	1.14949	1.14956	1.14949	1.14956	11.41
2025.11.05	23:50:00	1.14956	1.14962	1.14955	1.14962	43.02
2025.11.05	23:51:00	1.14961	1.14962	1.14959	1.14962	9.04
2025.11.05	23:52:00	1.14963	1.14963	1.14963	1.14963	0.90
2025.11.05	23:53:00	1.14960	1.14960	1.14953	1.14953	5.15
2025.11.05	23:55:00	1.14954	1.14959	1.14954	1.14958	8.10
2025.11.05	23:56:00	1.14960	1.14961	1.14960	1.14961	2.70
2025.11.05	23:57:00	1.14963	1.14969	1.14962	1.14962	13.28
2025.11.05	23:58:00	1.14962	1.14963	1.14958	1.14958	9.00
2025.11.05	23:59:00	1.14956	1.14957	1.14953	1.14957	6.60
2025.11.06	00:00:00	1.14956	1.14957	1.14941	1.14941	38.47
2025.11.06	00:01:00	1.14941	1.14944	1.14941	1.14942	19.12
2025.11.06	00:02:00	1.14942	1.14943	1.14936	1.14938	26.32
2025.11.06	00:03:00	1.14937	1.14937	1.14932	1.14935	26.62
2025.11.06	00:04:00	1.14935	1.14936	1.14930	1.14930	30.89
2025.11.06	00:05:00	1.14932	1.14948	1.14932	1.14946	42.39
2025.11.06	00:06:00	1.14946	1.14948	1.14943	1.14947	39.60
2025.11.06	00:07:00	1.14945	1.14947	1.14942	1.14945	9.55
2025.11.06	00:08:00	1.14946	1.14949	1.14942	1.14942	24.95
2025.11.06	00:09:00	1.14943	1.14943	1.14940	1.14940	4.50
2025.11.06	00:10:00	1.14939	1.14947	1.14938	1.14947	43.13
2025.11.06	00:11:00	1.14945	1.14954	1.14945	1.14954	18.00
2025.11.06	00:12:00	1.14953	1.14961	1.14952	1.14960	10.80
2025.11.06	00:13:00	1.14962	1.14963	1.14959	1.14963	24.70
2025.11.06	00:14:00	1.14962	1.14967	1.14961	1.14965	19.95
2025.11.06	00:15:00	1.14964	1.14964	1.14961	1.14962	12.10
2025.11.06	00:16:00	1.14963	1.14964	1.14962	1.14962	3.35
2025.11.06	00:17:00	1.14960	1.14961	1.14959	1.14959	4.50
2025.11.06	00:18:00	1.14957	1.14958	1.14956	1.14958	3.60
2025.11.06	00:19:00	1.14956	1.14966	1.14953	1.14966	16.65
2025.11.06	00:20:00	1.14967	1.14968	1.14965	1.14967	12.60
2025.11.06	00:21:00	1.14965	1.14970	1.14965	1.14967	13.00
2025.11.06	00:22:00	1.14966	1.14970	1.14965	1.14965	17.30
2025.11.06	00:23:00	1.14965	1.14971	1.14965	1.14966	18.60
2025.11.06	00:24:00	1.14968	1.14970	1.14968	1.14968	11.45
2025.11.06	00:25:00	1.14970	1.14972	1.14970	1.14971	8.50
2025.11.06	00:26:00	1.14974	1.14984	1.14974	1.14984	40.25
2025.11.06	00:27:00	1.14985	1.14986	1.14983	1.14985	12.05
2025.11.06	00:28:00	1.14985	1.14988	1.14985	1.14988	4.50
2025.11.06	00:29:00	1.14986	1.14990	1.14986	1.14987	25.05
2025.11.06	00:30:00	1.14988	1.14991	1.14986	1.14986	19.70
2025.11.06	00:31:00	1.14988	1.14988	1.14981	1.14981	22.00
2025.11.06	00:32:00	1.14982	1.14983	1.14960	1.14961	40.87
2025.11.06	00:33:00	1.14961	1.14966	1.14959	1.14964	22.14
2025.11.06	00:34:00	1.14963	1.14966	1.14961	1.14965	44.85
2025.11.06	00:35:00	1.14966	1.14974	1.14965	1.14974	17.76
2025.11.06	00:36:00	1.14972	1.14980	1.14971	1.14977	48.31
2025.11.06	00:37:00	1.14977	1.14980	1.14974	1.14978	21.84
2025.11.06	00:38:00	1.14978	1.14979	1.14972	1.14978	34.03
2025.11.06	00:39:00	1.14979	1.14981	1.14975	1.14977	17.40
2025.11.06	00:40:00	1.14979	1.14981	1.14973	1.14973	16.19
2025.11.06	00:41:00	1.14974	1.14976	1.14973	1.14975	37.81
2025.11.06	00:42:00	1.14975	1.14976	1.14974	1.14976	24.76
2025.11.06	00:43:00	1.14977	1.14978	1.14972	1.14974	92.28
2025.11.06	00:44:00	1.14974	1.14980	1.14974	1.14978	64.31
2025.11.06	00:45:00	1.14978	1.14981	1.14977	1.14980	27.74
2025.11.06	00:46:00	1.14980	1.14991	1.14979	1.14990	33.93
2025.11.06	00:47:00	1.14993	1.15009	1.14993	1.15006	59.22
2025.11.06	00:48:00	1.15006	1.15009	1.15001	1.15001	45.14
2025.11.06	00:49:00	1.15003	1.15018	1.15001	1.15015	39.37
2025.11.06	00:50:00	1.15014	1.15015	1.15000	1.15002	54.92
2025.11.06	00:51:00	1.15000	1.15001	1.14990	1.14992	29.85
2025.11.06	00:52:00	1.14992	1.15004	1.14989	1.15002	29.27
2025.11.06	00:53:00	1.15005	1.15009	1.15003	1.15008	39.55
2025.11.06	00:54:00	1.15006	1.15016	1.15003	1.15009	78.07
2025.11.06	00:55:00	1.15010	1.15011	1.15000	1.15007	52.37
2025.11.06	00:56:00	1.15008	1.15009	1.15002	1.15002	28.55
2025.11.06	00:57:00	1.15002	1.15008	1.14997	1.14997	36.65
2025.11.06	00:58:00	1.14997	1.15002	1.14994	1.14995	52.61
2025.11.06	00:59:00	1.14994	1.15005	1.14990	1.15005	65.04
2025.11.06	01:00:00	1.15008	1.15024	1.15007	1.15022	67.80
2025.11.06	01:01:00	1.15021	1.15039	1.15020	1.15029	95.66
2025.11.06	01:02:00	1.15028	1.15038	1.15020	1.15037	56.04
2025.11.06	01:03:00	1.15038	1.15072	1.15038	1.15072	96.82
2025.11.06	01:04:00	1.15073	1.15073	1.15045	1.15048	136.16
2025.11.06	01:05:00	1.15047	1.15062	1.15045	1.15062	98.44
2025.11.06	01:06:00	1.15059	1.15062	1.15055	1.15062	95.05
2025.11.06	01:07:00	1.15062	1.15062	1.15052	1.15052	79.20
2025.11.06	01:08:00	1.15053	1.15054	1.15050	1.15052	24.95
2025.11.06	01:09:00	1.15054	1.15058	1.15051	1.15054	45.79
2025.11.06	01:10:00	1.15054	1.15054	1.15038	1.15047	59.60
2025.11.06	01:11:00	1.15053	1.15054	1.15050	1.15052	67.61
2025.11.06	01:12:00	1.15050	1.15053	1.15046	1.15048	75.54
2025.11.06	01:13:00	1.15048	1.15050	1.15036	1.15037	84.70
2025.11.06	01:14:00	1.15043	1.15048	1.15041	1.15041	70.53
2025.11.06	01:15:00	1.15042	1.15062	1.15042	1.15061	139.65
2025.11.06	01:16:00	1.15060	1.15061	1.15056	1.15059	31.20
2025.11.06	01:17:00	1.15057	1.15063	1.15050	1.15063	67.92
2025.11.06	01:18:00	1.15061	1.15069	1.15057	1.15067	94.30
2025.11.06	01:19:00	1.15068	1.15068	1.15062	1.15064	67.90
2025.11.06	01:20:00	1.15063	1.15064	1.15061	1.15063	25.75
2025.11.06	01:21:00	1.15063	1.15068	1.15062	1.15062	31.94
2025.11.06	01:22:00	1.15062	1.15062	1.15053	1.15053	40.51
2025.11.06	01:23:00	1.15055	1.15064	1.15055	1.15060	15.60
2025.11.06	01:24:00	1.15059	1.15059	1.15054	1.15058	26.54
2025.11.06	01:25:00	1.15057	1.15058	1.15054	1.15057	19.30
2025.11.06	01:26:00	1.15058	1.15067	1.15057	1.15065	40.65
2025.11.06	01:27:00	1.15066	1.15067	1.15066	1.15067	5.60
2025.11.06	01:28:00	1.15067	1.15077	1.15067	1.15072	42.14
2025.11.06	01:29:00	1.15071	1.15073	1.15070	1.15072	14.42
2025.11.06	01:30:00	1.15072	1.15082	1.15072	1.15080	39.48
2025.11.06	01:31:00	1.15082	1.15082	1.15078	1.15082	27.42
2025.11.06	01:32:00	1.15082	1.15087	1.15082	1.15083	44.69
2025.11.06	01:33:00	1.15083	1.15083	1.15070	1.15071	56.77
2025.11.06	01:34:00	1.15070	1.15076	1.15070	1.15076	62.43
2025.11.06	01:35:00	1.15077	1.15077	1.15058	1.15062	72.99
2025.11.06	01:36:00	1.15062	1.15064	1.15058	1.15058	54.30
2025.11.06	01:37:00	1.15059	1.15073	1.15058	1.15070	34.57
2025.11.06	01:38:00	1.15069	1.15073	1.15068	1.15073	31.64
2025.11.06	01:39:00	1.15071	1.15077	1.15071	1.15072	49.13
2025.11.06	01:40:00	1.15072	1.15073	1.15068	1.15072	32.27
2025.11.06	01:41:00	1.15072	1.15075	1.15071	1.15075	41.60
2025.11.06	01:42:00	1.15074	1.15078	1.15069	1.15070	64.08
2025.11.06	01:43:00	1.15069	1.15071	1.15063	1.15063	63.99
2025.11.06	01:44:00	1.15063	1.15076	1.15062	1.15074	41.56
2025.11.06	01:45:00	1.15074	1.15083	1.15071	1.15083	60.71
2025.11.06	01:46:00	1.15084	1.15087	1.15082	1.15084	64.53
2025.11.06	01:47:00	1.15082	1.15084	1.15071	1.15072	47.82
2025.11.06	01:48:00	1.15073	1.15073	1.15071	1.15072	27.00
2025.11.06	01:49:00	1.15071	1.15071	1.15064	1.15067	61.00
2025.11.06	01:50:00	1.15066	1.15066	1.15057	1.15060	57.63
2025.11.06	01:51:00	1.15059	1.15068	1.15059	1.15067	76.70
2025.11.06	01:52:00	1.15068	1.15068	1.15059	1.15061	41.95
2025.11.06	01:53:00	1.15060	1.15068	1.15058	1.15068	59.50
2025.11.06	01:54:00	1.15066	1.15068	1.15066	1.15066	25.70
2025.11.06	01:55:00	1.15068	1.15075	1.15066	1.15073	32.95
2025.11.06	01:56:00	1.15073	1.15080	1.15073	1.15079	56.42
2025.11.06	01:57:00	1.15080	1.15083	1.15076	1.15083	59.53
2025.11.06	01:58:00	1.15084	1.15084	1.15071	1.15077	46.51
2025.11.06	01:59:00	1.15077	1.15077	1.15069	1.15072	60.21
2025.11.06	02:00:00	1.15071	1.15072	1.15061	1.15062	65.60
2025.11.06	02:01:00	1.15063	1.15071	1.15063	1.15066	26.27
2025.11.06	02:02:00	1.15067	1.15072	1.15066	1.15067	38.00
2025.11.06	02:03:00	1.15070	1.15082	1.15069	1.15077	47.24
2025.11.06	02:04:00	1.15077	1.15081	1.15074	1.15077	36.50
2025.11.06	02:05:00	1.15078	1.15078	1.15070	1.15071	19.54
2025.11.06	02:06:00	1.15071	1.15075	1.15071	1.15074	26.66
2025.11.06	02:07:00	1.15072	1.15076	1.15072	1.15074	19.24
2025.11.06	02:08:00	1.15075	1.15078	1.15075	1.15076	21.80
2025.11.06	02:09:00	1.15077	1.15084	1.15077	1.15081	40.41
2025.11.06	02:10:00	1.15081	1.15086	1.15078	1.15086	41.29
2025.11.06	02:11:00	1.15089	1.15089	1.15077	1.15078	45.10
2025.11.06	02:12:00	1.15079	1.15079	1.15078	1.15078	2.70
2025.11.06	02:13:00	1.15079	1.15080	1.15076	1.15080	37.05
2025.11.06	02:14:00	1.15081	1.15082	1.15073	1.15073	54.90
2025.11.06	02:15:00	1.15071	1.15077	1.15071	1.15076	35.62
2025.11.06	02:16:00	1.15074	1.15085	1.15074	1.15082	40.72
2025.11.06	02:17:00	1.15080	1.15080	1.15073	1.15076	15.90
2025.11.06	02:18:00	1.15076	1.15078	1.15073	1.15077	24.30
2025.11.06	02:19:00	1.15077	1.15077	1.15072	1.15072	30.90
2025.11.06	02:20:00	1.15072	1.15073	1.15070	1.15071	20.10
2025.11.06	02:21:00	1.15072	1.15072	1.15071	1.15072	13.80
2025.11.06	02:22:00	1.15072	1.15074	1.15072	1.15074	3.00
2025.11.06	02:23:00	1.15072	1.15073	1.15071	1.15073	2.70
2025.11.06	02:24:00	1.15073	1.15073	1.15073	1.15073	0.90
2025.11.06	02:25:00	1.15073	1.15074	1.15070	1.15072	9.61
2025.11.06	02:26:00	1.15071	1.15073	1.15068	1.15068	38.99
2025.11.06	02:27:00	1.15070	1.15074	1.15069	1.15073	10.35
2025.11.06	02:28:00	1.15071	1.15072	1.15070	1.15072	5.10
2025.11.06	02:29:00	1.15072	1.15073	1.15069	1.15069	17.76
2025.11.06	02:30:00	1.15070	1.15073	1.15066	1.15067	48.24
2025.11.06	02:31:00	1.15068	1.15070	1.15063	1.15063	20.02
2025.11.06	02:32:00	1.15063	1.15064	1.15061	1.15061	18.09
2025.11.06	02:33:00	1.15061	1.15069	1.15061	1.15063	45.19
2025.11.06	02:34:00	1.15063	1.15067	1.15061	1.15067	9.90
2025.11.06	02:35:00	1.15066	1.15066	1.15055	1.15055	46.05
2025.11.06	02:36:00	1.15054	1.15057	1.15045	1.15045	39.21
2025.11.06	02:37:00	1.15047	1.15047	1.15035	1.15037	27.44
2025.11.06	02:38:00	1.15038	1.15041	1.15038	1.15040	19.72
2025.11.06	02:39:00	1.15040	1.15047	1.15039	1.15046	15.00
2025.11.06	02:40:00	1.15044	1.15046	1.15037	1.15037	36.52
2025.11.06	02:41:00	1.15039	1.15039	1.15033	1.15038	57.53
2025.11.06	02:42:00	1.15040	1.15042	1.15038	1.15038	25.50
2025.11.06	02:43:00	1.15038	1.15040	1.15037	1.15039	15.75
2025.11.06	02:44:00	1.15038	1.15041	1.15034	1.15041	21.45
2025.11.06	02:46:00	1.15041	1.15042	1.15033	1.15034	13.34
2025.11.06	02:47:00	1.15035	1.15038	1.15035	1.15038	2.70
2025.11.06	02:48:00	1.15036	1.15038	1.15035	1.15035	9.52
2025.11.06	02:49:00	1.15037	1.15042	1.15033	1.15039	14.40
2025.11.06	02:50:00	1.15037	1.15041	1.15037	1.15038	10.12
2025.11.06	02:51:00	1.15036	1.15036	1.15031	1.15031	5.92
2025.11.06	02:52:00	1.15032	1.15038	1.15032	1.15038	17.49
2025.11.06	02:53:00	1.15037	1.15042	1.15037	1.15040	7.72
2025.11.06	02:54:00	1.15041	1.15041	1.15040	1.15040	5.10
2025.11.06	02:55:00	1.15041	1.15049	1.15041	1.15049	56.20
2025.11.06	02:56:00	1.15047	1.15050	1.15047	1.15050	34.63
2025.11.06	02:57:00	1.15049	1.15053	1.15046	1.15046	55.09
2025.11.06	02:58:00	1.15046	1.15051	1.15046	1.15049	50.65
2025.11.06	02:59:00	1.15051	1.15053	1.15049	1.15050	88.11
2025.11.06	03:00:00	1.15052	1.15054	1.15046	1.15048	104.40
2025.11.06	03:01:00	1.15048	1.15051	1.15040	1.15042	37.70
2025.11.06	03:02:00	1.15042	1.15043	1.15038	1.15041	21.21
2025.11.06	03:03:00	1.15041	1.15041	1.15039	1.15040	22.50
2025.11.06	03:04:00	1.15040	1.15043	1.15036	1.15036	99.59
2025.11.06	03:05:00	1.15037	1.15039	1.15032	1.15037	41.24
2025.11.06	03:06:00	1.15039	1.15052	1.15037	1.15048	28.50
2025.11.06	03:07:00	1.15047	1.15056	1.15047	1.15050	44.55
2025.11.06	03:08:00	1.15051	1.15054	1.15050	1.15051	25.20
2025.11.06	03:09:00	1.15050	1.15054	1.15050	1.15051	49.95
2025.11.06	03:10:00	1.15051	1.15052	1.15048	1.15051	97.62
2025.11.06	03:11:00	1.15053	1.15053	1.15046	1.15046	51.00
2025.11.06	03:12:00	1.15046	1.15046	1.15043	1.15043	20.93
2025.11.06	03:13:00	1.15044	1.15054	1.15043	1.15052	32.40
2025.11.06	03:14:00	1.15054	1.15062	1.15054	1.15061	25.50
2025.11.06	03:15:00	1.15060	1.15062	1.15059	1.15062	25.56
2025.11.06	03:16:00	1.15064	1.15071	1.15061	1.15070	51.25
2025.11.06	03:17:00	1.15071	1.15072	1.15059	1.15062	42.94
2025.11.06	03:18:00	1.15064	1.15068	1.15062	1.15067	43.64
2025.11.06	03:19:00	1.15066	1.15068	1.15061	1.15061	18.44
2025.11.06	03:20:00	1.15062	1.15068	1.15061	1.15064	26.86
2025.11.06	03:21:00	1.15066	1.15072	1.15065	1.15072	18.21
2025.11.06	03:22:00	1.15072	1.15072	1.15070	1.15070	8.92
2025.11.06	03:23:00	1.15072	1.15076	1.15071	1.15072	22.95
2025.11.06	03:24:00	1.15074	1.15078	1.15072	1.15076	17.54
2025.11.06	03:25:00	1.15075	1.15078	1.15072	1.15072	22.39
2025.11.06	03:26:00	1.15073	1.15078	1.15072	1.15072	11.81
2025.11.06	03:27:00	1.15073	1.15073	1.15063	1.15070	29.97
2025.11.06	03:28:00	1.15070	1.15074	1.15070	1.15071	11.19
2025.11.06	03:29:00	1.15070	1.15074	1.15069	1.15073	14.71
2025.11.06	03:30:00	1.15074	1.15075	1.15070	1.15073	21.21
2025.11.06	03:31:00	1.15070	1.15071	1.15069	1.15071	11.84
2025.11.06	03:32:00	1.15071	1.15071	1.15067	1.15067	13.87
2025.11.06	03:33:00	1.15067	1.15073	1.15065	1.15072	18.76
2025.11.06	03:34:00	1.15071	1.15071	1.15069	1.15069	9.90
2025.11.06	03:35:00	1.15071	1.15071	1.15068	1.15068	6.52
2025.11.06	03:36:00	1.15071	1.15071	1.15070	1.15070	2.70
2025.11.06	03:37:00	1.15070	1.15071	1.15063	1.15069	14.62
2025.11.06	03:38:00	1.15070	1.15070	1.15068	1.15068	4.50
2025.11.06	03:39:00	1.15067	1.15067	1.15066	1.15067	6.74
2025.11.06	03:40:00	1.15066	1.15067	1.15063	1.15066	21.36
2025.11.06	03:41:00	1.15067	1.15068	1.15064	1.15064	6.30
2025.11.06	03:42:00	1.15066	1.15068	1.15066	1.15067	5.40
2025.11.06	03:43:00	1.15067	1.15067	1.15067	1.15067	3.60
2025.11.06	03:44:00	1.15067	1.15070	1.15066	1.15068	10.89
2025.11.06	03:45:00	1.15069	1.15070	1.15067	1.15068	9.54
2025.11.06	03:46:00	1.15071	1.15073	1.15071	1.15072	12.15
2025.11.06	03:47:00	1.15072	1.15072	1.15067	1.15067	27.37
2025.11.06	03:48:00	1.15066	1.15070	1.15065	1.15068	58.80
2025.11.06	03:49:00	1.15070	1.15073	1.15070	1.15073	22.72
2025.11.06	03:50:00	1.15073	1.15073	1.15068	1.15070	6.82
2025.11.06	03:51:00	1.15072	1.15072	1.15070	1.15071	7.20
2025.11.06	03:52:00	1.15072	1.15077	1.15069	1.15072	9.90
2025.11.06	03:53:00	1.15071	1.15073	1.15070	1.15070	7.59
2025.11.06	03:54:00	1.15069	1.15073	1.15069	1.15073	7.20
2025.11.06	03:55:00	1.15073	1.15073	1.15067	1.15071	7.29
2025.11.06	03:56:00	1.15073	1.15073	1.15069	1.15069	5.70
2025.11.06	03:57:00	1.15070	1.15070	1.15067	1.15069	19.26
2025.11.06	03:58:00	1.15068	1.15070	1.15065	1.15069	10.38
2025.11.06	03:59:00	1.15070	1.15070	1.15068	1.15068	3.15
2025.11.06	04:00:00	1.15069	1.15074	1.15069	1.15073	15.01
2025.11.06	04:01:00	1.15074	1.15075	1.15072	1.15073	4.05
2025.11.06	04:02:00	1.15072	1.15073	1.15071	1.15072	3.93
2025.11.06	04:03:00	1.15070	1.15072	1.15069	1.15072	7.20
2025.11.06	04:04:00	1.15072	1.15072	1.15071	1.15071	6.30
2025.11.06	04:05:00	1.15072	1.15072	1.15071	1.15071	2.70
2025.11.06	04:06:00	1.15070	1.15071	1.15064	1.15065	23.55
2025.11.06	04:07:00	1.15066	1.15066	1.15055	1.15057	44.64
2025.11.06	04:08:00	1.15058	1.15063	1.15058	1.15058	35.73
2025.11.06	04:09:00	1.15059	1.15063	1.15057	1.15062	33.55
2025.11.06	04:10:00	1.15060	1.15062	1.15059	1.15061	28.91
2025.11.06	04:11:00	1.15061	1.15066	1.15060	1.15064	29.28
2025.11.06	04:12:00	1.15065	1.15071	1.15065	1.15070	48.78
2025.11.06	04:13:00	1.15070	1.15075	1.15070	1.15074	33.90
2025.11.06	04:14:00	1.15074	1.15075	1.15071	1.15073	17.32
2025.11.06	04:15:00	1.15073	1.15079	1.15071	1.15079	49.20
2025.11.06	04:16:00	1.15080	1.15080	1.15076	1.15079	35.95
2025.11.06	04:17:00	1.15081	1.15081	1.15077	1.15080	12.60
2025.11.06	04:18:00	1.15082	1.15082	1.15077	1.15077	23.70
2025.11.06	04:19:00	1.15078	1.15078	1.15076	1.15078	3.60
2025.11.06	04:21:00	1.15078	1.15078	1.15071	1.15073	56.00
2025.11.06	04:22:00	1.15072	1.15073	1.15067	1.15068	15.37
2025.11.06	04:23:00	1.15064	1.15064	1.15060	1.15061	27.30
2025.11.06	04:24:00	1.15061	1.15062	1.15058	1.15058	12.37
2025.11.06	04:25:00	1.15059	1.15062	1.15059	1.15060	11.70
2025.11.06	04:26:00	1.15061	1.15064	1.15061	1.15062	31.83
2025.11.06	04:27:00	1.15061	1.15063	1.15059	1.15060	65.40
2025.11.06	04:28:00	1.15060	1.15060	1.15049	1.15052	43.71
2025.11.06	04:29:00	1.15052	1.15052	1.15047	1.15049	45.43
2025.11.06	04:30:00	1.15048	1.15055	1.15048	1.15052	31.95
2025.11.06	04:31:00	1.15054	1.15056	1.15053	1.15054	18.66
2025.11.06	04:32:00	1.15057	1.15057	1.15049	1.15049	9.97
2025.11.06	04:33:00	1.15050	1.15052	1.15048	1.15052	7.72
2025.11.06	04:34:00	1.15050	1.15050	1.15047	1.15048	5.40
2025.11.06	04:35:00	1.15048	1.15048	1.15048	1.15048	2.70
2025.11.06	04:36:00	1.15049	1.15049	1.15048	1.15048	1.80
2025.11.06	04:37:00	1.15047	1.15047	1.15047	1.15047	0.90
2025.11.06	04:38:00	1.15047	1.15056	1.15047	1.15056	21.60
2025.11.06	04:39:00	1.15057	1.15057	1.15053	1.15053	4.34
2025.11.06	04:40:00	1.15054	1.15054	1.15053	1.15053	1.80
2025.11.06	04:41:00	1.15050	1.15051	1.15047	1.15050	5.92
2025.11.06	04:42:00	1.15049	1.15049	1.15046	1.15046	4.50
2025.11.06	04:43:00	1.15047	1.15051	1.15047	1.15051	3.60
2025.11.06	04:44:00	1.15050	1.15051	1.15050	1.15051	2.70
2025.11.06	04:45:00	1.15048	1.15052	1.15046	1.15052	9.36
2025.11.06	04:46:00	1.15053	1.15053	1.15048	1.15049	11.70
2025.11.06	04:47:00	1.15047	1.15049	1.15042	1.15042	28.05
2025.11.06	04:48:00	1.15043	1.15043	1.15038	1.15042	12.15
2025.11.06	04:49:00	1.15045	1.15047	1.15043	1.15043	5.02
2025.11.06	04:50:00	1.15044	1.15052	1.15044	1.15051	10.80
2025.11.06	04:51:00	1.15053	1.15057	1.15053	1.15057	12.69
2025.11.06	04:52:00	1.15060	1.15061	1.15057	1.15057	3.60
2025.11.06	04:53:00	1.15056	1.15056	1.15056	1.15056	0.90
2025.11.06	04:54:00	1.15052	1.15053	1.15051	1.15053	10.64
2025.11.06	04:55:00	1.15054	1.15061	1.15054	1.15057	33.88
2025.11.06	04:56:00	1.15058	1.15061	1.15057	1.15057	12.15
2025.11.06	04:57:00	1.15057	1.15061	1.15057	1.15061	7.20
2025.11.06	04:58:00	1.15063	1.15067	1.15062	1.15065	23.85
2025.11.06	04:59:00	1.15065	1.15070	1.15065	1.15069	19.34
2025.11.06	05:00:00	1.15070	1.15070	1.15058	1.15058	25.40
2025.11.06	05:01:00	1.15056	1.15057	1.15051	1.15052	11.32
2025.11.06	05:02:00	1.15051	1.15052	1.15050	1.15051	19.49
2025.11.06	05:03:00	1.15051	1.15052	1.15049	1.15049	25.72
2025.11.06	05:04:00	1.15049	1.15049	1.15040	1.15041	51.00
2025.11.06	05:05:00	1.15040	1.15041	1.15035	1.15040	56.36
2025.11.06	05:06:00	1.15039	1.15040	1.15035	1.15040	31.71
2025.11.06	05:07:00	1.15040	1.15045	1.15040	1.15043	11.85
2025.11.06	05:08:00	1.15041	1.15042	1.15040	1.15041	12.60
2025.11.06	05:09:00	1.15042	1.15051	1.15040	1.15051	25.80
2025.11.06	05:10:00	1.15051	1.15055	1.15048	1.15054	26.02
2025.11.06	05:11:00	1.15052	1.15052	1.15046	1.15046	13.42
2025.11.06	05:12:00	1.15049	1.15053	1.15049	1.15051	4.50
2025.11.06	05:13:00	1.15053	1.15053	1.15053	1.15053	0.90
2025.11.06	05:14:00	1.15052	1.15054	1.15052	1.15054	3.60
2025.11.06	05:15:00	1.15056	1.15062	1.15056	1.15062	4.50
2025.11.06	05:16:00	1.15063	1.15063	1.15059	1.15063	24.84
2025.11.06	05:17:00	1.15064	1.15067	1.15061	1.15062	25.08
2025.11.06	05:18:00	1.15063	1.15066	1.15061	1.15066	6.89
2025.11.06	05:19:00	1.15067	1.15067	1.15064	1.15064	8.09
2025.11.06	05:20:00	1.15064	1.15064	1.15061	1.15062	9.91
2025.11.06	05:21:00	1.15062	1.15064	1.15059	1.15059	8.84
2025.11.06	05:22:00	1.15062	1.15075	1.15062	1.15075	19.65
2025.11.06	05:23:00	1.15076	1.15079	1.15076	1.15076	10.80
2025.11.06	05:24:00	1.15077	1.15079	1.15077	1.15077	8.10
2025.11.06	05:25:00	1.15078	1.15078	1.15075	1.15078	17.10
2025.11.06	05:26:00	1.15077	1.15077	1.15074	1.15077	12.00
2025.11.06	05:27:00	1.15077	1.15080	1.15076	1.15079	31.50
2025.11.06	05:28:00	1.15077	1.15080	1.15075	1.15075	37.44
2025.11.06	05:29:00	1.15074	1.15076	1.15072	1.15076	9.00
2025.11.06	05:30:00	1.15073	1.15079	1.15070	1.15077	19.80
2025.11.06	05:31:00	1.15077	1.15078	1.15074	1.15075	9.36
2025.11.06	05:32:00	1.15076	1.15077	1.15075	1.15076	13.62
2025.11.06	05:33:00	1.15075	1.15077	1.15075	1.15076	2.70
2025.11.06	05:34:00	1.15077	1.15077	1.15071	1.15071	35.62
2025.11.06	05:35:00	1.15070	1.15074	1.15065	1.15072	41.49
2025.11.06	05:36:00	1.15076	1.15079	1.15072	1.15072	16.38
2025.11.06	05:37:00	1.15072	1.15073	1.15072	1.15072	5.19
2025.11.06	05:38:00	1.15073	1.15078	1.15072	1.15072	13.68
2025.11.06	05:39:00	1.15075	1.15076	1.15073	1.15075	10.56
2025.11.06	05:40:00	1.15071	1.15071	1.15071	1.15071	2.88
2025.11.06	05:41:00	1.15070	1.15070	1.15067	1.15070	6.52
2025.11.06	05:42:00	1.15072	1.15074	1.15067	1.15068	15.39
2025.11.06	05:43:00	1.15066	1.15066	1.15064	1.15065	2.70
2025.11.06	05:44:00	1.15068	1.15072	1.15068	1.15071	4.50
2025.11.06	05:45:00	1.15070	1.15070	1.15065	1.15068	15.82
2025.11.06	05:47:00	1.15064	1.15068	1.15064	1.15067	11.25
2025.11.06	05:48:00	1.15069	1.15070	1.15064	1.15067	17.17
2025.11.06	05:49:00	1.15067	1.15067	1.15063	1.15063	10.42
2025.11.06	05:50:00	1.15066	1.15066	1.15063	1.15063	3.60
2025.11.06	05:51:00	1.15062	1.15066	1.15060	1.15065	16.86
2025.11.06	05:52:00	1.15065	1.15072	1.15064	1.15069	22.80
2025.11.06	05:53:00	1.15069	1.15071	1.15065	1.15067	26.17
2025.11.06	05:54:00	1.15067	1.15067	1.15064	1.15066	22.17
2025.11.06	05:55:00	1.15066	1.15068	1.15060	1.15060	25.75
2025.11.06	05:56:00	1.15062	1.15075	1.15062	1.15073	25.63
2025.11.06	05:57:00	1.15078	1.15090	1.15077	1.15090	64.32
2025.11.06	05:58:00	1.15090	1.15108	1.15087	1.15106	168.70
2025.11.06	05:59:00	1.15106	1.15107	1.15090	1.15100	155.18
2025.11.06	06:00:00	1.15099	1.15099	1.15076	1.15087	73.87
2025.11.06	06:01:00	1.15087	1.15087	1.15075	1.15076	64.39
2025.11.06	06:02:00	1.15074	1.15104	1.15073	1.15104	44.46
2025.11.06	06:03:00	1.15104	1.15110	1.15099	1.15104	41.02
2025.11.06	06:04:00	1.15104	1.15113	1.15104	1.15104	79.33
2025.11.06	06:05:00	1.15104	1.15118	1.15104	1.15118	54.78
2025.11.06	06:06:00	1.15123	1.15137	1.15122	1.15124	169.95
2025.11.06	06:07:00	1.15123	1.15125	1.15113	1.15117	60.53
2025.11.06	06:08:00	1.15116	1.15118	1.15100	1.15116	54.99
2025.11.06	06:09:00	1.15118	1.15123	1.15118	1.15122	29.25
2025.11.06	06:10:00	1.15120	1.15123	1.15120	1.15120	11.62
2025.11.06	06:11:00	1.15119	1.15126	1.15110	1.15110	53.71
2025.11.06	06:12:00	1.15111	1.15111	1.15096	1.15097	29.21
2025.11.06	06:13:00	1.15095	1.15097	1.15093	1.15095	18.52
2025.11.06	06:14:00	1.15097	1.15110	1.15097	1.15107	36.39
2025.11.06	06:15:00	1.15107	1.15113	1.15102	1.15111	21.74
2025.11.06	06:16:00	1.15110	1.15111	1.15108	1.15108	8.62
2025.11.06	06:17:00	1.15106	1.15106	1.15097	1.15097	9.96
2025.11.06	06:18:00	1.15099	1.15101	1.15094	1.15094	15.82
2025.11.06	06:19:00	1.15096	1.15097	1.15094	1.15094	10.94
2025.11.06	06:20:00	1.15093	1.15096	1.15085	1.15087	32.23
2025.11.06	06:21:00	1.15087	1.15095	1.15085	1.15094	26.17
2025.11.06	06:22:00	1.15093	1.15097	1.15090	1.15092	18.45
2025.11.06	06:23:00	1.15097	1.15098	1.15095	1.15096	8.55
2025.11.06	06:24:00	1.15097	1.15104	1.15097	1.15101	12.22
2025.11.06	06:25:00	1.15101	1.15105	1.15100	1.15105	20.77
2025.11.06	06:26:00	1.15105	1.15105	1.15102	1.15102	7.20
2025.11.06	06:27:00	1.15108	1.15109	1.15108	1.15109	4.05
2025.11.06	06:28:00	1.15110	1.15111	1.15101	1.15102	18.52
2025.11.06	06:29:00	1.15101	1.15104	1.15101	1.15104	2.70
2025.11.06	06:30:00	1.15106	1.15108	1.15105	1.15107	16.72
2025.11.06	06:31:00	1.15103	1.15103	1.15096	1.15097	18.66
2025.11.06	06:32:00	1.15096	1.15097	1.15094	1.15095	29.19
2025.11.06	06:33:00	1.15096	1.15096	1.15094	1.15096	21.00
2025.11.06	06:34:00	1.15095	1.15097	1.15091	1.15095	17.55
2025.11.06	06:35:00	1.15097	1.15097	1.15091	1.15091	22.50
2025.11.06	06:36:00	1.15092	1.15092	1.15092	1.15092	3.60
2025.11.06	06:37:00	1.15093	1.15095	1.15091	1.15091	14.47
2025.11.06	06:38:00	1.15089	1.15091	1.15081	1.15081	27.40
2025.11.06	06:39:00	1.15082	1.15086	1.15080	1.15081	18.12
2025.11.06	06:40:00	1.15080	1.15081	1.15075	1.15078	23.67
2025.11.06	06:41:00	1.15080	1.15082	1.15075	1.15075	16.42
2025.11.06	06:42:00	1.15076	1.15076	1.15066	1.15067	19.76
2025.11.06	06:43:00	1.15070	1.15079	1.15070	1.15074	35.41
2025.11.06	06:44:00	1.15073	1.15077	1.15069	1.15071	30.37
2025.11.06	06:45:00	1.15073	1.15076	1.15072	1.15072	34.08
2025.11.06	06:46:00	1.15073	1.15075	1.15069	1.15072	49.50
2025.11.06	06:47:00	1.15074	1.15076	1.15069	1.15072	35.25
2025.11.06	06:48:00	1.15071	1.15074	1.15058	1.15060	28.62
2025.11.06	06:49:00	1.15059	1.15059	1.15054	1.15055	47.47
2025.11.06	06:50:00	1.15055	1.15056	1.15054	1.15056	22.27
2025.11.06	06:51:00	1.15055	1.15064	1.15055	1.15062	26.51
2025.11.06	06:52:00	1.15061	1.15062	1.15059	1.15059	35.45
2025.11.06	06:53:00	1.15058	1.15065	1.15057	1.15062	41.55
2025.11.06	06:54:00	1.15061	1.15061	1.15051	1.15058	57.74
2025.11.06	06:55:00	1.15057	1.15067	1.15056	1.15067	37.32
2025.11.06	06:56:00	1.15068	1.15070	1.15065	1.15067	26.24
2025.11.06	06:57:00	1.15068	1.15072	1.15066	1.15066	34.34
2025.11.06	06:58:00	1.15067	1.15069	1.15057	1.15057	31.12
2025.11.06	06:59:00	1.15058	1.15069	1.15058	1.15069	42.34
2025.11.06	07:00:00	1.15070	1.15076	1.15065	1.15067	81.71
2025.11.06	07:01:00	1.15070	1.15078	1.15070	1.15076	47.17
2025.11.06	07:02:00	1.15077	1.15088	1.15076	1.15083	30.06
2025.11.06	07:03:00	1.15083	1.15087	1.15082	1.15087	35.01
2025.11.06	07:04:00	1.15084	1.15084	1.15073	1.15077	37.11
2025.11.06	07:05:00	1.15079	1.15088	1.15079	1.15082	38.30
2025.11.06	07:06:00	1.15082	1.15085	1.15074	1.15077	29.60
2025.11.06	07:07:00	1.15075	1.15082	1.15073	1.15082	33.44
2025.11.06	07:08:00	1.15081	1.15091	1.15078	1.15088	42.58
2025.11.06	07:09:00	1.15089	1.15089	1.15083	1.15086	28.80
2025.11.06	07:10:00	1.15086	1.15088	1.15079	1.15081	44.55
2025.11.06	07:11:00	1.15080	1.15080	1.15073	1.15077	22.50
2025.11.06	07:12:00	1.15080	1.15085	1.15076	1.15084	42.84
2025.11.06	07:13:00	1.15086	1.15092	1.15086	1.15091	25.20
2025.11.06	07:14:00	1.15097	1.15109	1.15097	1.15104	43.29
2025.11.06	07:15:00	1.15104	1.15104	1.15097	1.15098	33.39
2025.11.06	07:16:00	1.15099	1.15106	1.15094	1.15094	39.88
2025.11.06	07:17:00	1.15093	1.15102	1.15093	1.15097	27.73
2025.11.06	07:18:00	1.15100	1.15106	1.15099	1.15106	29.08
2025.11.06	07:19:00	1.15106	1.15107	1.15097	1.15097	23.98
2025.11.06	07:20:00	1.15098	1.15112	1.15098	1.15106	35.71
2025.11.06	07:21:00	1.15106	1.15119	1.15103	1.15119	36.47
2025.11.06	07:22:00	1.15118	1.15118	1.15101	1.15105	89.19
2025.11.06	07:23:00	1.15106	1.15113	1.15105	1.15113	46.35
2025.11.06	07:24:00	1.15112	1.15118	1.15111	1.15116	40.93
2025.11.06	07:25:00	1.15116	1.15124	1.15116	1.15118	50.16
2025.11.06	07:26:00	1.15118	1.15119	1.15110	1.15116	32.40
2025.11.06	07:27:00	1.15118	1.15123	1.15114	1.15121	23.02
2025.11.06	07:28:00	1.15126	1.15132	1.15120	1.15132	81.63
2025.11.06	07:29:00	1.15132	1.15132	1.15118	1.15120	63.00
2025.11.06	07:30:00	1.15122	1.15124	1.15115	1.15119	52.11
2025.11.06	07:31:00	1.15119	1.15126	1.15119	1.15125	36.90
2025.11.06	07:32:00	1.15126	1.15127	1.15121	1.15121	38.54
2025.11.06	07:33:00	1.15124	1.15124	1.15096	1.15098	63.45
2025.11.06	07:34:00	1.15101	1.15105	1.15094	1.15095	77.23
2025.11.06	07:35:00	1.15095	1.15100	1.15082	1.15086	93.18
2025.11.06	07:36:00	1.15086	1.15086	1.15076	1.15082	68.78
2025.11.06	07:37:00	1.15082	1.15093	1.15081	1.15093	63.96
2025.11.06	07:38:00	1.15094	1.15105	1.15094	1.15105	87.48
2025.11.06	07:39:00	1.15105	1.15108	1.15100	1.15107	57.43
2025.11.06	07:40:00	1.15107	1.15107	1.15090	1.15090	68.45
2025.11.06	07:41:00	1.15091	1.15110	1.15091	1.15106	85.10
2025.11.06	07:42:00	1.15107	1.15108	1.15098	1.15099	48.85
2025.11.06	07:43:00	1.15100	1.15108	1.15098	1.15108	89.69
2025.11.06	07:44:00	1.15109	1.15111	1.15093	1.15097	119.44
2025.11.06	07:45:00	1.15101	1.15102	1.15092	1.15097	73.77
2025.11.06	07:46:00	1.15096	1.15096	1.15079	1.15080	99.14
2025.11.06	07:47:00	1.15079	1.15093	1.15070	1.15091	102.94
2025.11.06	07:48:00	1.15091	1.15094	1.15082	1.15085	77.53
2025.11.06	07:49:00	1.15085	1.15094	1.15085	1.15090	35.10
2025.11.06	07:50:00	1.15092	1.15103	1.15091	1.15096	44.42
2025.11.06	07:51:00	1.15097	1.15108	1.15097	1.15106	80.76
2025.11.06	07:52:00	1.15107	1.15110	1.15102	1.15102	90.30
2025.11.06	07:53:00	1.15102	1.15102	1.15088	1.15091	124.96
2025.11.06	07:54:00	1.15090	1.15100	1.15088	1.15099	100.08
2025.11.06	07:55:00	1.15098	1.15098	1.15089	1.15096	110.16
2025.11.06	07:56:00	1.15096	1.15103	1.15091	1.15093	125.86
2025.11.06	07:57:00	1.15092	1.15099	1.15089	1.15089	108.81
2025.11.06	07:58:00	1.15090	1.15098	1.15089	1.15091	144.33
2025.11.06	07:59:00	1.15092	1.15094	1.15078	1.15080	138.49
2025.11.06	08:00:00	1.15082	1.15104	1.15080	1.15099	368.68
2025.11.06	08:01:00	1.15100	1.15117	1.15095	1.15117	206.44
2025.11.06	08:02:00	1.15118	1.15122	1.15105	1.15121	179.03
2025.11.06	08:03:00	1.15123	1.15126	1.15115	1.15120	215.97
2025.11.06	08:04:00	1.15121	1.15137	1.15119	1.15124	179.53
2025.11.06	08:05:00	1.15125	1.15150	1.15125	1.15146	149.27
2025.11.06	08:06:00	1.15145	1.15161	1.15141	1.15149	160.00
2025.11.06	08:07:00	1.15148	1.15154	1.15135	1.15140	96.86
2025.11.06	08:08:00	1.15139	1.15146	1.15128	1.15128	86.65
2025.11.06	08:09:00	1.15128	1.15137	1.15120	1.15123	126.18
2025.11.06	08:10:00	1.15121	1.15125	1.15113	1.15116	121.02
2025.11.06	08:11:00	1.15116	1.15122	1.15109	1.15109	82.38
2025.11.06	08:12:00	1.15108	1.15109	1.15099	1.15107	125.84
2025.11.06	08:13:00	1.15105	1.15122	1.15105	1.15116	42.73
2025.11.06	08:14:00	1.15114	1.15114	1.15098	1.15098	82.65
2025.11.06	08:15:00	1.15099	1.15102	1.15094	1.15095	56.05
2025.11.06	08:16:00	1.15096	1.15102	1.15092	1.15099	109.77
2025.11.06	08:17:00	1.15100	1.15119	1.15100	1.15119	101.86
2025.11.06	08:18:00	1.15121	1.15126	1.15115	1.15121	85.72
2025.11.06	08:19:00	1.15121	1.15129	1.15118	1.15129	53.92
2025.11.06	08:20:00	1.15128	1.15128	1.15109	1.15110	125.11
2025.11.06	08:21:00	1.15112	1.15121	1.15110	1.15117	46.11
2025.11.06	08:22:00	1.15117	1.15117	1.15112	1.15112	46.01
2025.11.06	08:23:00	1.15111	1.15122	1.15108	1.15122	52.20
2025.11.06	08:24:00	1.15122	1.15128	1.15114	1.15114	34.65
2025.11.06	08:25:00	1.15115	1.15127	1.15115	1.15122	40.64
2025.11.06	08:26:00	1.15123	1.15131	1.15117	1.15118	39.60
2025.11.06	08:27:00	1.15117	1.15127	1.15116	1.15119	57.39
2025.11.06	08:28:00	1.15120	1.15131	1.15120	1.15129	37.04
2025.11.06	08:29:00	1.15127	1.15132	1.15118	1.15121	45.12
2025.11.06	08:30:00	1.15115	1.15119	1.15109	1.15117	65.97
2025.11.06	08:31:00	1.15118	1.15118	1.15109	1.15110	69.38
2025.11.06	08:32:00	1.15110	1.15114	1.15091	1.15092	114.59
2025.11.06	08:33:00	1.15092	1.15098	1.15091	1.15091	70.93
2025.11.06	08:34:00	1.15092	1.15092	1.15081	1.15088	74.41
2025.11.06	08:35:00	1.15089	1.15089	1.15084	1.15087	40.16
2025.11.06	08:36:00	1.15086	1.15087	1.15072	1.15073	78.48
2025.11.06	08:37:00	1.15072	1.15079	1.15067	1.15072	44.01
2025.11.06	08:38:00	1.15073	1.15094	1.15070	1.15091	61.90
2025.11.06	08:39:00	1.15089	1.15089	1.15075	1.15078	49.71
2025.11.06	08:40:00	1.15079	1.15089	1.15079	1.15081	97.92
2025.11.06	08:41:00	1.15082	1.15088	1.15079	1.15080	28.94
2025.11.06	08:42:00	1.15082	1.15085	1.15072	1.15077	49.69
2025.11.06	08:43:00	1.15076	1.15077	1.15058	1.15062	57.96
2025.11.06	08:44:00	1.15061	1.15065	1.15058	1.15063	59.32
2025.11.06	08:45:00	1.15062	1.15068	1.15061	1.15068	42.30
2025.11.06	08:46:00	1.15072	1.15083	1.15072	1.15081	33.07
2025.11.06	08:47:00	1.15081	1.15087	1.15079	1.15083	47.91
2025.11.06	08:48:00	1.15081	1.15085	1.15074	1.15084	50.99
2025.11.06	08:49:00	1.15082	1.15101	1.15082	1.15101	102.88
2025.11.06	08:50:00	1.15098	1.15108	1.15098	1.15104	129.58
2025.11.06	08:51:00	1.15102	1.15106	1.15100	1.15105	56.48
2025.11.06	08:52:00	1.15105	1.15117	1.15104	1.15113	73.85
2025.11.06	08:53:00	1.15112	1.15127	1.15110	1.15126	66.05
2025.11.06	08:54:00	1.15125	1.15141	1.15125	1.15134	110.46
2025.11.06	08:55:00	1.15135	1.15149	1.15132	1.15143	107.46
2025.11.06	08:56:00	1.15143	1.15199	1.15138	1.15190	249.07
2025.11.06	08:57:00	1.15191	1.15233	1.15190	1.15229	275.81
2025.11.06	08:58:00	1.15229	1.15232	1.15188	1.15190	320.09
2025.11.06	08:59:00	1.15191	1.15226	1.15183	1.15210	265.60
2025.11.06	09:00:00	1.15208	1.15210	1.15188	1.15198	244.83
2025.11.06	09:01:00	1.15196	1.15207	1.15194	1.15205	162.05
2025.11.06	09:02:00	1.15204	1.15207	1.15185	1.15198	129.65
2025.11.06	09:03:00	1.15196	1.15230	1.15196	1.15228	167.84
2025.11.06	09:04:00	1.15228	1.15234	1.15225	1.15234	123.02
2025.11.06	09:05:00	1.15234	1.15237	1.15213	1.15213	67.34
2025.11.06	09:06:00	1.15212	1.15217	1.15203	1.15215	48.66
2025.11.06	09:07:00	1.15213	1.15217	1.15199	1.15199	49.90
2025.11.06	09:08:00	1.15200	1.15203	1.15196	1.15200	33.89
2025.11.06	09:09:00	1.15198	1.15203	1.15187	1.15193	71.06
2025.11.06	09:10:00	1.15194	1.15195	1.15180	1.15182	72.31
2025.11.06	09:11:00	1.15181	1.15187	1.15173	1.15176	73.89
2025.11.06	09:12:00	1.15176	1.15177	1.15164	1.15165	101.16
2025.11.06	09:13:00	1.15164	1.15164	1.15151	1.15160	60.66
2025.11.06	09:14:00	1.15161	1.15174	1.15160	1.15173	77.23
2025.11.06	09:15:00	1.15171	1.15171	1.15159	1.15161	86.82
2025.11.06	09:16:00	1.15162	1.15162	1.15151	1.15155	67.03
2025.11.06	09:17:00	1.15155	1.15164	1.15153	1.15155	66.71
2025.11.06	09:18:00	1.15156	1.15166	1.15154	1.15160	57.57
2025.11.06	09:19:00	1.15161	1.15161	1.15140	1.15142	26.08
2025.11.06	09:20:00	1.15142	1.15142	1.15126	1.15142	89.66
2025.11.06	09:21:00	1.15142	1.15142	1.15136	1.15136	55.67
2025.11.06	09:22:00	1.15136	1.15147	1.15133	1.15147	43.08
2025.11.06	09:23:00	1.15146	1.15148	1.15137	1.15138	52.88
2025.11.06	09:24:00	1.15140	1.15145	1.15134	1.15138	55.04
2025.11.06	09:25:00	1.15135	1.15141	1.15130	1.15141	47.32
2025.11.06	09:26:00	1.15141	1.15160	1.15140	1.15152	96.14
2025.11.06	09:27:00	1.15152	1.15160	1.15149	1.15155	29.79
2025.11.06	09:28:00	1.15154	1.15156	1.15149	1.15152	36.14
2025.11.06	09:29:00	1.15154	1.15164	1.15154	1.15155	49.06
2025.11.06	09:30:00	1.15154	1.15164	1.15153	1.15158	92.16
2025.11.06	09:31:00	1.15160	1.15165	1.15158	1.15163	70.68
2025.11.06	09:32:00	1.15164	1.15173	1.15164	1.15169	76.18
2025.11.06	09:33:00	1.15167	1.15169	1.15161	1.15162	37.08
2025.11.06	09:34:00	1.15162	1.15164	1.15154	1.15156	38.04
2025.11.06	09:35:00	1.15156	1.15160	1.15156	1.15158	43.87
2025.11.06	09:36:00	1.15158	1.15166	1.15148	1.15163	67.34
2025.11.06	09:37:00	1.15168	1.15170	1.15154	1.15154	42.40
2025.11.06	09:38:00	1.15153	1.15154	1.15148	1.15154	33.20
2025.11.06	09:39:00	1.15156	1.15163	1.15150	1.15152	60.99
2025.11.06	09:40:00	1.15150	1.15163	1.15148	1.15163	65.19
2025.11.06	09:41:00	1.15164	1.15170	1.15160	1.15160	95.61
2025.11.06	09:42:00	1.15161	1.15161	1.15153	1.15155	49.16
2025.11.06	09:43:00	1.15154	1.15158	1.15146	1.15150	59.09
2025.11.06	09:44:00	1.15151	1.15165	1.15151	1.15161	96.77
2025.11.06	09:45:00	1.15162	1.15175	1.15161	1.15166	148.47
2025.11.06	09:46:00	1.15165	1.15165	1.15156	1.15158	67.59
2025.11.06	09:47:00	1.15159	1.15159	1.15146	1.15153	76.27
2025.11.06	09:48:00	1.15154	1.15154	1.15146	1.15148	62.98
2025.11.06	09:49:00	1.15150	1.15157	1.15144	1.15148	69.44
2025.11.06	09:50:00	1.15148	1.15151	1.15144	1.15145	107.92
2025.11.06	09:51:00	1.15145	1.15145	1.15136	1.15137	77.58
2025.11.06	09:52:00	1.15137	1.15137	1.15127	1.15128	89.85
2025.11.06	09:53:00	1.15127	1.15129	1.15120	1.15125	82.46
2025.11.06	09:54:00	1.15121	1.15123	1.15110	1.15122	116.93
2025.11.06	09:55:00	1.15123	1.15130	1.15122	1.15129	82.12
2025.11.06	09:56:00	1.15128	1.15145	1.15128	1.15143	117.67
2025.11.06	09:57:00	1.15142	1.15149	1.15137	1.15138	52.28
2025.11.06	09:58:00	1.15138	1.15143	1.15132	1.15134	84.60
2025.11.06	09:59:00	1.15131	1.15136	1.15126	1.15134	109.10
2025.11.06	10:00:00	1.15134	1.15135	1.15115	1.15116	125.22
2025.11.06	10:01:00	1.15114	1.15122	1.15114	1.15120	35.96
2025.11.06	10:02:00	1.15117	1.15119	1.15110	1.15111	72.85
2025.11.06	10:03:00	1.15109	1.15119	1.15109	1.15118	58.64
2025.11.06	10:04:00	1.15119	1.15127	1.15116	1.15124	77.08
2025.11.06	10:05:00	1.15124	1.15129	1.15119	1.15126	77.10
2025.11.06	10:06:00	1.15128	1.15129	1.15123	1.15129	34.81
2025.11.06	10:07:00	1.15127	1.15130	1.15119	1.15119	69.99
2025.11.06	10:08:00	1.15121	1.15130	1.15119	1.15122	79.68
2025.11.06	10:09:00	1.15123	1.15131	1.15120	1.15131	71.55
2025.11.06	10:10:00	1.15131	1.15131	1.15126	1.15127	27.90
2025.11.06	10:11:00	1.15127	1.15133	1.15125	1.15127	30.22
2025.11.06	10:12:00	1.15128	1.15133	1.15120	1.15132	38.01
2025.11.06	10:13:00	1.15130	1.15146	1.15130	1.15143	84.50
2025.11.06	10:14:00	1.15144	1.15152	1.15142	1.15148	49.02
2025.11.06	10:15:00	1.15146	1.15148	1.15143	1.15143	33.72
2025.11.06	10:16:00	1.15143	1.15158	1.15142	1.15147	84.51
2025.11.06	10:17:00	1.15147	1.15147	1.15139	1.15143	45.44
2025.11.06	10:18:00	1.15142	1.15153	1.15142	1.15148	37.22
2025.11.06	10:19:00	1.15147	1.15150	1.15137	1.15149	71.94
2025.11.06	10:20:00	1.15149	1.15149	1.15142	1.15143	53.39
2025.11.06	10:21:00	1.15143	1.15143	1.15138	1.15142	38.49
2025.11.06	10:22:00	1.15141	1.15150	1.15138	1.15148	49.66
2025.11.06	10:23:00	1.15147	1.15156	1.15147	1.15153	33.12
2025.11.06	10:24:00	1.15156	1.15159	1.15149	1.15152	83.99
2025.11.06	10:25:00	1.15152	1.15163	1.15151	1.15159	57.09
2025.11.06	10:26:00	1.15159	1.15161	1.15148	1.15149	63.48
2025.11.06	10:27:00	1.15151	1.15151	1.15146	1.15147	56.99
2025.11.06	10:28:00	1.15145	1.15150	1.15142	1.15147	83.18
2025.11.06	10:29:00	1.15148	1.15150	1.15142	1.15142	46.03
2025.11.06	10:30:00	1.15143	1.15149	1.15139	1.15142	104.53
2025.11.06	10:31:00	1.15141	1.15141	1.15133	1.15133	98.10
2025.11.06	10:32:00	1.15132	1.15142	1.15132	1.15142	63.90
2025.11.06	10:33:00	1.15141	1.15143	1.15136	1.15137	57.50
2025.11.06	10:34:00	1.15136	1.15154	1.15136	1.15153	83.88
2025.11.06	10:35:00	1.15155	1.15161	1.15151	1.15153	69.20
2025.11.06	10:36:00	1.15154	1.15163	1.15153	1.15163	79.52
2025.11.06	10:37:00	1.15163	1.15172	1.15153	1.15170	79.00
2025.11.06	10:38:00	1.15170	1.15170	1.15153	1.15162	142.65
2025.11.06	10:39:00	1.15160	1.15160	1.15142	1.15153	106.72
2025.11.06	10:40:00	1.15151	1.15152	1.15147	1.15147	23.80
2025.11.06	10:41:00	1.15150	1.15154	1.15138	1.15139	70.77
2025.11.06	10:42:00	1.15138	1.15162	1.15138	1.15160	87.83
2025.11.06	10:43:00	1.15160	1.15164	1.15147	1.15150	98.94
2025.11.06	10:44:00	1.15149	1.15162	1.15149	1.15161	50.18
2025.11.06	10:45:00	1.15161	1.15162	1.15153	1.15158	94.88
2025.11.06	10:46:00	1.15158	1.15159	1.15147	1.15148	31.81
2025.11.06	10:47:00	1.15146	1.15146	1.15137	1.15138	83.43
2025.11.06	10:48:00	1.15138	1.15139	1.15132	1.15138	37.89
2025.11.06	10:49:00	1.15139	1.15139	1.15130	1.15130	10.56
2025.11.06	10:50:00	1.15129	1.15129	1.15121	1.15121	16.27
2025.11.06	10:51:00	1.15120	1.15125	1.15119	1.15119	44.68
2025.11.06	10:52:00	1.15120	1.15135	1.15119	1.15125	59.67
2025.11.06	10:53:00	1.15122	1.15131	1.15122	1.15131	20.79
2025.11.06	10:54:00	1.15132	1.15137	1.15130	1.15133	38.73
2025.11.06	10:55:00	1.15134	1.15134	1.15122	1.15126	31.66
2025.11.06	10:56:00	1.15124	1.15126	1.15115	1.15115	32.47
2025.11.06	10:57:00	1.15116	1.15116	1.15101	1.15111	106.86
2025.11.06	10:58:00	1.15111	1.15117	1.15107	1.15108	78.54
2025.11.06	10:59:00	1.15108	1.15108	1.15099	1.15101	80.42
2025.11.06	11:00:00	1.15102	1.15112	1.15101	1.15106	75.61
2025.11.06	11:01:00	1.15107	1.15123	1.15106	1.15123	47.22
2025.11.06	11:02:00	1.15125	1.15128	1.15123	1.15128	13.34
2025.11.06	11:03:00	1.15126	1.15128	1.15122	1.15123	32.61
2025.11.06	11:04:00	1.15123	1.15128	1.15119	1.15127	55.64
2025.11.06	11:05:00	1.15129	1.15132	1.15119	1.15119	29.32
2025.11.06	11:06:00	1.15118	1.15120	1.15114	1.15114	29.02
2025.11.06	11:07:00	1.15113	1.15113	1.15106	1.15107	51.98
2025.11.06	11:08:00	1.15107	1.15118	1.15107	1.15116	53.18
2025.11.06	11:09:00	1.15118	1.15122	1.15116	1.15117	18.14
2025.11.06	11:10:00	1.15119	1.15123	1.15118	1.15122	38.29
2025.11.06	11:11:00	1.15121	1.15122	1.15117	1.15118	16.20
2025.11.06	11:12:00	1.15119	1.15119	1.15119	1.15119	0.90
2025.11.06	11:13:00	1.15117	1.15121	1.15116	1.15119	53.28
2025.11.06	11:14:00	1.15119	1.15122	1.15116	1.15120	36.94
2025.11.06	11:15:00	1.15121	1.15129	1.15121	1.15127	24.75
2025.11.06	11:16:00	1.15129	1.15131	1.15125	1.15126	36.90
2025.11.06	11:17:00	1.15125	1.15132	1.15123	1.15132	18.90
2025.11.06	11:18:00	1.15133	1.15136	1.15129	1.15136	23.02
2025.11.06	11:19:00	1.15142	1.15145	1.15132	1.15138	60.10
2025.11.06	11:20:00	1.15137	1.15139	1.15137	1.15138	9.09
2025.11.06	11:21:00	1.15142	1.15149	1.15142	1.15147	23.94
2025.11.06	11:22:00	1.15148	1.15153	1.15147	1.15148	16.20
2025.11.06	11:23:00	1.15150	1.15152	1.15139	1.15141	45.10
2025.11.06	11:24:00	1.15139	1.15143	1.15135	1.15135	10.34
2025.11.06	11:25:00	1.15133	1.15133	1.15128	1.15129	13.72
2025.11.06	11:26:00	1.15131	1.15144	1.15129	1.15144	28.72
2025.11.06	11:27:00	1.15143	1.15149	1.15142	1.15149	37.92
2025.11.06	11:28:00	1.15146	1.15156	1.15145	1.15156	50.54
2025.11.06	11:29:00	1.15154	1.15157	1.15145	1.15145	29.40
2025.11.06	11:30:00	1.15145	1.15146	1.15138	1.15146	85.98
2025.11.06	11:31:00	1.15148	1.15148	1.15140	1.15142	21.46
2025.11.06	11:32:00	1.15139	1.15139	1.15133	1.15139	22.33
2025.11.06	11:33:00	1.15139	1.15153	1.15137	1.15153	49.19
2025.11.06	11:34:00	1.15155	1.15167	1.15153	1.15167	26.39
2025.11.06	11:35:00	1.15164	1.15180	1.15162	1.15179	61.21
2025.11.06	11:36:00	1.15178	1.15183	1.15177	1.15180	53.55
2025.11.06	11:37:00	1.15181	1.15182	1.15164	1.15164	40.40
2025.11.06	11:38:00	1.15164	1.15176	1.15162	1.15173	26.62
2025.11.06	11:39:00	1.15177	1.15189	1.15177	1.15188	46.80
2025.11.06	11:40:00	1.15186	1.15189	1.15179	1.15183	58.12
2025.11.06	11:41:00	1.15184	1.15189	1.15182	1.15189	26.10
2025.11.06	11:42:00	1.15189	1.15195	1.15188	1.15195	24.30
2025.11.06	11:43:00	1.15195	1.15210	1.15195	1.15209	43.50
2025.11.06	11:44:00	1.15207	1.15207	1.15196	1.15197	37.71
2025.11.06	11:45:00	1.15200	1.15203	1.15190	1.15193	76.87
2025.11.06	11:46:00	1.15195	1.15199	1.15190	1.15193	77.14
2025.11.06	11:47:00	1.15193	1.15193	1.15190	1.15193	28.98
2025.11.06	11:48:00	1.15194	1.15202	1.15192	1.15192	45.18
2025.11.06	11:49:00	1.15191	1.15194	1.15190	1.15190	19.35
2025.11.06	11:50:00	1.15191	1.15192	1.15167	1.15167	87.99
2025.11.06	11:51:00	1.15167	1.15170	1.15165	1.15170	32.99
2025.11.06	11:52:00	1.15172	1.15172	1.15160	1.15166	35.63
2025.11.06	11:53:00	1.15168	1.15183	1.15167	1.15182	37.15
2025.11.06	11:54:00	1.15179	1.15180	1.15170	1.15173	126.28
2025.11.06	11:55:00	1.15172	1.15178	1.15168	1.15176	256.32
2025.11.06	11:56:00	1.15177	1.15179	1.15172	1.15174	38.73
2025.11.06	11:57:00	1.15173	1.15191	1.15173	1.15191	49.69
2025.11.06	11:58:00	1.15189	1.15200	1.15189	1.15198	57.21
2025.11.06	11:59:00	1.15198	1.15206	1.15193	1.15202	121.56
2025.11.06	12:00:00	1.15201	1.15216	1.15169	1.15170	300.87
2025.11.06	12:01:00	1.15171	1.15184	1.15166	1.15178	212.46
2025.11.06	12:02:00	1.15178	1.15178	1.15155	1.15165	218.72
2025.11.06	12:03:00	1.15164	1.15167	1.15140	1.15150	239.93
2025.11.06	12:04:00	1.15151	1.15163	1.15143	1.15157	236.23
2025.11.06	12:05:00	1.15158	1.15166	1.15154	1.15163	455.79
2025.11.06	12:06:00	1.15164	1.15184	1.15156	1.15182	168.60
2025.11.06	12:07:00	1.15182	1.15200	1.15173	1.15199	342.40
2025.11.06	12:08:00	1.15199	1.15228	1.15197	1.15198	339.72
2025.11.06	12:09:00	1.15197	1.15207	1.15187	1.15206	240.71
2025.11.06	12:10:00	1.15207	1.15209	1.15196	1.15204	101.40
2025.11.06	12:11:00	1.15205	1.15215	1.15202	1.15215	99.69
2025.11.06	12:12:00	1.15214	1.15217	1.15202	1.15214	105.94
2025.11.06	12:13:00	1.15214	1.15240	1.15213	1.15238	107.03
2025.11.06	12:14:00	1.15240	1.15242	1.15223	1.15223	159.42
2025.11.06	12:15:00	1.15221	1.15250	1.15220	1.15247	135.92
2025.11.06	12:16:00	1.15248	1.15248	1.15233	1.15234	139.71
2025.11.06	12:17:00	1.15234	1.15239	1.15230	1.15238	114.91
2025.11.06	12:18:00	1.15236	1.15242	1.15234	1.15237	90.54
2025.11.06	12:19:00	1.15233	1.15233	1.15225	1.15228	84.58
2025.11.06	12:20:00	1.15227	1.15229	1.15214	1.15220	128.05
2025.11.06	12:21:00	1.15219	1.15219	1.15205	1.15207	90.27
2025.11.06	12:22:00	1.15207	1.15209	1.15195	1.15204	160.75
2025.11.06	12:23:00	1.15204	1.15216	1.15195	1.15211	210.88
2025.11.06	12:24:00	1.15212	1.15216	1.15206	1.15211	119.43
2025.11.06	12:25:00	1.15212	1.15227	1.15210	1.15226	92.49
2025.11.06	12:26:00	1.15225	1.15227	1.15211	1.15214	88.64
2025.11.06	12:27:00	1.15213	1.15213	1.15200	1.15207	149.89
2025.11.06	12:28:00	1.15207	1.15207	1.15197	1.15198	118.12
2025.11.06	12:29:00	1.15197	1.15198	1.15188	1.15188	53.62
2025.11.06	12:30:00	1.15189	1.15201	1.15189	1.15192	128.33
2025.11.06	12:31:00	1.15193	1.15195	1.15184	1.15186	149.90
2025.11.06	12:32:00	1.15188	1.15199	1.15186	1.15196	52.52
2025.11.06	12:33:00	1.15197	1.15203	1.15196	1.15203	48.72
2025.11.06	12:34:00	1.15201	1.15208	1.15191	1.15201	276.16
2025.11.06	12:35:00	1.15201	1.15240	1.15200	1.15233	268.80
2025.11.06	12:36:00	1.15234	1.15249	1.15228	1.15244	217.78
2025.11.06	12:37:00	1.15243	1.15249	1.15240	1.15248	145.16
2025.11.06	12:38:00	1.15248	1.15251	1.15240	1.15246	140.47
2025.11.06	12:39:00	1.15246	1.15247	1.15236	1.15241	110.88
2025.11.06	12:40:00	1.15240	1.15248	1.15240	1.15245	106.73
2025.11.06	12:41:00	1.15246	1.15248	1.15238	1.15247	83.12
2025.11.06	12:42:00	1.15246	1.15250	1.15241	1.15247	67.46
2025.11.06	12:43:00	1.15250	1.15250	1.15246	1.15247	48.22
2025.11.06	12:44:00	1.15245	1.15250	1.15240	1.15246	104.44
2025.11.06	12:45:00	1.15246	1.15274	1.15246	1.15260	169.25
2025.11.06	12:46:00	1.15263	1.15273	1.15256	1.15262	110.62
2025.11.06	12:47:00	1.15261	1.15262	1.15255	1.15257	90.90
2025.11.06	12:48:00	1.15256	1.15271	1.15256	1.15262	79.04
2025.11.06	12:49:00	1.15263	1.15270	1.15263	1.15266	56.70
2025.11.06	12:50:00	1.15264	1.15274	1.15264	1.15270	103.43
2025.11.06	12:51:00	1.15265	1.15288	1.15265	1.15284	94.86
2025.11.06	12:52:00	1.15285	1.15299	1.15281	1.15292	146.08
2025.11.06	12:53:00	1.15293	1.15298	1.15290	1.15296	68.20
2025.11.06	12:54:00	1.15298	1.15299	1.15292	1.15295	31.95
2025.11.06	12:55:00	1.15294	1.15296	1.15274	1.15288	119.15
2025.11.06	12:56:00	1.15289	1.15299	1.15288	1.15295	81.87
2025.11.06	12:57:00	1.15294	1.15326	1.15286	1.15324	152.37
2025.11.06	12:58:00	1.15324	1.15324	1.15307	1.15312	215.73
2025.11.06	12:59:00	1.15311	1.15315	1.15302	1.15308	124.56
2025.11.06	13:00:00	1.15308	1.15312	1.15290	1.15295	221.86
2025.11.06	13:01:00	1.15294	1.15342	1.15294	1.15337	207.79
2025.11.06	13:02:00	1.15335	1.15353	1.15335	1.15346	193.35
2025.11.06	13:03:00	1.15343	1.15351	1.15336	1.15337	122.48
2025.11.06	13:04:00	1.15339	1.15341	1.15329	1.15336	106.05
2025.11.06	13:05:00	1.15338	1.15351	1.15334	1.15349	82.40
2025.11.06	13:06:00	1.15350	1.15364	1.15349	1.15352	108.73
2025.11.06	13:07:00	1.15349	1.15361	1.15338	1.15339	123.86
2025.11.06	13:08:00	1.15339	1.15345	1.15328	1.15332	103.99
2025.11.06	13:09:00	1.15330	1.15333	1.15318	1.15328	103.95
2025.11.06	13:10:00	1.15328	1.15338	1.15327	1.15333	62.89
2025.11.06	13:11:00	1.15333	1.15336	1.15325	1.15327	30.44
2025.11.06	13:12:00	1.15327	1.15328	1.15316	1.15319	53.54
2025.11.06	13:13:00	1.15319	1.15321	1.15311	1.15313	45.97
2025.11.06	13:14:00	1.15312	1.15322	1.15308	1.15318	69.17
2025.11.06	13:15:00	1.15319	1.15322	1.15313	1.15315	83.58
2025.11.06	13:16:00	1.15314	1.15323	1.15314	1.15317	97.27
2025.11.06	13:17:00	1.15317	1.15338	1.15316	1.15330	69.91
2025.11.06	13:18:00	1.15330	1.15330	1.15318	1.15326	76.77
2025.11.06	13:19:00	1.15328	1.15333	1.15306	1.15313	86.18
2025.11.06	13:20:00	1.15312	1.15325	1.15308	1.15321	84.82
2025.11.06	13:21:00	1.15322	1.15322	1.15306	1.15306	82.11
2025.11.06	13:22:00	1.15307	1.15332	1.15307	1.15328	54.87
2025.11.06	13:23:00	1.15328	1.15351	1.15327	1.15346	117.09
2025.11.06	13:24:00	1.15346	1.15349	1.15335	1.15339	157.66
2025.11.06	13:25:00	1.15339	1.15339	1.15310	1.15310	188.62
2025.11.06	13:26:00	1.15314	1.15317	1.15308	1.15308	92.07
2025.11.06	13:27:00	1.15307	1.15327	1.15307	1.15320	31.27
2025.11.06	13:28:00	1.15321	1.15321	1.15315	1.15318	25.43
2025.11.06	13:29:00	1.15320	1.15331	1.15318	1.15326	94.35
2025.11.06	13:30:00	1.15326	1.15345	1.15324	1.15336	109.77
2025.11.06	13:31:00	1.15337	1.15346	1.15326	1.15346	53.32
2025.11.06	13:32:00	1.15346	1.15360	1.15345	1.15357	36.97
2025.11.06	13:33:00	1.15355	1.15372	1.15346	1.15365	94.62
2025.11.06	13:34:00	1.15366	1.15372	1.15356	1.15369	116.62
2025.11.06	13:35:00	1.15368	1.15382	1.15368	1.15376	130.86
2025.11.06	13:36:00	1.15377	1.15387	1.15371	1.15381	105.34
2025.11.06	13:37:00	1.15381	1.15410	1.15379	1.15400	263.61
2025.11.06	13:38:00	1.15400	1.15411	1.15397	1.15408	74.28
2025.11.06	13:39:00	1.15409	1.15412	1.15399	1.15402	98.39
2025.11.06	13:40:00	1.15402	1.15416	1.15390	1.15415	96.91
2025.11.06	13:41:00	1.15414	1.15418	1.15388	1.15390	149.41
2025.11.06	13:42:00	1.15391	1.15398	1.15387	1.15396	57.29
2025.11.06	13:43:00	1.15397	1.15399	1.15389	1.15397	55.57
2025.11.06	13:44:00	1.15398	1.15406	1.15379	1.15387	134.82
2025.11.06	13:45:00	1.15387	1.15411	1.15386	1.15406	87.45
2025.11.06	13:46:00	1.15406	1.15406	1.15391	1.15393	131.46
2025.11.06	13:47:00	1.15394	1.15406	1.15393	1.15399	140.95
2025.11.06	13:48:00	1.15398	1.15425	1.15398	1.15422	88.01
2025.11.06	13:49:00	1.15422	1.15438	1.15420	1.15429	121.02
2025.11.06	13:50:00	1.15429	1.15432	1.15414	1.15418	143.37
2025.11.06	13:51:00	1.15419	1.15421	1.15409	1.15414	82.63
2025.11.06	13:52:00	1.15414	1.15415	1.15402	1.15406	77.69
2025.11.06	13:53:00	1.15408	1.15411	1.15394	1.15410	123.10
2025.11.06	13:54:00	1.15412	1.15420	1.15399	1.15402	73.25
2025.11.06	13:55:00	1.15403	1.15409	1.15396	1.15402	75.74
2025.11.06	13:56:00	1.15403	1.15405	1.15384	1.15386	40.04
2025.11.06	13:57:00	1.15386	1.15405	1.15385	1.15387	97.74
2025.11.06	13:58:00	1.15385	1.15391	1.15374	1.15376	109.33
2025.11.06	13:59:00	1.15376	1.15376	1.15344	1.15356	183.57
2025.11.06	14:00:00	1.15356	1.15360	1.15345	1.15354	212.52
2025.11.06	14:01:00	1.15352	1.15358	1.15338	1.15347	96.41
2025.11.06	14:02:00	1.15346	1.15361	1.15346	1.15353	84.89
2025.11.06	14:03:00	1.15353	1.15362	1.15348	1.15349	92.84
2025.11.06	14:04:00	1.15349	1.15355	1.15336	1.15339	71.15
2025.11.06	14:05:00	1.15339	1.15359	1.15329	1.15348	232.16
2025.11.06	14:06:00	1.15351	1.15358	1.15348	1.15357	78.99
2025.11.06	14:07:00	1.15356	1.15368	1.15349	1.15364	114.89
2025.11.06	14:08:00	1.15365	1.15367	1.15351	1.15353	49.27
2025.11.06	14:09:00	1.15356	1.15363	1.15351	1.15362	96.82
2025.11.06	14:10:00	1.15364	1.15374	1.15361	1.15365	105.95
2025.11.06	14:11:00	1.15365	1.15368	1.15344	1.15350	103.86
2025.11.06	14:12:00	1.15349	1.15349	1.15336	1.15338	223.19
2025.11.06	14:13:00	1.15337	1.15352	1.15333	1.15341	110.50
2025.11.06	14:14:00	1.15342	1.15358	1.15337	1.15338	101.10
2025.11.06	14:15:00	1.15339	1.15339	1.15329	1.15337	66.44
2025.11.06	14:16:00	1.15337	1.15349	1.15324	1.15339	92.17
2025.11.06	14:17:00	1.15340	1.15349	1.15333	1.15333	127.29
2025.11.06	14:18:00	1.15335	1.15336	1.15320	1.15328	154.07
2025.11.06	14:19:00	1.15324	1.15329	1.15315	1.15318	117.75
2025.11.06	14:20:00	1.15318	1.15319	1.15310	1.15319	108.87
2025.11.06	14:21:00	1.15319	1.15320	1.15299	1.15301	154.71
2025.11.06	14:22:00	1.15301	1.15301	1.15287	1.15287	157.79
2025.11.06	14:23:00	1.15287	1.15290	1.15267	1.15281	132.43
2025.11.06	14:24:00	1.15280	1.15290	1.15274	1.15290	76.32
2025.11.06	14:25:00	1.15291	1.15303	1.15287	1.15303	75.25
2025.11.06	14:26:00	1.15303	1.15304	1.15291	1.15303	117.32
2025.11.06	14:27:00	1.15301	1.15304	1.15297	1.15297	41.85
2025.11.06	14:28:00	1.15297	1.15304	1.15288	1.15288	75.70
2025.11.06	14:29:00	1.15286	1.15294	1.15279	1.15293	84.71
2025.11.06	14:30:00	1.15293	1.15304	1.15287	1.15302	93.82
2025.11.06	14:31:00	1.15303	1.15307	1.15298	1.15298	48.78
2025.11.06	14:32:00	1.15298	1.15303	1.15291	1.15292	49.66
2025.11.06	14:33:00	1.15293	1.15297	1.15292	1.15293	43.38
2025.11.06	14:34:00	1.15293	1.15299	1.15292	1.15296	70.12
2025.11.06	14:35:00	1.15295	1.15305	1.15290	1.15290	97.15
2025.11.06	14:36:00	1.15290	1.15297	1.15290	1.15297	26.10
2025.11.06	14:37:00	1.15297	1.15303	1.15281	1.15286	92.14
2025.11.06	14:38:00	1.15286	1.15293	1.15284	1.15287	85.07
2025.11.06	14:39:00	1.15287	1.15287	1.15273	1.15273	58.41
2025.11.06	14:40:00	1.15273	1.15274	1.15250	1.15254	69.70
2025.11.06	14:41:00	1.15256	1.15264	1.15244	1.15254	136.34
2025.11.06	14:42:00	1.15254	1.15254	1.15242	1.15242	88.13
2025.11.06	14:43:00	1.15241	1.15248	1.15235	1.15243	102.25
2025.11.06	14:44:00	1.15244	1.15248	1.15233	1.15241	74.81
2025.11.06	14:45:00	1.15242	1.15243	1.15232	1.15237	57.34
2025.11.06	14:46:00	1.15239	1.15253	1.15230	1.15250	84.67
2025.11.06	14:47:00	1.15247	1.15252	1.15231	1.15232	110.76
2025.11.06	14:48:00	1.15233	1.15250	1.15233	1.15246	62.75
2025.11.06	14:49:00	1.15246	1.15253	1.15236	1.15248	91.69
2025.11.06	14:50:00	1.15248	1.15248	1.15223	1.15228	143.87
2025.11.06	14:51:00	1.15228	1.15233	1.15216	1.15218	111.51
2025.11.06	14:52:00	1.15220	1.15233	1.15218	1.15226	60.55
2025.11.06	14:53:00	1.15225	1.15226	1.15216	1.15222	132.45
2025.11.06	14:54:00	1.15223	1.15234	1.15223	1.15226	57.81
2025.11.06	14:55:00	1.15228	1.15238	1.15225	1.15234	91.62
2025.11.06	14:56:00	1.15234	1.15239	1.15219	1.15221	108.91
2025.11.06	14:57:00	1.15221	1.15224	1.15211	1.15217	112.52
2025.11.06	14:58:00	1.15217	1.15231	1.15216	1.15231	134.59
2025.11.06	14:59:00	1.15230	1.15230	1.15199	1.15203	116.98
2025.11.06	15:00:00	1.15203	1.15234	1.15199	1.15206	190.63
2025.11.06	15:01:00	1.15205	1.15210	1.15195	1.15200	92.24
2025.11.06	15:02:00	1.15197	1.15209	1.15195	1.15198	179.59
2025.11.06	15:03:00	1.15198	1.15206	1.15192	1.15198	123.68
2025.11.06	15:04:00	1.15199	1.15213	1.15188	1.15210	150.25
2025.11.06	15:05:00	1.15210	1.15240	1.15210	1.15229	201.78
2025.11.06	15:06:00	1.15231	1.15258	1.15224	1.15258	126.64
2025.11.06	15:07:00	1.15258	1.15264	1.15247	1.15252	135.55
2025.11.06	15:08:00	1.15251	1.15262	1.15226	1.15230	156.31
2025.11.06	15:09:00	1.15229	1.15248	1.15225	1.15246	123.66
2025.11.06	15:10:00	1.15244	1.15258	1.15234	1.15258	159.25
2025.11.06	15:11:00	1.15257	1.15266	1.15247	1.15251	105.26
2025.11.06	15:12:00	1.15256	1.15256	1.15235	1.15238	121.97
2025.11.06	15:13:00	1.15237	1.15244	1.15229	1.15235	106.86
2025.11.06	15:14:00	1.15235	1.15242	1.15231	1.15237	81.52
2025.11.06	15:15:00	1.15238	1.15244	1.15233	1.15234	109.69
2025.11.06	15:16:00	1.15234	1.15250	1.15231	1.15238	179.57
2025.11.06	15:17:00	1.15238	1.15279	1.15233	1.15268	196.51
2025.11.06	15:18:00	1.15267	1.15311	1.15265	1.15308	156.33
2025.11.06	15:19:00	1.15307	1.15324	1.15306	1.15315	104.22
2025.11.06	15:20:00	1.15314	1.15316	1.15298	1.15308	101.50
2025.11.06	15:21:00	1.15308	1.15323	1.15308	1.15313	64.03
2025.11.06	15:22:00	1.15312	1.15314	1.15300	1.15302	70.66
2025.11.06	15:23:00	1.15301	1.15351	1.15301	1.15322	194.89
2025.11.06	15:24:00	1.15322	1.15329	1.15317	1.15328	79.10
2025.11.06	15:25:00	1.15327	1.15345	1.15326	1.15339	136.39
2025.11.06	15:26:00	1.15340	1.15341	1.15317	1.15321	76.18
2025.11.06	15:27:00	1.15323	1.15324	1.15311	1.15314	134.47
2025.11.06	15:28:00	1.15311	1.15318	1.15303	1.15317	75.89
2025.11.06	15:29:00	1.15318	1.15324	1.15313	1.15321	53.55
2025.11.06	15:30:00	1.15322	1.15333	1.15304	1.15305	85.22
2025.11.06	15:31:00	1.15304	1.15311	1.15302	1.15307	67.52
2025.11.06	15:32:00	1.15308	1.15320	1.15304	1.15305	64.30
2025.11.06	15:33:00	1.15305	1.15318	1.15302	1.15304	80.09
2025.11.06	15:34:00	1.15306	1.15307	1.15282	1.15283	157.79
2025.11.06	15:35:00	1.15282	1.15290	1.15265	1.15271	112.86
2025.11.06	15:36:00	1.15273	1.15279	1.15238	1.15241	203.73
2025.11.06	15:37:00	1.15242	1.15242	1.15225	1.15226	229.42
2025.11.06	15:38:00	1.15226	1.15257	1.15216	1.15251	162.42
2025.11.06	15:39:00	1.15251	1.15269	1.15241	1.15265	174.53
2025.11.06	15:40:00	1.15265	1.15266	1.15243	1.15256	200.92
2025.11.06	15:41:00	1.15254	1.15272	1.15254	1.15270	145.31
2025.11.06	15:42:00	1.15272	1.15290	1.15269	1.15285	136.63
2025.11.06	15:43:00	1.15284	1.15294	1.15273	1.15284	163.61
2025.11.06	15:44:00	1.15284	1.15284	1.15277	1.15282	180.16
2025.11.06	15:45:00	1.15282	1.15315	1.15282	1.15313	112.51
2025.11.06	15:46:00	1.15313	1.15331	1.15309	1.15324	167.38
2025.11.06	15:47:00	1.15325	1.15327	1.15304	1.15307	196.65
2025.11.06	15:48:00	1.15307	1.15322	1.15301	1.15316	163.99
2025.11.06	15:49:00	1.15317	1.15329	1.15302	1.15322	232.97
2025.11.06	15:50:00	1.15321	1.15322	1.15304	1.15308	136.54
2025.11.06	15:51:00	1.15307	1.15321	1.15306	1.15308	148.95
2025.11.06	15:52:00	1.15307	1.15324	1.15307	1.15313	219.50
2025.11.06	15:53:00	1.15313	1.15340	1.15313	1.15331	164.48
2025.11.06	15:54:00	1.15331	1.15359	1.15329	1.15359	298.76
2025.11.06	15:55:00	1.15359	1.15382	1.15349	1.15377	175.37
2025.11.06	15:56:00	1.15377	1.15412	1.15374	1.15403	192.14
2025.11.06	15:57:00	1.15407	1.15428	1.15383	1.15383	367.40
2025.11.06	15:58:00	1.15384	1.15398	1.15380	1.15386	194.24
2025.11.06	15:59:00	1.15388	1.15397	1.15374	1.15395	97.56
2025.11.06	16:00:00	1.15392	1.15400	1.15373	1.15376	140.02
2025.11.06	16:01:00	1.15374	1.15395	1.15373	1.15387	99.75
2025.11.06	16:02:00	1.15388	1.15393	1.15374	1.15382	222.50
2025.11.06	16:03:00	1.15382	1.15395	1.15376	1.15382	98.26
2025.11.06	16:04:00	1.15382	1.15388	1.15371	1.15378	196.10
2025.11.06	16:05:00	1.15379	1.15388	1.15364	1.15365	178.06
2025.11.06	16:06:00	1.15365	1.15370	1.15339	1.15340	209.73
2025.11.06	16:07:00	1.15341	1.15353	1.15326	1.15326	123.11
2025.11.06	16:08:00	1.15327	1.15335	1.15326	1.15328	115.84
2025.11.06	16:09:00	1.15327	1.15334	1.15323	1.15325	142.14
2025.11.06	16:10:00	1.15324	1.15328	1.15318	1.15323	123.65
2025.11.06	16:11:00	1.15324	1.15328	1.15313	1.15316	210.13
2025.11.06	16:12:00	1.15317	1.15339	1.15317	1.15338	170.26
2025.11.06	16:13:00	1.15338	1.15368	1.15335	1.15365	136.16
2025.11.06	16:14:00	1.15367	1.15368	1.15350	1.15359	100.15
2025.11.06	16:15:00	1.15359	1.15364	1.15353	1.15353	58.71
2025.11.06	16:16:00	1.15355	1.15362	1.15348	1.15352	92.03
2025.11.06	16:17:00	1.15350	1.15368	1.15350	1.15362	102.22
2025.11.06	16:18:00	1.15359	1.15367	1.15354	1.15359	67.37
2025.11.06	16:19:00	1.15359	1.15368	1.15353	1.15368	118.64
2025.11.06	16:20:00	1.15370	1.15380	1.15357	1.15378	111.13
2025.11.06	16:21:00	1.15379	1.15379	1.15356	1.15357	55.45
2025.11.06	16:22:00	1.15360	1.15366	1.15353	1.15355	124.02
2025.11.06	16:23:00	1.15355	1.15363	1.15353	1.15354	132.92
2025.11.06	16:24:00	1.15355	1.15363	1.15353	1.15363	127.16
2025.11.06	16:25:00	1.15362	1.15374	1.15362	1.15368	85.34
2025.11.06	16:26:00	1.15370	1.15378	1.15369	1.15372	107.69
2025.11.06	16:27:00	1.15373	1.15374	1.15361	1.15362	51.30
2025.11.06	16:28:00	1.15364	1.15371	1.15361	1.15367	87.30
2025.11.06	16:29:00	1.15367	1.15370	1.15365	1.15368	49.50
2025.11.06	16:30:00	1.15368	1.15368	1.15358	1.15364	114.52
2025.11.06	16:31:00	1.15365	1.15369	1.15356	1.15359	107.84
2025.11.06	16:32:00	1.15359	1.15372	1.15352	1.15369	179.93
2025.11.06	16:33:00	1.15369	1.15369	1.15353	1.15358	70.64
2025.11.06	16:34:00	1.15358	1.15362	1.15350	1.15362	93.36
2025.11.06	16:35:00	1.15363	1.15387	1.15363	1.15379	188.33
2025.11.06	16:36:00	1.15378	1.15394	1.15377	1.15392	61.34
2025.11.06	16:37:00	1.15392	1.15406	1.15390	1.15397	114.35
2025.11.06	16:38:00	1.15396	1.15404	1.15395	1.15402	66.66
2025.11.06	16:39:00	1.15403	1.15414	1.15397	1.15414	78.97
2025.11.06	16:40:00	1.15415	1.15416	1.15400	1.15407	169.88
2025.11.06	16:41:00	1.15406	1.15406	1.15391	1.15396	75.60
2025.11.06	16:42:00	1.15395	1.15407	1.15394	1.15397	71.32
2025.11.06	16:43:00	1.15396	1.15397	1.15378	1.15380	123.98
2025.11.06	16:44:00	1.15380	1.15383	1.15366	1.15370	111.43
2025.11.06	16:45:00	1.15370	1.15380	1.15356	1.15377	149.75
2025.11.06	16:46:00	1.15378	1.15394	1.15378	1.15388	117.21
2025.11.06	16:47:00	1.15389	1.15389	1.15381	1.15387	76.28
2025.11.06	16:48:00	1.15390	1.15408	1.15387	1.15400	70.77
2025.11.06	16:49:00	1.15401	1.15413	1.15401	1.15413	34.36
2025.11.06	16:50:00	1.15413	1.15414	1.15393	1.15394	66.58
2025.11.06	16:51:00	1.15390	1.15391	1.15386	1.15388	41.24
2025.11.06	16:52:00	1.15389	1.15394	1.15382	1.15382	44.83
2025.11.06	16:53:00	1.15382	1.15390	1.15382	1.15387	27.97
2025.11.06	16:54:00	1.15386	1.15388	1.15378	1.15378	53.32
2025.11.06	16:55:00	1.15377	1.15377	1.15361	1.15367	80.89
2025.11.06	16:56:00	1.15369	1.15371	1.15357	1.15368	75.13
2025.11.06	16:57:00	1.15367	1.15373	1.15360	1.15370	70.69
2025.11.06	16:58:00	1.15369	1.15374	1.15365	1.15371	53.77
2025.11.06	16:59:00	1.15371	1.15378	1.15370	1.15377	43.54
2025.11.06	17:00:00	1.15379	1.15403	1.15376	1.15383	197.84
2025.11.06	17:01:00	1.15381	1.15389	1.15368	1.15383	87.56
2025.11.06	17:02:00	1.15384	1.15398	1.15381	1.15396	82.60
2025.11.06	17:03:00	1.15397	1.15405	1.15390	1.15395	76.10
2025.11.06	17:04:00	1.15394	1.15394	1.15378	1.15385	93.28
2025.11.06	17:05:00	1.15385	1.15406	1.15375	1.15400	126.25
2025.11.06	17:06:00	1.15402	1.15410	1.15397	1.15402	100.93
2025.11.06	17:07:00	1.15404	1.15407	1.15395	1.15396	97.60
2025.11.06	17:08:00	1.15396	1.15398	1.15384	1.15391	48.11
2025.11.06	17:09:00	1.15390	1.15395	1.15385	1.15393	82.13
2025.11.06	17:10:00	1.15396	1.15398	1.15389	1.15396	44.77
2025.11.06	17:11:00	1.15396	1.15403	1.15393	1.15398	73.33
2025.11.06	17:12:00	1.15397	1.15402	1.15383	1.15384	134.64
2025.11.06	17:13:00	1.15382	1.15392	1.15378	1.15390	79.17
2025.11.06	17:14:00	1.15390	1.15392	1.15379	1.15383	74.15
2025.11.06	17:15:00	1.15381	1.15401	1.15370	1.15401	118.97
2025.11.06	17:16:00	1.15400	1.15418	1.15396	1.15407	103.14
2025.11.06	17:17:00	1.15406	1.15412	1.15398	1.15404	85.86
2025.11.06	17:18:00	1.15404	1.15406	1.15397	1.15398	77.17
2025.11.06	17:19:00	1.15398	1.15406	1.15396	1.15406	59.04
2025.11.06	17:20:00	1.15406	1.15409	1.15402	1.15404	116.40
2025.11.06	17:21:00	1.15405	1.15417	1.15400	1.15400	72.52
2025.11.06	17:22:00	1.15398	1.15410	1.15395	1.15403	73.87
2025.11.06	17:23:00	1.15404	1.15405	1.15395	1.15396	42.07
2025.11.06	17:24:00	1.15397	1.15399	1.15382	1.15388	111.22
2025.11.06	17:25:00	1.15386	1.15395	1.15359	1.15362	184.55
2025.11.06	17:26:00	1.15362	1.15362	1.15332	1.15335	142.00
2025.11.06	17:27:00	1.15335	1.15338	1.15317	1.15317	132.06
2025.11.06	17:28:00	1.15317	1.15319	1.15309	1.15311	176.60
2025.11.06	17:29:00	1.15310	1.15326	1.15297	1.15326	152.20
2025.11.06	17:30:00	1.15326	1.15369	1.15326	1.15368	141.60
2025.11.06	17:31:00	1.15369	1.15376	1.15367	1.15371	148.26
2025.11.06	17:32:00	1.15373	1.15384	1.15367	1.15367	127.01
2025.11.06	17:33:00	1.15367	1.15382	1.15367	1.15378	168.96
2025.11.06	17:34:00	1.15379	1.15395	1.15370	1.15394	165.19
2025.11.06	17:35:00	1.15392	1.15396	1.15381	1.15391	108.58
2025.11.06	17:36:00	1.15390	1.15390	1.15383	1.15389	78.81
2025.11.06	17:37:00	1.15389	1.15399	1.15386	1.15392	93.08
2025.11.06	17:38:00	1.15393	1.15402	1.15389	1.15401	81.88
2025.11.06	17:39:00	1.15401	1.15402	1.15395	1.15396	104.52
2025.11.06	17:40:00	1.15397	1.15413	1.15395	1.15411	160.84
2025.11.06	17:41:00	1.15412	1.15417	1.15405	1.15411	121.19
2025.11.06	17:42:00	1.15412	1.15423	1.15407	1.15413	161.19
2025.11.06	17:43:00	1.15414	1.15426	1.15413	1.15421	91.86
2025.11.06	17:44:00	1.15423	1.15425	1.15420	1.15421	56.80
2025.11.06	17:45:00	1.15422	1.15422	1.15396	1.15401	100.50
2025.11.06	17:46:00	1.15402	1.15403	1.15394	1.15396	142.32
2025.11.06	17:47:00	1.15395	1.15402	1.15395	1.15400	78.31
2025.11.06	17:48:00	1.15400	1.15400	1.15365	1.15365	194.69
2025.11.06	17:49:00	1.15365	1.15372	1.15360	1.15370	146.00
2025.11.06	17:50:00	1.15368	1.15376	1.15364	1.15373	102.09
2025.11.06	17:51:00	1.15375	1.15391	1.15375	1.15390	84.16
2025.11.06	17:52:00	1.15391	1.15397	1.15385	1.15391	86.12
2025.11.06	17:53:00	1.15391	1.15395	1.15384	1.15391	97.00
2025.11.06	17:54:00	1.15390	1.15396	1.15390	1.15395	72.07
2025.11.06	17:55:00	1.15396	1.15403	1.15390	1.15401	76.21
2025.11.06	17:56:00	1.15402	1.15404	1.15401	1.15402	17.52
2025.11.06	17:57:00	1.15399	1.15401	1.15386	1.15401	77.19
2025.11.06	17:58:00	1.15400	1.15403	1.15395	1.15397	25.35
2025.11.06	17:59:00	1.15396	1.15406	1.15390	1.15406	42.66
2025.11.06	18:00:00	1.15407	1.15407	1.15401	1.15406	60.31
2025.11.06	18:01:00	1.15404	1.15404	1.15391	1.15394	37.09
2025.11.06	18:02:00	1.15393	1.15408	1.15392	1.15406	53.56
2025.11.06	18:03:00	1.15406	1.15408	1.15401	1.15408	18.66
2025.11.06	18:04:00	1.15405	1.15408	1.15403	1.15408	12.60
2025.11.06	18:05:00	1.15407	1.15409	1.15400	1.15407	26.57
2025.11.06	18:06:00	1.15406	1.15422	1.15406	1.15416	45.99
2025.11.06	18:07:00	1.15417	1.15428	1.15411	1.15428	128.70
2025.11.06	18:08:00	1.15426	1.15442	1.15423	1.15440	85.83
2025.11.06	18:09:00	1.15441	1.15444	1.15438	1.15441	68.44
2025.11.06	18:10:00	1.15443	1.15449	1.15435	1.15448	94.58
2025.11.06	18:11:00	1.15449	1.15466	1.15448	1.15461	93.06
2025.11.06	18:12:00	1.15460	1.15462	1.15458	1.15458	68.58
2025.11.06	18:13:00	1.15460	1.15462	1.15458	1.15460	82.08
2025.11.06	18:14:00	1.15461	1.15461	1.15455	1.15456	64.67
2025.11.06	18:15:00	1.15456	1.15466	1.15447	1.15447	97.76
2025.11.06	18:16:00	1.15446	1.15447	1.15439	1.15439	39.33
2025.11.06	18:17:00	1.15438	1.15445	1.15434	1.15437	125.13
2025.11.06	18:18:00	1.15439	1.15441	1.15431	1.15436	62.18
2025.11.06	18:19:00	1.15435	1.15439	1.15430	1.15439	90.99
2025.11.06	18:20:00	1.15437	1.15441	1.15434	1.15438	74.70
2025.11.06	18:21:00	1.15438	1.15440	1.15434	1.15435	34.65
2025.11.06	18:22:00	1.15434	1.15436	1.15430	1.15434	37.35
2025.11.06	18:23:00	1.15433	1.15435	1.15430	1.15433	69.66
2025.11.06	18:24:00	1.15431	1.15445	1.15430	1.15445	77.28
2025.11.06	18:25:00	1.15446	1.15446	1.15436	1.15436	125.81
2025.11.06	18:26:00	1.15435	1.15444	1.15435	1.15440	81.21
2025.11.06	18:27:00	1.15438	1.15444	1.15438	1.15443	111.36
2025.11.06	18:28:00	1.15444	1.15444	1.15434	1.15434	80.02
2025.11.06	18:29:00	1.15431	1.15435	1.15430	1.15430	90.01
2025.11.06	18:30:00	1.15432	1.15439	1.15430	1.15439	62.45
2025.11.06	18:31:00	1.15440	1.15459	1.15440	1.15458	28.04
2025.11.06	18:32:00	1.15459	1.15459	1.15458	1.15458	5.40
2025.11.06	18:33:00	1.15458	1.15459	1.15456	1.15456	18.90
2025.11.06	18:34:00	1.15456	1.15467	1.15454	1.15466	75.22
2025.11.06	18:35:00	1.15467	1.15468	1.15465	1.15467	96.93
2025.11.06	18:36:00	1.15468	1.15473	1.15466	1.15468	59.62
2025.11.06	18:37:00	1.15466	1.15466	1.15459	1.15462	28.57
2025.11.06	18:38:00	1.15461	1.15472	1.15458	1.15472	46.80
2025.11.06	18:39:00	1.15474	1.15478	1.15473	1.15477	26.64
2025.11.06	18:40:00	1.15477	1.15484	1.15477	1.15482	22.14
2025.11.06	18:41:00	1.15480	1.15486	1.15479	1.15483	23.61
2025.11.06	18:42:00	1.15484	1.15489	1.15483	1.15488	11.70
2025.11.06	18:43:00	1.15486	1.15487	1.15482	1.15484	41.92
2025.11.06	18:44:00	1.15487	1.15490	1.15478	1.15488	55.22
2025.11.06	18:45:00	1.15487	1.15487	1.15474	1.15475	41.56
2025.11.06	18:46:00	1.15477	1.15477	1.15471	1.15473	14.40
2025.11.06	18:47:00	1.15472	1.15480	1.15472	1.15479	26.10
2025.11.06	18:48:00	1.15480	1.15489	1.15477	1.15478	46.35
2025.11.06	18:49:00	1.15478	1.15478	1.15475	1.15476	23.40
2025.11.06	18:50:00	1.15478	1.15498	1.15477	1.15497	85.11
2025.11.06	18:51:00	1.15496	1.15496	1.15485	1.15489	87.39
2025.11.06	18:52:00	1.15489	1.15501	1.15487	1.15495	73.44
2025.11.06	18:53:00	1.15494	1.15499	1.15485	1.15486	54.27
2025.11.06	18:54:00	1.15484	1.15485	1.15476	1.15485	32.40
2025.11.06	18:55:00	1.15484	1.15484	1.15471	1.15471	73.80
2025.11.06	18:56:00	1.15471	1.15483	1.15470	1.15478	72.74
2025.11.06	18:57:00	1.15478	1.15482	1.15475	1.15476	50.85
2025.11.06	18:58:00	1.15476	1.15479	1.15470	1.15473	55.87
2025.11.06	18:59:00	1.15472	1.15478	1.15471	1.15471	57.60
2025.11.06	19:00:00	1.15471	1.15471	1.15460	1.15465	99.95
2025.11.06	19:01:00	1.15466	1.15468	1.15460	1.15466	78.30
2025.11.06	19:02:00	1.15466	1.15468	1.15461	1.15463	45.45
2025.11.06	19:03:00	1.15465	1.15474	1.15465	1.15474	35.55
2025.11.06	19:04:00	1.15473	1.15477	1.15473	1.15477	13.50
2025.11.06	19:05:00	1.15477	1.15484	1.15477	1.15478	36.18
2025.11.06	19:06:00	1.15479	1.15486	1.15477	1.15479	64.28
2025.11.06	19:07:00	1.15478	1.15485	1.15478	1.15484	45.27
2025.11.06	19:08:00	1.15483	1.15484	1.15478	1.15478	26.53
2025.11.06	19:09:00	1.15479	1.15484	1.15478	1.15483	48.15
2025.11.06	19:10:00	1.15484	1.15492	1.15482	1.15490	58.05
2025.11.06	19:11:00	1.15488	1.15494	1.15487	1.15493	83.70
2025.11.06	19:12:00	1.15492	1.15500	1.15491	1.15492	77.86
2025.11.06	19:13:00	1.15490	1.15493	1.15487	1.15488	49.83
2025.11.06	19:14:00	1.15489	1.15493	1.15489	1.15493	21.66
2025.11.06	19:15:00	1.15492	1.15494	1.15486	1.15486	45.03
2025.11.06	19:16:00	1.15486	1.15488	1.15486	1.15487	44.40
2025.11.06	19:17:00	1.15486	1.15498	1.15486	1.15497	49.18
2025.11.06	19:18:00	1.15496	1.15496	1.15492	1.15492	51.30
2025.11.06	19:19:00	1.15491	1.15498	1.15488	1.15488	24.51
2025.11.06	19:20:00	1.15489	1.15492	1.15488	1.15492	20.16
2025.11.06	19:21:00	1.15491	1.15493	1.15478	1.15480	23.91
2025.11.06	19:22:00	1.15478	1.15488	1.15476	1.15486	27.00
2025.11.06	19:23:00	1.15488	1.15493	1.15486	1.15492	14.40
2025.11.06	19:24:00	1.15494	1.15497	1.15494	1.15496	19.35
2025.11.06	19:25:00	1.15495	1.15500	1.15492	1.15499	30.15
2025.11.06	19:26:00	1.15498	1.15500	1.15496	1.15498	37.77
2025.11.06	19:27:00	1.15498	1.15510	1.15498	1.15508	32.22
2025.11.06	19:28:00	1.15507	1.15511	1.15503	1.15507	33.93
2025.11.06	19:29:00	1.15508	1.15514	1.15506	1.15507	27.99
2025.11.06	19:30:00	1.15508	1.15512	1.15503	1.15512	35.32
2025.11.06	19:31:00	1.15511	1.15514	1.15503	1.15514	37.35
2025.11.06	19:32:00	1.15513	1.15515	1.15506	1.15513	35.10
2025.11.06	19:33:00	1.15513	1.15522	1.15513	1.15518	30.60
2025.11.06	19:34:00	1.15520	1.15522	1.15514	1.15522	41.85
2025.11.06	19:35:00	1.15522	1.15522	1.15503	1.15503	37.44
2025.11.06	19:36:00	1.15504	1.15505	1.15486	1.15492	94.82
2025.11.06	19:37:00	1.15492	1.15500	1.15489	1.15494	77.14
2025.11.06	19:38:00	1.15491	1.15493	1.15465	1.15465	128.00
2025.11.06	19:39:00	1.15464	1.15473	1.15462	1.15462	72.91
2025.11.06	19:40:00	1.15461	1.15463	1.15452	1.15454	52.29
2025.11.06	19:41:00	1.15454	1.15462	1.15454	1.15461	37.63
2025.11.06	19:42:00	1.15460	1.15469	1.15460	1.15466	18.00
2025.11.06	19:43:00	1.15469	1.15471	1.15467	1.15468	20.25
2025.11.06	19:44:00	1.15469	1.15469	1.15454	1.15458	37.78
2025.11.06	19:45:00	1.15454	1.15459	1.15450	1.15451	19.94
2025.11.06	19:46:00	1.15449	1.15449	1.15439	1.15442	33.20
2025.11.06	19:47:00	1.15442	1.15442	1.15432	1.15437	46.87
2025.11.06	19:48:00	1.15437	1.15441	1.15436	1.15436	18.45
2025.11.06	19:49:00	1.15436	1.15446	1.15430	1.15442	27.97
2025.11.06	19:50:00	1.15440	1.15443	1.15436	1.15441	18.90
2025.11.06	19:51:00	1.15443	1.15443	1.15437	1.15441	19.80
2025.11.06	19:52:00	1.15440	1.15444	1.15418	1.15422	81.40
2025.11.06	19:53:00	1.15421	1.15431	1.15421	1.15429	77.34
2025.11.06	19:54:00	1.15429	1.15442	1.15427	1.15436	62.28
2025.11.06	19:55:00	1.15434	1.15452	1.15434	1.15452	16.72
2025.11.06	19:56:00	1.15451	1.15453	1.15439	1.15442	61.41
2025.11.06	19:57:00	1.15441	1.15451	1.15441	1.15447	73.97
2025.11.06	19:58:00	1.15448	1.15448	1.15441	1.15443	104.42
2025.11.06	19:59:00	1.15443	1.15443	1.15436	1.15441	114.76
2025.11.06	20:00:00	1.15443	1.15448	1.15438	1.15446	74.18
2025.11.06	20:01:00	1.15445	1.15452	1.15437	1.15439	34.70
2025.11.06	20:02:00	1.15440	1.15444	1.15438	1.15441	40.69
2025.11.06	20:03:00	1.15441	1.15442	1.15440	1.15441	48.87
2025.11.06	20:04:00	1.15441	1.15443	1.15436	1.15437	42.49
2025.11.06	20:05:00	1.15441	1.15453	1.15441	1.15452	72.93
2025.11.06	20:06:00	1.15452	1.15461	1.15451	1.15461	65.37
2025.11.06	20:07:00	1.15461	1.15463	1.15460	1.15462	50.16
2025.11.06	20:08:00	1.15462	1.15464	1.15460	1.15463	56.38
2025.11.06	20:09:00	1.15464	1.15467	1.15460	1.15466	81.54
2025.11.06	20:10:00	1.15468	1.15473	1.15466	1.15472	16.74
2025.11.06	20:11:00	1.15473	1.15481	1.15470	1.15477	51.09
2025.11.06	20:12:00	1.15478	1.15483	1.15475	1.15478	88.27
2025.11.06	20:13:00	1.15479	1.15488	1.15477	1.15488	44.10
2025.11.06	20:14:00	1.15486	1.15489	1.15481	1.15483	44.10
2025.11.06	20:15:00	1.15483	1.15483	1.15474	1.15474	49.27
2025.11.06	20:16:00	1.15472	1.15481	1.15472	1.15480	15.75
2025.11.06	20:17:00	1.15482	1.15482	1.15480	1.15480	7.20
2025.11.06	20:18:00	1.15480	1.15483	1.15479	1.15481	37.07
2025.11.06	20:19:00	1.15482	1.15483	1.15479	1.15482	23.92
2025.11.06	20:20:00	1.15480	1.15482	1.15475	1.15482	29.25
2025.11.06	20:21:00	1.15479	1.15479	1.15471	1.15472	40.86
2025.11.06	20:22:00	1.15471	1.15472	1.15464	1.15472	63.07
2025.11.06	20:23:00	1.15469	1.15469	1.15450	1.15452	21.19
2025.11.06	20:24:00	1.15452	1.15455	1.15446	1.15452	18.00
2025.11.06	20:25:00	1.15452	1.15453	1.15450	1.15453	6.75
2025.11.06	20:26:00	1.15451	1.15451	1.15445	1.15447	18.90
2025.11.06	20:27:00	1.15446	1.15447	1.15444	1.15446	41.08
2025.11.06	20:28:00	1.15445	1.15446	1.15444	1.15445	26.62
2025.11.06	20:29:00	1.15446	1.15446	1.15430	1.15432	34.27
2025.11.06	20:30:00	1.15433	1.15448	1.15433	1.15444	50.69
2025.11.06	20:31:00	1.15446	1.15448	1.15439	1.15441	63.56
2025.11.06	20:32:00	1.15440	1.15442	1.15436	1.15441	142.07
2025.11.06	20:33:00	1.15441	1.15442	1.15435	1.15435	15.66
2025.11.06	20:34:00	1.15435	1.15442	1.15435	1.15441	30.06
2025.11.06	20:35:00	1.15442	1.15442	1.15437	1.15438	20.25
2025.11.06	20:36:00	1.15443	1.15451	1.15443	1.15447	32.85
2025.11.06	20:37:00	1.15446	1.15449	1.15445	1.15447	40.98
2025.11.06	20:38:00	1.15448	1.15451	1.15444	1.15447	86.31
2025.11.06	20:39:00	1.15446	1.15447	1.15445	1.15445	47.70
2025.11.06	20:40:00	1.15446	1.15453	1.15445	1.15451	48.15
2025.11.06	20:41:00	1.15451	1.15452	1.15449	1.15451	26.10
2025.11.06	20:42:00	1.15452	1.15456	1.15450	1.15456	22.95
2025.11.06	20:43:00	1.15457	1.15461	1.15456	1.15459	26.73
2025.11.06	20:44:00	1.15458	1.15462	1.15457	1.15461	12.78
2025.11.06	20:45:00	1.15461	1.15461	1.15454	1.15456	27.27
2025.11.06	20:46:00	1.15454	1.15468	1.15453	1.15461	30.69
2025.11.06	20:47:00	1.15461	1.15465	1.15454	1.15455	37.19
2025.11.06	20:48:00	1.15456	1.15460	1.15455	1.15460	10.80
2025.11.06	20:49:00	1.15461	1.15463	1.15456	1.15456	9.45
2025.11.06	20:50:00	1.15458	1.15463	1.15456	1.15463	25.29
2025.11.06	20:51:00	1.15466	1.15470	1.15465	1.15468	23.85
2025.11.06	20:52:00	1.15469	1.15474	1.15469	1.15473	29.02
2025.11.06	20:53:00	1.15472	1.15472	1.15465	1.15472	47.33
2025.11.06	20:54:00	1.15470	1.15471	1.15466	1.15466	16.65
2025.11.06	20:55:00	1.15468	1.15470	1.15465	1.15467	33.97
2025.11.06	20:56:00	1.15468	1.15472	1.15462	1.15469	37.03
2025.11.06	20:57:00	1.15470	1.15475	1.15465	1.15472	31.05
2025.11.06	20:58:00	1.15471	1.15476	1.15466	1.15471	69.75
2025.11.06	20:59:00	1.15465	1.15479	1.15465	1.15475	128.60
2025.11.06	21:00:00	1.15476	1.15481	1.15468	1.15477	84.59
2025.11.06	21:01:00	1.15478	1.15478	1.15473	1.15474	37.80
2025.11.06	21:02:00	1.15474	1.15476	1.15468	1.15468	34.65
2025.11.06	21:03:00	1.15468	1.15478	1.15465	1.15475	106.86
2025.11.06	21:04:00	1.15474	1.15476	1.15468	1.15474	88.87
2025.11.06	21:05:00	1.15475	1.15477	1.15462	1.15466	98.19
2025.11.06	21:06:00	1.15467	1.15467	1.15463	1.15463	26.55
2025.11.06	21:07:00	1.15464	1.15467	1.15462	1.15462	43.87
2025.11.06	21:08:00	1.15461	1.15466	1.15459	1.15463	57.15
2025.11.06	21:09:00	1.15463	1.15463	1.15460	1.15463	20.66
2025.11.06	21:10:00	1.15462	1.15468	1.15460	1.15466	26.64
2025.11.06	21:11:00	1.15465	1.15475	1.15465	1.15474	23.49
2025.11.06	21:12:00	1.15475	1.15476	1.15473	1.15473	4.50
2025.11.06	21:13:00	1.15476	1.15476	1.15471	1.15476	15.07
2025.11.06	21:14:00	1.15474	1.15474	1.15472	1.15473	4.50
2025.11.06	21:15:00	1.15475	1.15477	1.15475	1.15476	2.70
2025.11.06	21:16:00	1.15477	1.15477	1.15472	1.15475	11.47
2025.11.06	21:17:00	1.15475	1.15475	1.15472	1.15474	43.89
2025.11.06	21:18:00	1.15474	1.15485	1.15474	1.15482	43.60
2025.11.06	21:20:00	1.15479	1.15482	1.15479	1.15482	1.80
2025.11.06	21:21:00	1.15484	1.15487	1.15476	1.15476	16.42
2025.11.06	21:22:00	1.15478	1.15478	1.15472	1.15474	15.52
2025.11.06	21:23:00	1.15476	1.15477	1.15476	1.15476	3.60
2025.11.06	21:24:00	1.15474	1.15474	1.15474	1.15474	0.90
2025.11.06	21:25:00	1.15475	1.15475	1.15475	1.15475	2.70
2025.11.06	21:26:00	1.15475	1.15476	1.15474	1.15476	9.00
2025.11.06	21:27:00	1.15474	1.15476	1.15474	1.15474	8.10
2025.11.06	21:28:00	1.15474	1.15474	1.15462	1.15465	44.54
2025.11.06	21:29:00	1.15465	1.15467	1.15457	1.15458	69.07
2025.11.06	21:30:00	1.15455	1.15456	1.15445	1.15445	23.40
2025.11.06	21:31:00	1.15447	1.15453	1.15447	1.15453	7.20
2025.11.06	21:32:00	1.15453	1.15455	1.15449	1.15449	8.32
2025.11.06	21:33:00	1.15448	1.15451	1.15448	1.15450	9.09
2025.11.06	21:34:00	1.15452	1.15461	1.15452	1.15461	12.24
2025.11.06	21:35:00	1.15462	1.15462	1.15457	1.15461	11.70
2025.11.06	21:36:00	1.15461	1.15462	1.15460	1.15462	6.30
2025.11.06	21:37:00	1.15463	1.15465	1.15453	1.15458	27.45
2025.11.06	21:38:00	1.15461	1.15463	1.15461	1.15461	2.88
2025.11.06	21:39:00	1.15460	1.15460	1.15455	1.15458	11.70
2025.11.06	21:40:00	1.15460	1.15463	1.15458	1.15459	17.10
2025.11.06	21:41:00	1.15461	1.15461	1.15459	1.15459	1.80
2025.11.06	21:42:00	1.15460	1.15462	1.15449	1.15449	19.56
2025.11.06	21:43:00	1.15453	1.15473	1.15449	1.15471	39.99
2025.11.06	21:44:00	1.15471	1.15471	1.15467	1.15471	13.77
2025.11.06	21:45:00	1.15472	1.15477	1.15472	1.15476	7.38
2025.11.06	21:46:00	1.15475	1.15478	1.15475	1.15477	5.58
2025.11.06	21:47:00	1.15477	1.15478	1.15475	1.15477	11.28
2025.11.06	21:48:00	1.15478	1.15482	1.15477	1.15479	12.45
2025.11.06	21:49:00	1.15480	1.15482	1.15480	1.15481	5.22
2025.11.06	21:50:00	1.15486	1.15488	1.15482	1.15484	58.41
2025.11.06	21:51:00	1.15484	1.15486	1.15482	1.15484	253.08
2025.11.06	21:52:00	1.15484	1.15488	1.15483	1.15485	60.33
2025.11.06	21:53:00	1.15484	1.15487	1.15481	1.15482	14.85
2025.11.06	21:54:00	1.15481	1.15481	1.15476	1.15476	4.50
2025.11.06	21:55:00	1.15478	1.15481	1.15472	1.15472	17.10
2025.11.06	21:56:00	1.15471	1.15475	1.15470	1.15474	6.30
2025.11.06	21:57:00	1.15473	1.15480	1.15471	1.15475	45.81
2025.11.06	21:58:00	1.15476	1.15476	1.15467	1.15468	88.92
2025.11.06	21:59:00	1.15467	1.15470	1.15464	1.15466	186.30
2025.11.06	22:00:00	1.15463	1.15463	1.15459	1.15459	10.23
2025.11.06	22:01:00	1.15459	1.15459	1.15443	1.15443	1.24
2025.11.06	22:02:00	1.15443	1.15443	1.15438	1.15438	2.63
2025.11.06	22:03:00	1.15438	1.15438	1.15438	1.15438	1.34
2025.11.06	22:04:00	1.15438	1.15438	1.15416	1.15416	1.34
2025.11.06	22:05:00	1.15416	1.15433	1.15416	1.15433	22.96
2025.11.06	22:06:00	1.15459	1.15459	1.15428	1.15428	8.27
2025.11.06	22:07:00	1.15428	1.15428	1.15428	1.15428	3.35
2025.11.06	22:08:00	1.15428	1.15428	1.15428	1.15428	5.35
2025.11.06	22:09:00	1.15428	1.15428	1.15428	1.15428	1.34
2025.11.06	22:10:00	1.15427	1.15427	1.15421	1.15421	2.01
2025.11.06	22:11:00	1.15421	1.15434	1.15421	1.15432	41.46
2025.11.06	22:12:00	1.15425	1.15425	1.15421	1.15422	19.17
2025.11.06	22:13:00	1.15422	1.15424	1.15422	1.15422	82.04
2025.11.06	22:14:00	1.15427	1.15427	1.15422	1.15423	36.85
2025.11.06	22:15:00	1.15422	1.15424	1.15422	1.15424	26.18
2025.11.06	22:16:00	1.15423	1.15429	1.15423	1.15429	15.41
2025.11.06	22:17:00	1.15429	1.15429	1.15429	1.15429	0.93
2025.11.06	22:18:00	1.15427	1.15429	1.15425	1.15428	20.76
2025.11.06	22:19:00	1.15429	1.15433	1.15427	1.15431	7.82
2025.11.06	22:20:00	1.15433	1.15433	1.15428	1.15428	7.57
2025.11.06	22:21:00	1.15432	1.15454	1.15430	1.15444	465.75
2025.11.06	22:22:00	1.15443	1.15453	1.15428	1.15430	84.77
2025.11.06	22:23:00	1.15429	1.15442	1.15429	1.15439	27.00
2025.11.06	22:24:00	1.15439	1.15443	1.15432	1.15435	178.83
2025.11.06	22:25:00	1.15438	1.15442	1.15432	1.15436	398.43
2025.11.06	22:26:00	1.15432	1.15435	1.15432	1.15435	79.20
2025.11.06	22:27:00	1.15432	1.15439	1.15432	1.15433	63.54
2025.11.06	22:28:00	1.15433	1.15450	1.15432	1.15440	75.96
2025.11.06	22:29:00	1.15439	1.15442	1.15428	1.15436	46.66
2025.11.06	22:30:00	1.15431	1.15437	1.15428	1.15430	32.01
2025.11.06	22:31:00	1.15429	1.15432	1.15429	1.15429	8.86
2025.11.06	22:32:00	1.15428	1.15449	1.15428	1.15449	13.27
2025.11.06	22:33:00	1.15450	1.15451	1.15428	1.15449	25.68
2025.11.06	22:34:00	1.15449	1.15451	1.15428	1.15429	63.03
2025.11.06	22:35:00	1.15430	1.15440	1.15430	1.15440	5.40
2025.11.06	22:36:00	1.15440	1.15441	1.15439	1.15439	5.40
2025.11.06	22:37:00	1.15440	1.15450	1.15439	1.15441	146.13
2025.11.06	22:38:00	1.15441	1.15466	1.15438	1.15439	226.43
2025.11.06	22:39:00	1.15443	1.15446	1.15442	1.15445	87.30
2025.11.06	22:40:00	1.15446	1.15458	1.15440	1.15458	61.33
2025.11.06	22:41:00	1.15455	1.15466	1.15448	1.15462	833.45
2025.11.06	22:42:00	1.15460	1.15469	1.15448	1.15459	969.38
2025.11.06	22:43:00	1.15462	1.15468	1.15448	1.15463	735.65
2025.11.06	22:44:00	1.15464	1.15466	1.15458	1.15458	226.43
2025.11.06	22:45:00	1.15459	1.15466	1.15458	1.15465	157.55
2025.11.06	22:46:00	1.15466	1.15467	1.15465	1.15466	43.20
2025.11.06	22:47:00	1.15465	1.15469	1.15465	1.15469	42.30
2025.11.06	22:48:00	1.15468	1.15470	1.15467	1.15467	51.34
2025.11.06	22:49:00	1.15469	1.15469	1.15465	1.15466	9.00
2025.11.06	22:50:00	1.15465	1.15473	1.15465	1.15471	111.48
2025.11.06	22:51:00	1.15473	1.15477	1.15465	1.15471	46.02
2025.11.06	22:52:00	1.15466	1.15475	1.15465	1.15467	285.24
2025.11.06	22:53:00	1.15468	1.15480	1.15464	1.15467	125.72
2025.11.06	22:54:00	1.15468	1.15479	1.15465	1.15466	224.50
2025.11.06	22:55:00	1.15467	1.15476	1.15459	1.15460	66.94
2025.11.06	22:56:00	1.15460	1.15474	1.15460	1.15473	241.23
2025.11.06	22:57:00	1.15473	1.15474	1.15417	1.15422	175.98
2025.11.06	22:58:00	1.15426	1.15467	1.15419	1.15436	758.25
2025.11.06	22:59:00	1.15437	1.15467	1.15428	1.15429	1051.29
2025.11.06	23:00:00	1.15434	1.15492	1.15434	1.15481	231.74
2025.11.06	23:01:00	1.15486	1.15486	1.15469	1.15476	62.10
2025.11.06	23:02:00	1.15479	1.15482	1.15476	1.15482	12.15
2025.11.06	23:03:00	1.15481	1.15484	1.15481	1.15484	4.50
2025.11.06	23:05:00	1.15489	1.15489	1.15481	1.15485	11.02
2025.11.06	23:06:00	1.15484	1.15484	1.15484	1.15484	0.90
2025.11.06	23:07:00	1.15481	1.15484	1.15480	1.15484	10.80
2025.11.06	23:08:00	1.15488	1.15488	1.15482	1.15482	2.70
2025.11.06	23:09:00	1.15483	1.15483	1.15483	1.15483	0.90
2025.11.06	23:10:00	1.15485	1.15489	1.15485	1.15489	4.50
2025.11.06	23:11:00	1.15487	1.15487	1.15483	1.15485	5.47
2025.11.06	23:12:00	1.15483	1.15484	1.15483	1.15484	2.70
2025.11.06	23:13:00	1.15482	1.15482	1.15476	1.15476	6.96
2025.11.06	23:14:00	1.15477	1.15480	1.15477	1.15478	3.74
2025.11.06	23:15:00	1.15479	1.15479	1.15479	1.15479	0.90
2025.11.06	23:16:00	1.15480	1.15481	1.15478	1.15478	4.50
2025.11.06	23:17:00	1.15477	1.15479	1.15477	1.15479	3.34
2025.11.06	23:18:00	1.15480	1.15487	1.15480	1.15485	8.64
2025.11.06	23:19:00	1.15488	1.15504	1.15488	1.15503	10.89
2025.11.06	23:20:00	1.15505	1.15509	1.15502	1.15508	12.60
2025.11.06	23:21:00	1.15510	1.15514	1.15505	1.15509	20.02
2025.11.06	23:22:00	1.15505	1.15507	1.15497	1.15497	12.82
2025.11.06	23:23:00	1.15500	1.15503	1.15500	1.15503	7.20
2025.11.06	23:24:00	1.15505	1.15509	1.15505	1.15508	4.50
2025.11.06	23:25:00	1.15505	1.15508	1.15505	1.15508	3.60
2025.11.06	23:26:00	1.15510	1.15514	1.15509	1.15514	6.30
2025.11.06	23:27:00	1.15505	1.15509	1.15501	1.15501	15.30
2025.11.06	23:28:00	1.15503	1.15508	1.15502	1.15504	5.85
2025.11.06	23:29:00	1.15504	1.15504	1.15502	1.15502	4.50
2025.11.06	23:30:00	1.15501	1.15501	1.15499	1.15499	8.10
2025.11.06	23:31:00	1.15499	1.15499	1.15499	1.15499	0.90
2025.11.06	23:32:00	1.15498	1.15498	1.15489	1.15489	15.74
2025.11.06	23:33:00	1.15486	1.15487	1.15481	1.15483	15.13
2025.11.06	23:34:00	1.15484	1.15487	1.15484	1.15487	27.00
2025.11.06	23:35:00	1.15485	1.15485	1.15476	1.15476	10.57
2025.11.06	23:36:00	1.15478	1.15482	1.15477	1.15477	13.57
2025.11.06	23:37:00	1.15480	1.15483	1.15478	1.15480	15.07
2025.11.06	23:38:00	1.15479	1.15488	1.15478	1.15485	14.80
2025.11.06	23:39:00	1.15484	1.15496	1.15482	1.15495	9.78
2025.11.06	23:40:00	1.15494	1.15494	1.15491	1.15494	4.71
2025.11.06	23:41:00	1.15493	1.15493	1.15490	1.15490	2.70
2025.11.06	23:42:00	1.15489	1.15508	1.15489	1.15498	24.72
2025.11.06	23:43:00	1.15500	1.15503	1.15494	1.15495	16.71
2025.11.06	23:44:00	1.15495	1.15495	1.15494	1.15494	2.32
2025.11.06	23:45:00	1.15497	1.15498	1.15497	1.15498	6.30
2025.11.06	23:46:00	1.15503	1.15503	1.15498	1.15498	7.20
2025.11.06	23:47:00	1.15499	1.15499	1.15499	1.15499	0.90
2025.11.06	23:48:00	1.15498	1.15498	1.15493	1.15493	10.87
2025.11.06	23:49:00	1.15495	1.15495	1.15495	1.15495	0.90
2025.11.06	23:50:00	1.15493	1.15493	1.15493	1.15493	1.51
2025.11.06	23:51:00	1.15493	1.15494	1.15490	1.15494	7.55
2025.11.06	23:52:00	1.15493	1.15493	1.15493	1.15493	2.32
2025.11.06	23:53:00	1.15492	1.15492	1.15479	1.15483	12.88
2025.11.06	23:54:00	1.15483	1.15483	1.15480	1.15480	1.80
2025.11.06	23:55:00	1.15479	1.15479	1.15479	1.15479	1.87
2025.11.06	23:56:00	1.15482	1.15482	1.15480	1.15480	4.59
2025.11.06	23:57:00	1.15483	1.15483	1.15474	1.15474	12.33
2025.11.06	23:58:00	1.15475	1.15480	1.15474	1.15478	15.93
2025.11.06	23:59:00	1.15480	1.15485	1.15480	1.15485	6.57
2025.11.07	00:00:00	1.15485	1.15489	1.15470	1.15475	92.94
2025.11.07	00:01:00	1.15476	1.15480	1.15475	1.15477	62.40
2025.11.07	00:02:00	1.15478	1.15478	1.15458	1.15468	65.04
2025.11.07	00:03:00	1.15469	1.15471	1.15464	1.15464	15.37
2025.11.07	00:04:00	1.15465	1.15480	1.15465	1.15475	42.67
2025.11.07	00:05:00	1.15477	1.15479	1.15462	1.15462	22.82
2025.11.07	00:06:00	1.15460	1.15462	1.15453	1.15454	87.03
2025.11.07	00:07:00	1.15454	1.15457	1.15452	1.15453	33.36
2025.11.07	00:08:00	1.15450	1.15450	1.15444	1.15447	33.06
2025.11.07	00:09:00	1.15451	1.15452	1.15447	1.15448	24.06
2025.11.07	00:10:00	1.15447	1.15448	1.15444	1.15447	29.46
2025.11.07	00:11:00	1.15449	1.15456	1.15447	1.15455	33.72
2025.11.07	00:12:00	1.15454	1.15459	1.15452	1.15453	31.33
2025.11.07	00:13:00	1.15452	1.15455	1.15451	1.15454	54.58
2025.11.07	00:14:00	1.15452	1.15453	1.15447	1.15448	53.43
2025.11.07	00:15:00	1.15449	1.15449	1.15444	1.15447	10.56
2025.11.07	00:16:00	1.15445	1.15448	1.15445	1.15448	4.12
2025.11.07	00:17:00	1.15447	1.15449	1.15444	1.15444	15.82
2025.11.07	00:18:00	1.15442	1.15444	1.15442	1.15444	10.35
2025.11.07	00:19:00	1.15443	1.15443	1.15428	1.15428	11.48
2025.11.07	00:20:00	1.15428	1.15434	1.15427	1.15427	25.27
2025.11.07	00:21:00	1.15429	1.15431	1.15427	1.15430	47.53
2025.11.07	00:22:00	1.15433	1.15433	1.15414	1.15415	45.36
2025.11.07	00:23:00	1.15415	1.15416	1.15410	1.15412	32.49
2025.11.07	00:24:00	1.15410	1.15415	1.15409	1.15414	7.20
2025.11.07	00:25:00	1.15415	1.15418	1.15413	1.15413	13.63
2025.11.07	00:26:00	1.15413	1.15413	1.15405	1.15405	11.32
2025.11.07	00:27:00	1.15406	1.15406	1.15399	1.15399	30.36
2025.11.07	00:28:00	1.15397	1.15398	1.15389	1.15395	152.67
2025.11.07	00:29:00	1.15394	1.15399	1.15392	1.15396	72.83
2025.11.07	00:30:00	1.15398	1.15398	1.15391	1.15397	56.75
2025.11.07	00:31:00	1.15398	1.15409	1.15397	1.15397	63.55
2025.11.07	00:32:00	1.15397	1.15400	1.15394	1.15398	18.50
2025.11.07	00:33:00	1.15398	1.15398	1.15392	1.15392	33.44
2025.11.07	00:34:00	1.15394	1.15397	1.15393	1.15394	36.97
2025.11.07	00:35:00	1.15397	1.15397	1.15385	1.15387	70.38
2025.11.07	00:36:00	1.15389	1.15390	1.15381	1.15388	48.68
2025.11.07	00:37:00	1.15390	1.15394	1.15389	1.15393	13.12
2025.11.07	00:38:00	1.15395	1.15396	1.15387	1.15393	23.30
2025.11.07	00:39:00	1.15394	1.15394	1.15392	1.15392	5.02
2025.11.07	00:40:00	1.15391	1.15400	1.15385	1.15400	77.68
2025.11.07	00:41:00	1.15399	1.15403	1.15399	1.15403	25.17
2025.11.07	00:42:00	1.15404	1.15408	1.15398	1.15408	34.86
2025.11.07	00:43:00	1.15408	1.15411	1.15407	1.15410	16.81
2025.11.07	00:44:00	1.15411	1.15411	1.15406	1.15406	23.18
2025.11.07	00:45:00	1.15407	1.15407	1.15392	1.15393	40.57
2025.11.07	00:46:00	1.15393	1.15395	1.15389	1.15389	13.05
2025.11.07	00:47:00	1.15391	1.15394	1.15385	1.15388	50.61
2025.11.07	00:48:00	1.15388	1.15392	1.15385	1.15389	44.62
2025.11.07	00:49:00	1.15389	1.15389	1.15384	1.15387	60.44
2025.11.07	00:50:00	1.15387	1.15395	1.15386	1.15395	32.58
2025.11.07	00:51:00	1.15394	1.15394	1.15388	1.15388	12.74
2025.11.07	00:52:00	1.15386	1.15386	1.15381	1.15383	19.18
2025.11.07	00:53:00	1.15384	1.15388	1.15376	1.15377	74.43
2025.11.07	00:54:00	1.15379	1.15384	1.15377	1.15383	88.64
2025.11.07	00:55:00	1.15384	1.15389	1.15378	1.15387	96.86
2025.11.07	00:56:00	1.15390	1.15398	1.15388	1.15396	21.56
2025.11.07	00:57:00	1.15394	1.15396	1.15387	1.15388	30.32
2025.11.07	00:58:00	1.15389	1.15398	1.15387	1.15398	19.13
2025.11.07	00:59:00	1.15398	1.15399	1.15393	1.15394	83.30
2025.11.07	01:00:00	1.15395	1.15395	1.15379	1.15389	83.11
2025.11.07	01:01:00	1.15390	1.15397	1.15380	1.15380	47.94
2025.11.07	01:02:00	1.15378	1.15389	1.15378	1.15382	91.82
2025.11.07	01:03:00	1.15381	1.15382	1.15378	1.15378	22.63
2025.11.07	01:04:00	1.15377	1.15391	1.15377	1.15391	32.33
2025.11.07	01:05:00	1.15390	1.15399	1.15387	1.15398	47.86
2025.11.07	01:06:00	1.15397	1.15399	1.15396	1.15398	72.96
2025.11.07	01:07:00	1.15399	1.15403	1.15395	1.15397	50.40
2025.11.07	01:08:00	1.15397	1.15399	1.15391	1.15399	45.99
2025.11.07	01:09:00	1.15399	1.15400	1.15392	1.15393	21.96
2025.11.07	01:10:00	1.15392	1.15405	1.15392	1.15395	110.00
2025.11.07	01:11:00	1.15394	1.15398	1.15388	1.15389	128.39
2025.11.07	01:12:00	1.15389	1.15389	1.15377	1.15381	97.84
2025.11.07	01:13:00	1.15380	1.15385	1.15369	1.15383	76.99
2025.11.07	01:14:00	1.15386	1.15388	1.15380	1.15386	125.28
2025.11.07	01:15:00	1.15388	1.15397	1.15384	1.15393	98.23
2025.11.07	01:16:00	1.15392	1.15396	1.15391	1.15392	110.99
2025.11.07	01:17:00	1.15394	1.15395	1.15387	1.15388	62.05
2025.11.07	01:18:00	1.15390	1.15391	1.15376	1.15378	125.13
2025.11.07	01:19:00	1.15380	1.15393	1.15380	1.15393	60.14
2025.11.07	01:20:00	1.15395	1.15410	1.15393	1.15404	162.89
2025.11.07	01:21:00	1.15403	1.15407	1.15402	1.15405	17.55
2025.11.07	01:22:00	1.15403	1.15410	1.15403	1.15406	29.77
2025.11.07	01:23:00	1.15403	1.15408	1.15402	1.15404	15.30
2025.11.07	01:24:00	1.15405	1.15405	1.15396	1.15397	34.56
2025.11.07	01:25:00	1.15396	1.15396	1.15383	1.15389	29.61
2025.11.07	01:26:00	1.15389	1.15395	1.15388	1.15392	23.47
2025.11.07	01:27:00	1.15392	1.15395	1.15391	1.15393	15.30
2025.11.07	01:28:00	1.15394	1.15398	1.15394	1.15397	29.69
2025.11.07	01:29:00	1.15398	1.15399	1.15393	1.15398	31.05
2025.11.07	01:30:00	1.15395	1.15404	1.15395	1.15399	44.30
2025.11.07	01:31:00	1.15396	1.15399	1.15395	1.15399	11.70
2025.11.07	01:32:00	1.15401	1.15404	1.15398	1.15400	31.19
2025.11.07	01:33:00	1.15398	1.15398	1.15394	1.15395	15.44
2025.11.07	01:34:00	1.15394	1.15407	1.15393	1.15403	72.68
2025.11.07	01:35:00	1.15403	1.15403	1.15386	1.15386	74.16
2025.11.07	01:36:00	1.15386	1.15388	1.15382	1.15384	37.84
2025.11.07	01:37:00	1.15385	1.15398	1.15385	1.15388	43.22
2025.11.07	01:38:00	1.15388	1.15396	1.15388	1.15393	40.21
2025.11.07	01:39:00	1.15390	1.15407	1.15388	1.15398	30.33
2025.11.07	01:40:00	1.15400	1.15403	1.15397	1.15401	26.52
2025.11.07	01:41:00	1.15401	1.15401	1.15399	1.15399	2.70
2025.11.07	01:42:00	1.15394	1.15394	1.15393	1.15394	7.56
2025.11.07	01:43:00	1.15394	1.15394	1.15387	1.15391	22.26
2025.11.07	01:44:00	1.15389	1.15389	1.15386	1.15387	15.44
2025.11.07	01:45:00	1.15388	1.15389	1.15380	1.15381	60.16
2025.11.07	01:46:00	1.15382	1.15382	1.15365	1.15372	51.61
2025.11.07	01:47:00	1.15373	1.15373	1.15367	1.15369	38.88
2025.11.07	01:48:00	1.15368	1.15368	1.15364	1.15365	20.74
2025.11.07	01:49:00	1.15364	1.15368	1.15360	1.15367	20.89
2025.11.07	01:50:00	1.15363	1.15370	1.15362	1.15363	18.81
2025.11.07	01:51:00	1.15363	1.15369	1.15363	1.15369	16.34
2025.11.07	01:52:00	1.15368	1.15371	1.15368	1.15369	9.90
2025.11.07	01:53:00	1.15371	1.15372	1.15368	1.15369	9.14
2025.11.07	01:54:00	1.15368	1.15373	1.15366	1.15371	43.21
2025.11.07	01:55:00	1.15372	1.15384	1.15372	1.15378	60.08
2025.11.07	01:56:00	1.15379	1.15381	1.15367	1.15377	56.02
2025.11.07	01:57:00	1.15377	1.15382	1.15373	1.15381	90.84
2025.11.07	01:58:00	1.15381	1.15382	1.15370	1.15372	101.86
2025.11.07	01:59:00	1.15372	1.15380	1.15370	1.15377	103.04
2025.11.07	02:00:00	1.15378	1.15398	1.15378	1.15393	86.26
2025.11.07	02:01:00	1.15392	1.15394	1.15386	1.15388	51.18
2025.11.07	02:02:00	1.15387	1.15397	1.15381	1.15397	94.07
2025.11.07	02:03:00	1.15398	1.15404	1.15396	1.15398	54.32
2025.11.07	02:04:00	1.15397	1.15399	1.15394	1.15398	56.62
2025.11.07	02:05:00	1.15398	1.15403	1.15398	1.15402	49.08
2025.11.07	02:06:00	1.15402	1.15402	1.15397	1.15402	68.57
2025.11.07	02:07:00	1.15402	1.15410	1.15402	1.15410	73.94
2025.11.07	02:08:00	1.15410	1.15416	1.15408	1.15416	75.00
2025.11.07	02:09:00	1.15417	1.15425	1.15416	1.15423	57.52
2025.11.07	02:10:00	1.15422	1.15422	1.15417	1.15418	39.98
2025.11.07	02:11:00	1.15417	1.15427	1.15415	1.15426	65.12
2025.11.07	02:12:00	1.15427	1.15428	1.15421	1.15425	68.72
2025.11.07	02:13:00	1.15423	1.15423	1.15411	1.15412	58.57
2025.11.07	02:14:00	1.15413	1.15413	1.15408	1.15408	36.45
2025.11.07	02:15:00	1.15406	1.15411	1.15406	1.15409	36.40
2025.11.07	02:16:00	1.15407	1.15407	1.15401	1.15403	38.88
2025.11.07	02:17:00	1.15404	1.15404	1.15401	1.15403	20.07
2025.11.07	02:18:00	1.15402	1.15405	1.15399	1.15400	64.89
2025.11.07	02:19:00	1.15401	1.15402	1.15394	1.15400	69.43
2025.11.07	02:20:00	1.15401	1.15403	1.15396	1.15402	58.09
2025.11.07	02:21:00	1.15401	1.15409	1.15401	1.15407	25.29
2025.11.07	02:22:00	1.15405	1.15406	1.15402	1.15403	73.29
2025.11.07	02:23:00	1.15402	1.15418	1.15402	1.15415	83.18
2025.11.07	02:24:00	1.15415	1.15415	1.15405	1.15409	83.60
2025.11.07	02:25:00	1.15410	1.15412	1.15401	1.15401	85.44
2025.11.07	02:26:00	1.15403	1.15403	1.15401	1.15402	67.59
2025.11.07	02:27:00	1.15403	1.15403	1.15401	1.15403	45.27
2025.11.07	02:28:00	1.15403	1.15407	1.15402	1.15403	53.90
2025.11.07	02:29:00	1.15403	1.15409	1.15402	1.15402	59.85
2025.11.07	02:30:00	1.15402	1.15411	1.15398	1.15409	68.94
2025.11.07	02:31:00	1.15408	1.15409	1.15406	1.15407	59.67
2025.11.07	02:32:00	1.15406	1.15406	1.15401	1.15402	41.29
2025.11.07	02:33:00	1.15403	1.15403	1.15397	1.15398	36.16
2025.11.07	02:34:00	1.15398	1.15400	1.15398	1.15398	17.37
2025.11.07	02:35:00	1.15398	1.15411	1.15397	1.15407	50.94
2025.11.07	02:36:00	1.15408	1.15417	1.15407	1.15416	35.28
2025.11.07	02:37:00	1.15418	1.15418	1.15412	1.15413	67.66
2025.11.07	02:38:00	1.15413	1.15413	1.15402	1.15406	61.47
2025.11.07	02:39:00	1.15405	1.15410	1.15405	1.15408	33.07
2025.11.07	02:40:00	1.15406	1.15409	1.15404	1.15406	42.30
2025.11.07	02:41:00	1.15407	1.15411	1.15406	1.15408	33.70
2025.11.07	02:42:00	1.15408	1.15409	1.15405	1.15409	44.04
2025.11.07	02:43:00	1.15407	1.15407	1.15404	1.15407	29.61
2025.11.07	02:44:00	1.15406	1.15412	1.15397	1.15397	42.93
2025.11.07	02:45:00	1.15403	1.15404	1.15397	1.15399	87.57
2025.11.07	02:46:00	1.15397	1.15397	1.15392	1.15393	74.47
2025.11.07	02:47:00	1.15395	1.15403	1.15393	1.15403	25.20
2025.11.07	02:48:00	1.15402	1.15402	1.15390	1.15390	44.84
2025.11.07	02:49:00	1.15392	1.15393	1.15389	1.15392	67.00
2025.11.07	02:50:00	1.15393	1.15394	1.15388	1.15394	58.88
2025.11.07	02:51:00	1.15394	1.15399	1.15394	1.15399	19.62
2025.11.07	02:52:00	1.15399	1.15399	1.15394	1.15395	16.65
2025.11.07	02:53:00	1.15394	1.15395	1.15392	1.15393	53.14
2025.11.07	02:54:00	1.15393	1.15398	1.15391	1.15394	103.18
2025.11.07	02:55:00	1.15394	1.15398	1.15392	1.15398	57.69
2025.11.07	02:56:00	1.15397	1.15398	1.15394	1.15394	18.90
2025.11.07	02:57:00	1.15394	1.15397	1.15391	1.15395	32.16
2025.11.07	02:58:00	1.15394	1.15396	1.15392	1.15396	41.52
2025.11.07	02:59:00	1.15397	1.15400	1.15393	1.15398	41.95
2025.11.07	03:00:00	1.15398	1.15408	1.15397	1.15407	121.82
2025.11.07	03:01:00	1.15406	1.15407	1.15402	1.15402	55.48
2025.11.07	03:02:00	1.15402	1.15402	1.15400	1.15401	4.62
2025.11.07	03:03:00	1.15400	1.15400	1.15392	1.15394	40.11
2025.11.07	03:04:00	1.15392	1.15393	1.15384	1.15386	37.18
2025.11.07	03:05:00	1.15387	1.15390	1.15380	1.15380	79.06
2025.11.07	03:06:00	1.15382	1.15382	1.15367	1.15367	63.76
2025.11.07	03:07:00	1.15368	1.15368	1.15358	1.15359	70.78
2025.11.07	03:08:00	1.15358	1.15367	1.15353	1.15366	68.78
2025.11.07	03:09:00	1.15367	1.15369	1.15366	1.15367	71.64
2025.11.07	03:10:00	1.15367	1.15371	1.15365	1.15365	73.34
2025.11.07	03:11:00	1.15366	1.15374	1.15361	1.15370	64.87
2025.11.07	03:12:00	1.15370	1.15371	1.15366	1.15368	43.71
2025.11.07	03:13:00	1.15369	1.15371	1.15365	1.15365	45.63
2025.11.07	03:14:00	1.15366	1.15366	1.15358	1.15361	42.23
2025.11.07	03:15:00	1.15361	1.15361	1.15357	1.15358	14.47
2025.11.07	03:16:00	1.15358	1.15361	1.15355	1.15356	57.21
2025.11.07	03:17:00	1.15359	1.15359	1.15347	1.15348	101.39
2025.11.07	03:18:00	1.15349	1.15356	1.15349	1.15351	32.37
2025.11.07	03:19:00	1.15353	1.15353	1.15349	1.15350	44.38
2025.11.07	03:20:00	1.15352	1.15353	1.15349	1.15353	20.91
2025.11.07	03:21:00	1.15355	1.15355	1.15350	1.15353	47.16
2025.11.07	03:22:00	1.15351	1.15361	1.15351	1.15360	36.12
2025.11.07	03:23:00	1.15360	1.15364	1.15356	1.15356	71.75
2025.11.07	03:24:00	1.15355	1.15355	1.15350	1.15351	17.84
2025.11.07	03:25:00	1.15351	1.15355	1.15351	1.15353	10.80
2025.11.07	03:26:00	1.15353	1.15355	1.15350	1.15353	23.56
2025.11.07	03:27:00	1.15353	1.15357	1.15353	1.15357	21.85
2025.11.07	03:28:00	1.15356	1.15358	1.15355	1.15357	76.22
2025.11.07	03:29:00	1.15356	1.15357	1.15355	1.15356	42.03
2025.11.07	03:30:00	1.15355	1.15356	1.15350	1.15356	39.14
2025.11.07	03:31:00	1.15358	1.15360	1.15355	1.15358	23.94
2025.11.07	03:32:00	1.15359	1.15360	1.15356	1.15360	12.06
2025.11.07	03:33:00	1.15358	1.15363	1.15357	1.15360	11.46
2025.11.07	03:34:00	1.15359	1.15362	1.15356	1.15362	19.04
2025.11.07	03:35:00	1.15362	1.15362	1.15359	1.15359	4.50
2025.11.07	03:36:00	1.15359	1.15363	1.15358	1.15363	14.40
2025.11.07	03:37:00	1.15363	1.15364	1.15363	1.15363	6.30
2025.11.07	03:38:00	1.15363	1.15365	1.15359	1.15359	14.40
2025.11.07	03:39:00	1.15358	1.15360	1.15354	1.15359	15.82
2025.11.07	03:40:00	1.15360	1.15360	1.15360	1.15360	1.80
2025.11.07	03:41:00	1.15360	1.15363	1.15360	1.15362	9.90
2025.11.07	03:42:00	1.15360	1.15366	1.15358	1.15362	27.97
2025.11.07	03:43:00	1.15360	1.15369	1.15360	1.15364	24.37
2025.11.07	03:44:00	1.15365	1.15368	1.15363	1.15363	22.50
2025.11.07	03:45:00	1.15362	1.15370	1.15362	1.15368	12.60
2025.11.07	03:46:00	1.15370	1.15370	1.15363	1.15364	9.14
2025.11.07	03:47:00	1.15363	1.15365	1.15359	1.15359	13.12
2025.11.07	03:48:00	1.15359	1.15359	1.15356	1.15357	9.90
2025.11.07	03:49:00	1.15358	1.15359	1.15355	1.15357	35.55
2025.11.07	03:50:00	1.15358	1.15368	1.15356	1.15368	15.30
2025.11.07	03:51:00	1.15369	1.15370	1.15367	1.15368	12.60
2025.11.07	03:52:00	1.15369	1.15372	1.15365	1.15370	64.94
2025.11.07	03:53:00	1.15368	1.15368	1.15366	1.15368	6.30
2025.11.07	03:54:00	1.15369	1.15369	1.15369	1.15369	0.90
2025.11.07	03:55:00	1.15366	1.15370	1.15366	1.15368	14.85
2025.11.07	03:56:00	1.15367	1.15369	1.15365	1.15366	26.60
2025.11.07	03:57:00	1.15367	1.15376	1.15365	1.15376	15.75
2025.11.07	03:58:00	1.15377	1.15377	1.15372	1.15377	36.14
2025.11.07	03:59:00	1.15377	1.15377	1.15377	1.15377	0.90
2025.11.07	04:00:00	1.15378	1.15378	1.15365	1.15365	19.87
2025.11.07	04:01:00	1.15366	1.15368	1.15364	1.15367	10.56
2025.11.07	04:02:00	1.15366	1.15369	1.15366	1.15367	15.14
2025.11.07	04:03:00	1.15368	1.15368	1.15362	1.15362	37.26
2025.11.07	04:04:00	1.15363	1.15368	1.15362	1.15366	51.75
2025.11.07	04:05:00	1.15367	1.15367	1.15366	1.15366	15.30
2025.11.07	04:06:00	1.15366	1.15368	1.15366	1.15368	13.57
2025.11.07	04:07:00	1.15370	1.15370	1.15367	1.15367	11.70
2025.11.07	04:08:00	1.15369	1.15369	1.15365	1.15367	12.60
2025.11.07	04:09:00	1.15366	1.15368	1.15363	1.15365	7.94
2025.11.07	04:10:00	1.15365	1.15366	1.15364	1.15365	9.52
2025.11.07	04:11:00	1.15363	1.15365	1.15357	1.15357	31.66
2025.11.07	04:12:00	1.15359	1.15362	1.15358	1.15359	35.17
2025.11.07	04:13:00	1.15358	1.15360	1.15358	1.15360	14.40
2025.11.07	04:14:00	1.15358	1.15360	1.15357	1.15358	5.40
2025.11.07	04:15:00	1.15358	1.15358	1.15348	1.15351	45.71
2025.11.07	04:16:00	1.15350	1.15350	1.15347	1.15349	41.04
2025.11.07	04:17:00	1.15349	1.15356	1.15348	1.15352	120.93
2025.11.07	04:18:00	1.15354	1.15355	1.15349	1.15354	63.66
2025.11.07	04:19:00	1.15356	1.15364	1.15355	1.15360	39.71
2025.11.07	04:20:00	1.15361	1.15363	1.15344	1.15345	50.37
2025.11.07	04:21:00	1.15345	1.15349	1.15330	1.15330	34.04
2025.11.07	04:22:00	1.15330	1.15340	1.15323	1.15334	31.20
2025.11.07	04:23:00	1.15335	1.15339	1.15328	1.15334	27.66
2025.11.07	04:24:00	1.15333	1.15339	1.15333	1.15338	21.22
2025.11.07	04:25:00	1.15338	1.15339	1.15337	1.15337	5.02
2025.11.07	04:26:00	1.15338	1.15340	1.15333	1.15340	22.16
2025.11.07	04:27:00	1.15339	1.15339	1.15332	1.15334	23.71
2025.11.07	04:28:00	1.15334	1.15339	1.15334	1.15338	9.70
2025.11.07	04:29:00	1.15338	1.15344	1.15338	1.15343	30.50
2025.11.07	04:30:00	1.15343	1.15344	1.15339	1.15339	29.67
2025.11.07	04:31:00	1.15338	1.15340	1.15338	1.15339	4.50
2025.11.07	04:32:00	1.15339	1.15341	1.15337	1.15338	8.62
2025.11.07	04:33:00	1.15339	1.15345	1.15337	1.15339	13.57
2025.11.07	04:34:00	1.15340	1.15343	1.15340	1.15343	11.70
2025.11.07	04:35:00	1.15344	1.15349	1.15343	1.15344	8.24
2025.11.07	04:36:00	1.15343	1.15349	1.15343	1.15349	8.10
2025.11.07	04:37:00	1.15350	1.15357	1.15350	1.15353	10.94
2025.11.07	04:38:00	1.15356	1.15360	1.15355	1.15360	10.80
2025.11.07	04:39:00	1.15359	1.15359	1.15353	1.15355	31.70
2025.11.07	04:40:00	1.15354	1.15354	1.15351	1.15351	13.40
2025.11.07	04:41:00	1.15352	1.15355	1.15349	1.15350	18.28
2025.11.07	04:42:00	1.15350	1.15353	1.15347	1.15347	13.33
2025.11.07	04:43:00	1.15348	1.15348	1.15345	1.15348	17.52
2025.11.07	04:44:00	1.15350	1.15351	1.15346	1.15348	17.90
2025.11.07	04:45:00	1.15346	1.15347	1.15344	1.15347	6.82
2025.11.07	04:46:00	1.15349	1.15349	1.15349	1.15349	0.90
2025.11.07	04:47:00	1.15349	1.15352	1.15346	1.15349	38.36
2025.11.07	04:48:00	1.15349	1.15353	1.15348	1.15353	27.04
2025.11.07	04:49:00	1.15351	1.15358	1.15351	1.15357	53.70
2025.11.07	04:50:00	1.15358	1.15358	1.15354	1.15354	10.64
2025.11.07	04:51:00	1.15353	1.15354	1.15352	1.15352	26.90
2025.11.07	04:52:00	1.15353	1.15355	1.15350	1.15352	35.25
2025.11.07	04:53:00	1.15351	1.15354	1.15351	1.15353	22.28
2025.11.07	04:54:00	1.15353	1.15364	1.15353	1.15362	9.64
2025.11.07	04:55:00	1.15361	1.15363	1.15360	1.15361	9.36
2025.11.07	04:56:00	1.15362	1.15363	1.15362	1.15363	1.50
2025.11.07	04:57:00	1.15363	1.15365	1.15363	1.15365	9.01
2025.11.07	04:58:00	1.15364	1.15365	1.15364	1.15365	6.12
2025.11.07	04:59:00	1.15364	1.15364	1.15363	1.15364	11.88
2025.11.07	05:00:00	1.15364	1.15364	1.15358	1.15362	44.19
2025.11.07	05:01:00	1.15364	1.15364	1.15361	1.15361	7.72
2025.11.07	05:02:00	1.15360	1.15365	1.15359	1.15363	27.14
2025.11.07	05:03:00	1.15363	1.15368	1.15363	1.15368	25.65
2025.11.07	05:04:00	1.15367	1.15370	1.15363	1.15363	15.82
2025.11.07	05:05:00	1.15364	1.15364	1.15352	1.15354	29.32
2025.11.07	05:06:00	1.15353	1.15355	1.15350	1.15352	36.00
2025.11.07	05:07:00	1.15350	1.15350	1.15346	1.15349	33.29
2025.11.07	05:08:00	1.15348	1.15349	1.15340	1.15340	89.12
2025.11.07	05:09:00	1.15342	1.15347	1.15341	1.15344	57.99
2025.11.07	05:10:00	1.15344	1.15353	1.15344	1.15353	55.27
2025.11.07	05:11:00	1.15355	1.15356	1.15355	1.15355	7.95
2025.11.07	05:12:00	1.15356	1.15369	1.15355	1.15364	37.12
2025.11.07	05:13:00	1.15364	1.15370	1.15364	1.15368	39.60
2025.11.07	05:14:00	1.15367	1.15371	1.15367	1.15368	20.64
2025.11.07	05:15:00	1.15370	1.15373	1.15367	1.15367	31.91
2025.11.07	05:16:00	1.15368	1.15371	1.15367	1.15369	9.07
2025.11.07	05:17:00	1.15370	1.15374	1.15370	1.15373	15.44
2025.11.07	05:18:00	1.15371	1.15372	1.15369	1.15369	10.04
2025.11.07	05:19:00	1.15369	1.15373	1.15368	1.15368	24.15
2025.11.07	05:20:00	1.15370	1.15371	1.15366	1.15366	16.69
2025.11.07	05:21:00	1.15366	1.15369	1.15366	1.15369	6.30
2025.11.07	05:22:00	1.15368	1.15368	1.15363	1.15364	26.71
2025.11.07	05:23:00	1.15367	1.15368	1.15364	1.15367	21.60
2025.11.07	05:24:00	1.15368	1.15368	1.15363	1.15365	21.60
2025.11.07	05:25:00	1.15365	1.15365	1.15362	1.15363	11.70
2025.11.07	05:26:00	1.15365	1.15367	1.15365	1.15367	3.60
2025.11.07	05:27:00	1.15367	1.15369	1.15367	1.15368	5.92
2025.11.07	05:28:00	1.15370	1.15370	1.15367	1.15367	6.82
2025.11.07	05:29:00	1.15367	1.15371	1.15367	1.15367	12.88
2025.11.07	05:30:00	1.15368	1.15378	1.15368	1.15378	14.02
2025.11.07	05:31:00	1.15379	1.15384	1.15378	1.15382	23.54
2025.11.07	05:32:00	1.15382	1.15383	1.15380	1.15382	23.63
2025.11.07	05:33:00	1.15383	1.15383	1.15373	1.15374	27.45
2025.11.07	05:34:00	1.15373	1.15375	1.15373	1.15373	3.60
2025.11.07	05:35:00	1.15371	1.15371	1.15367	1.15367	18.90
2025.11.07	05:36:00	1.15365	1.15365	1.15364	1.15364	10.42
2025.11.07	05:37:00	1.15363	1.15370	1.15363	1.15368	8.10
2025.11.07	05:38:00	1.15370	1.15373	1.15365	1.15365	8.32
2025.11.07	05:39:00	1.15366	1.15369	1.15363	1.15363	21.60
2025.11.07	05:40:00	1.15361	1.15368	1.15361	1.15364	22.95
2025.11.07	05:41:00	1.15364	1.15366	1.15363	1.15363	6.82
2025.11.07	05:42:00	1.15364	1.15367	1.15364	1.15364	11.25
2025.11.07	05:43:00	1.15365	1.15368	1.15363	1.15368	7.65
2025.11.07	05:44:00	1.15369	1.15369	1.15364	1.15364	19.42
2025.11.07	05:45:00	1.15364	1.15364	1.15361	1.15362	21.22
2025.11.07	05:46:00	1.15362	1.15362	1.15356	1.15357	58.97
2025.11.07	05:47:00	1.15357	1.15357	1.15356	1.15356	9.14
2025.11.07	05:48:00	1.15357	1.15357	1.15356	1.15356	19.46
2025.11.07	05:50:00	1.15356	1.15358	1.15355	1.15357	45.03
2025.11.07	05:51:00	1.15355	1.15359	1.15346	1.15359	85.26
2025.11.07	05:52:00	1.15358	1.15360	1.15358	1.15360	19.94
2025.11.07	05:53:00	1.15360	1.15360	1.15351	1.15351	40.65
2025.11.07	05:54:00	1.15351	1.15356	1.15350	1.15354	30.69
2025.11.07	05:55:00	1.15354	1.15354	1.15346	1.15349	40.82
2025.11.07	05:56:00	1.15348	1.15348	1.15338	1.15338	54.77
2025.11.07	05:57:00	1.15337	1.15337	1.15323	1.15329	95.41
2025.11.07	05:58:00	1.15332	1.15339	1.15329	1.15332	109.42
2025.11.07	05:59:00	1.15333	1.15340	1.15330	1.15339	59.10
2025.11.07	06:00:00	1.15341	1.15344	1.15336	1.15338	51.99
2025.11.07	06:01:00	1.15339	1.15343	1.15338	1.15338	55.86
2025.11.07	06:02:00	1.15340	1.15348	1.15338	1.15345	101.58
2025.11.07	06:03:00	1.15343	1.15345	1.15339	1.15340	45.81
2025.11.07	06:04:00	1.15341	1.15342	1.15338	1.15339	44.04
2025.11.07	06:05:00	1.15338	1.15349	1.15338	1.15349	41.63
2025.11.07	06:06:00	1.15347	1.15352	1.15335	1.15338	36.57
2025.11.07	06:07:00	1.15340	1.15341	1.15339	1.15340	6.06
2025.11.07	06:08:00	1.15339	1.15339	1.15331	1.15333	75.23
2025.11.07	06:09:00	1.15331	1.15339	1.15331	1.15338	44.44
2025.11.07	06:10:00	1.15337	1.15348	1.15337	1.15343	37.27
2025.11.07	06:11:00	1.15344	1.15357	1.15344	1.15353	36.61
2025.11.07	06:12:00	1.15355	1.15357	1.15349	1.15350	21.62
2025.11.07	06:13:00	1.15348	1.15353	1.15348	1.15349	113.29
2025.11.07	06:14:00	1.15349	1.15350	1.15343	1.15345	33.68
2025.11.07	06:15:00	1.15344	1.15347	1.15342	1.15345	45.06
2025.11.07	06:16:00	1.15345	1.15354	1.15344	1.15354	50.06
2025.11.07	06:17:00	1.15353	1.15353	1.15344	1.15344	38.06
2025.11.07	06:18:00	1.15345	1.15347	1.15339	1.15341	21.70
2025.11.07	06:19:00	1.15339	1.15340	1.15330	1.15332	43.74
2025.11.07	06:20:00	1.15332	1.15332	1.15318	1.15318	69.01
2025.11.07	06:21:00	1.15317	1.15321	1.15317	1.15317	59.11
2025.11.07	06:22:00	1.15318	1.15322	1.15312	1.15312	23.92
2025.11.07	06:23:00	1.15313	1.15320	1.15313	1.15320	22.50
2025.11.07	06:24:00	1.15319	1.15321	1.15318	1.15319	9.90
2025.11.07	06:25:00	1.15316	1.15316	1.15310	1.15313	32.24
2025.11.07	06:26:00	1.15312	1.15312	1.15300	1.15300	71.09
2025.11.07	06:27:00	1.15300	1.15306	1.15299	1.15301	52.49
2025.11.07	06:28:00	1.15300	1.15301	1.15294	1.15297	92.74
2025.11.07	06:29:00	1.15299	1.15306	1.15297	1.15306	27.35
2025.11.07	06:30:00	1.15307	1.15332	1.15307	1.15332	56.08
2025.11.07	06:31:00	1.15331	1.15334	1.15325	1.15332	22.48
2025.11.07	06:32:00	1.15330	1.15332	1.15317	1.15318	51.51
2025.11.07	06:33:00	1.15319	1.15320	1.15312	1.15320	64.04
2025.11.07	06:34:00	1.15321	1.15329	1.15318	1.15327	65.00
2025.11.07	06:35:00	1.15328	1.15329	1.15323	1.15329	17.62
2025.11.07	06:36:00	1.15327	1.15330	1.15324	1.15324	28.25
2025.11.07	06:37:00	1.15322	1.15328	1.15321	1.15328	19.42
2025.11.07	06:38:00	1.15327	1.15327	1.15319	1.15322	27.66
2025.11.07	06:39:00	1.15324	1.15331	1.15322	1.15329	9.00
2025.11.07	06:40:00	1.15327	1.15334	1.15325	1.15334	18.00
2025.11.07	06:41:00	1.15334	1.15334	1.15329	1.15332	16.72
2025.11.07	06:42:00	1.15332	1.15338	1.15331	1.15333	35.37
2025.11.07	06:43:00	1.15333	1.15333	1.15331	1.15333	49.72
2025.11.07	06:44:00	1.15332	1.15332	1.15321	1.15321	49.88
2025.11.07	06:45:00	1.15322	1.15331	1.15319	1.15330	32.02
2025.11.07	06:46:00	1.15331	1.15338	1.15330	1.15338	13.50
2025.11.07	06:47:00	1.15339	1.15339	1.15337	1.15337	7.72
2025.11.07	06:48:00	1.15339	1.15344	1.15333	1.15337	28.06
2025.11.07	06:49:00	1.15333	1.15333	1.15318	1.15318	29.82
2025.11.07	06:50:00	1.15316	1.15327	1.15316	1.15321	33.14
2025.11.07	06:51:00	1.15320	1.15324	1.15320	1.15322	43.95
2025.11.07	06:52:00	1.15321	1.15325	1.15321	1.15323	65.75
2025.11.07	06:53:00	1.15324	1.15334	1.15323	1.15326	58.58
2025.11.07	06:54:00	1.15327	1.15330	1.15325	1.15327	20.90
2025.11.07	06:55:00	1.15327	1.15330	1.15325	1.15330	30.74
2025.11.07	06:56:00	1.15328	1.15330	1.15327	1.15328	43.41
2025.11.07	06:57:00	1.15329	1.15335	1.15328	1.15329	34.72
2025.11.07	06:58:00	1.15328	1.15328	1.15312	1.15315	48.04
2025.11.07	06:59:00	1.15314	1.15314	1.15306	1.15306	29.00
2025.11.07	07:00:00	1.15307	1.15320	1.15305	1.15320	127.21
2025.11.07	07:01:00	1.15319	1.15322	1.15318	1.15319	20.32
2025.11.07	07:02:00	1.15316	1.15332	1.15315	1.15331	73.54
2025.11.07	07:03:00	1.15334	1.15334	1.15327	1.15332	70.24
2025.11.07	07:04:00	1.15332	1.15334	1.15329	1.15334	29.25
2025.11.07	07:05:00	1.15331	1.15331	1.15316	1.15316	38.15
2025.11.07	07:06:00	1.15316	1.15324	1.15313	1.15323	50.08
2025.11.07	07:07:00	1.15326	1.15332	1.15309	1.15309	37.23
2025.11.07	07:08:00	1.15311	1.15319	1.15310	1.15319	51.99
2025.11.07	07:09:00	1.15319	1.15334	1.15318	1.15334	51.96
2025.11.07	07:10:00	1.15332	1.15334	1.15322	1.15327	67.39
2025.11.07	07:11:00	1.15327	1.15331	1.15324	1.15327	70.95
2025.11.07	07:12:00	1.15325	1.15327	1.15321	1.15323	44.05
2025.11.07	07:13:00	1.15323	1.15326	1.15316	1.15322	71.36
2025.11.07	07:14:00	1.15322	1.15322	1.15312	1.15321	36.12
2025.11.07	07:15:00	1.15322	1.15334	1.15322	1.15326	49.89
2025.11.07	07:16:00	1.15325	1.15329	1.15318	1.15320	72.59
2025.11.07	07:17:00	1.15320	1.15335	1.15320	1.15332	27.61
2025.11.07	07:18:00	1.15334	1.15341	1.15331	1.15340	49.19
2025.11.07	07:19:00	1.15341	1.15342	1.15336	1.15340	46.18
2025.11.07	07:20:00	1.15339	1.15342	1.15337	1.15340	50.75
2025.11.07	07:21:00	1.15338	1.15353	1.15338	1.15353	36.97
2025.11.07	07:22:00	1.15352	1.15361	1.15351	1.15359	39.50
2025.11.07	07:23:00	1.15364	1.15364	1.15338	1.15349	83.29
2025.11.07	07:24:00	1.15349	1.15356	1.15349	1.15353	45.52
2025.11.07	07:25:00	1.15352	1.15354	1.15346	1.15348	50.19
2025.11.07	07:26:00	1.15348	1.15353	1.15344	1.15344	13.15
2025.11.07	07:27:00	1.15342	1.15353	1.15342	1.15348	60.41
2025.11.07	07:28:00	1.15346	1.15348	1.15339	1.15341	44.05
2025.11.07	07:29:00	1.15341	1.15343	1.15338	1.15342	14.34
2025.11.07	07:30:00	1.15340	1.15346	1.15339	1.15343	18.90
2025.11.07	07:31:00	1.15350	1.15354	1.15343	1.15348	24.21
2025.11.07	07:32:00	1.15349	1.15350	1.15339	1.15340	17.17
2025.11.07	07:33:00	1.15340	1.15341	1.15338	1.15339	20.82
2025.11.07	07:34:00	1.15340	1.15340	1.15337	1.15338	10.80
2025.11.07	07:35:00	1.15333	1.15336	1.15329	1.15331	26.19
2025.11.07	07:36:00	1.15329	1.15329	1.15314	1.15317	26.77
2025.11.07	07:37:00	1.15315	1.15317	1.15309	1.15310	20.38
2025.11.07	07:38:00	1.15309	1.15314	1.15307	1.15313	36.00
2025.11.07	07:39:00	1.15313	1.15320	1.15313	1.15319	20.21
2025.11.07	07:40:00	1.15316	1.15318	1.15309	1.15315	25.31
2025.11.07	07:41:00	1.15314	1.15321	1.15309	1.15321	31.12
2025.11.07	07:42:00	1.15319	1.15326	1.15314	1.15324	36.28
2025.11.07	07:43:00	1.15324	1.15324	1.15310	1.15312	28.34
2025.11.07	07:44:00	1.15313	1.15317	1.15310	1.15315	34.43
2025.11.07	07:45:00	1.15314	1.15323	1.15313	1.15323	16.34
2025.11.07	07:46:00	1.15325	1.15331	1.15323	1.15330	17.31
2025.11.07	07:47:00	1.15329	1.15332	1.15327	1.15330	19.19
2025.11.07	07:48:00	1.15331	1.15332	1.15329	1.15331	13.26
2025.11.07	07:49:00	1.15329	1.15331	1.15318	1.15324	38.74
2025.11.07	07:50:00	1.15321	1.15336	1.15320	1.15336	36.73
2025.11.07	07:51:00	1.15335	1.15335	1.15328	1.15328	41.47
2025.11.07	07:52:00	1.15327	1.15329	1.15321	1.15324	21.82
2025.11.07	07:53:00	1.15323	1.15350	1.15323	1.15347	53.73
2025.11.07	07:54:00	1.15346	1.15349	1.15338	1.15339	48.46
2025.11.07	07:55:00	1.15337	1.15344	1.15329	1.15330	46.11
2025.11.07	07:56:00	1.15328	1.15337	1.15327	1.15329	30.58
2025.11.07	07:57:00	1.15326	1.15331	1.15325	1.15330	30.74
2025.11.07	07:58:00	1.15331	1.15331	1.15326	1.15326	39.20
2025.11.07	07:59:00	1.15326	1.15333	1.15324	1.15325	64.95
2025.11.07	08:00:00	1.15325	1.15339	1.15322	1.15338	98.41
2025.11.07	08:01:00	1.15336	1.15343	1.15329	1.15332	93.81
2025.11.07	08:02:00	1.15331	1.15331	1.15316	1.15316	162.96
2025.11.07	08:03:00	1.15317	1.15333	1.15311	1.15317	142.49
2025.11.07	08:04:00	1.15319	1.15321	1.15299	1.15301	128.65
2025.11.07	08:05:00	1.15301	1.15325	1.15294	1.15323	149.17
2025.11.07	08:06:00	1.15324	1.15329	1.15321	1.15328	70.59
2025.11.07	08:07:00	1.15334	1.15364	1.15334	1.15362	109.63
2025.11.07	08:08:00	1.15361	1.15376	1.15357	1.15375	140.97
2025.11.07	08:09:00	1.15376	1.15384	1.15373	1.15383	94.18
2025.11.07	08:10:00	1.15385	1.15397	1.15384	1.15394	140.11
2025.11.07	08:11:00	1.15392	1.15394	1.15376	1.15376	106.71
2025.11.07	08:12:00	1.15375	1.15383	1.15371	1.15371	88.28
2025.11.07	08:13:00	1.15370	1.15380	1.15370	1.15373	112.79
2025.11.07	08:14:00	1.15373	1.15383	1.15370	1.15382	66.09
2025.11.07	08:15:00	1.15382	1.15382	1.15349	1.15358	63.56
2025.11.07	08:16:00	1.15359	1.15366	1.15347	1.15358	68.82
2025.11.07	08:17:00	1.15359	1.15372	1.15357	1.15370	56.08
2025.11.07	08:18:00	1.15368	1.15376	1.15368	1.15374	47.98
2025.11.07	08:19:00	1.15375	1.15381	1.15373	1.15375	54.82
2025.11.07	08:20:00	1.15375	1.15389	1.15373	1.15386	60.60
2025.11.07	08:21:00	1.15386	1.15392	1.15384	1.15389	49.30
2025.11.07	08:22:00	1.15390	1.15397	1.15388	1.15394	48.15
2025.11.07	08:23:00	1.15396	1.15397	1.15390	1.15397	36.60
2025.11.07	08:24:00	1.15396	1.15401	1.15388	1.15390	57.58
2025.11.07	08:25:00	1.15390	1.15393	1.15386	1.15389	31.09
2025.11.07	08:26:00	1.15387	1.15389	1.15367	1.15371	55.04
2025.11.07	08:27:00	1.15372	1.15379	1.15372	1.15374	45.46
2025.11.07	08:28:00	1.15373	1.15375	1.15362	1.15367	59.74
2025.11.07	08:29:00	1.15367	1.15370	1.15362	1.15370	54.28
2025.11.07	08:30:00	1.15369	1.15369	1.15353	1.15365	53.85
2025.11.07	08:31:00	1.15364	1.15367	1.15348	1.15355	58.46
2025.11.07	08:32:00	1.15353	1.15361	1.15349	1.15353	38.58
2025.11.07	08:33:00	1.15354	1.15362	1.15354	1.15359	18.45
2025.11.07	08:34:00	1.15361	1.15370	1.15356	1.15360	45.41
2025.11.07	08:35:00	1.15358	1.15361	1.15348	1.15355	39.88
2025.11.07	08:36:00	1.15357	1.15364	1.15354	1.15359	37.45
2025.11.07	08:37:00	1.15360	1.15374	1.15359	1.15371	46.29
2025.11.07	08:38:00	1.15371	1.15372	1.15362	1.15365	45.42
2025.11.07	08:39:00	1.15367	1.15368	1.15354	1.15361	43.78
2025.11.07	08:40:00	1.15361	1.15361	1.15345	1.15346	55.63
2025.11.07	08:41:00	1.15346	1.15355	1.15338	1.15341	56.58
2025.11.07	08:42:00	1.15342	1.15342	1.15336	1.15336	47.49
2025.11.07	08:43:00	1.15339	1.15343	1.15335	1.15340	23.54
2025.11.07	08:44:00	1.15340	1.15346	1.15335	1.15335	29.39
2025.11.07	08:45:00	1.15334	1.15346	1.15333	1.15334	47.09
2025.11.07	08:46:00	1.15333	1.15336	1.15325	1.15333	71.28
2025.11.07	08:47:00	1.15335	1.15335	1.15322	1.15332	60.51
2025.11.07	08:48:00	1.15331	1.15334	1.15328	1.15329	55.19
2025.11.07	08:49:00	1.15331	1.15332	1.15323	1.15327	61.37
2025.11.07	08:50:00	1.15326	1.15326	1.15320	1.15322	48.09
2025.11.07	08:51:00	1.15320	1.15330	1.15306	1.15311	77.09
2025.11.07	08:52:00	1.15313	1.15315	1.15309	1.15310	31.85
2025.11.07	08:53:00	1.15316	1.15325	1.15314	1.15325	73.92
2025.11.07	08:54:00	1.15329	1.15332	1.15324	1.15331	63.44
2025.11.07	08:55:00	1.15332	1.15352	1.15332	1.15342	42.24
2025.11.07	08:56:00	1.15343	1.15346	1.15336	1.15344	60.96
2025.11.07	08:57:00	1.15344	1.15347	1.15340	1.15344	52.03
2025.11.07	08:58:00	1.15345	1.15351	1.15335	1.15348	79.09
2025.11.07	08:59:00	1.15349	1.15356	1.15346	1.15348	88.44
2025.11.07	09:00:00	1.15348	1.15361	1.15347	1.15354	79.23
2025.11.07	09:01:00	1.15353	1.15372	1.15353	1.15360	70.94
2025.11.07	09:02:00	1.15360	1.15361	1.15353	1.15353	34.83
2025.11.07	09:03:00	1.15351	1.15357	1.15348	1.15354	50.62
2025.11.07	09:04:00	1.15354	1.15355	1.15344	1.15345	70.45
2025.11.07	09:05:00	1.15346	1.15370	1.15345	1.15369	81.00
2025.11.07	09:06:00	1.15368	1.15374	1.15353	1.15354	62.10
2025.11.07	09:07:00	1.15355	1.15361	1.15353	1.15359	33.30
2025.11.07	09:08:00	1.15363	1.15363	1.15346	1.15350	64.79
2025.11.07	09:09:00	1.15348	1.15356	1.15346	1.15354	51.92
2025.11.07	09:10:00	1.15355	1.15357	1.15349	1.15354	48.38
2025.11.07	09:11:00	1.15355	1.15361	1.15354	1.15360	38.79
2025.11.07	09:12:00	1.15361	1.15361	1.15343	1.15346	44.91
2025.11.07	09:13:00	1.15345	1.15352	1.15345	1.15352	27.73
2025.11.07	09:14:00	1.15353	1.15354	1.15348	1.15351	18.00
2025.11.07	09:15:00	1.15351	1.15357	1.15351	1.15353	33.75
2025.11.07	09:16:00	1.15354	1.15358	1.15349	1.15355	29.82
2025.11.07	09:17:00	1.15355	1.15366	1.15354	1.15366	46.99
2025.11.07	09:18:00	1.15366	1.15369	1.15363	1.15365	46.46
2025.11.07	09:19:00	1.15365	1.15384	1.15365	1.15375	32.27
2025.11.07	09:20:00	1.15375	1.15375	1.15358	1.15361	25.13
2025.11.07	09:21:00	1.15362	1.15369	1.15361	1.15364	31.26
2025.11.07	09:22:00	1.15364	1.15364	1.15360	1.15362	16.20
2025.11.07	09:23:00	1.15360	1.15366	1.15360	1.15365	21.22
2025.11.07	09:24:00	1.15365	1.15371	1.15360	1.15362	41.02
2025.11.07	09:25:00	1.15362	1.15362	1.15353	1.15355	37.26
2025.11.07	09:26:00	1.15355	1.15360	1.15352	1.15358	56.32
2025.11.07	09:27:00	1.15358	1.15365	1.15358	1.15359	49.28
2025.11.07	09:28:00	1.15360	1.15372	1.15358	1.15369	56.34
2025.11.07	09:29:00	1.15367	1.15368	1.15361	1.15361	28.83
2025.11.07	09:30:00	1.15361	1.15368	1.15361	1.15364	32.40
2025.11.07	09:31:00	1.15363	1.15365	1.15361	1.15361	36.45
2025.11.07	09:32:00	1.15360	1.15369	1.15358	1.15364	31.95
2025.11.07	09:33:00	1.15364	1.15368	1.15359	1.15366	28.35
2025.11.07	09:34:00	1.15367	1.15368	1.15364	1.15367	31.05
2025.11.07	09:35:00	1.15366	1.15372	1.15363	1.15363	37.98
2025.11.07	09:36:00	1.15364	1.15374	1.15364	1.15367	51.46
2025.11.07	09:37:00	1.15368	1.15383	1.15367	1.15371	78.27
2025.11.07	09:38:00	1.15371	1.15372	1.15370	1.15371	23.54
2025.11.07	09:39:00	1.15371	1.15371	1.15363	1.15364	30.06
2025.11.07	09:40:00	1.15366	1.15372	1.15365	1.15370	13.50
2025.11.07	09:41:00	1.15369	1.15375	1.15369	1.15370	52.79
2025.11.07	09:42:00	1.15371	1.15377	1.15368	1.15370	30.82
2025.11.07	09:43:00	1.15370	1.15376	1.15369	1.15369	30.13
2025.11.07	09:44:00	1.15371	1.15372	1.15357	1.15361	54.04
2025.11.07	09:45:00	1.15361	1.15367	1.15357	1.15357	67.53
2025.11.07	09:46:00	1.15357	1.15379	1.15357	1.15379	48.15
2025.11.07	09:47:00	1.15379	1.15391	1.15379	1.15384	61.75
2025.11.07	09:48:00	1.15385	1.15401	1.15385	1.15396	39.03
2025.11.07	09:49:00	1.15398	1.15400	1.15396	1.15398	23.79
2025.11.07	09:50:00	1.15397	1.15409	1.15396	1.15400	82.00
2025.11.07	09:51:00	1.15400	1.15408	1.15398	1.15407	32.31
2025.11.07	09:52:00	1.15405	1.15422	1.15405	1.15409	73.41
2025.11.07	09:53:00	1.15410	1.15416	1.15406	1.15412	75.06
2025.11.07	09:54:00	1.15414	1.15416	1.15402	1.15402	50.59
2025.11.07	09:55:00	1.15401	1.15413	1.15399	1.15407	61.51
2025.11.07	09:56:00	1.15409	1.15410	1.15403	1.15405	34.27
2025.11.07	09:57:00	1.15405	1.15405	1.15382	1.15384	46.46
2025.11.07	09:58:00	1.15385	1.15392	1.15383	1.15390	46.45
2025.11.07	09:59:00	1.15391	1.15392	1.15381	1.15381	39.66
2025.11.07	10:00:00	1.15381	1.15386	1.15374	1.15374	33.84
2025.11.07	10:01:00	1.15374	1.15393	1.15374	1.15392	74.04
2025.11.07	10:02:00	1.15394	1.15411	1.15391	1.15411	58.35
2025.11.07	10:03:00	1.15413	1.15422	1.15413	1.15415	60.75
2025.11.07	10:04:00	1.15414	1.15428	1.15414	1.15425	59.79
2025.11.07	10:05:00	1.15426	1.15436	1.15424	1.15430	89.80
2025.11.07	10:06:00	1.15429	1.15429	1.15413	1.15419	74.88
2025.11.07	10:07:00	1.15419	1.15431	1.15416	1.15429	45.57
2025.11.07	10:08:00	1.15429	1.15438	1.15427	1.15430	85.58
2025.11.07	10:09:00	1.15430	1.15434	1.15422	1.15433	41.47
2025.11.07	10:10:00	1.15435	1.15446	1.15435	1.15443	39.92
2025.11.07	10:11:00	1.15442	1.15452	1.15441	1.15444	91.37
2025.11.07	10:12:00	1.15445	1.15445	1.15434	1.15434	20.38
2025.11.07	10:13:00	1.15434	1.15441	1.15433	1.15439	59.47
2025.11.07	10:14:00	1.15440	1.15448	1.15436	1.15436	55.60
2025.11.07	10:15:00	1.15437	1.15440	1.15430	1.15440	27.66
2025.11.07	10:16:00	1.15439	1.15439	1.15430	1.15431	35.31
2025.11.07	10:17:00	1.15432	1.15435	1.15425	1.15425	22.50
2025.11.07	10:18:00	1.15424	1.15445	1.15424	1.15445	24.42
2025.11.07	10:19:00	1.15445	1.15447	1.15443	1.15446	53.28
2025.11.07	10:20:00	1.15446	1.15455	1.15445	1.15455	29.57
2025.11.07	10:21:00	1.15453	1.15461	1.15449	1.15459	92.31
2025.11.07	10:22:00	1.15459	1.15469	1.15453	1.15469	85.24
2025.11.07	10:23:00	1.15468	1.15474	1.15460	1.15472	45.80
2025.11.07	10:24:00	1.15476	1.15478	1.15471	1.15473	32.27
2025.11.07	10:25:00	1.15472	1.15481	1.15467	1.15471	50.02
2025.11.07	10:26:00	1.15470	1.15485	1.15470	1.15476	46.79
2025.11.07	10:27:00	1.15477	1.15482	1.15463	1.15477	42.75
2025.11.07	10:28:00	1.15479	1.15480	1.15469	1.15474	60.80
2025.11.07	10:29:00	1.15473	1.15478	1.15472	1.15476	28.02
2025.11.07	10:30:00	1.15477	1.15485	1.15474	1.15485	46.80
2025.11.07	10:31:00	1.15485	1.15487	1.15477	1.15481	57.86
2025.11.07	10:32:00	1.15481	1.15481	1.15475	1.15475	25.20
2025.11.07	10:33:00	1.15473	1.15475	1.15465	1.15465	22.10
2025.11.07	10:34:00	1.15463	1.15473	1.15463	1.15472	12.60
2025.11.07	10:35:00	1.15470	1.15473	1.15467	1.15469	23.76
2025.11.07	10:36:00	1.15468	1.15468	1.15458	1.15458	36.99
2025.11.07	10:37:00	1.15457	1.15460	1.15453	1.15456	55.02
2025.11.07	10:38:00	1.15458	1.15471	1.15458	1.15470	42.75
2025.11.07	10:39:00	1.15469	1.15470	1.15462	1.15469	47.61
2025.11.07	10:40:00	1.15467	1.15471	1.15467	1.15469	8.62
2025.11.07	10:41:00	1.15469	1.15474	1.15469	1.15472	44.57
2025.11.07	10:42:00	1.15474	1.15478	1.15473	1.15474	27.99
2025.11.07	10:43:00	1.15476	1.15481	1.15473	1.15476	58.98
2025.11.07	10:44:00	1.15478	1.15482	1.15476	1.15479	68.89
2025.11.07	10:45:00	1.15478	1.15480	1.15474	1.15476	38.25
2025.11.07	10:46:00	1.15476	1.15486	1.15476	1.15484	45.90
2025.11.07	10:47:00	1.15484	1.15500	1.15484	1.15495	112.23
2025.11.07	10:48:00	1.15496	1.15498	1.15493	1.15495	57.14
2025.11.07	10:49:00	1.15494	1.15496	1.15493	1.15496	56.79
2025.11.07	10:50:00	1.15495	1.15498	1.15488	1.15489	62.53
2025.11.07	10:51:00	1.15491	1.15491	1.15482	1.15488	111.38
2025.11.07	10:52:00	1.15488	1.15500	1.15488	1.15498	86.17
2025.11.07	10:53:00	1.15500	1.15517	1.15498	1.15516	106.66
2025.11.07	10:54:00	1.15515	1.15515	1.15509	1.15510	81.44
2025.11.07	10:55:00	1.15509	1.15516	1.15509	1.15515	37.80
2025.11.07	10:56:00	1.15516	1.15517	1.15506	1.15506	52.78
2025.11.07	10:57:00	1.15507	1.15507	1.15490	1.15498	114.00
2025.11.07	10:58:00	1.15499	1.15504	1.15494	1.15495	70.16
2025.11.07	10:59:00	1.15495	1.15508	1.15495	1.15501	90.16
2025.11.07	11:00:00	1.15498	1.15502	1.15493	1.15496	79.29
2025.11.07	11:01:00	1.15496	1.15504	1.15494	1.15503	51.30
2025.11.07	11:02:00	1.15504	1.15512	1.15502	1.15511	38.79
2025.11.07	11:03:00	1.15511	1.15523	1.15511	1.15519	63.89
2025.11.07	11:04:00	1.15522	1.15522	1.15514	1.15517	18.97
2025.11.07	11:05:00	1.15517	1.15525	1.15513	1.15523	63.58
2025.11.07	11:06:00	1.15524	1.15527	1.15514	1.15515	48.22
2025.11.07	11:07:00	1.15516	1.15516	1.15511	1.15513	22.86
2025.11.07	11:08:00	1.15512	1.15517	1.15511	1.15517	17.02
2025.11.07	11:09:00	1.15517	1.15522	1.15514	1.15521	37.04
2025.11.07	11:10:00	1.15522	1.15526	1.15516	1.15521	82.94
2025.11.07	11:11:00	1.15521	1.15522	1.15513	1.15517	65.63
2025.11.07	11:12:00	1.15516	1.15516	1.15497	1.15502	119.27
2025.11.07	11:13:00	1.15502	1.15505	1.15498	1.15498	69.35
2025.11.07	11:14:00	1.15498	1.15509	1.15494	1.15508	104.85
2025.11.07	11:15:00	1.15509	1.15516	1.15498	1.15512	232.08
2025.11.07	11:16:00	1.15511	1.15517	1.15506	1.15510	196.00
2025.11.07	11:17:00	1.15511	1.15524	1.15508	1.15519	148.48
2025.11.07	11:18:00	1.15517	1.15528	1.15512	1.15526	104.76
2025.11.07	11:19:00	1.15527	1.15543	1.15522	1.15543	106.18
2025.11.07	11:20:00	1.15544	1.15567	1.15542	1.15558	124.47
2025.11.07	11:21:00	1.15561	1.15564	1.15556	1.15557	129.75
2025.11.07	11:22:00	1.15559	1.15564	1.15544	1.15546	122.72
2025.11.07	11:23:00	1.15548	1.15561	1.15545	1.15557	110.82
2025.11.07	11:24:00	1.15557	1.15569	1.15554	1.15559	133.87
2025.11.07	11:25:00	1.15558	1.15561	1.15551	1.15552	93.31
2025.11.07	11:26:00	1.15552	1.15559	1.15550	1.15559	57.36
2025.11.07	11:27:00	1.15559	1.15576	1.15559	1.15570	80.77
2025.11.07	11:28:00	1.15571	1.15582	1.15570	1.15582	80.01
2025.11.07	11:29:00	1.15581	1.15582	1.15573	1.15575	101.07
2025.11.07	11:30:00	1.15574	1.15601	1.15573	1.15592	163.29
2025.11.07	11:31:00	1.15591	1.15591	1.15569	1.15574	126.47
2025.11.07	11:32:00	1.15575	1.15581	1.15573	1.15574	100.41
2025.11.07	11:33:00	1.15573	1.15583	1.15573	1.15579	114.74
2025.11.07	11:34:00	1.15581	1.15600	1.15577	1.15600	143.14
2025.11.07	11:35:00	1.15600	1.15600	1.15582	1.15587	104.76
2025.11.07	11:36:00	1.15586	1.15596	1.15586	1.15589	111.24
2025.11.07	11:37:00	1.15589	1.15594	1.15584	1.15585	68.40
2025.11.07	11:38:00	1.15585	1.15596	1.15585	1.15596	70.26
2025.11.07	11:39:00	1.15597	1.15598	1.15592	1.15595	86.22
2025.11.07	11:40:00	1.15596	1.15597	1.15577	1.15578	93.22
2025.11.07	11:41:00	1.15578	1.15578	1.15558	1.15560	145.40
2025.11.07	11:42:00	1.15561	1.15561	1.15552	1.15559	56.99
2025.11.07	11:43:00	1.15560	1.15560	1.15552	1.15556	58.00
2025.11.07	11:44:00	1.15558	1.15566	1.15554	1.15564	45.93
2025.11.07	11:45:00	1.15565	1.15574	1.15558	1.15559	63.89
2025.11.07	11:46:00	1.15558	1.15572	1.15551	1.15569	73.64
2025.11.07	11:47:00	1.15570	1.15572	1.15569	1.15572	49.61
2025.11.07	11:48:00	1.15573	1.15575	1.15570	1.15570	43.11
2025.11.07	11:49:00	1.15573	1.15586	1.15571	1.15586	87.87
2025.11.07	11:50:00	1.15587	1.15587	1.15581	1.15583	60.45
2025.11.07	11:51:00	1.15581	1.15594	1.15580	1.15591	84.12
2025.11.07	11:52:00	1.15593	1.15600	1.15593	1.15596	74.32
2025.11.07	11:53:00	1.15595	1.15600	1.15594	1.15599	48.18
2025.11.07	11:54:00	1.15601	1.15609	1.15597	1.15605	123.12
2025.11.07	11:55:00	1.15604	1.15605	1.15580	1.15580	99.37
2025.11.07	11:56:00	1.15580	1.15589	1.15568	1.15568	101.10
2025.11.07	11:57:00	1.15569	1.15571	1.15561	1.15565	81.54
2025.11.07	11:58:00	1.15567	1.15577	1.15565	1.15575	153.89
2025.11.07	11:59:00	1.15575	1.15583	1.15572	1.15578	93.24
2025.11.07	12:00:00	1.15582	1.15582	1.15556	1.15567	254.99
2025.11.07	12:01:00	1.15568	1.15581	1.15568	1.15578	169.12
2025.11.07	12:02:00	1.15577	1.15586	1.15574	1.15586	93.71
2025.11.07	12:03:00	1.15587	1.15589	1.15579	1.15582	105.24
2025.11.07	12:04:00	1.15582	1.15589	1.15577	1.15580	73.84
2025.11.07	12:05:00	1.15580	1.15591	1.15573	1.15589	116.93
2025.11.07	12:06:00	1.15590	1.15592	1.15582	1.15583	63.84
2025.11.07	12:07:00	1.15582	1.15584	1.15577	1.15584	47.32
2025.11.07	12:08:00	1.15583	1.15590	1.15582	1.15583	61.45
2025.11.07	12:09:00	1.15584	1.15584	1.15579	1.15579	56.70
2025.11.07	12:10:00	1.15580	1.15590	1.15578	1.15590	70.65
2025.11.07	12:11:00	1.15590	1.15606	1.15589	1.15600	76.23
2025.11.07	12:12:00	1.15599	1.15607	1.15593	1.15606	77.15
2025.11.07	12:13:00	1.15606	1.15616	1.15606	1.15614	89.28
2025.11.07	12:14:00	1.15615	1.15641	1.15614	1.15638	113.29
2025.11.07	12:15:00	1.15635	1.15635	1.15619	1.15630	110.31
2025.11.07	12:16:00	1.15630	1.15630	1.15625	1.15625	49.14
2025.11.07	12:17:00	1.15625	1.15642	1.15620	1.15620	168.97
2025.11.07	12:18:00	1.15621	1.15629	1.15617	1.15625	124.28
2025.11.07	12:19:00	1.15624	1.15644	1.15623	1.15640	93.61
2025.11.07	12:20:00	1.15639	1.15642	1.15629	1.15629	112.77
2025.11.07	12:21:00	1.15630	1.15642	1.15628	1.15639	105.15
2025.11.07	12:22:00	1.15640	1.15644	1.15629	1.15631	80.58
2025.11.07	12:23:00	1.15633	1.15650	1.15632	1.15648	108.18
2025.11.07	12:24:00	1.15646	1.15650	1.15628	1.15631	128.34
2025.11.07	12:25:00	1.15630	1.15631	1.15628	1.15629	68.88
2025.11.07	12:26:00	1.15628	1.15629	1.15619	1.15620	84.80
2025.11.07	12:27:00	1.15619	1.15627	1.15618	1.15619	76.77
2025.11.07	12:28:00	1.15618	1.15620	1.15618	1.15619	57.22
2025.11.07	12:29:00	1.15621	1.15623	1.15603	1.15603	104.47
2025.11.07	12:30:00	1.15603	1.15603	1.15570	1.15573	177.63
2025.11.07	12:31:00	1.15574	1.15576	1.15563	1.15569	134.16
2025.11.07	12:32:00	1.15569	1.15569	1.15557	1.15557	118.07
2025.11.07	12:33:00	1.15558	1.15561	1.15550	1.15550	79.15
2025.11.07	12:34:00	1.15547	1.15578	1.15547	1.15577	85.92
2025.11.07	12:35:00	1.15576	1.15586	1.15574	1.15579	127.08
2025.11.07	12:36:00	1.15578	1.15580	1.15568	1.15569	82.65
2025.11.07	12:37:00	1.15567	1.15569	1.15560	1.15566	60.86
2025.11.07	12:38:00	1.15568	1.15570	1.15555	1.15555	124.80
2025.11.07	12:39:00	1.15555	1.15561	1.15553	1.15557	80.95
2025.11.07	12:40:00	1.15562	1.15568	1.15561	1.15563	43.56
2025.11.07	12:41:00	1.15561	1.15564	1.15559	1.15563	27.35
2025.11.07	12:42:00	1.15566	1.15569	1.15563	1.15568	47.22
2025.11.07	12:43:00	1.15569	1.15575	1.15569	1.15574	10.80
2025.11.07	12:44:00	1.15572	1.15579	1.15569	1.15579	28.42
2025.11.07	12:45:00	1.15578	1.15581	1.15577	1.15578	40.16
2025.11.07	12:46:00	1.15580	1.15585	1.15578	1.15584	49.12
2025.11.07	12:47:00	1.15584	1.15584	1.15573	1.15574	29.84
2025.11.07	12:48:00	1.15578	1.15582	1.15566	1.15566	42.14
2025.11.07	12:49:00	1.15566	1.15568	1.15557	1.15567	38.70
2025.11.07	12:50:00	1.15568	1.15575	1.15565	1.15573	43.20
2025.11.07	12:51:00	1.15576	1.15585	1.15570	1.15577	51.52
2025.11.07	12:52:00	1.15580	1.15583	1.15568	1.15569	54.90
2025.11.07	12:53:00	1.15572	1.15579	1.15570	1.15575	43.65
2025.11.07	12:54:00	1.15576	1.15586	1.15567	1.15572	69.39
2025.11.07	12:55:00	1.15570	1.15570	1.15554	1.15558	110.50
2025.11.07	12:56:00	1.15559	1.15562	1.15548	1.15555	87.37
2025.11.07	12:57:00	1.15556	1.15558	1.15540	1.15544	134.18
2025.11.07	12:58:00	1.15545	1.15555	1.15538	1.15549	88.38
2025.11.07	12:59:00	1.15550	1.15557	1.15550	1.15556	75.88
2025.11.07	13:00:00	1.15559	1.15575	1.15556	1.15560	152.95
2025.11.07	13:01:00	1.15563	1.15567	1.15556	1.15563	69.37
2025.11.07	13:02:00	1.15564	1.15585	1.15563	1.15583	63.90
2025.11.07	13:03:00	1.15585	1.15613	1.15577	1.15611	122.07
2025.11.07	13:04:00	1.15612	1.15623	1.15610	1.15623	122.49
2025.11.07	13:05:00	1.15622	1.15635	1.15613	1.15629	141.10
2025.11.07	13:06:00	1.15629	1.15629	1.15602	1.15602	127.37
2025.11.07	13:07:00	1.15603	1.15604	1.15591	1.15594	111.51
2025.11.07	13:08:00	1.15595	1.15612	1.15595	1.15610	72.21
2025.11.07	13:09:00	1.15611	1.15612	1.15603	1.15604	105.60
2025.11.07	13:10:00	1.15604	1.15615	1.15604	1.15608	61.08
2025.11.07	13:11:00	1.15609	1.15633	1.15608	1.15633	122.88
2025.11.07	13:12:00	1.15633	1.15641	1.15630	1.15632	74.20
2025.11.07	13:13:00	1.15633	1.15634	1.15625	1.15631	54.76
2025.11.07	13:14:00	1.15631	1.15631	1.15617	1.15625	42.55
2025.11.07	13:15:00	1.15626	1.15633	1.15623	1.15632	80.71
2025.11.07	13:16:00	1.15634	1.15650	1.15634	1.15646	46.56
2025.11.07	13:17:00	1.15642	1.15653	1.15642	1.15651	80.85
2025.11.07	13:18:00	1.15650	1.15665	1.15650	1.15659	59.54
2025.11.07	13:19:00	1.15658	1.15665	1.15653	1.15664	123.20
2025.11.07	13:20:00	1.15665	1.15675	1.15663	1.15669	136.15
2025.11.07	13:21:00	1.15668	1.15693	1.15668	1.15673	158.29
2025.11.07	13:22:00	1.15673	1.15674	1.15661	1.15664	130.12
2025.11.07	13:23:00	1.15662	1.15673	1.15656	1.15670	106.65
2025.11.07	13:24:00	1.15669	1.15674	1.15664	1.15673	150.96
2025.11.07	13:25:00	1.15673	1.15681	1.15656	1.15681	133.94
2025.11.07	13:26:00	1.15684	1.15692	1.15679	1.15685	123.01
2025.11.07	13:27:00	1.15685	1.15688	1.15672	1.15687	83.90
2025.11.07	13:28:00	1.15685	1.15696	1.15685	1.15689	63.00
2025.11.07	13:29:00	1.15689	1.15689	1.15670	1.15672	86.85
2025.11.07	13:30:00	1.15671	1.15683	1.15661	1.15669	252.67
2025.11.07	13:31:00	1.15671	1.15672	1.15639	1.15647	142.79
2025.11.07	13:32:00	1.15649	1.15652	1.15637	1.15649	96.10
2025.11.07	13:33:00	1.15651	1.15651	1.15620	1.15627	152.46
2025.11.07	13:34:00	1.15628	1.15640	1.15628	1.15632	111.60
2025.11.07	13:35:00	1.15631	1.15664	1.15629	1.15659	212.91
2025.11.07	13:36:00	1.15662	1.15663	1.15637	1.15644	224.22
2025.11.07	13:37:00	1.15646	1.15653	1.15635	1.15638	217.12
2025.11.07	13:38:00	1.15638	1.15652	1.15638	1.15652	108.88
2025.11.07	13:39:00	1.15652	1.15661	1.15646	1.15649	123.17
2025.11.07	13:40:00	1.15651	1.15657	1.15639	1.15655	141.04
2025.11.07	13:41:00	1.15656	1.15670	1.15654	1.15667	105.62
2025.11.07	13:42:00	1.15668	1.15674	1.15660	1.15671	176.29
2025.11.07	13:43:00	1.15676	1.15694	1.15675	1.15689	213.32
2025.11.07	13:44:00	1.15692	1.15694	1.15667	1.15677	194.31
2025.11.07	13:45:00	1.15676	1.15690	1.15676	1.15688	131.38
2025.11.07	13:46:00	1.15689	1.15693	1.15676	1.15676	157.14
2025.11.07	13:47:00	1.15674	1.15686	1.15667	1.15667	189.42
2025.11.07	13:48:00	1.15668	1.15668	1.15642	1.15642	133.68
2025.11.07	13:49:00	1.15643	1.15650	1.15631	1.15631	94.34
2025.11.07	13:50:00	1.15631	1.15645	1.15630	1.15645	140.21
2025.11.07	13:51:00	1.15647	1.15650	1.15637	1.15644	169.40
2025.11.07	13:52:00	1.15644	1.15644	1.15621	1.15624	173.26
2025.11.07	13:53:00	1.15625	1.15646	1.15624	1.15645	125.53
2025.11.07	13:54:00	1.15644	1.15650	1.15639	1.15644	152.28
2025.11.07	13:55:00	1.15645	1.15685	1.15644	1.15679	254.18
2025.11.07	13:56:00	1.15679	1.15689	1.15666	1.15686	206.93
2025.11.07	13:57:00	1.15683	1.15687	1.15666	1.15684	166.57
2025.11.07	13:58:00	1.15684	1.15686	1.15664	1.15664	162.02
2025.11.07	13:59:00	1.15664	1.15676	1.15663	1.15673	139.93
2025.11.07	14:00:00	1.15673	1.15675	1.15657	1.15667	293.67
2025.11.07	14:01:00	1.15667	1.15670	1.15652	1.15666	160.74
2025.11.07	14:02:00	1.15668	1.15678	1.15661	1.15670	159.96
2025.11.07	14:03:00	1.15670	1.15703	1.15667	1.15702	116.58
2025.11.07	14:04:00	1.15702	1.15703	1.15688	1.15696	96.15
2025.11.07	14:05:00	1.15694	1.15703	1.15694	1.15698	42.96
2025.11.07	14:06:00	1.15701	1.15725	1.15701	1.15722	125.12
2025.11.07	14:07:00	1.15721	1.15725	1.15715	1.15725	67.35
2025.11.07	14:08:00	1.15727	1.15727	1.15698	1.15706	167.49
2025.11.07	14:09:00	1.15707	1.15719	1.15703	1.15719	81.79
2025.11.07	14:10:00	1.15721	1.15729	1.15717	1.15718	67.19
2025.11.07	14:11:00	1.15719	1.15720	1.15701	1.15705	70.05
2025.11.07	14:12:00	1.15704	1.15720	1.15704	1.15712	85.82
2025.11.07	14:13:00	1.15710	1.15725	1.15710	1.15719	52.54
2025.11.07	14:14:00	1.15720	1.15738	1.15720	1.15731	66.68
2025.11.07	14:15:00	1.15733	1.15740	1.15718	1.15720	73.18
2025.11.07	14:16:00	1.15721	1.15721	1.15710	1.15715	74.12
2025.11.07	14:17:00	1.15714	1.15720	1.15712	1.15713	37.84
2025.11.07	14:18:00	1.15715	1.15726	1.15715	1.15724	47.14
2025.11.07	14:19:00	1.15724	1.15724	1.15708	1.15710	92.16
2025.11.07	14:20:00	1.15708	1.15714	1.15703	1.15706	92.07
2025.11.07	14:21:00	1.15704	1.15708	1.15700	1.15703	38.76
2025.11.07	14:22:00	1.15703	1.15723	1.15703	1.15715	78.44
2025.11.07	14:23:00	1.15715	1.15717	1.15707	1.15709	71.08
2025.11.07	14:24:00	1.15713	1.15716	1.15706	1.15710	76.29
2025.11.07	14:25:00	1.15714	1.15731	1.15714	1.15729	49.12
2025.11.07	14:26:00	1.15729	1.15739	1.15727	1.15734	36.91
2025.11.07	14:27:00	1.15733	1.15737	1.15727	1.15731	55.16
2025.11.07	14:28:00	1.15733	1.15742	1.15733	1.15738	57.81
2025.11.07	14:29:00	1.15740	1.15745	1.15732	1.15732	64.21
2025.11.07	14:30:00	1.15731	1.15733	1.15709	1.15719	143.68
2025.11.07	14:31:00	1.15719	1.15736	1.15714	1.15727	135.65
2025.11.07	14:32:00	1.15724	1.15725	1.15708	1.15713	52.57
2025.11.07	14:33:00	1.15711	1.15728	1.15707	1.15728	54.66
2025.11.07	14:34:00	1.15726	1.15730	1.15717	1.15723	65.81
2025.11.07	14:35:00	1.15721	1.15725	1.15715	1.15721	62.14
2025.11.07	14:36:00	1.15719	1.15728	1.15710	1.15722	124.91
2025.11.07	14:37:00	1.15722	1.15724	1.15712	1.15714	115.88
2025.11.07	14:38:00	1.15712	1.15730	1.15712	1.15714	122.81
2025.11.07	14:39:00	1.15713	1.15722	1.15711	1.15714	162.88
2025.11.07	14:40:00	1.15713	1.15719	1.15704	1.15713	139.77
2025.11.07	14:41:00	1.15713	1.15722	1.15712	1.15718	144.69
2025.11.07	14:42:00	1.15718	1.15719	1.15704	1.15718	127.51
2025.11.07	14:43:00	1.15719	1.15728	1.15703	1.15706	205.83
2025.11.07	14:44:00	1.15707	1.15724	1.15706	1.15718	98.46
2025.11.07	14:45:00	1.15720	1.15725	1.15711	1.15723	127.17
2025.11.07	14:46:00	1.15724	1.15733	1.15719	1.15732	102.15
2025.11.07	14:47:00	1.15733	1.15746	1.15729	1.15733	128.52
2025.11.07	14:48:00	1.15733	1.15758	1.15733	1.15748	153.46
2025.11.07	14:49:00	1.15748	1.15759	1.15747	1.15750	149.47
2025.11.07	14:50:00	1.15754	1.15773	1.15753	1.15773	182.53
2025.11.07	14:51:00	1.15771	1.15787	1.15766	1.15766	98.48
2025.11.07	14:52:00	1.15765	1.15770	1.15748	1.15748	102.60
2025.11.07	14:53:00	1.15747	1.15756	1.15744	1.15755	217.70
2025.11.07	14:54:00	1.15755	1.15756	1.15747	1.15753	64.82
2025.11.07	14:55:00	1.15754	1.15758	1.15751	1.15753	123.31
2025.11.07	14:56:00	1.15752	1.15757	1.15743	1.15746	101.90
2025.11.07	14:57:00	1.15748	1.15756	1.15740	1.15749	116.49
2025.11.07	14:58:00	1.15751	1.15756	1.15741	1.15745	93.44
2025.11.07	14:59:00	1.15745	1.15753	1.15727	1.15727	216.64
2025.11.07	15:00:00	1.15733	1.15793	1.15729	1.15786	306.16
2025.11.07	15:01:00	1.15788	1.15801	1.15786	1.15799	114.38
2025.11.07	15:02:00	1.15797	1.15838	1.15796	1.15836	166.76
2025.11.07	15:03:00	1.15835	1.15860	1.15833	1.15852	322.57
2025.11.07	15:04:00	1.15853	1.15868	1.15850	1.15866	216.94
2025.11.07	15:05:00	1.15867	1.15878	1.15858	1.15873	174.33
2025.11.07	15:06:00	1.15875	1.15887	1.15866	1.15880	210.57
2025.11.07	15:07:00	1.15882	1.15897	1.15881	1.15886	295.95
2025.11.07	15:08:00	1.15885	1.15885	1.15860	1.15872	252.90
2025.11.07	15:09:00	1.15871	1.15879	1.15854	1.15861	404.12
2025.11.07	15:10:00	1.15861	1.15872	1.15856	1.15858	236.74
2025.11.07	15:11:00	1.15857	1.15867	1.15837	1.15837	145.37
2025.11.07	15:12:00	1.15838	1.15847	1.15836	1.15844	86.24
2025.11.07	15:13:00	1.15847	1.15851	1.15833	1.15833	75.86
2025.11.07	15:14:00	1.15832	1.15837	1.15827	1.15835	87.70
2025.11.07	15:15:00	1.15836	1.15843	1.15832	1.15838	71.93
2025.11.07	15:16:00	1.15836	1.15839	1.15819	1.15832	86.35
2025.11.07	15:17:00	1.15834	1.15838	1.15825	1.15833	97.65
2025.11.07	15:18:00	1.15834	1.15840	1.15832	1.15833	69.93
2025.11.07	15:19:00	1.15831	1.15844	1.15831	1.15844	125.20
2025.11.07	15:20:00	1.15843	1.15848	1.15836	1.15848	163.91
2025.11.07	15:21:00	1.15848	1.15863	1.15848	1.15862	92.63
2025.11.07	15:22:00	1.15859	1.15863	1.15852	1.15857	55.93
2025.11.07	15:23:00	1.15857	1.15859	1.15837	1.15856	149.02
2025.11.07	15:24:00	1.15854	1.15856	1.15848	1.15852	80.91
2025.11.07	15:25:00	1.15850	1.15850	1.15832	1.15842	134.01
2025.11.07	15:26:00	1.15841	1.15844	1.15833	1.15836	107.07
2025.11.07	15:27:00	1.15841	1.15843	1.15833	1.15833	60.57
2025.11.07	15:28:00	1.15833	1.15844	1.15831	1.15839	120.22
2025.11.07	15:29:00	1.15840	1.15845	1.15835	1.15839	102.60
2025.11.07	15:30:00	1.15838	1.15845	1.15825	1.15845	111.60
2025.11.07	15:31:00	1.15844	1.15863	1.15844	1.15857	169.42
2025.11.07	15:32:00	1.15856	1.15874	1.15852	1.15874	119.54
2025.11.07	15:33:00	1.15875	1.15888	1.15875	1.15887	120.08
2025.11.07	15:34:00	1.15886	1.15892	1.15880	1.15892	132.00
2025.11.07	15:35:00	1.15892	1.15899	1.15891	1.15898	116.68
2025.11.07	15:36:00	1.15900	1.15910	1.15884	1.15886	114.76
2025.11.07	15:37:00	1.15885	1.15892	1.15872	1.15888	110.45
2025.11.07	15:38:00	1.15888	1.15890	1.15881	1.15883	85.03
2025.11.07	15:39:00	1.15883	1.15893	1.15856	1.15857	112.32
2025.11.07	15:40:00	1.15856	1.15859	1.15842	1.15848	102.64
2025.11.07	15:41:00	1.15850	1.15853	1.15836	1.15836	108.09
2025.11.07	15:42:00	1.15836	1.15839	1.15827	1.15835	130.10
2025.11.07	15:43:00	1.15835	1.15837	1.15814	1.15814	107.20
2025.11.07	15:44:00	1.15812	1.15815	1.15799	1.15800	99.14
2025.11.07	15:45:00	1.15800	1.15804	1.15787	1.15797	164.91
2025.11.07	15:46:00	1.15796	1.15804	1.15793	1.15799	151.80
2025.11.07	15:47:00	1.15801	1.15815	1.15801	1.15812	72.69
2025.11.07	15:48:00	1.15814	1.15824	1.15808	1.15823	95.59
2025.11.07	15:49:00	1.15823	1.15827	1.15818	1.15825	79.18
2025.11.07	15:50:00	1.15823	1.15832	1.15818	1.15828	100.71
2025.11.07	15:51:00	1.15828	1.15834	1.15825	1.15829	138.69
2025.11.07	15:52:00	1.15829	1.15829	1.15785	1.15789	143.06
2025.11.07	15:53:00	1.15786	1.15787	1.15753	1.15753	84.95
2025.11.07	15:54:00	1.15753	1.15758	1.15748	1.15752	106.38
2025.11.07	15:55:00	1.15752	1.15755	1.15740	1.15751	222.87
2025.11.07	15:56:00	1.15752	1.15762	1.15746	1.15749	170.39
2025.11.07	15:57:00	1.15747	1.15766	1.15713	1.15724	255.20
2025.11.07	15:58:00	1.15725	1.15733	1.15715	1.15715	239.13
2025.11.07	15:59:00	1.15718	1.15724	1.15714	1.15716	228.33
2025.11.07	16:00:00	1.15717	1.15733	1.15712	1.15732	297.02
2025.11.07	16:01:00	1.15731	1.15737	1.15726	1.15730	132.71
2025.11.07	16:02:00	1.15728	1.15742	1.15726	1.15732	84.85
2025.11.07	16:03:00	1.15732	1.15741	1.15731	1.15732	128.17
2025.11.07	16:04:00	1.15733	1.15748	1.15733	1.15748	46.69
2025.11.07	16:05:00	1.15750	1.15754	1.15738	1.15750	79.49
2025.11.07	16:06:00	1.15748	1.15752	1.15740	1.15743	87.01
2025.11.07	16:07:00	1.15742	1.15750	1.15742	1.15750	22.50
2025.11.07	16:08:00	1.15751	1.15770	1.15751	1.15768	140.82
2025.11.07	16:09:00	1.15767	1.15770	1.15752	1.15754	75.25
2025.11.07	16:10:00	1.15757	1.15773	1.15756	1.15771	80.47
2025.11.07	16:11:00	1.15772	1.15776	1.15768	1.15773	93.78
2025.11.07	16:12:00	1.15772	1.15785	1.15772	1.15782	35.40
2025.11.07	16:13:00	1.15784	1.15792	1.15779	1.15792	33.67
2025.11.07	16:14:00	1.15793	1.15797	1.15786	1.15791	94.71
2025.11.07	16:15:00	1.15792	1.15800	1.15790	1.15799	76.05
2025.11.07	16:16:00	1.15800	1.15808	1.15797	1.15806	60.61
2025.11.07	16:17:00	1.15804	1.15811	1.15795	1.15796	57.53
2025.11.07	16:18:00	1.15798	1.15801	1.15787	1.15787	76.08
2025.11.07	16:19:00	1.15786	1.15786	1.15754	1.15761	98.43
2025.11.07	16:20:00	1.15761	1.15768	1.15759	1.15766	55.49
2025.11.07	16:21:00	1.15765	1.15779	1.15757	1.15778	33.39
2025.11.07	16:22:00	1.15779	1.15783	1.15773	1.15778	110.62
2025.11.07	16:23:00	1.15779	1.15784	1.15777	1.15780	77.40
2025.11.07	16:24:00	1.15779	1.15794	1.15779	1.15793	97.50
2025.11.07	16:25:00	1.15793	1.15804	1.15792	1.15803	74.70
2025.11.07	16:26:00	1.15803	1.15803	1.15791	1.15795	48.15
2025.11.07	16:27:00	1.15796	1.15808	1.15793	1.15808	52.65
2025.11.07	16:28:00	1.15808	1.15819	1.15807	1.15819	29.92
2025.11.07	16:29:00	1.15816	1.15816	1.15812	1.15813	58.96
2025.11.07	16:30:00	1.15814	1.15821	1.15804	1.15809	80.10
2025.11.07	16:31:00	1.15810	1.15818	1.15810	1.15814	54.21
2025.11.07	16:32:00	1.15814	1.15819	1.15806	1.15808	81.04
2025.11.07	16:33:00	1.15808	1.15819	1.15808	1.15819	31.58
2025.11.07	16:34:00	1.15821	1.15821	1.15803	1.15803	53.37
2025.11.07	16:35:00	1.15804	1.15819	1.15797	1.15797	138.63
2025.11.07	16:36:00	1.15798	1.15803	1.15796	1.15799	105.39
2025.11.07	16:37:00	1.15800	1.15800	1.15780	1.15785	124.99
2025.11.07	16:38:00	1.15784	1.15788	1.15771	1.15788	137.62
2025.11.07	16:39:00	1.15788	1.15788	1.15778	1.15787	59.92
2025.11.07	16:40:00	1.15788	1.15789	1.15763	1.15772	91.80
2025.11.07	16:41:00	1.15769	1.15772	1.15767	1.15768	27.00
2025.11.07	16:42:00	1.15769	1.15774	1.15767	1.15769	46.18
2025.11.07	16:43:00	1.15770	1.15775	1.15767	1.15773	93.59
2025.11.07	16:44:00	1.15771	1.15781	1.15767	1.15778	52.39
2025.11.07	16:45:00	1.15779	1.15790	1.15779	1.15784	66.74
2025.11.07	16:46:00	1.15786	1.15786	1.15777	1.15782	77.20
2025.11.07	16:47:00	1.15782	1.15785	1.15779	1.15785	90.70
2025.11.07	16:48:00	1.15785	1.15792	1.15782	1.15787	89.12
2025.11.07	16:49:00	1.15786	1.15791	1.15785	1.15786	54.54
2025.11.07	16:50:00	1.15787	1.15793	1.15784	1.15790	47.79
2025.11.07	16:51:00	1.15792	1.15810	1.15791	1.15807	74.51
2025.11.07	16:52:00	1.15808	1.15809	1.15802	1.15805	52.20
2025.11.07	16:53:00	1.15803	1.15810	1.15799	1.15810	110.35
2025.11.07	16:54:00	1.15811	1.15815	1.15809	1.15811	114.34
2025.11.07	16:55:00	1.15812	1.15819	1.15797	1.15805	88.90
2025.11.07	16:56:00	1.15805	1.15816	1.15805	1.15816	63.94
2025.11.07	16:57:00	1.15814	1.15815	1.15804	1.15808	85.19
2025.11.07	16:58:00	1.15807	1.15807	1.15788	1.15789	53.37
2025.11.07	16:59:00	1.15789	1.15790	1.15776	1.15776	93.22
2025.11.07	17:00:00	1.15775	1.15775	1.15767	1.15770	84.45
2025.11.07	17:01:00	1.15769	1.15773	1.15764	1.15765	73.31
2025.11.07	17:02:00	1.15764	1.15768	1.15752	1.15761	99.32
2025.11.07	17:03:00	1.15760	1.15775	1.15760	1.15775	28.49
2025.11.07	17:04:00	1.15774	1.15779	1.15771	1.15773	35.10
2025.11.07	17:05:00	1.15774	1.15788	1.15774	1.15783	50.81
2025.11.07	17:06:00	1.15783	1.15791	1.15767	1.15769	49.36
2025.11.07	17:07:00	1.15768	1.15768	1.15757	1.15763	53.40
2025.11.07	17:08:00	1.15764	1.15770	1.15758	1.15758	59.16
2025.11.07	17:09:00	1.15757	1.15767	1.15753	1.15764	82.10
2025.11.07	17:10:00	1.15765	1.15769	1.15758	1.15767	152.98
2025.11.07	17:11:00	1.15765	1.15767	1.15761	1.15764	94.34
2025.11.07	17:12:00	1.15763	1.15763	1.15755	1.15756	156.42
2025.11.07	17:13:00	1.15757	1.15758	1.15752	1.15755	112.11
2025.11.07	17:14:00	1.15756	1.15761	1.15731	1.15732	202.61
2025.11.07	17:15:00	1.15733	1.15745	1.15713	1.15713	213.16
2025.11.07	17:16:00	1.15713	1.15729	1.15713	1.15727	119.79
2025.11.07	17:17:00	1.15728	1.15732	1.15718	1.15719	104.03
2025.11.07	17:18:00	1.15720	1.15732	1.15718	1.15732	85.06
2025.11.07	17:19:00	1.15733	1.15733	1.15716	1.15719	69.12
2025.11.07	17:20:00	1.15721	1.15740	1.15719	1.15740	63.88
2025.11.07	17:21:00	1.15738	1.15743	1.15732	1.15743	41.23
2025.11.07	17:22:00	1.15745	1.15747	1.15741	1.15745	28.87
2025.11.07	17:23:00	1.15745	1.15749	1.15745	1.15747	16.65
2025.11.07	17:24:00	1.15747	1.15752	1.15747	1.15749	38.83
2025.11.07	17:25:00	1.15749	1.15758	1.15749	1.15758	14.40
2025.11.07	17:26:00	1.15758	1.15770	1.15758	1.15768	53.42
2025.11.07	17:27:00	1.15770	1.15770	1.15761	1.15768	37.27
2025.11.07	17:28:00	1.15770	1.15776	1.15761	1.15774	103.55
2025.11.07	17:29:00	1.15773	1.15780	1.15773	1.15777	61.20
2025.11.07	17:30:00	1.15777	1.15780	1.15776	1.15778	61.11
2025.11.07	17:31:00	1.15779	1.15779	1.15769	1.15778	26.82
2025.11.07	17:32:00	1.15778	1.15782	1.15767	1.15768	33.60
2025.11.07	17:33:00	1.15767	1.15767	1.15755	1.15757	27.00
2025.11.07	17:34:00	1.15756	1.15763	1.15756	1.15763	18.00
2025.11.07	17:35:00	1.15762	1.15765	1.15754	1.15761	82.56
2025.11.07	17:36:00	1.15762	1.15767	1.15761	1.15765	44.62
2025.11.07	17:37:00	1.15764	1.15773	1.15762	1.15771	39.60
2025.11.07	17:38:00	1.15772	1.15777	1.15771	1.15773	44.82
2025.11.07	17:39:00	1.15773	1.15783	1.15772	1.15782	44.10
2025.11.07	17:40:00	1.15782	1.15783	1.15777	1.15782	53.32
2025.11.07	17:41:00	1.15782	1.15784	1.15778	1.15782	38.34
2025.11.07	17:42:00	1.15783	1.15787	1.15778	1.15786	43.26
2025.11.07	17:43:00	1.15786	1.15792	1.15785	1.15787	47.06
2025.11.07	17:44:00	1.15791	1.15798	1.15788	1.15796	39.78
2025.11.07	17:45:00	1.15799	1.15807	1.15797	1.15802	42.03
2025.11.07	17:46:00	1.15802	1.15805	1.15798	1.15803	43.65
2025.11.07	17:47:00	1.15802	1.15802	1.15792	1.15797	51.16
2025.11.07	17:48:00	1.15796	1.15799	1.15789	1.15791	64.64
2025.11.07	17:49:00	1.15790	1.15796	1.15788	1.15791	65.77
2025.11.07	17:50:00	1.15791	1.15794	1.15790	1.15794	37.35
2025.11.07	17:51:00	1.15793	1.15799	1.15793	1.15796	65.70
2025.11.07	17:52:00	1.15796	1.15800	1.15795	1.15796	34.20
2025.11.07	17:53:00	1.15797	1.15802	1.15796	1.15797	32.02
2025.11.07	17:54:00	1.15796	1.15801	1.15796	1.15798	45.45
2025.11.07	17:55:00	1.15799	1.15812	1.15798	1.15808	36.99
2025.11.07	17:56:00	1.15809	1.15815	1.15806	1.15814	54.57
2025.11.07	17:57:00	1.15813	1.15818	1.15805	1.15807	58.50
2025.11.07	17:58:00	1.15809	1.15818	1.15809	1.15811	78.77
2025.11.07	17:59:00	1.15812	1.15820	1.15803	1.15803	147.74
2025.11.07	18:00:00	1.15803	1.15811	1.15800	1.15809	49.94
2025.11.07	18:01:00	1.15810	1.15818	1.15807	1.15815	43.14
2025.11.07	18:02:00	1.15816	1.15818	1.15812	1.15816	69.42
2025.11.07	18:03:00	1.15817	1.15819	1.15816	1.15817	50.49
2025.11.07	18:04:00	1.15818	1.15822	1.15817	1.15822	42.48
2025.11.07	18:05:00	1.15823	1.15833	1.15821	1.15832	48.00
2025.11.07	18:06:00	1.15833	1.15834	1.15829	1.15834	6.52
2025.11.07	18:07:00	1.15832	1.15834	1.15821	1.15822	36.81
2025.11.07	18:08:00	1.15823	1.15832	1.15821	1.15825	103.51
2025.11.07	18:09:00	1.15823	1.15823	1.15817	1.15817	14.85
2025.11.07	18:10:00	1.15818	1.15818	1.15806	1.15807	42.59
2025.11.07	18:11:00	1.15805	1.15811	1.15792	1.15792	38.00
2025.11.07	18:12:00	1.15790	1.15801	1.15785	1.15798	52.28
2025.11.07	18:13:00	1.15801	1.15803	1.15797	1.15798	56.32
2025.11.07	18:14:00	1.15796	1.15804	1.15758	1.15759	132.33
2025.11.07	18:15:00	1.15758	1.15764	1.15748	1.15749	77.87
2025.11.07	18:16:00	1.15749	1.15751	1.15741	1.15741	88.64
2025.11.07	18:17:00	1.15741	1.15748	1.15741	1.15746	47.92
2025.11.07	18:18:00	1.15745	1.15750	1.15736	1.15745	73.38
2025.11.07	18:19:00	1.15742	1.15742	1.15722	1.15722	44.39
2025.11.07	18:20:00	1.15723	1.15731	1.15723	1.15723	45.13
2025.11.07	18:21:00	1.15722	1.15724	1.15717	1.15722	45.33
2025.11.07	18:22:00	1.15722	1.15725	1.15719	1.15719	24.44
2025.11.07	18:23:00	1.15717	1.15722	1.15716	1.15722	25.79
2025.11.07	18:24:00	1.15722	1.15731	1.15722	1.15728	57.78
2025.11.07	18:25:00	1.15726	1.15728	1.15719	1.15723	59.92
2025.11.07	18:26:00	1.15725	1.15725	1.15722	1.15724	34.41
2025.11.07	18:27:00	1.15725	1.15725	1.15720	1.15722	18.74
2025.11.07	18:28:00	1.15722	1.15724	1.15715	1.15718	21.89
2025.11.07	18:29:00	1.15717	1.15722	1.15717	1.15718	19.12
2025.11.07	18:30:00	1.15719	1.15722	1.15717	1.15720	34.29
2025.11.07	18:31:00	1.15722	1.15725	1.15717	1.15723	23.49
2025.11.07	18:32:00	1.15724	1.15726	1.15708	1.15708	32.89
2025.11.07	18:33:00	1.15710	1.15719	1.15708	1.15718	21.27
2025.11.07	18:34:00	1.15720	1.15729	1.15717	1.15717	32.55
2025.11.07	18:35:00	1.15719	1.15723	1.15716	1.15723	16.05
2025.11.07	18:36:00	1.15724	1.15724	1.15722	1.15723	8.62
2025.11.07	18:37:00	1.15724	1.15725	1.15722	1.15723	38.86
2025.11.07	18:38:00	1.15723	1.15737	1.15719	1.15727	68.03
2025.11.07	18:39:00	1.15729	1.15730	1.15727	1.15729	16.20
2025.11.07	18:40:00	1.15731	1.15735	1.15723	1.15727	41.47
2025.11.07	18:41:00	1.15729	1.15735	1.15729	1.15734	30.42
2025.11.07	18:42:00	1.15735	1.15735	1.15732	1.15734	13.95
2025.11.07	18:43:00	1.15734	1.15734	1.15732	1.15732	18.45
2025.11.07	18:44:00	1.15734	1.15736	1.15725	1.15726	35.46
2025.11.07	18:45:00	1.15724	1.15732	1.15724	1.15732	41.66
2025.11.07	18:46:00	1.15731	1.15732	1.15713	1.15713	31.00
2025.11.07	18:47:00	1.15714	1.15714	1.15698	1.15701	60.62
2025.11.07	18:48:00	1.15702	1.15709	1.15698	1.15708	44.24
2025.11.07	18:49:00	1.15706	1.15708	1.15705	1.15708	8.62
2025.11.07	18:50:00	1.15708	1.15712	1.15707	1.15711	40.87
2025.11.07	18:51:00	1.15709	1.15711	1.15704	1.15707	103.12
2025.11.07	18:52:00	1.15704	1.15704	1.15694	1.15694	40.67
2025.11.07	18:53:00	1.15693	1.15693	1.15684	1.15690	37.96
2025.11.07	18:54:00	1.15691	1.15701	1.15687	1.15700	62.68
2025.11.07	18:55:00	1.15701	1.15710	1.15698	1.15698	41.71
2025.11.07	18:56:00	1.15698	1.15701	1.15697	1.15699	13.80
2025.11.07	18:57:00	1.15702	1.15708	1.15693	1.15693	48.87
2025.11.07	18:58:00	1.15694	1.15694	1.15681	1.15681	35.39
2025.11.07	18:59:00	1.15683	1.15684	1.15676	1.15682	56.22
2025.11.07	19:00:00	1.15680	1.15680	1.15667	1.15667	121.34
2025.11.07	19:01:00	1.15666	1.15672	1.15662	1.15668	72.76
2025.11.07	19:02:00	1.15667	1.15683	1.15667	1.15681	48.24
2025.11.07	19:03:00	1.15683	1.15687	1.15679	1.15683	54.45
2025.11.07	19:04:00	1.15684	1.15689	1.15684	1.15687	17.32
2025.11.07	19:05:00	1.15688	1.15690	1.15682	1.15684	40.95
2025.11.07	19:06:00	1.15686	1.15693	1.15684	1.15693	55.51
2025.11.07	19:07:00	1.15691	1.15697	1.15690	1.15697	103.68
2025.11.07	19:08:00	1.15698	1.15712	1.15696	1.15706	91.86
2025.11.07	19:09:00	1.15708	1.15710	1.15705	1.15705	45.33
2025.11.07	19:10:00	1.15706	1.15706	1.15700	1.15703	31.55
2025.11.07	19:11:00	1.15704	1.15710	1.15704	1.15708	73.94
2025.11.07	19:12:00	1.15709	1.15710	1.15703	1.15710	83.91
2025.11.07	19:13:00	1.15709	1.15714	1.15707	1.15714	84.15
2025.11.07	19:14:00	1.15715	1.15718	1.15713	1.15716	54.36
2025.11.07	19:15:00	1.15712	1.15713	1.15709	1.15711	37.42
2025.11.07	19:16:00	1.15712	1.15718	1.15711	1.15717	45.07
2025.11.07	19:17:00	1.15718	1.15719	1.15716	1.15717	23.56
2025.11.07	19:18:00	1.15717	1.15717	1.15715	1.15716	31.26
2025.11.07	19:19:00	1.15715	1.15723	1.15715	1.15722	73.47
2025.11.07	19:20:00	1.15724	1.15726	1.15715	1.15717	89.63
2025.11.07	19:21:00	1.15716	1.15717	1.15708	1.15708	37.04
2025.11.07	19:22:00	1.15708	1.15708	1.15706	1.15706	11.32
2025.11.07	19:23:00	1.15708	1.15708	1.15700	1.15702	12.22
2025.11.07	19:24:00	1.15702	1.15704	1.15696	1.15696	19.11
2025.11.07	19:25:00	1.15697	1.15701	1.15696	1.15698	11.70
2025.11.07	19:26:00	1.15701	1.15702	1.15696	1.15696	46.06
2025.11.07	19:27:00	1.15698	1.15698	1.15689	1.15689	14.76
2025.11.07	19:28:00	1.15691	1.15698	1.15690	1.15690	33.82
2025.11.07	19:29:00	1.15687	1.15687	1.15677	1.15677	31.12
2025.11.07	19:30:00	1.15675	1.15682	1.15669	1.15678	48.93
2025.11.07	19:31:00	1.15681	1.15682	1.15667	1.15672	93.53
2025.11.07	19:32:00	1.15672	1.15672	1.15662	1.15664	65.13
2025.11.07	19:33:00	1.15663	1.15668	1.15660	1.15662	31.21
2025.11.07	19:34:00	1.15661	1.15663	1.15652	1.15656	36.75
2025.11.07	19:35:00	1.15657	1.15658	1.15649	1.15649	28.12
2025.11.07	19:36:00	1.15650	1.15651	1.15643	1.15647	75.51
2025.11.07	19:37:00	1.15649	1.15660	1.15640	1.15640	107.36
2025.11.07	19:38:00	1.15639	1.15649	1.15638	1.15649	31.73
2025.11.07	19:39:00	1.15648	1.15655	1.15642	1.15650	51.63
2025.11.07	19:40:00	1.15649	1.15650	1.15630	1.15634	80.85
2025.11.07	19:41:00	1.15631	1.15635	1.15624	1.15625	54.49
2025.11.07	19:42:00	1.15625	1.15635	1.15625	1.15631	47.30
2025.11.07	19:43:00	1.15632	1.15633	1.15624	1.15624	32.75
2025.11.07	19:44:00	1.15624	1.15626	1.15609	1.15611	58.89
2025.11.07	19:45:00	1.15609	1.15614	1.15596	1.15613	79.07
2025.11.07	19:46:00	1.15615	1.15624	1.15610	1.15612	51.79
2025.11.07	19:47:00	1.15613	1.15629	1.15609	1.15625	87.77
2025.11.07	19:48:00	1.15624	1.15629	1.15576	1.15578	130.79
2025.11.07	19:49:00	1.15578	1.15585	1.15555	1.15560	103.09
2025.11.07	19:50:00	1.15559	1.15620	1.15559	1.15619	78.03
2025.11.07	19:51:00	1.15619	1.15631	1.15608	1.15610	62.60
2025.11.07	19:52:00	1.15608	1.15610	1.15601	1.15603	15.59
2025.11.07	19:53:00	1.15604	1.15613	1.15602	1.15613	36.77
2025.11.07	19:54:00	1.15614	1.15620	1.15610	1.15618	45.84
2025.11.07	19:55:00	1.15615	1.15615	1.15602	1.15605	46.99
2025.11.07	19:56:00	1.15603	1.15604	1.15593	1.15595	66.89
2025.11.07	19:57:00	1.15596	1.15602	1.15588	1.15588	63.05
2025.11.07	19:58:00	1.15590	1.15599	1.15588	1.15588	63.59
2025.11.07	19:59:00	1.15589	1.15595	1.15589	1.15595	16.65
2025.11.07	20:00:00	1.15594	1.15600	1.15577	1.15579	61.76
2025.11.07	20:01:00	1.15577	1.15594	1.15577	1.15583	54.14
2025.11.07	20:02:00	1.15579	1.15585	1.15579	1.15582	56.55
2025.11.07	20:03:00	1.15585	1.15585	1.15575	1.15577	30.18
2025.11.07	20:04:00	1.15578	1.15587	1.15578	1.15581	43.60
2025.11.07	20:05:00	1.15581	1.15613	1.15575	1.15605	184.50
2025.11.07	20:06:00	1.15605	1.15613	1.15605	1.15608	27.03
2025.11.07	20:07:00	1.15608	1.15613	1.15603	1.15613	79.06
2025.11.07	20:08:00	1.15610	1.15625	1.15606	1.15616	65.89
2025.11.07	20:09:00	1.15618	1.15626	1.15616	1.15618	30.43
2025.11.07	20:10:00	1.15617	1.15622	1.15610	1.15612	53.94
2025.11.07	20:11:00	1.15612	1.15619	1.15609	1.15614	30.27
2025.11.07	20:12:00	1.15615	1.15628	1.15614	1.15628	31.17
2025.11.07	20:13:00	1.15628	1.15638	1.15628	1.15637	57.87
2025.11.07	20:14:00	1.15637	1.15640	1.15632	1.15638	85.31
2025.11.07	20:15:00	1.15639	1.15644	1.15635	1.15644	46.98
2025.11.07	20:16:00	1.15641	1.15645	1.15636	1.15645	29.88
2025.11.07	20:17:00	1.15644	1.15645	1.15634	1.15636	39.12
2025.11.07	20:18:00	1.15639	1.15639	1.15629	1.15630	29.22
2025.11.07	20:19:00	1.15632	1.15639	1.15628	1.15639	37.25
2025.11.07	20:20:00	1.15640	1.15645	1.15633	1.15633	50.34
2025.11.07	20:21:00	1.15634	1.15638	1.15630	1.15631	40.09
2025.11.07	20:22:00	1.15633	1.15649	1.15633	1.15646	44.80
2025.11.07	20:23:00	1.15645	1.15647	1.15632	1.15634	32.28
2025.11.07	20:24:00	1.15633	1.15640	1.15633	1.15638	32.10
2025.11.07	20:25:00	1.15638	1.15643	1.15632	1.15634	67.46
2025.11.07	20:26:00	1.15637	1.15638	1.15622	1.15623	45.57
2025.11.07	20:27:00	1.15621	1.15625	1.15621	1.15623	8.24
2025.11.07	20:28:00	1.15625	1.15630	1.15621	1.15621	27.97
2025.11.07	20:29:00	1.15623	1.15628	1.15622	1.15628	22.59
2025.11.07	20:30:00	1.15626	1.15637	1.15626	1.15632	33.30
2025.11.07	20:31:00	1.15633	1.15642	1.15633	1.15641	24.75
2025.11.07	20:32:00	1.15643	1.15644	1.15640	1.15641	27.18
2025.11.07	20:33:00	1.15642	1.15643	1.15632	1.15632	24.21
2025.11.07	20:34:00	1.15633	1.15643	1.15632	1.15632	49.85
2025.11.07	20:35:00	1.15636	1.15644	1.15636	1.15641	31.71
2025.11.07	20:36:00	1.15639	1.15647	1.15639	1.15647	35.37
2025.11.07	20:37:00	1.15646	1.15650	1.15642	1.15647	80.65
2025.11.07	20:38:00	1.15648	1.15650	1.15645	1.15649	23.56
2025.11.07	20:39:00	1.15651	1.15654	1.15648	1.15653	37.42
2025.11.07	20:40:00	1.15655	1.15659	1.15650	1.15650	87.44
2025.11.07	20:41:00	1.15649	1.15657	1.15647	1.15655	48.95
2025.11.07	20:42:00	1.15656	1.15658	1.15653	1.15657	23.54
2025.11.07	20:43:00	1.15657	1.15662	1.15656	1.15661	29.32
2025.11.07	20:44:00	1.15663	1.15664	1.15657	1.15658	49.64
2025.11.07	20:45:00	1.15657	1.15661	1.15653	1.15658	48.48
2025.11.07	20:46:00	1.15660	1.15663	1.15658	1.15663	33.13
2025.11.07	20:47:00	1.15663	1.15663	1.15660	1.15661	17.07
2025.11.07	20:48:00	1.15661	1.15666	1.15661	1.15662	28.94
2025.11.07	20:49:00	1.15662	1.15664	1.15651	1.15652	42.73
2025.11.07	20:50:00	1.15652	1.15653	1.15652	1.15652	7.20
2025.11.07	20:51:00	1.15655	1.15656	1.15653	1.15653	22.05
2025.11.07	20:52:00	1.15653	1.15653	1.15641	1.15643	114.07
2025.11.07	20:53:00	1.15643	1.15651	1.15643	1.15647	45.00
2025.11.07	20:54:00	1.15648	1.15652	1.15647	1.15650	65.25
2025.11.07	20:55:00	1.15649	1.15649	1.15639	1.15642	75.18
2025.11.07	20:56:00	1.15641	1.15643	1.15636	1.15638	51.09
2025.11.07	20:57:00	1.15639	1.15640	1.15636	1.15638	80.20
2025.11.07	20:58:00	1.15640	1.15650	1.15637	1.15647	124.73
2025.11.07	20:59:00	1.15647	1.15647	1.15639	1.15642	134.39
2025.11.07	21:00:00	1.15642	1.15645	1.15640	1.15644	68.04
2025.11.07	21:01:00	1.15644	1.15649	1.15641	1.15642	35.14
2025.11.07	21:02:00	1.15644	1.15650	1.15643	1.15648	18.27
2025.11.07	21:03:00	1.15650	1.15653	1.15648	1.15650	24.66
2025.11.07	21:04:00	1.15649	1.15653	1.15649	1.15651	10.74
2025.11.07	21:05:00	1.15652	1.15653	1.15648	1.15649	33.24
2025.11.07	21:06:00	1.15649	1.15653	1.15649	1.15651	8.88
2025.11.07	21:07:00	1.15651	1.15657	1.15651	1.15656	11.91
2025.11.07	21:08:00	1.15658	1.15661	1.15656	1.15661	13.44
2025.11.07	21:09:00	1.15662	1.15663	1.15661	1.15662	26.61
2025.11.07	21:10:00	1.15662	1.15664	1.15662	1.15663	33.09
2025.11.07	21:11:00	1.15662	1.15663	1.15662	1.15663	13.80
2025.11.07	21:12:00	1.15662	1.15664	1.15661	1.15663	7.47
2025.11.07	21:13:00	1.15664	1.15666	1.15663	1.15663	7.41
2025.11.07	21:14:00	1.15662	1.15663	1.15660	1.15660	8.55
2025.11.07	21:15:00	1.15661	1.15666	1.15661	1.15661	28.08
2025.11.07	21:16:00	1.15662	1.15664	1.15661	1.15664	9.90
2025.11.07	21:17:00	1.15663	1.15663	1.15661	1.15663	8.10
2025.11.07	21:18:00	1.15660	1.15661	1.15660	1.15661	3.60
2025.11.07	21:20:00	1.15661	1.15661	1.15653	1.15653	14.04
2025.11.07	21:21:00	1.15654	1.15654	1.15652	1.15652	2.70
2025.11.07	21:22:00	1.15652	1.15652	1.15648	1.15648	11.79
2025.11.07	21:23:00	1.15649	1.15651	1.15648	1.15648	5.58
2025.11.07	21:25:00	1.15649	1.15651	1.15649	1.15651	1.80
2025.11.07	21:26:00	1.15652	1.15660	1.15652	1.15660	15.93
2025.11.07	21:27:00	1.15661	1.15662	1.15660	1.15660	13.32
2025.11.07	21:28:00	1.15660	1.15660	1.15651	1.15658	35.31
2025.11.07	21:29:00	1.15657	1.15660	1.15655	1.15659	29.25
2025.11.07	21:30:00	1.15659	1.15659	1.15644	1.15658	30.63
2025.11.07	21:31:00	1.15658	1.15663	1.15657	1.15663	15.60
2025.11.07	21:32:00	1.15662	1.15663	1.15662	1.15662	1.23
2025.11.07	21:33:00	1.15662	1.15662	1.15656	1.15658	5.31
2025.11.07	21:34:00	1.15655	1.15658	1.15654	1.15654	10.57
2025.11.07	21:35:00	1.15653	1.15653	1.15649	1.15653	6.30
2025.11.07	21:36:00	1.15649	1.15649	1.15639	1.15640	38.42
2025.11.07	21:37:00	1.15640	1.15642	1.15636	1.15638	14.62
2025.11.07	21:38:00	1.15637	1.15650	1.15637	1.15649	17.48
2025.11.07	21:39:00	1.15649	1.15649	1.15645	1.15645	11.83
2025.11.07	21:40:00	1.15646	1.15650	1.15645	1.15648	27.91
2025.11.07	21:41:00	1.15647	1.15649	1.15646	1.15648	3.60
2025.11.07	21:42:00	1.15648	1.15651	1.15648	1.15648	4.50
2025.11.07	21:43:00	1.15647	1.15647	1.15640	1.15642	11.70
2025.11.07	21:44:00	1.15640	1.15643	1.15634	1.15637	14.40
2025.11.07	21:45:00	1.15634	1.15637	1.15626	1.15627	56.96
2025.11.07	21:46:00	1.15628	1.15634	1.15624	1.15633	15.30
2025.11.07	21:47:00	1.15631	1.15632	1.15629	1.15631	7.20
2025.11.07	21:48:00	1.15633	1.15633	1.15615	1.15619	30.36
2025.11.07	21:49:00	1.15623	1.15623	1.15604	1.15604	126.26
2025.11.07	21:50:00	1.15604	1.15606	1.15588	1.15601	296.42
2025.11.07	21:51:00	1.15606	1.15607	1.15600	1.15607	85.51
2025.11.07	21:52:00	1.15604	1.15632	1.15603	1.15632	27.74
2025.11.07	21:53:00	1.15632	1.15637	1.15632	1.15635	13.50
2025.11.07	21:54:00	1.15638	1.15641	1.15637	1.15639	15.30
2025.11.07	21:55:00	1.15637	1.15642	1.15631	1.15639	41.41
2025.11.07	21:56:00	1.15638	1.15643	1.15633	1.15633	39.89
2025.11.07	21:57:00	1.15633	1.15652	1.15627	1.15636	144.80
2025.11.07	21:58:00	1.15634	1.15654	1.15612	1.15641	77.62
2025.11.07	21:59:00	1.15646	1.15657	1.15635	1.15656	61.44
2025.11.09	22:00:00	1.15562	1.15571	1.15548	1.15567	13.78
2025.11.09	22:01:00	1.15567	1.15567	1.15560	1.15560	2.01
2025.11.09	22:02:00	1.15560	1.15560	1.15560	1.15560	5.97
2025.11.09	22:03:00	1.15560	1.15561	1.15560	1.15561	4.15
2025.11.09	22:04:00	1.15561	1.15561	1.15561	1.15561	0.67
2025.11.09	22:05:00	1.15561	1.15561	1.15561	1.15561	1.17
2025.11.09	22:06:00	1.15564	1.15564	1.15563	1.15563	4.97
2025.11.09	22:07:00	1.15565	1.15567	1.15564	1.15567	8.32
2025.11.09	22:09:00	1.15567	1.15576	1.15567	1.15567	10.57
2025.11.09	22:10:00	1.15567	1.15578	1.15567	1.15578	4.49
2025.11.09	22:11:00	1.15577	1.15577	1.15577	1.15577	1.35
2025.11.09	22:12:00	1.15576	1.15577	1.15576	1.15577	1.80
2025.11.09	22:13:00	1.15578	1.15578	1.15578	1.15578	0.45
2025.11.09	22:14:00	1.15576	1.15578	1.15576	1.15578	2.70
2025.11.09	22:15:00	1.15578	1.15578	1.15578	1.15578	0.45
2025.11.09	22:16:00	1.15575	1.15575	1.15575	1.15575	0.90
2025.11.09	22:20:00	1.15577	1.15578	1.15577	1.15577	3.15
2025.11.09	22:21:00	1.15576	1.15577	1.15575	1.15575	9.90
2025.11.09	22:23:00	1.15576	1.15576	1.15576	1.15576	1.80
2025.11.09	22:24:00	1.15574	1.15574	1.15574	1.15574	0.67
2025.11.09	22:25:00	1.15573	1.15573	1.15572	1.15573	2.47
2025.11.09	22:26:00	1.15575	1.15575	1.15575	1.15575	1.80
2025.11.09	22:27:00	1.15573	1.15573	1.15573	1.15573	0.90
2025.11.09	22:28:00	1.15575	1.15575	1.15575	1.15575	1.80
2025.11.09	22:29:00	1.15574	1.15574	1.15573	1.15573	4.02
2025.11.09	22:30:00	1.15573	1.15574	1.15573	1.15573	8.04
2025.11.09	22:31:00	1.15574	1.15574	1.15570	1.15573	24.04
2025.11.09	22:32:00	1.15571	1.15572	1.15568	1.15568	24.07
2025.11.09	22:33:00	1.15572	1.15574	1.15567	1.15567	28.80
2025.11.09	22:34:00	1.15568	1.15568	1.15566	1.15568	7.20
2025.11.09	22:35:00	1.15568	1.15568	1.15562	1.15562	26.32
2025.11.09	22:36:00	1.15562	1.15562	1.15561	1.15562	5.40
2025.11.09	22:37:00	1.15561	1.15564	1.15559	1.15559	11.70
2025.11.09	22:38:00	1.15560	1.15560	1.15556	1.15558	18.90
2025.11.09	22:39:00	1.15557	1.15561	1.15557	1.15561	10.80
2025.11.09	22:40:00	1.15562	1.15562	1.15557	1.15561	35.10
2025.11.09	22:41:00	1.15558	1.15561	1.15557	1.15557	23.40
2025.11.09	22:42:00	1.15557	1.15559	1.15557	1.15557	25.20
2025.11.09	22:43:00	1.15559	1.15560	1.15556	1.15557	18.90
2025.11.09	22:44:00	1.15556	1.15561	1.15556	1.15557	26.10
2025.11.09	22:45:00	1.15559	1.15559	1.15554	1.15557	26.10
2025.11.09	22:46:00	1.15560	1.15560	1.15555	1.15558	25.20
2025.11.09	22:47:00	1.15559	1.15559	1.15556	1.15558	13.50
2025.11.09	22:49:00	1.15556	1.15558	1.15555	1.15558	14.91
2025.11.09	22:50:00	1.15556	1.15561	1.15555	1.15556	25.56
2025.11.09	22:51:00	1.15555	1.15555	1.15554	1.15554	2.70
2025.11.09	22:52:00	1.15554	1.15556	1.15554	1.15556	2.70
2025.11.09	22:53:00	1.15558	1.15561	1.15556	1.15559	23.95
2025.11.09	22:54:00	1.15560	1.15561	1.15558	1.15559	16.95
2025.11.09	22:55:00	1.15557	1.15557	1.15557	1.15557	1.80
2025.11.09	22:56:00	1.15560	1.15561	1.15555	1.15556	20.34
2025.11.09	22:57:00	1.15555	1.15559	1.15554	1.15556	45.99
2025.11.09	22:58:00	1.15558	1.15577	1.15556	1.15566	105.30
2025.11.09	22:59:00	1.15568	1.15575	1.15560	1.15569	89.46
2025.11.09	23:00:00	1.15571	1.15582	1.15555	1.15555	397.80
2025.11.09	23:01:00	1.15555	1.15560	1.15528	1.15532	213.50
2025.11.09	23:02:00	1.15533	1.15538	1.15530	1.15536	65.25
2025.11.09	23:03:00	1.15536	1.15538	1.15527	1.15535	114.30
2025.11.09	23:04:00	1.15535	1.15535	1.15518	1.15525	55.80
2025.11.09	23:05:00	1.15523	1.15523	1.15480	1.15485	176.40
2025.11.09	23:06:00	1.15485	1.15500	1.15484	1.15498	153.00
2025.11.09	23:07:00	1.15499	1.15502	1.15491	1.15493	31.35
2025.11.09	23:08:00	1.15494	1.15506	1.15493	1.15502	28.05
2025.11.09	23:09:00	1.15500	1.15500	1.15459	1.15479	109.23
2025.11.09	23:10:00	1.15483	1.15505	1.15478	1.15493	492.97
2025.11.09	23:11:00	1.15492	1.15503	1.15492	1.15497	202.50
2025.11.09	23:12:00	1.15498	1.15498	1.15480	1.15489	144.00
2025.11.09	23:13:00	1.15490	1.15490	1.15476	1.15485	99.36
2025.11.09	23:14:00	1.15487	1.15501	1.15484	1.15488	58.23
2025.11.09	23:15:00	1.15488	1.15499	1.15476	1.15477	80.18
2025.11.09	23:16:00	1.15474	1.15475	1.15468	1.15472	28.72
2025.11.09	23:17:00	1.15472	1.15472	1.15461	1.15464	49.78
2025.11.09	23:18:00	1.15466	1.15468	1.15458	1.15464	49.30
2025.11.09	23:19:00	1.15466	1.15471	1.15462	1.15470	22.40
2025.11.09	23:20:00	1.15468	1.15483	1.15468	1.15476	27.51
2025.11.09	23:21:00	1.15478	1.15485	1.15472	1.15485	16.76
2025.11.09	23:22:00	1.15483	1.15483	1.15473	1.15473	15.80
2025.11.09	23:23:00	1.15470	1.15471	1.15465	1.15469	14.02
2025.11.09	23:24:00	1.15470	1.15485	1.15469	1.15484	21.33
2025.11.09	23:25:00	1.15485	1.15485	1.15473	1.15475	22.06
2025.11.09	23:26:00	1.15474	1.15474	1.15471	1.15473	9.42
2025.11.09	23:27:00	1.15475	1.15480	1.15468	1.15478	124.41
2025.11.09	23:28:00	1.15475	1.15480	1.15471	1.15475	56.39
2025.11.09	23:29:00	1.15475	1.15477	1.15466	1.15471	74.22
2025.11.09	23:30:00	1.15471	1.15472	1.15466	1.15469	38.41
2025.11.09	23:31:00	1.15469	1.15490	1.15465	1.15487	99.30
2025.11.09	23:32:00	1.15483	1.15486	1.15468	1.15479	157.66
2025.11.09	23:33:00	1.15478	1.15497	1.15474	1.15490	199.67
2025.11.09	23:34:00	1.15491	1.15494	1.15468	1.15469	182.46
2025.11.09	23:35:00	1.15469	1.15471	1.15461	1.15468	62.38
2025.11.09	23:36:00	1.15468	1.15470	1.15460	1.15468	32.92
2025.11.09	23:37:00	1.15466	1.15470	1.15466	1.15468	22.50
2025.11.09	23:38:00	1.15468	1.15470	1.15465	1.15470	33.75
2025.11.09	23:39:00	1.15470	1.15487	1.15466	1.15470	98.89
2025.11.09	23:40:00	1.15469	1.15469	1.15460	1.15461	31.20
2025.11.09	23:41:00	1.15460	1.15463	1.15453	1.15453	32.51
2025.11.09	23:42:00	1.15455	1.15456	1.15448	1.15451	17.47
2025.11.09	23:43:00	1.15449	1.15453	1.15448	1.15448	22.63
2025.11.09	23:44:00	1.15447	1.15450	1.15428	1.15435	169.46
2025.11.09	23:45:00	1.15436	1.15438	1.15421	1.15423	109.33
2025.11.09	23:46:00	1.15425	1.15429	1.15416	1.15428	123.30
2025.11.09	23:47:00	1.15428	1.15429	1.15413	1.15423	127.03
2025.11.09	23:48:00	1.15422	1.15428	1.15416	1.15424	46.80
2025.11.09	23:49:00	1.15424	1.15427	1.15419	1.15423	45.81
2025.11.09	23:50:00	1.15420	1.15436	1.15420	1.15427	72.47
2025.11.09	23:51:00	1.15428	1.15432	1.15422	1.15426	28.80
2025.11.09	23:52:00	1.15426	1.15431	1.15422	1.15430	14.85
2025.11.09	23:53:00	1.15430	1.15431	1.15427	1.15429	31.73
2025.11.09	23:54:00	1.15429	1.15432	1.15425	1.15425	21.54
2025.11.09	23:55:00	1.15424	1.15434	1.15422	1.15432	35.11
2025.11.09	23:56:00	1.15432	1.15433	1.15422	1.15422	23.66
2025.11.09	23:57:00	1.15420	1.15431	1.15419	1.15422	36.64
2025.11.09	23:58:00	1.15424	1.15429	1.15424	1.15429	5.92
2025.11.09	23:59:00	1.15431	1.15435	1.15428	1.15433	21.71
2025.11.10	00:00:00	1.15434	1.15597	1.15429	1.15537	228.74
2025.11.10	00:01:00	1.15537	1.15539	1.15482	1.15495	298.21
2025.11.10	00:02:00	1.15493	1.15516	1.15487	1.15513	179.15
2025.11.10	00:03:00	1.15517	1.15523	1.15480	1.15480	112.43
2025.11.10	00:04:00	1.15481	1.15500	1.15480	1.15495	143.13
2025.11.10	00:05:00	1.15495	1.15513	1.15488	1.15513	101.83
2025.11.10	00:06:00	1.15511	1.15521	1.15507	1.15519	57.95
2025.11.10	00:07:00	1.15521	1.15524	1.15508	1.15511	45.64
2025.11.10	00:08:00	1.15509	1.15519	1.15505	1.15505	46.75
2025.11.10	00:09:00	1.15505	1.15505	1.15465	1.15472	75.14
2025.11.10	00:10:00	1.15469	1.15494	1.15469	1.15491	67.63
2025.11.10	00:11:00	1.15489	1.15512	1.15487	1.15510	32.94
2025.11.10	00:12:00	1.15508	1.15513	1.15503	1.15508	32.59
2025.11.10	00:13:00	1.15511	1.15519	1.15504	1.15513	53.73
2025.11.10	00:14:00	1.15513	1.15513	1.15490	1.15498	42.25
2025.11.10	00:15:00	1.15494	1.15499	1.15487	1.15494	48.88
2025.11.10	00:16:00	1.15494	1.15514	1.15494	1.15513	39.38
2025.11.10	00:17:00	1.15513	1.15514	1.15507	1.15508	30.49
2025.11.10	00:18:00	1.15509	1.15511	1.15494	1.15496	30.42
2025.11.10	00:19:00	1.15499	1.15499	1.15486	1.15489	30.57
2025.11.10	00:20:00	1.15485	1.15487	1.15477	1.15484	14.38
2025.11.10	00:21:00	1.15483	1.15485	1.15473	1.15476	25.10
2025.11.10	00:22:00	1.15477	1.15512	1.15477	1.15512	63.21
2025.11.10	00:23:00	1.15510	1.15515	1.15503	1.15514	50.10
2025.11.10	00:24:00	1.15512	1.15529	1.15512	1.15523	41.18
2025.11.10	00:25:00	1.15522	1.15523	1.15513	1.15516	39.50
2025.11.10	00:26:00	1.15517	1.15531	1.15512	1.15531	23.85
2025.11.10	00:27:00	1.15529	1.15544	1.15528	1.15533	30.50
2025.11.10	00:28:00	1.15536	1.15536	1.15529	1.15531	15.30
2025.11.10	00:29:00	1.15528	1.15531	1.15513	1.15519	53.97
2025.11.10	00:30:00	1.15523	1.15551	1.15519	1.15549	54.79
2025.11.10	00:31:00	1.15549	1.15551	1.15530	1.15537	46.44
2025.11.10	00:32:00	1.15537	1.15537	1.15527	1.15529	48.89
2025.11.10	00:33:00	1.15527	1.15544	1.15523	1.15542	98.56
2025.11.10	00:34:00	1.15543	1.15552	1.15542	1.15546	27.79
2025.11.10	00:35:00	1.15546	1.15546	1.15531	1.15532	75.39
2025.11.10	00:36:00	1.15533	1.15538	1.15530	1.15533	48.88
2025.11.10	00:37:00	1.15534	1.15545	1.15534	1.15544	36.00
2025.11.10	00:38:00	1.15543	1.15548	1.15543	1.15545	29.88
2025.11.10	00:39:00	1.15543	1.15544	1.15539	1.15540	15.39
2025.11.10	00:40:00	1.15537	1.15537	1.15524	1.15531	29.88
2025.11.10	00:41:00	1.15530	1.15535	1.15516	1.15518	51.17
2025.11.10	00:42:00	1.15517	1.15525	1.15516	1.15522	53.58
2025.11.10	00:43:00	1.15521	1.15525	1.15514	1.15524	72.51
2025.11.10	00:44:00	1.15524	1.15541	1.15522	1.15532	73.17
2025.11.10	00:45:00	1.15533	1.15538	1.15531	1.15538	33.26
2025.11.10	00:46:00	1.15537	1.15560	1.15534	1.15559	54.91
2025.11.10	00:47:00	1.15560	1.15561	1.15552	1.15555	80.93
2025.11.10	00:48:00	1.15554	1.15560	1.15553	1.15555	31.83
2025.11.10	00:49:00	1.15557	1.15563	1.15553	1.15555	33.32
2025.11.10	00:50:00	1.15556	1.15565	1.15551	1.15554	35.74
2025.11.10	00:51:00	1.15549	1.15567	1.15549	1.15554	61.17
2025.11.10	00:52:00	1.15557	1.15558	1.15549	1.15556	28.59
2025.11.10	00:53:00	1.15556	1.15560	1.15547	1.15551	34.62
2025.11.10	00:54:00	1.15552	1.15553	1.15533	1.15535	77.37
2025.11.10	00:55:00	1.15535	1.15553	1.15528	1.15553	155.92
2025.11.10	00:56:00	1.15552	1.15553	1.15546	1.15546	56.58
2025.11.10	00:57:00	1.15548	1.15555	1.15537	1.15550	61.34
2025.11.10	00:58:00	1.15551	1.15553	1.15540	1.15544	28.19
2025.11.10	00:59:00	1.15542	1.15545	1.15541	1.15541	21.03
2025.11.10	01:00:00	1.15543	1.15544	1.15513	1.15529	98.93
2025.11.10	01:01:00	1.15528	1.15531	1.15507	1.15519	99.39
2025.11.10	01:02:00	1.15521	1.15521	1.15467	1.15467	70.94
2025.11.10	01:03:00	1.15466	1.15478	1.15464	1.15467	87.06
2025.11.10	01:04:00	1.15469	1.15482	1.15468	1.15473	34.08
2025.11.10	01:05:00	1.15476	1.15490	1.15470	1.15470	57.24
2025.11.10	01:06:00	1.15472	1.15489	1.15471	1.15488	70.21
2025.11.10	01:07:00	1.15490	1.15498	1.15487	1.15494	25.70
2025.11.10	01:08:00	1.15494	1.15505	1.15493	1.15503	59.15
2025.11.10	01:09:00	1.15501	1.15514	1.15499	1.15511	62.82
2025.11.10	01:10:00	1.15510	1.15525	1.15510	1.15520	42.36
2025.11.10	01:11:00	1.15522	1.15553	1.15520	1.15544	56.59
2025.11.10	01:12:00	1.15547	1.15553	1.15542	1.15544	40.02
2025.11.10	01:13:00	1.15540	1.15546	1.15524	1.15530	57.76
2025.11.10	01:14:00	1.15529	1.15533	1.15527	1.15529	24.44
2025.11.10	01:15:00	1.15530	1.15550	1.15530	1.15550	35.83
2025.11.10	01:16:00	1.15546	1.15549	1.15541	1.15543	39.22
2025.11.10	01:17:00	1.15543	1.15543	1.15528	1.15532	98.89
2025.11.10	01:18:00	1.15538	1.15554	1.15537	1.15551	87.31
2025.11.10	01:19:00	1.15550	1.15551	1.15535	1.15540	34.29
2025.11.10	01:20:00	1.15538	1.15552	1.15538	1.15551	53.03
2025.11.10	01:21:00	1.15551	1.15570	1.15551	1.15569	49.55
2025.11.10	01:22:00	1.15569	1.15583	1.15569	1.15578	48.61
2025.11.10	01:23:00	1.15580	1.15584	1.15577	1.15579	23.48
2025.11.10	01:24:00	1.15578	1.15594	1.15574	1.15594	46.41
2025.11.10	01:25:00	1.15592	1.15592	1.15582	1.15582	21.93
2025.11.10	01:26:00	1.15583	1.15597	1.15580	1.15583	41.96
2025.11.10	01:27:00	1.15582	1.15585	1.15572	1.15574	34.04
2025.11.10	01:28:00	1.15574	1.15575	1.15571	1.15573	24.82
2025.11.10	01:29:00	1.15573	1.15583	1.15572	1.15583	59.85
2025.11.10	01:30:00	1.15584	1.15588	1.15574	1.15577	47.98
2025.11.10	01:31:00	1.15577	1.15577	1.15567	1.15568	32.40
2025.11.10	01:32:00	1.15567	1.15577	1.15564	1.15569	40.19
2025.11.10	01:33:00	1.15570	1.15573	1.15566	1.15573	28.04
2025.11.10	01:34:00	1.15575	1.15579	1.15571	1.15574	29.31
2025.11.10	01:35:00	1.15573	1.15583	1.15573	1.15581	46.14
2025.11.10	01:36:00	1.15584	1.15584	1.15577	1.15583	33.34
2025.11.10	01:37:00	1.15584	1.15587	1.15582	1.15582	35.73
2025.11.10	01:38:00	1.15583	1.15591	1.15578	1.15580	71.56
2025.11.10	01:39:00	1.15579	1.15580	1.15570	1.15573	38.20
2025.11.10	01:40:00	1.15575	1.15579	1.15570	1.15579	26.99
2025.11.10	01:41:00	1.15583	1.15583	1.15580	1.15582	14.24
2025.11.10	01:42:00	1.15582	1.15586	1.15568	1.15570	29.19
2025.11.10	01:43:00	1.15569	1.15579	1.15569	1.15575	11.01
2025.11.10	01:44:00	1.15578	1.15586	1.15576	1.15583	25.20
2025.11.10	01:45:00	1.15582	1.15591	1.15580	1.15583	20.32
2025.11.10	01:46:00	1.15589	1.15599	1.15587	1.15594	50.58
2025.11.10	01:47:00	1.15591	1.15595	1.15589	1.15590	13.50
2025.11.10	01:48:00	1.15588	1.15598	1.15586	1.15598	19.44
2025.11.10	01:49:00	1.15597	1.15602	1.15588	1.15589	28.05
2025.11.10	01:50:00	1.15590	1.15590	1.15584	1.15584	9.52
2025.11.10	01:51:00	1.15583	1.15584	1.15576	1.15579	18.52
2025.11.10	01:52:00	1.15578	1.15584	1.15577	1.15583	33.46
2025.11.10	01:53:00	1.15582	1.15582	1.15565	1.15577	40.33
2025.11.10	01:54:00	1.15576	1.15587	1.15576	1.15586	22.35
2025.11.10	01:55:00	1.15587	1.15594	1.15585	1.15591	30.22
2025.11.10	01:56:00	1.15590	1.15595	1.15589	1.15595	15.84
2025.11.10	01:57:00	1.15595	1.15597	1.15574	1.15576	61.16
2025.11.10	01:58:00	1.15577	1.15581	1.15571	1.15574	80.93
2025.11.10	01:59:00	1.15573	1.15581	1.15568	1.15579	29.06
2025.11.10	02:00:00	1.15579	1.15583	1.15568	1.15574	45.38
2025.11.10	02:01:00	1.15573	1.15577	1.15572	1.15572	23.23
2025.11.10	02:02:00	1.15571	1.15572	1.15561	1.15563	11.98
2025.11.10	02:03:00	1.15562	1.15569	1.15562	1.15567	17.17
2025.11.10	02:04:00	1.15567	1.15575	1.15566	1.15573	70.14
2025.11.10	02:05:00	1.15574	1.15574	1.15560	1.15566	50.49
2025.11.10	02:06:00	1.15565	1.15576	1.15565	1.15571	28.60
2025.11.10	02:07:00	1.15570	1.15574	1.15564	1.15565	17.69
2025.11.10	02:08:00	1.15562	1.15562	1.15551	1.15551	17.24
2025.11.10	02:09:00	1.15550	1.15554	1.15547	1.15554	19.91
2025.11.10	02:10:00	1.15553	1.15564	1.15552	1.15558	26.72
2025.11.10	02:11:00	1.15557	1.15562	1.15553	1.15556	35.94
2025.11.10	02:12:00	1.15553	1.15555	1.15547	1.15547	30.12
2025.11.10	02:13:00	1.15546	1.15554	1.15546	1.15553	74.28
2025.11.10	02:14:00	1.15551	1.15562	1.15551	1.15562	52.45
2025.11.10	02:15:00	1.15561	1.15562	1.15552	1.15556	51.93
2025.11.10	02:16:00	1.15557	1.15566	1.15554	1.15565	25.79
2025.11.10	02:17:00	1.15565	1.15572	1.15565	1.15569	17.10
2025.11.10	02:18:00	1.15571	1.15571	1.15565	1.15568	18.00
2025.11.10	02:19:00	1.15566	1.15571	1.15565	1.15570	18.96
2025.11.10	02:20:00	1.15568	1.15570	1.15565	1.15570	18.90
2025.11.10	02:21:00	1.15569	1.15577	1.15569	1.15577	8.19
2025.11.10	02:22:00	1.15575	1.15584	1.15571	1.15581	23.54
2025.11.10	02:23:00	1.15581	1.15586	1.15581	1.15585	8.62
2025.11.10	02:24:00	1.15588	1.15590	1.15584	1.15588	20.32
2025.11.10	02:25:00	1.15587	1.15592	1.15584	1.15590	59.37
2025.11.10	02:26:00	1.15590	1.15595	1.15590	1.15593	31.86
2025.11.10	02:27:00	1.15593	1.15594	1.15586	1.15590	63.03
2025.11.10	02:28:00	1.15590	1.15590	1.15586	1.15587	29.01
2025.11.10	02:29:00	1.15587	1.15587	1.15582	1.15582	19.94
2025.11.10	02:30:00	1.15581	1.15585	1.15580	1.15585	14.04
2025.11.10	02:31:00	1.15582	1.15582	1.15564	1.15567	24.01
2025.11.10	02:32:00	1.15568	1.15570	1.15558	1.15565	22.75
2025.11.10	02:33:00	1.15569	1.15570	1.15558	1.15565	33.39
2025.11.10	02:34:00	1.15566	1.15581	1.15565	1.15581	29.67
2025.11.10	02:35:00	1.15579	1.15579	1.15573	1.15576	65.61
2025.11.10	02:36:00	1.15577	1.15581	1.15573	1.15581	35.55
2025.11.10	02:37:00	1.15581	1.15590	1.15579	1.15585	40.50
2025.11.10	02:38:00	1.15584	1.15586	1.15580	1.15582	48.66
2025.11.10	02:39:00	1.15583	1.15589	1.15580	1.15580	61.77
2025.11.10	02:40:00	1.15580	1.15580	1.15576	1.15578	63.14
2025.11.10	02:41:00	1.15577	1.15590	1.15577	1.15589	36.57
2025.11.10	02:42:00	1.15588	1.15599	1.15588	1.15598	40.86
2025.11.10	02:43:00	1.15598	1.15606	1.15590	1.15590	35.06
2025.11.10	02:44:00	1.15589	1.15595	1.15589	1.15593	8.10
2025.11.10	02:45:00	1.15593	1.15593	1.15584	1.15584	17.24
2025.11.10	02:46:00	1.15581	1.15586	1.15581	1.15584	10.81
2025.11.10	02:47:00	1.15583	1.15591	1.15583	1.15589	36.63
2025.11.10	02:48:00	1.15590	1.15591	1.15589	1.15589	6.42
2025.11.10	02:49:00	1.15591	1.15595	1.15589	1.15590	12.15
2025.11.10	02:50:00	1.15591	1.15594	1.15589	1.15590	15.30
2025.11.10	02:51:00	1.15588	1.15590	1.15588	1.15590	2.70
2025.11.10	02:52:00	1.15588	1.15594	1.15588	1.15590	27.18
2025.11.10	02:53:00	1.15590	1.15590	1.15585	1.15585	13.05
2025.11.10	02:54:00	1.15585	1.15585	1.15580	1.15583	12.15
2025.11.10	02:55:00	1.15582	1.15582	1.15573	1.15574	26.28
2025.11.10	02:56:00	1.15574	1.15580	1.15574	1.15580	13.50
2025.11.10	02:57:00	1.15578	1.15580	1.15573	1.15575	27.00
2025.11.10	02:58:00	1.15576	1.15577	1.15573	1.15573	9.90
2025.11.10	02:59:00	1.15574	1.15583	1.15574	1.15578	13.72
2025.11.10	03:00:00	1.15577	1.15584	1.15574	1.15584	33.30
2025.11.10	03:01:00	1.15584	1.15585	1.15584	1.15584	8.10
2025.11.10	03:02:00	1.15582	1.15584	1.15574	1.15575	13.95
2025.11.10	03:03:00	1.15573	1.15575	1.15569	1.15570	9.00
2025.11.10	03:04:00	1.15572	1.15575	1.15568	1.15570	9.14
2025.11.10	03:05:00	1.15567	1.15567	1.15555	1.15558	25.76
2025.11.10	03:06:00	1.15557	1.15561	1.15553	1.15560	14.40
2025.11.10	03:07:00	1.15562	1.15566	1.15556	1.15556	19.42
2025.11.10	03:08:00	1.15553	1.15554	1.15551	1.15554	11.84
2025.11.10	03:09:00	1.15554	1.15560	1.15553	1.15560	7.20
2025.11.10	03:10:00	1.15563	1.15571	1.15563	1.15571	17.54
2025.11.10	03:11:00	1.15569	1.15571	1.15569	1.15569	5.40
2025.11.10	03:12:00	1.15567	1.15575	1.15562	1.15575	39.05
2025.11.10	03:13:00	1.15577	1.15577	1.15570	1.15575	41.42
2025.11.10	03:14:00	1.15575	1.15575	1.15574	1.15574	7.20
2025.11.10	03:15:00	1.15573	1.15574	1.15567	1.15568	41.26
2025.11.10	03:16:00	1.15567	1.15568	1.15554	1.15564	40.40
2025.11.10	03:17:00	1.15561	1.15561	1.15545	1.15548	48.58
2025.11.10	03:18:00	1.15548	1.15550	1.15543	1.15544	50.29
2025.11.10	03:19:00	1.15544	1.15544	1.15538	1.15539	15.90
2025.11.10	03:20:00	1.15539	1.15540	1.15535	1.15540	18.35
2025.11.10	03:21:00	1.15541	1.15553	1.15541	1.15551	26.10
2025.11.10	03:22:00	1.15551	1.15551	1.15547	1.15548	17.99
2025.11.10	03:23:00	1.15549	1.15551	1.15546	1.15551	10.04
2025.11.10	03:24:00	1.15550	1.15553	1.15550	1.15553	6.30
2025.11.10	03:25:00	1.15553	1.15555	1.15549	1.15554	23.56
2025.11.10	03:26:00	1.15555	1.15557	1.15543	1.15544	45.42
2025.11.10	03:27:00	1.15544	1.15549	1.15543	1.15546	49.81
2025.11.10	03:28:00	1.15546	1.15548	1.15536	1.15538	21.23
2025.11.10	03:29:00	1.15539	1.15546	1.15537	1.15544	17.24
2025.11.10	03:30:00	1.15546	1.15547	1.15540	1.15542	18.90
2025.11.10	03:31:00	1.15540	1.15554	1.15537	1.15548	44.49
2025.11.10	03:32:00	1.15547	1.15550	1.15538	1.15538	18.14
2025.11.10	03:33:00	1.15538	1.15542	1.15538	1.15539	10.42
2025.11.10	03:34:00	1.15539	1.15539	1.15529	1.15534	23.83
2025.11.10	03:35:00	1.15532	1.15532	1.15521	1.15521	39.81
2025.11.10	03:36:00	1.15522	1.15528	1.15522	1.15525	15.30
2025.11.10	03:37:00	1.15524	1.15524	1.15519	1.15519	36.07
2025.11.10	03:38:00	1.15517	1.15517	1.15512	1.15513	18.36
2025.11.10	03:39:00	1.15515	1.15530	1.15513	1.15530	27.90
2025.11.10	03:40:00	1.15530	1.15530	1.15513	1.15516	84.68
2025.11.10	03:41:00	1.15516	1.15530	1.15516	1.15523	42.45
2025.11.10	03:42:00	1.15523	1.15529	1.15518	1.15528	59.61
2025.11.10	03:43:00	1.15527	1.15528	1.15522	1.15524	56.14
2025.11.10	03:44:00	1.15524	1.15526	1.15518	1.15518	20.65
2025.11.10	03:45:00	1.15517	1.15527	1.15517	1.15523	50.78
2025.11.10	03:46:00	1.15523	1.15531	1.15523	1.15530	13.04
2025.11.10	03:47:00	1.15532	1.15535	1.15529	1.15530	22.66
2025.11.10	03:48:00	1.15530	1.15534	1.15528	1.15529	30.68
2025.11.10	03:49:00	1.15529	1.15529	1.15513	1.15522	57.11
2025.11.10	03:50:00	1.15523	1.15524	1.15522	1.15523	7.72
2025.11.10	03:52:00	1.15525	1.15532	1.15525	1.15532	38.16
2025.11.10	03:53:00	1.15533	1.15534	1.15532	1.15534	9.36
2025.11.10	03:54:00	1.15534	1.15535	1.15533	1.15533	8.18
2025.11.10	03:55:00	1.15533	1.15539	1.15530	1.15538	37.72
2025.11.10	03:56:00	1.15538	1.15539	1.15533	1.15537	20.93
2025.11.10	03:57:00	1.15539	1.15544	1.15537	1.15543	26.39
2025.11.10	03:58:00	1.15543	1.15545	1.15541	1.15545	34.70
2025.11.10	03:59:00	1.15545	1.15545	1.15544	1.15545	2.32
2025.11.10	04:00:00	1.15547	1.15556	1.15547	1.15554	26.90
2025.11.10	04:01:00	1.15555	1.15579	1.15555	1.15579	48.24
2025.11.10	04:02:00	1.15581	1.15583	1.15578	1.15580	32.10
2025.11.10	04:03:00	1.15579	1.15594	1.15577	1.15590	24.15
2025.11.10	04:04:00	1.15592	1.15592	1.15578	1.15578	14.47
2025.11.10	04:05:00	1.15577	1.15577	1.15565	1.15569	21.50
2025.11.10	04:06:00	1.15569	1.15577	1.15569	1.15576	45.19
2025.11.10	04:07:00	1.15576	1.15579	1.15569	1.15569	26.56
2025.11.10	04:08:00	1.15569	1.15569	1.15561	1.15565	21.12
2025.11.10	04:09:00	1.15566	1.15566	1.15563	1.15563	7.34
2025.11.10	04:10:00	1.15565	1.15565	1.15563	1.15563	7.72
2025.11.10	04:11:00	1.15563	1.15563	1.15554	1.15563	26.76
2025.11.10	04:12:00	1.15561	1.15561	1.15559	1.15560	6.44
2025.11.10	04:13:00	1.15561	1.15567	1.15559	1.15567	13.57
2025.11.10	04:14:00	1.15567	1.15570	1.15564	1.15564	20.98
2025.11.10	04:15:00	1.15566	1.15569	1.15566	1.15568	9.66
2025.11.10	04:16:00	1.15566	1.15566	1.15552	1.15555	25.39
2025.11.10	04:17:00	1.15555	1.15559	1.15552	1.15558	28.32
2025.11.10	04:18:00	1.15557	1.15565	1.15557	1.15564	38.16
2025.11.10	04:19:00	1.15561	1.15564	1.15561	1.15562	14.40
2025.11.10	04:20:00	1.15564	1.15570	1.15561	1.15562	20.84
2025.11.10	04:21:00	1.15564	1.15564	1.15561	1.15563	19.89
2025.11.10	04:22:00	1.15565	1.15575	1.15565	1.15573	19.80
2025.11.10	04:23:00	1.15572	1.15577	1.15572	1.15575	8.19
2025.11.10	04:24:00	1.15574	1.15576	1.15568	1.15573	58.22
2025.11.10	04:25:00	1.15574	1.15580	1.15574	1.15578	28.58
2025.11.10	04:26:00	1.15580	1.15580	1.15580	1.15580	0.90
2025.11.10	04:28:00	1.15582	1.15583	1.15579	1.15583	20.70
2025.11.10	04:29:00	1.15583	1.15583	1.15582	1.15582	8.64
2025.11.10	04:30:00	1.15582	1.15593	1.15582	1.15589	43.81
2025.11.10	04:31:00	1.15587	1.15596	1.15587	1.15596	12.60
2025.11.10	04:32:00	1.15597	1.15604	1.15594	1.15604	32.14
2025.11.10	04:33:00	1.15603	1.15604	1.15595	1.15600	39.69
2025.11.10	04:34:00	1.15599	1.15599	1.15588	1.15591	23.56
2025.11.10	04:35:00	1.15590	1.15611	1.15590	1.15610	60.23
2025.11.10	04:36:00	1.15610	1.15624	1.15610	1.15623	35.71
2025.11.10	04:37:00	1.15623	1.15623	1.15618	1.15619	36.71
2025.11.10	04:38:00	1.15621	1.15621	1.15611	1.15613	31.74
2025.11.10	04:39:00	1.15615	1.15621	1.15614	1.15614	13.21
2025.11.10	04:40:00	1.15616	1.15620	1.15613	1.15614	14.51
2025.11.10	04:41:00	1.15613	1.15616	1.15613	1.15615	6.96
2025.11.10	04:42:00	1.15614	1.15614	1.15608	1.15609	11.98
2025.11.10	04:43:00	1.15607	1.15611	1.15599	1.15601	26.14
2025.11.10	04:44:00	1.15600	1.15602	1.15594	1.15594	30.85
2025.11.10	04:45:00	1.15593	1.15595	1.15593	1.15595	2.32
2025.11.10	04:46:00	1.15594	1.15594	1.15588	1.15590	20.60
2025.11.10	04:47:00	1.15590	1.15591	1.15581	1.15589	72.14
2025.11.10	04:48:00	1.15589	1.15597	1.15588	1.15597	20.74
2025.11.10	04:49:00	1.15596	1.15597	1.15593	1.15597	7.72
2025.11.10	04:50:00	1.15594	1.15594	1.15588	1.15589	7.27
2025.11.10	04:51:00	1.15587	1.15589	1.15587	1.15589	9.66
2025.11.10	04:52:00	1.15588	1.15607	1.15588	1.15604	44.14
2025.11.10	04:53:00	1.15607	1.15609	1.15604	1.15607	28.70
2025.11.10	04:54:00	1.15608	1.15614	1.15607	1.15614	18.66
2025.11.10	04:55:00	1.15614	1.15614	1.15610	1.15611	14.40
2025.11.10	04:56:00	1.15609	1.15611	1.15607	1.15609	10.94
2025.11.10	04:57:00	1.15610	1.15611	1.15610	1.15610	4.50
2025.11.10	04:58:00	1.15612	1.15615	1.15609	1.15614	18.90
2025.11.10	04:59:00	1.15614	1.15614	1.15608	1.15609	9.70
2025.11.10	05:00:00	1.15610	1.15612	1.15608	1.15611	16.81
2025.11.10	05:01:00	1.15614	1.15614	1.15608	1.15610	11.98
2025.11.10	05:02:00	1.15613	1.15619	1.15609	1.15613	10.16
2025.11.10	05:03:00	1.15611	1.15611	1.15608	1.15609	10.18
2025.11.10	05:04:00	1.15611	1.15612	1.15601	1.15610	14.47
2025.11.10	05:05:00	1.15609	1.15609	1.15604	1.15608	3.89
2025.11.10	05:06:00	1.15607	1.15610	1.15598	1.15601	27.57
2025.11.10	05:07:00	1.15599	1.15604	1.15599	1.15604	7.79
2025.11.10	05:08:00	1.15607	1.15608	1.15604	1.15604	11.46
2025.11.10	05:09:00	1.15602	1.15604	1.15597	1.15602	27.30
2025.11.10	05:10:00	1.15602	1.15603	1.15591	1.15598	69.80
2025.11.10	05:11:00	1.15597	1.15603	1.15597	1.15602	45.50
2025.11.10	05:12:00	1.15603	1.15603	1.15593	1.15595	26.31
2025.11.10	05:13:00	1.15598	1.15598	1.15591	1.15593	15.14
2025.11.10	05:14:00	1.15593	1.15595	1.15580	1.15583	24.14
2025.11.10	05:15:00	1.15584	1.15586	1.15578	1.15584	26.84
2025.11.10	05:16:00	1.15586	1.15589	1.15583	1.15585	10.98
2025.11.10	05:17:00	1.15586	1.15594	1.15586	1.15594	25.38
2025.11.10	05:18:00	1.15594	1.15596	1.15593	1.15593	8.62
2025.11.10	05:19:00	1.15597	1.15600	1.15596	1.15599	45.40
2025.11.10	05:20:00	1.15598	1.15614	1.15597	1.15613	58.06
2025.11.10	05:21:00	1.15614	1.15616	1.15606	1.15606	18.90
2025.11.10	05:22:00	1.15606	1.15619	1.15604	1.15619	24.08
2025.11.10	05:23:00	1.15620	1.15625	1.15618	1.15621	29.84
2025.11.10	05:24:00	1.15620	1.15627	1.15620	1.15625	19.42
2025.11.10	05:25:00	1.15624	1.15635	1.15623	1.15632	24.51
2025.11.10	05:26:00	1.15633	1.15633	1.15624	1.15624	32.90
2025.11.10	05:27:00	1.15626	1.15627	1.15624	1.15627	6.82
2025.11.10	05:28:00	1.15625	1.15626	1.15624	1.15625	13.80
2025.11.10	05:29:00	1.15625	1.15631	1.15624	1.15629	28.65
2025.11.10	05:30:00	1.15631	1.15643	1.15631	1.15642	36.68
2025.11.10	05:31:00	1.15641	1.15641	1.15633	1.15633	7.42
2025.11.10	05:32:00	1.15635	1.15637	1.15633	1.15634	14.97
2025.11.10	05:33:00	1.15633	1.15638	1.15632	1.15635	49.40
2025.11.10	05:34:00	1.15634	1.15635	1.15633	1.15634	2.93
2025.11.10	05:35:00	1.15634	1.15635	1.15632	1.15635	27.17
2025.11.10	05:36:00	1.15634	1.15640	1.15634	1.15636	16.73
2025.11.10	05:37:00	1.15635	1.15645	1.15632	1.15645	21.92
2025.11.10	05:38:00	1.15644	1.15644	1.15644	1.15644	5.04
2025.11.10	05:39:00	1.15645	1.15645	1.15640	1.15643	10.80
2025.11.10	05:40:00	1.15643	1.15653	1.15642	1.15648	24.84
2025.11.10	05:41:00	1.15645	1.15646	1.15641	1.15646	20.70
2025.11.10	05:42:00	1.15644	1.15655	1.15644	1.15655	12.22
2025.11.10	05:43:00	1.15655	1.15655	1.15647	1.15650	16.34
2025.11.10	05:44:00	1.15653	1.15660	1.15648	1.15656	20.77
2025.11.10	05:45:00	1.15656	1.15665	1.15651	1.15652	23.16
2025.11.10	05:46:00	1.15654	1.15657	1.15649	1.15650	9.90
2025.11.10	05:47:00	1.15648	1.15653	1.15643	1.15653	16.34
2025.11.10	05:48:00	1.15653	1.15655	1.15637	1.15640	35.98
2025.11.10	05:49:00	1.15640	1.15641	1.15638	1.15640	21.12
2025.11.10	05:50:00	1.15638	1.15640	1.15629	1.15629	9.58
2025.11.10	05:51:00	1.15630	1.15634	1.15630	1.15631	10.12
2025.11.10	05:52:00	1.15631	1.15635	1.15629	1.15631	14.62
2025.11.10	05:53:00	1.15631	1.15631	1.15628	1.15630	14.02
2025.11.10	05:54:00	1.15629	1.15632	1.15624	1.15630	27.80
2025.11.10	05:55:00	1.15632	1.15636	1.15630	1.15636	22.91
2025.11.10	05:56:00	1.15636	1.15638	1.15632	1.15634	20.11
2025.11.10	05:57:00	1.15633	1.15635	1.15628	1.15628	17.16
2025.11.10	05:58:00	1.15628	1.15628	1.15623	1.15625	21.99
2025.11.10	05:59:00	1.15623	1.15624	1.15617	1.15619	27.92
2025.11.10	06:00:00	1.15622	1.15622	1.15616	1.15618	20.08
2025.11.10	06:01:00	1.15620	1.15623	1.15619	1.15621	20.03
2025.11.10	06:02:00	1.15624	1.15632	1.15623	1.15632	17.76
2025.11.10	06:03:00	1.15631	1.15637	1.15629	1.15630	35.00
2025.11.10	06:04:00	1.15630	1.15631	1.15620	1.15623	15.06
2025.11.10	06:05:00	1.15621	1.15621	1.15615	1.15618	13.57
2025.11.10	06:06:00	1.15617	1.15622	1.15615	1.15622	18.52
2025.11.10	06:07:00	1.15623	1.15630	1.15620	1.15627	23.02
2025.11.10	06:08:00	1.15628	1.15639	1.15628	1.15639	24.82
2025.11.10	06:09:00	1.15640	1.15647	1.15640	1.15642	23.16
2025.11.10	06:10:00	1.15639	1.15643	1.15635	1.15636	34.98
2025.11.10	06:11:00	1.15636	1.15640	1.15636	1.15638	10.94
2025.11.10	06:12:00	1.15636	1.15640	1.15635	1.15640	9.14
2025.11.10	06:13:00	1.15639	1.15643	1.15637	1.15640	17.76
2025.11.10	06:14:00	1.15640	1.15640	1.15635	1.15636	10.56
2025.11.10	06:15:00	1.15633	1.15635	1.15629	1.15630	61.87
2025.11.10	06:16:00	1.15630	1.15635	1.15630	1.15635	20.08
2025.11.10	06:17:00	1.15636	1.15636	1.15631	1.15633	7.72
2025.11.10	06:18:00	1.15635	1.15636	1.15629	1.15631	26.02
2025.11.10	06:19:00	1.15629	1.15629	1.15618	1.15622	19.84
2025.11.10	06:20:00	1.15621	1.15630	1.15621	1.15628	46.20
2025.11.10	06:21:00	1.15629	1.15631	1.15625	1.15625	18.99
2025.11.10	06:22:00	1.15627	1.15627	1.15619	1.15621	18.00
2025.11.10	06:23:00	1.15619	1.15619	1.15607	1.15607	32.39
2025.11.10	06:24:00	1.15607	1.15610	1.15604	1.15605	40.82
2025.11.10	06:25:00	1.15604	1.15604	1.15597	1.15597	14.13
2025.11.10	06:26:00	1.15597	1.15607	1.15597	1.15603	29.48
2025.11.10	06:27:00	1.15601	1.15614	1.15600	1.15613	45.79
2025.11.10	06:28:00	1.15613	1.15616	1.15611	1.15615	41.58
2025.11.10	06:29:00	1.15614	1.15619	1.15614	1.15618	30.06
2025.11.10	06:30:00	1.15616	1.15624	1.15615	1.15620	30.22
2025.11.10	06:31:00	1.15620	1.15626	1.15620	1.15626	5.40
2025.11.10	06:32:00	1.15623	1.15624	1.15621	1.15624	5.40
2025.11.10	06:33:00	1.15622	1.15623	1.15609	1.15609	27.15
2025.11.10	06:34:00	1.15609	1.15611	1.15607	1.15611	18.45
2025.11.10	06:35:00	1.15609	1.15609	1.15601	1.15601	13.54
2025.11.10	06:36:00	1.15598	1.15598	1.15596	1.15596	5.40
2025.11.10	06:37:00	1.15597	1.15597	1.15577	1.15579	59.72
2025.11.10	06:38:00	1.15580	1.15589	1.15578	1.15589	48.64
2025.11.10	06:39:00	1.15590	1.15600	1.15589	1.15592	33.90
2025.11.10	06:40:00	1.15593	1.15597	1.15590	1.15591	24.66
2025.11.10	06:41:00	1.15587	1.15587	1.15583	1.15583	8.62
2025.11.10	06:42:00	1.15585	1.15586	1.15578	1.15585	22.26
2025.11.10	06:43:00	1.15585	1.15588	1.15579	1.15582	60.39
2025.11.10	06:44:00	1.15583	1.15594	1.15582	1.15593	24.30
2025.11.10	06:45:00	1.15594	1.15600	1.15591	1.15594	44.98
2025.11.10	06:46:00	1.15595	1.15597	1.15594	1.15596	91.87
2025.11.10	06:47:00	1.15596	1.15597	1.15530	1.15534	93.24
2025.11.10	06:48:00	1.15534	1.15540	1.15527	1.15539	63.83
2025.11.10	06:49:00	1.15538	1.15543	1.15528	1.15542	70.48
2025.11.10	06:50:00	1.15542	1.15548	1.15536	1.15548	36.84
2025.11.10	06:51:00	1.15549	1.15559	1.15549	1.15553	37.32
2025.11.10	06:52:00	1.15556	1.15557	1.15528	1.15529	91.52
2025.11.10	06:53:00	1.15529	1.15536	1.15528	1.15536	53.51
2025.11.10	06:54:00	1.15535	1.15535	1.15522	1.15524	42.04
2025.11.10	06:55:00	1.15526	1.15526	1.15513	1.15520	49.29
2025.11.10	06:56:00	1.15521	1.15531	1.15518	1.15525	26.22
2025.11.10	06:57:00	1.15526	1.15540	1.15523	1.15540	43.51
2025.11.10	06:58:00	1.15541	1.15541	1.15532	1.15539	33.10
2025.11.10	06:59:00	1.15537	1.15538	1.15532	1.15537	15.20
2025.11.10	07:00:00	1.15536	1.15552	1.15536	1.15544	117.19
2025.11.10	07:01:00	1.15549	1.15555	1.15544	1.15549	47.08
2025.11.10	07:02:00	1.15551	1.15561	1.15550	1.15561	29.86
2025.11.10	07:03:00	1.15560	1.15572	1.15560	1.15569	26.10
2025.11.10	07:04:00	1.15570	1.15571	1.15548	1.15553	103.69
2025.11.10	07:05:00	1.15552	1.15574	1.15550	1.15572	123.42
2025.11.10	07:06:00	1.15570	1.15592	1.15568	1.15589	79.90
2025.11.10	07:07:00	1.15589	1.15598	1.15583	1.15583	77.11
2025.11.10	07:08:00	1.15581	1.15597	1.15581	1.15591	45.51
2025.11.10	07:09:00	1.15594	1.15598	1.15588	1.15589	31.12
2025.11.10	07:10:00	1.15590	1.15602	1.15590	1.15600	41.22
2025.11.10	07:11:00	1.15599	1.15614	1.15599	1.15606	36.90
2025.11.10	07:12:00	1.15608	1.15608	1.15595	1.15595	43.09
2025.11.10	07:13:00	1.15600	1.15608	1.15595	1.15601	37.21
2025.11.10	07:14:00	1.15602	1.15605	1.15588	1.15591	65.11
2025.11.10	07:15:00	1.15589	1.15595	1.15576	1.15587	38.95
2025.11.10	07:16:00	1.15588	1.15592	1.15576	1.15579	74.12
2025.11.10	07:17:00	1.15576	1.15582	1.15562	1.15581	111.08
2025.11.10	07:18:00	1.15580	1.15589	1.15576	1.15580	60.97
2025.11.10	07:19:00	1.15577	1.15577	1.15568	1.15570	60.72
2025.11.10	07:20:00	1.15567	1.15571	1.15556	1.15560	29.04
2025.11.10	07:21:00	1.15558	1.15560	1.15549	1.15551	95.20
2025.11.10	07:22:00	1.15550	1.15557	1.15534	1.15555	84.61
2025.11.10	07:23:00	1.15555	1.15582	1.15555	1.15580	69.46
2025.11.10	07:24:00	1.15575	1.15584	1.15570	1.15579	46.68
2025.11.10	07:25:00	1.15580	1.15595	1.15580	1.15590	43.17
2025.11.10	07:26:00	1.15594	1.15602	1.15594	1.15600	16.81
2025.11.10	07:27:00	1.15598	1.15613	1.15594	1.15605	68.87
2025.11.10	07:28:00	1.15603	1.15613	1.15603	1.15610	21.22
2025.11.10	07:29:00	1.15608	1.15610	1.15604	1.15608	38.48
2025.11.10	07:30:00	1.15609	1.15636	1.15607	1.15635	95.37
2025.11.10	07:31:00	1.15635	1.15636	1.15627	1.15627	55.29
2025.11.10	07:32:00	1.15629	1.15645	1.15624	1.15645	72.74
2025.11.10	07:33:00	1.15643	1.15656	1.15643	1.15656	48.29
2025.11.10	07:34:00	1.15654	1.15669	1.15650	1.15669	74.62
2025.11.10	07:35:00	1.15670	1.15691	1.15668	1.15686	44.74
2025.11.10	07:36:00	1.15688	1.15701	1.15684	1.15694	98.08
2025.11.10	07:37:00	1.15694	1.15708	1.15687	1.15706	85.11
2025.11.10	07:38:00	1.15705	1.15710	1.15700	1.15700	29.32
2025.11.10	07:39:00	1.15701	1.15707	1.15697	1.15705	55.19
2025.11.10	07:40:00	1.15704	1.15709	1.15704	1.15705	22.86
2025.11.10	07:41:00	1.15706	1.15710	1.15697	1.15706	48.57
2025.11.10	07:42:00	1.15704	1.15705	1.15696	1.15703	28.87
2025.11.10	07:43:00	1.15703	1.15707	1.15700	1.15700	23.09
2025.11.10	07:44:00	1.15699	1.15706	1.15699	1.15703	33.37
2025.11.10	07:45:00	1.15706	1.15706	1.15703	1.15703	1.80
2025.11.10	07:46:00	1.15705	1.15718	1.15701	1.15710	36.82
2025.11.10	07:47:00	1.15706	1.15710	1.15703	1.15705	10.03
2025.11.10	07:48:00	1.15703	1.15705	1.15701	1.15705	17.42
2025.11.10	07:49:00	1.15700	1.15713	1.15695	1.15710	47.12
2025.11.10	07:50:00	1.15711	1.15715	1.15705	1.15706	27.36
2025.11.10	07:51:00	1.15704	1.15704	1.15678	1.15683	61.87
2025.11.10	07:52:00	1.15681	1.15686	1.15664	1.15664	45.93
2025.11.10	07:53:00	1.15666	1.15671	1.15664	1.15671	32.94
2025.11.10	07:54:00	1.15672	1.15679	1.15666	1.15669	61.09
2025.11.10	07:55:00	1.15669	1.15676	1.15654	1.15655	45.40
2025.11.10	07:56:00	1.15655	1.15662	1.15648	1.15660	60.35
2025.11.10	07:57:00	1.15658	1.15668	1.15657	1.15661	48.89
2025.11.10	07:58:00	1.15661	1.15688	1.15661	1.15676	82.14
2025.11.10	07:59:00	1.15676	1.15684	1.15673	1.15675	71.03
2025.11.10	08:00:00	1.15675	1.15675	1.15650	1.15665	196.97
2025.11.10	08:01:00	1.15665	1.15675	1.15651	1.15675	81.33
2025.11.10	08:02:00	1.15677	1.15690	1.15674	1.15686	50.76
2025.11.10	08:03:00	1.15683	1.15693	1.15674	1.15693	64.17
2025.11.10	08:04:00	1.15694	1.15721	1.15686	1.15721	74.24
2025.11.10	08:05:00	1.15719	1.15725	1.15710	1.15718	76.72
2025.11.10	08:06:00	1.15718	1.15721	1.15710	1.15710	74.85
2025.11.10	08:07:00	1.15713	1.15725	1.15711	1.15721	62.04
2025.11.10	08:08:00	1.15720	1.15720	1.15710	1.15714	39.71
2025.11.10	08:09:00	1.15712	1.15714	1.15695	1.15696	87.49
2025.11.10	08:10:00	1.15694	1.15701	1.15693	1.15700	42.83
2025.11.10	08:11:00	1.15702	1.15713	1.15702	1.15711	48.40
2025.11.10	08:12:00	1.15714	1.15718	1.15708	1.15718	33.15
2025.11.10	08:13:00	1.15719	1.15719	1.15707	1.15714	57.65
2025.11.10	08:14:00	1.15711	1.15716	1.15707	1.15712	55.46
2025.11.10	08:15:00	1.15714	1.15731	1.15714	1.15718	50.52
2025.11.10	08:16:00	1.15718	1.15731	1.15716	1.15731	63.32
2025.11.10	08:17:00	1.15731	1.15756	1.15731	1.15756	40.21
2025.11.10	08:18:00	1.15754	1.15765	1.15752	1.15765	51.21
2025.11.10	08:19:00	1.15767	1.15770	1.15733	1.15734	103.94
2025.11.10	08:20:00	1.15733	1.15748	1.15733	1.15745	67.21
2025.11.10	08:21:00	1.15747	1.15758	1.15738	1.15744	66.12
2025.11.10	08:22:00	1.15743	1.15756	1.15742	1.15747	66.60
2025.11.10	08:23:00	1.15743	1.15753	1.15738	1.15741	34.27
2025.11.10	08:24:00	1.15741	1.15741	1.15730	1.15734	37.99
2025.11.10	08:25:00	1.15733	1.15751	1.15729	1.15744	62.62
2025.11.10	08:26:00	1.15747	1.15755	1.15740	1.15753	45.77
2025.11.10	08:27:00	1.15750	1.15756	1.15746	1.15749	54.82
2025.11.10	08:28:00	1.15749	1.15760	1.15745	1.15754	63.67
2025.11.10	08:29:00	1.15754	1.15771	1.15753	1.15766	38.77
2025.11.10	08:30:00	1.15768	1.15769	1.15763	1.15767	59.21
2025.11.10	08:31:00	1.15768	1.15786	1.15764	1.15786	49.77
2025.11.10	08:32:00	1.15785	1.15785	1.15770	1.15770	55.89
2025.11.10	08:33:00	1.15770	1.15790	1.15770	1.15785	47.19
2025.11.10	08:34:00	1.15784	1.15805	1.15783	1.15804	50.91
2025.11.10	08:35:00	1.15804	1.15808	1.15799	1.15804	42.84
2025.11.10	08:36:00	1.15806	1.15819	1.15800	1.15816	117.15
2025.11.10	08:37:00	1.15815	1.15820	1.15805	1.15809	73.26
2025.11.10	08:38:00	1.15813	1.15829	1.15813	1.15822	77.44
2025.11.10	08:39:00	1.15820	1.15826	1.15808	1.15814	53.12
2025.11.10	08:40:00	1.15815	1.15817	1.15810	1.15810	80.89
2025.11.10	08:41:00	1.15814	1.15815	1.15804	1.15806	32.04
2025.11.10	08:42:00	1.15804	1.15823	1.15804	1.15819	51.75
2025.11.10	08:43:00	1.15819	1.15819	1.15788	1.15789	82.91
2025.11.10	08:44:00	1.15790	1.15790	1.15783	1.15783	48.69
2025.11.10	08:45:00	1.15784	1.15784	1.15770	1.15772	42.68
2025.11.10	08:46:00	1.15771	1.15779	1.15767	1.15778	33.91
2025.11.10	08:47:00	1.15780	1.15789	1.15780	1.15789	56.69
2025.11.10	08:48:00	1.15789	1.15800	1.15783	1.15800	51.95
2025.11.10	08:49:00	1.15800	1.15800	1.15792	1.15796	55.94
2025.11.10	08:50:00	1.15796	1.15807	1.15770	1.15770	68.11
2025.11.10	08:51:00	1.15772	1.15773	1.15762	1.15772	98.96
2025.11.10	08:52:00	1.15772	1.15780	1.15772	1.15780	65.90
2025.11.10	08:53:00	1.15784	1.15798	1.15781	1.15795	50.28
2025.11.10	08:54:00	1.15798	1.15798	1.15780	1.15784	63.46
2025.11.10	08:55:00	1.15781	1.15781	1.15765	1.15765	48.69
2025.11.10	08:56:00	1.15763	1.15763	1.15752	1.15752	41.91
2025.11.10	08:57:00	1.15752	1.15756	1.15738	1.15755	85.23
2025.11.10	08:58:00	1.15753	1.15763	1.15729	1.15731	118.93
2025.11.10	08:59:00	1.15731	1.15733	1.15715	1.15721	82.78
2025.11.10	09:00:00	1.15723	1.15736	1.15722	1.15736	56.47
2025.11.10	09:01:00	1.15738	1.15738	1.15730	1.15737	92.72
2025.11.10	09:02:00	1.15735	1.15736	1.15720	1.15726	73.54
2025.11.10	09:03:00	1.15722	1.15728	1.15713	1.15718	53.35
2025.11.10	09:04:00	1.15717	1.15717	1.15706	1.15709	69.75
2025.11.10	09:05:00	1.15708	1.15712	1.15694	1.15701	88.62
2025.11.10	09:06:00	1.15701	1.15707	1.15699	1.15701	45.45
2025.11.10	09:07:00	1.15703	1.15720	1.15699	1.15716	65.29
2025.11.10	09:08:00	1.15716	1.15730	1.15712	1.15715	66.91
2025.11.10	09:09:00	1.15715	1.15717	1.15708	1.15711	44.81
2025.11.10	09:10:00	1.15711	1.15711	1.15690	1.15698	38.82
2025.11.10	09:11:00	1.15699	1.15700	1.15681	1.15681	64.63
2025.11.10	09:12:00	1.15681	1.15681	1.15662	1.15672	55.40
2025.11.10	09:13:00	1.15673	1.15681	1.15672	1.15679	90.48
2025.11.10	09:14:00	1.15678	1.15684	1.15674	1.15674	71.55
2025.11.10	09:15:00	1.15674	1.15690	1.15674	1.15680	105.50
2025.11.10	09:16:00	1.15678	1.15686	1.15676	1.15678	76.04
2025.11.10	09:17:00	1.15678	1.15691	1.15677	1.15680	93.24
2025.11.10	09:18:00	1.15680	1.15690	1.15679	1.15689	47.47
2025.11.10	09:19:00	1.15690	1.15690	1.15675	1.15683	55.92
2025.11.10	09:20:00	1.15684	1.15685	1.15669	1.15670	46.32
2025.11.10	09:21:00	1.15671	1.15673	1.15654	1.15654	66.41
2025.11.10	09:22:00	1.15653	1.15659	1.15641	1.15654	80.49
2025.11.10	09:23:00	1.15654	1.15669	1.15653	1.15666	68.87
2025.11.10	09:24:00	1.15665	1.15669	1.15662	1.15666	38.72
2025.11.10	09:25:00	1.15668	1.15680	1.15665	1.15668	57.88
2025.11.10	09:26:00	1.15670	1.15672	1.15664	1.15671	19.56
2025.11.10	09:27:00	1.15669	1.15671	1.15665	1.15671	19.42
2025.11.10	09:28:00	1.15669	1.15673	1.15666	1.15670	77.35
2025.11.10	09:29:00	1.15669	1.15688	1.15669	1.15688	78.96
2025.11.10	09:30:00	1.15687	1.15691	1.15680	1.15681	56.44
2025.11.10	09:31:00	1.15678	1.15678	1.15660	1.15664	90.82
2025.11.10	09:32:00	1.15663	1.15670	1.15661	1.15665	60.83
2025.11.10	09:33:00	1.15664	1.15671	1.15662	1.15666	41.37
2025.11.10	09:34:00	1.15665	1.15671	1.15660	1.15669	33.27
2025.11.10	09:35:00	1.15669	1.15671	1.15656	1.15665	45.17
2025.11.10	09:36:00	1.15666	1.15670	1.15666	1.15670	17.24
2025.11.10	09:37:00	1.15670	1.15670	1.15648	1.15649	73.76
2025.11.10	09:38:00	1.15650	1.15660	1.15640	1.15660	79.54
2025.11.10	09:39:00	1.15658	1.15666	1.15658	1.15661	61.72
2025.11.10	09:40:00	1.15661	1.15681	1.15656	1.15681	54.74
2025.11.10	09:41:00	1.15678	1.15692	1.15678	1.15689	60.32
2025.11.10	09:42:00	1.15687	1.15704	1.15687	1.15704	59.11
2025.11.10	09:43:00	1.15705	1.15718	1.15705	1.15709	37.51
2025.11.10	09:44:00	1.15710	1.15716	1.15709	1.15713	34.86
2025.11.10	09:45:00	1.15711	1.15714	1.15705	1.15712	41.24
2025.11.10	09:46:00	1.15712	1.15715	1.15708	1.15711	17.59
2025.11.10	09:47:00	1.15712	1.15716	1.15708	1.15708	31.99
2025.11.10	09:48:00	1.15707	1.15708	1.15681	1.15681	40.68
2025.11.10	09:49:00	1.15682	1.15691	1.15682	1.15691	28.94
2025.11.10	09:50:00	1.15694	1.15716	1.15694	1.15716	37.86
2025.11.10	09:51:00	1.15717	1.15717	1.15706	1.15706	25.79
2025.11.10	09:52:00	1.15707	1.15710	1.15697	1.15701	70.74
2025.11.10	09:53:00	1.15702	1.15706	1.15698	1.15700	25.13
2025.11.10	09:54:00	1.15701	1.15701	1.15689	1.15695	39.44
2025.11.10	09:55:00	1.15697	1.15698	1.15688	1.15690	31.72
2025.11.10	09:56:00	1.15691	1.15694	1.15678	1.15679	99.77
2025.11.10	09:57:00	1.15680	1.15686	1.15678	1.15681	40.24
2025.11.10	09:58:00	1.15681	1.15690	1.15680	1.15687	37.62
2025.11.10	09:59:00	1.15686	1.15688	1.15675	1.15682	37.53
2025.11.10	10:00:00	1.15681	1.15684	1.15664	1.15673	45.21
2025.11.10	10:01:00	1.15672	1.15683	1.15671	1.15680	48.98
2025.11.10	10:02:00	1.15679	1.15706	1.15679	1.15703	66.51
2025.11.10	10:03:00	1.15704	1.15712	1.15684	1.15684	55.74
2025.11.10	10:04:00	1.15681	1.15691	1.15674	1.15686	81.90
2025.11.10	10:05:00	1.15686	1.15692	1.15683	1.15691	52.31
2025.11.10	10:06:00	1.15690	1.15696	1.15673	1.15673	90.70
2025.11.10	10:07:00	1.15673	1.15694	1.15672	1.15693	72.18
2025.11.10	10:08:00	1.15695	1.15702	1.15690	1.15698	77.74
2025.11.10	10:09:00	1.15697	1.15699	1.15695	1.15698	37.37
2025.11.10	10:10:00	1.15697	1.15706	1.15696	1.15698	70.14
2025.11.10	10:11:00	1.15699	1.15709	1.15698	1.15709	39.59
2025.11.10	10:12:00	1.15707	1.15708	1.15700	1.15700	33.88
2025.11.10	10:13:00	1.15700	1.15700	1.15679	1.15692	74.47
2025.11.10	10:14:00	1.15693	1.15713	1.15691	1.15709	90.97
2025.11.10	10:15:00	1.15711	1.15714	1.15704	1.15705	37.73
2025.11.10	10:16:00	1.15702	1.15702	1.15682	1.15684	46.10
2025.11.10	10:17:00	1.15683	1.15685	1.15671	1.15674	75.25
2025.11.10	10:18:00	1.15674	1.15677	1.15668	1.15669	30.15
2025.11.10	10:19:00	1.15670	1.15670	1.15663	1.15665	45.47
2025.11.10	10:20:00	1.15666	1.15667	1.15657	1.15663	90.41
2025.11.10	10:21:00	1.15660	1.15681	1.15660	1.15671	93.74
2025.11.10	10:22:00	1.15672	1.15680	1.15671	1.15678	28.56
2025.11.10	10:23:00	1.15680	1.15682	1.15677	1.15681	17.24
2025.11.10	10:24:00	1.15679	1.15679	1.15673	1.15676	27.14
2025.11.10	10:25:00	1.15675	1.15687	1.15670	1.15687	41.51
2025.11.10	10:26:00	1.15686	1.15687	1.15675	1.15677	34.12
2025.11.10	10:27:00	1.15675	1.15675	1.15669	1.15669	27.28
2025.11.10	10:28:00	1.15666	1.15674	1.15653	1.15653	51.22
2025.11.10	10:29:00	1.15652	1.15657	1.15650	1.15651	26.62
2025.11.10	10:30:00	1.15649	1.15651	1.15627	1.15630	115.11
2025.11.10	10:31:00	1.15630	1.15643	1.15630	1.15641	59.83
2025.11.10	10:32:00	1.15641	1.15641	1.15628	1.15630	34.43
2025.11.10	10:33:00	1.15631	1.15631	1.15615	1.15616	51.29
2025.11.10	10:34:00	1.15617	1.15621	1.15614	1.15620	34.95
2025.11.10	10:35:00	1.15624	1.15636	1.15624	1.15634	38.83
2025.11.10	10:36:00	1.15634	1.15634	1.15625	1.15627	27.99
2025.11.10	10:37:00	1.15628	1.15637	1.15628	1.15637	41.62
2025.11.10	10:38:00	1.15635	1.15638	1.15631	1.15632	37.94
2025.11.10	10:39:00	1.15634	1.15635	1.15632	1.15634	19.96
2025.11.10	10:40:00	1.15633	1.15639	1.15628	1.15628	28.81
2025.11.10	10:41:00	1.15629	1.15634	1.15626	1.15630	39.22
2025.11.10	10:42:00	1.15632	1.15637	1.15632	1.15636	17.10
2025.11.10	10:43:00	1.15635	1.15635	1.15619	1.15621	40.88
2025.11.10	10:44:00	1.15619	1.15621	1.15613	1.15615	41.16
2025.11.10	10:45:00	1.15616	1.15620	1.15615	1.15619	73.38
2025.11.10	10:46:00	1.15620	1.15626	1.15614	1.15617	33.29
2025.11.10	10:47:00	1.15619	1.15619	1.15616	1.15617	14.02
2025.11.10	10:48:00	1.15618	1.15626	1.15616	1.15625	24.44
2025.11.10	10:49:00	1.15625	1.15633	1.15622	1.15627	42.96
2025.11.10	10:50:00	1.15626	1.15628	1.15620	1.15621	26.52
2025.11.10	10:51:00	1.15621	1.15621	1.15613	1.15615	38.81
2025.11.10	10:52:00	1.15615	1.15617	1.15609	1.15615	49.15
2025.11.10	10:53:00	1.15617	1.15618	1.15613	1.15618	17.77
2025.11.10	10:54:00	1.15617	1.15621	1.15614	1.15621	32.61
2025.11.10	10:55:00	1.15620	1.15637	1.15620	1.15630	41.62
2025.11.10	10:56:00	1.15630	1.15632	1.15628	1.15629	55.35
2025.11.10	10:57:00	1.15630	1.15632	1.15619	1.15622	54.16
2025.11.10	10:58:00	1.15625	1.15625	1.15617	1.15625	28.66
2025.11.10	10:59:00	1.15624	1.15630	1.15624	1.15625	46.60
2025.11.10	11:00:00	1.15623	1.15624	1.15618	1.15618	68.51
2025.11.10	11:01:00	1.15617	1.15621	1.15608	1.15609	51.34
2025.11.10	11:02:00	1.15609	1.15609	1.15594	1.15597	58.54
2025.11.10	11:03:00	1.15596	1.15598	1.15591	1.15595	26.84
2025.11.10	11:04:00	1.15595	1.15598	1.15573	1.15573	48.54
2025.11.10	11:05:00	1.15571	1.15574	1.15563	1.15570	89.36
2025.11.10	11:06:00	1.15570	1.15582	1.15564	1.15581	37.22
2025.11.10	11:07:00	1.15581	1.15581	1.15550	1.15555	40.60
2025.11.10	11:08:00	1.15555	1.15558	1.15548	1.15554	103.04
2025.11.10	11:09:00	1.15554	1.15555	1.15547	1.15550	27.73
2025.11.10	11:10:00	1.15547	1.15550	1.15538	1.15550	36.32
2025.11.10	11:11:00	1.15552	1.15561	1.15551	1.15552	40.05
2025.11.10	11:12:00	1.15550	1.15556	1.15550	1.15555	30.60
2025.11.10	11:13:00	1.15553	1.15569	1.15550	1.15556	54.49
2025.11.10	11:14:00	1.15556	1.15562	1.15555	1.15560	33.49
2025.11.10	11:15:00	1.15562	1.15589	1.15562	1.15587	69.86
2025.11.10	11:16:00	1.15586	1.15589	1.15579	1.15582	56.61
2025.11.10	11:17:00	1.15583	1.15588	1.15574	1.15587	53.17
2025.11.10	11:18:00	1.15587	1.15589	1.15578	1.15578	38.77
2025.11.10	11:19:00	1.15577	1.15577	1.15569	1.15570	29.39
2025.11.10	11:20:00	1.15571	1.15574	1.15569	1.15574	39.60
2025.11.10	11:21:00	1.15575	1.15589	1.15574	1.15588	77.42
2025.11.10	11:22:00	1.15588	1.15594	1.15586	1.15590	32.77
2025.11.10	11:23:00	1.15591	1.15595	1.15587	1.15593	38.98
2025.11.10	11:24:00	1.15591	1.15592	1.15585	1.15585	22.50
2025.11.10	11:25:00	1.15584	1.15584	1.15578	1.15580	17.32
2025.11.10	11:26:00	1.15580	1.15582	1.15576	1.15582	41.40
2025.11.10	11:27:00	1.15583	1.15583	1.15573	1.15582	31.50
2025.11.10	11:28:00	1.15580	1.15589	1.15579	1.15586	33.01
2025.11.10	11:29:00	1.15586	1.15588	1.15580	1.15586	32.11
2025.11.10	11:30:00	1.15586	1.15597	1.15585	1.15590	48.88
2025.11.10	11:31:00	1.15588	1.15588	1.15580	1.15580	15.06
2025.11.10	11:32:00	1.15584	1.15586	1.15581	1.15585	24.39
2025.11.10	11:33:00	1.15584	1.15586	1.15582	1.15585	24.52
2025.11.10	11:34:00	1.15583	1.15593	1.15583	1.15592	22.59
2025.11.10	11:35:00	1.15591	1.15598	1.15591	1.15597	25.01
2025.11.10	11:36:00	1.15600	1.15600	1.15593	1.15594	32.92
2025.11.10	11:37:00	1.15594	1.15594	1.15588	1.15590	24.37
2025.11.10	11:38:00	1.15588	1.15592	1.15586	1.15589	26.71
2025.11.10	11:39:00	1.15590	1.15598	1.15587	1.15598	38.84
2025.11.10	11:40:00	1.15601	1.15611	1.15601	1.15606	56.69
2025.11.10	11:41:00	1.15605	1.15614	1.15605	1.15610	31.57
2025.11.10	11:42:00	1.15612	1.15618	1.15612	1.15614	27.88
2025.11.10	11:43:00	1.15615	1.15626	1.15613	1.15614	37.74
2025.11.10	11:44:00	1.15615	1.15616	1.15609	1.15610	20.57
2025.11.10	11:45:00	1.15609	1.15618	1.15609	1.15618	32.02
2025.11.10	11:46:00	1.15618	1.15625	1.15618	1.15624	22.59
2025.11.10	11:47:00	1.15626	1.15627	1.15622	1.15624	11.32
2025.11.10	11:48:00	1.15624	1.15632	1.15624	1.15631	32.92
2025.11.10	11:49:00	1.15632	1.15637	1.15625	1.15627	29.88
2025.11.10	11:50:00	1.15625	1.15630	1.15621	1.15630	45.54
2025.11.10	11:51:00	1.15630	1.15636	1.15623	1.15627	40.26
2025.11.10	11:52:00	1.15628	1.15639	1.15626	1.15635	37.27
2025.11.10	11:53:00	1.15635	1.15637	1.15628	1.15631	44.00
2025.11.10	11:54:00	1.15628	1.15629	1.15617	1.15617	29.68
2025.11.10	11:55:00	1.15616	1.15616	1.15598	1.15604	50.69
2025.11.10	11:56:00	1.15603	1.15610	1.15599	1.15610	63.85
2025.11.10	11:57:00	1.15610	1.15621	1.15609	1.15619	65.95
2025.11.10	11:58:00	1.15620	1.15638	1.15620	1.15635	55.63
2025.11.10	11:59:00	1.15637	1.15640	1.15629	1.15632	56.94
2025.11.10	12:00:00	1.15629	1.15638	1.15626	1.15633	70.50
2025.11.10	12:01:00	1.15634	1.15644	1.15633	1.15635	53.45
2025.11.10	12:02:00	1.15636	1.15640	1.15632	1.15638	42.37
2025.11.10	12:03:00	1.15636	1.15642	1.15634	1.15634	35.76
2025.11.10	12:04:00	1.15636	1.15643	1.15633	1.15642	48.06
2025.11.10	12:05:00	1.15641	1.15641	1.15634	1.15639	33.96
2025.11.10	12:06:00	1.15636	1.15641	1.15634	1.15640	17.71
2025.11.10	12:07:00	1.15641	1.15646	1.15641	1.15642	22.74
2025.11.10	12:08:00	1.15645	1.15656	1.15644	1.15655	29.48
2025.11.10	12:09:00	1.15655	1.15657	1.15637	1.15647	66.93
2025.11.10	12:10:00	1.15644	1.15644	1.15639	1.15641	32.31
2025.11.10	12:11:00	1.15640	1.15641	1.15630	1.15641	50.69
2025.11.10	12:12:00	1.15642	1.15647	1.15640	1.15646	24.82
2025.11.10	12:13:00	1.15648	1.15651	1.15640	1.15649	51.39
2025.11.10	12:14:00	1.15647	1.15673	1.15647	1.15670	44.35
2025.11.10	12:15:00	1.15672	1.15673	1.15666	1.15669	28.71
2025.11.10	12:16:00	1.15670	1.15677	1.15666	1.15677	62.24
2025.11.10	12:17:00	1.15677	1.15683	1.15674	1.15681	39.99
2025.11.10	12:18:00	1.15682	1.15688	1.15681	1.15687	40.75
2025.11.10	12:19:00	1.15689	1.15699	1.15689	1.15698	21.22
2025.11.10	12:20:00	1.15696	1.15714	1.15694	1.15709	37.98
2025.11.10	12:21:00	1.15709	1.15718	1.15705	1.15714	37.12
2025.11.10	12:22:00	1.15716	1.15727	1.15713	1.15725	29.70
2025.11.10	12:23:00	1.15722	1.15733	1.15719	1.15729	56.04
2025.11.10	12:24:00	1.15731	1.15731	1.15720	1.15728	45.74
2025.11.10	12:25:00	1.15730	1.15744	1.15729	1.15744	38.91
2025.11.10	12:26:00	1.15742	1.15743	1.15733	1.15733	32.06
2025.11.10	12:27:00	1.15734	1.15735	1.15721	1.15729	55.53
2025.11.10	12:28:00	1.15726	1.15740	1.15724	1.15732	44.42
2025.11.10	12:29:00	1.15730	1.15733	1.15721	1.15724	52.66
2025.11.10	12:30:00	1.15723	1.15731	1.15716	1.15731	63.23
2025.11.10	12:31:00	1.15733	1.15755	1.15733	1.15739	41.59
2025.11.10	12:32:00	1.15736	1.15736	1.15724	1.15724	21.74
2025.11.10	12:33:00	1.15722	1.15722	1.15707	1.15707	40.41
2025.11.10	12:34:00	1.15708	1.15715	1.15704	1.15708	53.32
2025.11.10	12:35:00	1.15711	1.15718	1.15709	1.15715	34.13
2025.11.10	12:36:00	1.15713	1.15719	1.15713	1.15717	45.90
2025.11.10	12:37:00	1.15720	1.15725	1.15719	1.15725	14.85
2025.11.10	12:38:00	1.15726	1.15732	1.15723	1.15727	20.09
2025.11.10	12:39:00	1.15726	1.15726	1.15720	1.15720	10.80
2025.11.10	12:40:00	1.15722	1.15723	1.15703	1.15703	38.32
2025.11.10	12:41:00	1.15704	1.15708	1.15704	1.15708	9.00
2025.11.10	12:42:00	1.15709	1.15709	1.15696	1.15698	23.08
2025.11.10	12:43:00	1.15697	1.15698	1.15693	1.15694	9.52
2025.11.10	12:44:00	1.15694	1.15697	1.15684	1.15684	56.64
2025.11.10	12:45:00	1.15684	1.15684	1.15677	1.15679	12.33
2025.11.10	12:46:00	1.15678	1.15679	1.15668	1.15671	49.24
2025.11.10	12:47:00	1.15668	1.15669	1.15656	1.15657	54.20
2025.11.10	12:48:00	1.15657	1.15661	1.15636	1.15636	135.89
2025.11.10	12:49:00	1.15638	1.15648	1.15636	1.15642	44.30
2025.11.10	12:50:00	1.15642	1.15657	1.15642	1.15657	63.01
2025.11.10	12:51:00	1.15660	1.15667	1.15657	1.15658	27.50
2025.11.10	12:52:00	1.15660	1.15673	1.15659	1.15672	33.58
2025.11.10	12:53:00	1.15674	1.15694	1.15674	1.15694	51.10
2025.11.10	12:54:00	1.15695	1.15698	1.15684	1.15688	61.20
2025.11.10	12:55:00	1.15689	1.15714	1.15689	1.15713	118.64
2025.11.10	12:56:00	1.15715	1.15720	1.15706	1.15719	67.21
2025.11.10	12:57:00	1.15719	1.15721	1.15707	1.15711	59.92
2025.11.10	12:58:00	1.15710	1.15710	1.15689	1.15697	99.56
2025.11.10	12:59:00	1.15695	1.15695	1.15674	1.15681	131.63
2025.11.10	13:00:00	1.15682	1.15686	1.15672	1.15676	72.80
2025.11.10	13:01:00	1.15676	1.15685	1.15669	1.15674	119.66
2025.11.10	13:02:00	1.15675	1.15696	1.15672	1.15696	51.95
2025.11.10	13:03:00	1.15698	1.15701	1.15689	1.15689	32.07
2025.11.10	13:04:00	1.15687	1.15687	1.15679	1.15685	30.74
2025.11.10	13:05:00	1.15686	1.15691	1.15677	1.15679	50.44
2025.11.10	13:06:00	1.15680	1.15697	1.15678	1.15693	67.75
2025.11.10	13:07:00	1.15691	1.15691	1.15683	1.15687	43.33
2025.11.10	13:08:00	1.15687	1.15714	1.15687	1.15713	59.92
2025.11.10	13:09:00	1.15714	1.15722	1.15709	1.15712	82.25
2025.11.10	13:10:00	1.15711	1.15712	1.15702	1.15702	30.62
2025.11.10	13:11:00	1.15704	1.15711	1.15699	1.15702	25.94
2025.11.10	13:12:00	1.15704	1.15714	1.15704	1.15712	14.49
2025.11.10	13:13:00	1.15710	1.15718	1.15708	1.15712	65.79
2025.11.10	13:14:00	1.15715	1.15720	1.15713	1.15718	49.21
2025.11.10	13:15:00	1.15719	1.15719	1.15705	1.15712	105.03
2025.11.10	13:16:00	1.15710	1.15722	1.15709	1.15711	83.79
2025.11.10	13:17:00	1.15712	1.15731	1.15710	1.15730	65.68
2025.11.10	13:18:00	1.15730	1.15747	1.15728	1.15743	41.94
2025.11.10	13:19:00	1.15745	1.15760	1.15745	1.15755	35.10
2025.11.10	13:20:00	1.15754	1.15769	1.15746	1.15767	55.64
2025.11.10	13:21:00	1.15769	1.15774	1.15762	1.15768	57.66
2025.11.10	13:22:00	1.15770	1.15774	1.15768	1.15773	39.60
2025.11.10	13:23:00	1.15772	1.15778	1.15767	1.15768	49.74
2025.11.10	13:24:00	1.15769	1.15772	1.15762	1.15769	33.26
2025.11.10	13:25:00	1.15768	1.15777	1.15767	1.15773	25.94
2025.11.10	13:26:00	1.15774	1.15776	1.15762	1.15762	38.95
2025.11.10	13:27:00	1.15761	1.15761	1.15750	1.15754	41.76
2025.11.10	13:28:00	1.15752	1.15754	1.15747	1.15753	29.77
2025.11.10	13:29:00	1.15753	1.15754	1.15740	1.15744	68.30
2025.11.10	13:30:00	1.15743	1.15748	1.15741	1.15748	44.52
2025.11.10	13:31:00	1.15747	1.15747	1.15734	1.15734	53.15
2025.11.10	13:32:00	1.15737	1.15737	1.15726	1.15728	32.28
2025.11.10	13:33:00	1.15729	1.15731	1.15721	1.15721	48.19
2025.11.10	13:34:00	1.15721	1.15721	1.15713	1.15713	35.21
2025.11.10	13:35:00	1.15715	1.15721	1.15711	1.15713	50.28
2025.11.10	13:36:00	1.15714	1.15719	1.15711	1.15711	41.75
2025.11.10	13:37:00	1.15711	1.15719	1.15705	1.15708	72.44
2025.11.10	13:38:00	1.15707	1.15712	1.15697	1.15701	77.84
2025.11.10	13:39:00	1.15702	1.15708	1.15691	1.15691	58.23
2025.11.10	13:40:00	1.15691	1.15696	1.15685	1.15689	137.58
2025.11.10	13:41:00	1.15690	1.15691	1.15675	1.15678	129.89
2025.11.10	13:42:00	1.15682	1.15701	1.15673	1.15700	99.20
2025.11.10	13:43:00	1.15702	1.15704	1.15695	1.15701	43.74
2025.11.10	13:44:00	1.15699	1.15702	1.15694	1.15694	59.24
2025.11.10	13:45:00	1.15695	1.15709	1.15693	1.15706	103.68
2025.11.10	13:46:00	1.15705	1.15708	1.15695	1.15695	72.97
2025.11.10	13:47:00	1.15695	1.15702	1.15691	1.15692	64.58
2025.11.10	13:48:00	1.15691	1.15706	1.15690	1.15704	58.08
2025.11.10	13:49:00	1.15705	1.15718	1.15701	1.15702	109.23
2025.11.10	13:50:00	1.15702	1.15708	1.15699	1.15700	103.01
2025.11.10	13:51:00	1.15702	1.15710	1.15696	1.15697	61.64
2025.11.10	13:52:00	1.15698	1.15704	1.15696	1.15699	17.84
2025.11.10	13:53:00	1.15697	1.15708	1.15695	1.15703	61.18
2025.11.10	13:54:00	1.15702	1.15702	1.15672	1.15678	81.30
2025.11.10	13:55:00	1.15679	1.15681	1.15669	1.15678	65.71
2025.11.10	13:56:00	1.15676	1.15695	1.15670	1.15691	47.62
2025.11.10	13:57:00	1.15691	1.15692	1.15673	1.15684	67.37
2025.11.10	13:58:00	1.15684	1.15687	1.15679	1.15687	58.83
2025.11.10	13:59:00	1.15685	1.15694	1.15677	1.15678	135.31
2025.11.10	14:00:00	1.15677	1.15680	1.15663	1.15664	74.72
2025.11.10	14:01:00	1.15663	1.15676	1.15662	1.15664	60.15
2025.11.10	14:02:00	1.15663	1.15672	1.15658	1.15661	57.87
2025.11.10	14:03:00	1.15661	1.15662	1.15645	1.15660	83.08
2025.11.10	14:04:00	1.15659	1.15659	1.15647	1.15647	56.24
2025.11.10	14:05:00	1.15645	1.15651	1.15641	1.15647	37.73
2025.11.10	14:06:00	1.15646	1.15658	1.15646	1.15649	81.20
2025.11.10	14:07:00	1.15650	1.15652	1.15641	1.15648	57.78
2025.11.10	14:08:00	1.15648	1.15654	1.15638	1.15652	98.60
2025.11.10	14:09:00	1.15656	1.15668	1.15656	1.15668	53.81
2025.11.10	14:10:00	1.15669	1.15683	1.15669	1.15676	74.98
2025.11.10	14:11:00	1.15677	1.15684	1.15663	1.15667	116.41
2025.11.10	14:12:00	1.15667	1.15667	1.15640	1.15640	89.36
2025.11.10	14:13:00	1.15641	1.15658	1.15639	1.15649	62.45
2025.11.10	14:14:00	1.15649	1.15652	1.15633	1.15637	93.87
2025.11.10	14:15:00	1.15639	1.15647	1.15639	1.15642	125.42
2025.11.10	14:16:00	1.15642	1.15648	1.15638	1.15647	54.74
2025.11.10	14:17:00	1.15648	1.15648	1.15640	1.15647	55.40
2025.11.10	14:18:00	1.15648	1.15663	1.15647	1.15659	57.95
2025.11.10	14:19:00	1.15661	1.15665	1.15654	1.15657	25.42
2025.11.10	14:20:00	1.15659	1.15671	1.15657	1.15669	47.70
2025.11.10	14:21:00	1.15668	1.15672	1.15662	1.15663	61.85
2025.11.10	14:22:00	1.15663	1.15668	1.15662	1.15662	32.40
2025.11.10	14:23:00	1.15665	1.15665	1.15662	1.15663	27.42
2025.11.10	14:24:00	1.15663	1.15664	1.15653	1.15655	45.22
2025.11.10	14:25:00	1.15653	1.15658	1.15648	1.15658	67.27
2025.11.10	14:26:00	1.15656	1.15659	1.15654	1.15657	51.75
2025.11.10	14:27:00	1.15657	1.15669	1.15656	1.15658	86.16
2025.11.10	14:28:00	1.15657	1.15660	1.15646	1.15652	61.42
2025.11.10	14:29:00	1.15651	1.15658	1.15646	1.15657	27.09
2025.11.10	14:30:00	1.15656	1.15656	1.15639	1.15644	83.60
2025.11.10	14:31:00	1.15643	1.15644	1.15634	1.15643	71.09
2025.11.10	14:32:00	1.15641	1.15646	1.15626	1.15631	128.57
2025.11.10	14:33:00	1.15628	1.15628	1.15603	1.15607	158.59
2025.11.10	14:34:00	1.15608	1.15620	1.15599	1.15620	109.49
2025.11.10	14:35:00	1.15621	1.15639	1.15620	1.15638	76.99
2025.11.10	14:36:00	1.15638	1.15643	1.15618	1.15642	99.80
2025.11.10	14:37:00	1.15644	1.15663	1.15637	1.15661	85.94
2025.11.10	14:38:00	1.15660	1.15664	1.15651	1.15661	50.76
2025.11.10	14:39:00	1.15662	1.15668	1.15646	1.15651	117.97
2025.11.10	14:40:00	1.15653	1.15659	1.15650	1.15652	130.75
2025.11.10	14:41:00	1.15652	1.15652	1.15640	1.15643	113.38
2025.11.10	14:42:00	1.15645	1.15659	1.15645	1.15659	67.37
2025.11.10	14:43:00	1.15659	1.15666	1.15637	1.15638	132.15
2025.11.10	14:44:00	1.15636	1.15637	1.15626	1.15631	125.64
2025.11.10	14:45:00	1.15632	1.15632	1.15618	1.15618	84.80
2025.11.10	14:46:00	1.15617	1.15618	1.15601	1.15609	75.26
2025.11.10	14:47:00	1.15610	1.15610	1.15592	1.15604	110.41
2025.11.10	14:48:00	1.15605	1.15608	1.15599	1.15605	92.43
2025.11.10	14:49:00	1.15604	1.15607	1.15594	1.15599	81.54
2025.11.10	14:50:00	1.15599	1.15618	1.15593	1.15608	91.18
2025.11.10	14:51:00	1.15613	1.15615	1.15600	1.15611	90.55
2025.11.10	14:52:00	1.15610	1.15616	1.15604	1.15606	56.07
2025.11.10	14:53:00	1.15608	1.15618	1.15607	1.15616	77.90
2025.11.10	14:54:00	1.15616	1.15629	1.15603	1.15603	83.46
2025.11.10	14:55:00	1.15602	1.15614	1.15602	1.15614	38.70
2025.11.10	14:56:00	1.15613	1.15618	1.15606	1.15615	144.89
2025.11.10	14:57:00	1.15616	1.15620	1.15609	1.15614	73.71
2025.11.10	14:58:00	1.15615	1.15634	1.15612	1.15632	113.33
2025.11.10	14:59:00	1.15634	1.15650	1.15632	1.15645	64.87
2025.11.10	15:00:00	1.15646	1.15650	1.15640	1.15641	150.59
2025.11.10	15:01:00	1.15641	1.15661	1.15641	1.15658	77.85
2025.11.10	15:02:00	1.15657	1.15668	1.15654	1.15657	83.46
2025.11.10	15:03:00	1.15658	1.15662	1.15653	1.15653	72.00
2025.11.10	15:04:00	1.15654	1.15659	1.15638	1.15642	50.69
2025.11.10	15:05:00	1.15642	1.15648	1.15630	1.15640	68.16
2025.11.10	15:06:00	1.15641	1.15643	1.15624	1.15634	103.35
2025.11.10	15:07:00	1.15636	1.15644	1.15636	1.15638	27.22
2025.11.10	15:08:00	1.15640	1.15644	1.15624	1.15626	71.91
2025.11.10	15:09:00	1.15625	1.15628	1.15617	1.15617	48.43
2025.11.10	15:10:00	1.15618	1.15620	1.15614	1.15618	26.76
2025.11.10	15:11:00	1.15619	1.15624	1.15614	1.15622	36.30
2025.11.10	15:12:00	1.15623	1.15625	1.15599	1.15601	103.92
2025.11.10	15:13:00	1.15602	1.15603	1.15590	1.15596	57.18
2025.11.10	15:14:00	1.15596	1.15604	1.15596	1.15603	40.11
2025.11.10	15:15:00	1.15604	1.15618	1.15604	1.15617	22.12
2025.11.10	15:16:00	1.15620	1.15632	1.15618	1.15628	63.64
2025.11.10	15:17:00	1.15630	1.15657	1.15630	1.15655	133.22
2025.11.10	15:18:00	1.15655	1.15657	1.15645	1.15648	51.82
2025.11.10	15:19:00	1.15649	1.15649	1.15629	1.15636	51.91
2025.11.10	15:20:00	1.15635	1.15641	1.15627	1.15640	83.03
2025.11.10	15:21:00	1.15642	1.15644	1.15622	1.15635	63.45
2025.11.10	15:22:00	1.15635	1.15643	1.15633	1.15642	73.60
2025.11.10	15:23:00	1.15644	1.15654	1.15635	1.15635	83.84
2025.11.10	15:24:00	1.15633	1.15640	1.15632	1.15635	15.36
2025.11.10	15:25:00	1.15633	1.15633	1.15620	1.15620	32.90
2025.11.10	15:26:00	1.15619	1.15634	1.15619	1.15630	27.36
2025.11.10	15:27:00	1.15632	1.15632	1.15610	1.15611	52.36
2025.11.10	15:28:00	1.15610	1.15622	1.15597	1.15599	90.20
2025.11.10	15:29:00	1.15601	1.15606	1.15594	1.15596	54.74
2025.11.10	15:30:00	1.15593	1.15603	1.15585	1.15585	86.55
2025.11.10	15:31:00	1.15581	1.15581	1.15556	1.15557	57.75
2025.11.10	15:32:00	1.15558	1.15560	1.15532	1.15536	72.53
2025.11.10	15:33:00	1.15538	1.15541	1.15529	1.15534	79.13
2025.11.10	15:34:00	1.15536	1.15536	1.15528	1.15531	76.55
2025.11.10	15:35:00	1.15531	1.15544	1.15522	1.15540	109.06
2025.11.10	15:36:00	1.15542	1.15560	1.15540	1.15556	71.65
2025.11.10	15:37:00	1.15553	1.15563	1.15539	1.15550	89.44
2025.11.10	15:38:00	1.15547	1.15547	1.15533	1.15534	43.62
2025.11.10	15:39:00	1.15532	1.15534	1.15521	1.15532	125.24
2025.11.10	15:40:00	1.15531	1.15533	1.15524	1.15524	33.75
2025.11.10	15:41:00	1.15525	1.15525	1.15512	1.15513	62.45
2025.11.10	15:42:00	1.15513	1.15514	1.15503	1.15513	96.88
2025.11.10	15:43:00	1.15511	1.15517	1.15504	1.15509	60.27
2025.11.10	15:44:00	1.15506	1.15517	1.15497	1.15517	146.78
2025.11.10	15:45:00	1.15517	1.15520	1.15498	1.15498	58.26
2025.11.10	15:46:00	1.15496	1.15503	1.15490	1.15490	77.62
2025.11.10	15:47:00	1.15488	1.15488	1.15470	1.15474	80.35
2025.11.10	15:48:00	1.15473	1.15487	1.15467	1.15484	68.65
2025.11.10	15:49:00	1.15485	1.15502	1.15483	1.15492	101.38
2025.11.10	15:50:00	1.15492	1.15492	1.15480	1.15489	81.70
2025.11.10	15:51:00	1.15489	1.15499	1.15486	1.15496	73.06
2025.11.10	15:52:00	1.15499	1.15504	1.15486	1.15486	101.36
2025.11.10	15:53:00	1.15487	1.15505	1.15485	1.15497	109.83
2025.11.10	15:54:00	1.15499	1.15501	1.15482	1.15482	80.11
2025.11.10	15:55:00	1.15481	1.15481	1.15460	1.15465	129.81
2025.11.10	15:56:00	1.15465	1.15476	1.15461	1.15464	99.46
2025.11.10	15:57:00	1.15464	1.15488	1.15458	1.15488	199.58
2025.11.10	15:58:00	1.15487	1.15488	1.15459	1.15467	190.12
2025.11.10	15:59:00	1.15466	1.15466	1.15450	1.15455	207.50
2025.11.10	16:00:00	1.15454	1.15484	1.15442	1.15483	325.44
2025.11.10	16:01:00	1.15483	1.15483	1.15455	1.15456	224.15
2025.11.10	16:02:00	1.15456	1.15479	1.15456	1.15479	113.33
2025.11.10	16:03:00	1.15481	1.15503	1.15480	1.15480	124.52
2025.11.10	16:04:00	1.15482	1.15482	1.15459	1.15467	73.39
2025.11.10	16:05:00	1.15466	1.15475	1.15461	1.15466	235.67
2025.11.10	16:06:00	1.15467	1.15469	1.15449	1.15451	78.81
2025.11.10	16:07:00	1.15452	1.15473	1.15452	1.15464	111.22
2025.11.10	16:08:00	1.15462	1.15464	1.15453	1.15458	56.97
2025.11.10	16:09:00	1.15459	1.15475	1.15459	1.15467	63.26
2025.11.10	16:10:00	1.15468	1.15473	1.15463	1.15467	89.81
2025.11.10	16:11:00	1.15467	1.15490	1.15467	1.15484	92.85
2025.11.10	16:12:00	1.15487	1.15488	1.15477	1.15484	66.26
2025.11.10	16:13:00	1.15483	1.15497	1.15481	1.15497	67.12
2025.11.10	16:14:00	1.15498	1.15521	1.15497	1.15520	149.79
2025.11.10	16:15:00	1.15519	1.15520	1.15513	1.15520	73.20
2025.11.10	16:16:00	1.15520	1.15533	1.15519	1.15530	76.41
2025.11.10	16:17:00	1.15531	1.15531	1.15521	1.15523	118.60
2025.11.10	16:18:00	1.15521	1.15526	1.15512	1.15521	82.49
2025.11.10	16:19:00	1.15522	1.15543	1.15522	1.15543	102.49
2025.11.10	16:20:00	1.15544	1.15547	1.15533	1.15534	47.23
2025.11.10	16:21:00	1.15535	1.15539	1.15533	1.15538	48.15
2025.11.10	16:22:00	1.15539	1.15539	1.15528	1.15529	46.95
2025.11.10	16:23:00	1.15529	1.15544	1.15529	1.15538	44.55
2025.11.10	16:24:00	1.15536	1.15538	1.15519	1.15522	69.31
2025.11.10	16:25:00	1.15522	1.15536	1.15518	1.15533	85.33
2025.11.10	16:26:00	1.15534	1.15536	1.15529	1.15534	53.59
2025.11.10	16:27:00	1.15532	1.15535	1.15526	1.15533	47.92
2025.11.10	16:28:00	1.15535	1.15535	1.15511	1.15516	104.52
2025.11.10	16:29:00	1.15517	1.15523	1.15514	1.15522	77.85
2025.11.10	16:30:00	1.15522	1.15525	1.15507	1.15513	103.64
2025.11.10	16:31:00	1.15514	1.15529	1.15513	1.15528	127.06
2025.11.10	16:32:00	1.15528	1.15531	1.15517	1.15519	120.00
2025.11.10	16:33:00	1.15520	1.15525	1.15515	1.15519	75.93
2025.11.10	16:34:00	1.15519	1.15530	1.15517	1.15529	39.10
2025.11.10	16:35:00	1.15531	1.15548	1.15531	1.15535	67.05
2025.11.10	16:36:00	1.15536	1.15536	1.15518	1.15518	39.19
2025.11.10	16:37:00	1.15518	1.15518	1.15503	1.15514	79.68
2025.11.10	16:38:00	1.15513	1.15515	1.15502	1.15505	77.28
2025.11.10	16:39:00	1.15505	1.15508	1.15499	1.15503	65.90
2025.11.10	16:40:00	1.15502	1.15502	1.15479	1.15489	76.83
2025.11.10	16:41:00	1.15487	1.15487	1.15477	1.15483	53.37
2025.11.10	16:42:00	1.15482	1.15482	1.15472	1.15478	56.23
2025.11.10	16:43:00	1.15476	1.15477	1.15471	1.15477	48.96
2025.11.10	16:44:00	1.15477	1.15481	1.15467	1.15469	48.71
2025.11.10	16:45:00	1.15469	1.15477	1.15466	1.15477	41.14
2025.11.10	16:46:00	1.15479	1.15485	1.15472	1.15473	71.00
2025.11.10	16:47:00	1.15470	1.15470	1.15461	1.15466	25.55
2025.11.10	16:48:00	1.15465	1.15465	1.15456	1.15459	29.38
2025.11.10	16:49:00	1.15460	1.15460	1.15432	1.15442	98.18
2025.11.10	16:50:00	1.15446	1.15458	1.15446	1.15452	89.57
2025.11.10	16:51:00	1.15452	1.15453	1.15446	1.15450	45.21
2025.11.10	16:52:00	1.15452	1.15452	1.15437	1.15439	77.78
2025.11.10	16:53:00	1.15440	1.15443	1.15429	1.15435	62.83
2025.11.10	16:54:00	1.15435	1.15435	1.15432	1.15435	9.97
2025.11.10	16:55:00	1.15435	1.15435	1.15428	1.15433	20.05
2025.11.10	16:56:00	1.15434	1.15445	1.15434	1.15445	21.33
2025.11.10	16:57:00	1.15443	1.15443	1.15428	1.15430	85.98
2025.11.10	16:58:00	1.15433	1.15437	1.15428	1.15434	140.84
2025.11.10	16:59:00	1.15436	1.15449	1.15432	1.15447	229.80
2025.11.10	17:00:00	1.15448	1.15451	1.15436	1.15439	200.04
2025.11.10	17:01:00	1.15442	1.15442	1.15425	1.15425	203.86
2025.11.10	17:02:00	1.15427	1.15428	1.15409	1.15427	150.19
2025.11.10	17:03:00	1.15429	1.15473	1.15424	1.15444	221.31
2025.11.10	17:04:00	1.15446	1.15471	1.15446	1.15455	185.27
2025.11.10	17:05:00	1.15455	1.15459	1.15446	1.15452	147.71
2025.11.10	17:06:00	1.15452	1.15457	1.15441	1.15453	98.73
2025.11.10	17:07:00	1.15453	1.15465	1.15450	1.15464	132.83
2025.11.10	17:08:00	1.15465	1.15474	1.15463	1.15467	87.73
2025.11.10	17:09:00	1.15468	1.15478	1.15462	1.15462	93.96
2025.11.10	17:10:00	1.15461	1.15470	1.15455	1.15468	54.97
2025.11.10	17:11:00	1.15469	1.15471	1.15462	1.15468	72.43
2025.11.10	17:12:00	1.15468	1.15469	1.15458	1.15458	74.69
2025.11.10	17:13:00	1.15459	1.15461	1.15448	1.15449	84.63
2025.11.10	17:14:00	1.15450	1.15456	1.15438	1.15454	79.72
2025.11.10	17:15:00	1.15454	1.15462	1.15451	1.15456	62.56
2025.11.10	17:16:00	1.15457	1.15457	1.15426	1.15426	65.58
2025.11.10	17:17:00	1.15426	1.15435	1.15418	1.15427	100.58
2025.11.10	17:18:00	1.15430	1.15430	1.15425	1.15428	19.80
2025.11.10	17:19:00	1.15429	1.15441	1.15426	1.15440	32.22
2025.11.10	17:20:00	1.15438	1.15440	1.15438	1.15440	24.29
2025.11.10	17:21:00	1.15438	1.15444	1.15438	1.15442	75.56
2025.11.10	17:22:00	1.15444	1.15461	1.15443	1.15454	49.47
2025.11.10	17:23:00	1.15453	1.15455	1.15452	1.15453	56.41
2025.11.10	17:24:00	1.15453	1.15457	1.15451	1.15456	105.21
2025.11.10	17:25:00	1.15455	1.15473	1.15455	1.15471	94.71
2025.11.10	17:26:00	1.15473	1.15482	1.15473	1.15478	52.10
2025.11.10	17:27:00	1.15478	1.15480	1.15477	1.15477	40.17
2025.11.10	17:28:00	1.15478	1.15479	1.15467	1.15475	51.08
2025.11.10	17:29:00	1.15476	1.15482	1.15468	1.15480	62.90
2025.11.10	17:30:00	1.15478	1.15488	1.15476	1.15485	59.46
2025.11.10	17:31:00	1.15485	1.15485	1.15478	1.15478	30.97
2025.11.10	17:32:00	1.15480	1.15488	1.15479	1.15483	58.78
2025.11.10	17:33:00	1.15483	1.15487	1.15478	1.15484	38.57
2025.11.10	17:34:00	1.15488	1.15498	1.15485	1.15497	25.53
2025.11.10	17:35:00	1.15497	1.15519	1.15497	1.15513	56.96
2025.11.10	17:36:00	1.15514	1.15529	1.15514	1.15523	74.66
2025.11.10	17:37:00	1.15524	1.15528	1.15521	1.15527	42.04
2025.11.10	17:38:00	1.15527	1.15530	1.15526	1.15527	27.63
2025.11.10	17:39:00	1.15530	1.15533	1.15525	1.15528	44.91
2025.11.10	17:40:00	1.15526	1.15532	1.15525	1.15528	18.13
2025.11.10	17:41:00	1.15532	1.15532	1.15519	1.15522	41.56
2025.11.10	17:42:00	1.15522	1.15525	1.15519	1.15524	27.23
2025.11.10	17:43:00	1.15528	1.15535	1.15528	1.15533	27.00
2025.11.10	17:44:00	1.15534	1.15540	1.15533	1.15536	40.34
2025.11.10	17:45:00	1.15534	1.15549	1.15534	1.15546	66.82
2025.11.10	17:46:00	1.15549	1.15564	1.15547	1.15561	62.40
2025.11.10	17:47:00	1.15562	1.15567	1.15562	1.15562	47.62
2025.11.10	17:48:00	1.15563	1.15567	1.15560	1.15566	42.30
2025.11.10	17:49:00	1.15566	1.15566	1.15560	1.15565	32.78
2025.11.10	17:50:00	1.15568	1.15580	1.15562	1.15580	53.72
2025.11.10	17:51:00	1.15579	1.15584	1.15578	1.15582	36.28
2025.11.10	17:52:00	1.15582	1.15584	1.15575	1.15578	29.84
2025.11.10	17:53:00	1.15580	1.15584	1.15570	1.15570	21.74
2025.11.10	17:54:00	1.15570	1.15573	1.15566	1.15571	60.44
2025.11.10	17:55:00	1.15569	1.15591	1.15568	1.15589	67.62
2025.11.10	17:56:00	1.15590	1.15601	1.15589	1.15600	42.07
2025.11.10	17:57:00	1.15600	1.15601	1.15590	1.15601	47.47
2025.11.10	17:58:00	1.15601	1.15603	1.15598	1.15603	51.21
2025.11.10	17:59:00	1.15603	1.15611	1.15601	1.15604	88.81
2025.11.10	18:00:00	1.15604	1.15607	1.15600	1.15606	36.96
2025.11.10	18:01:00	1.15603	1.15606	1.15597	1.15606	46.04
2025.11.10	18:02:00	1.15604	1.15623	1.15604	1.15614	57.32
2025.11.10	18:03:00	1.15612	1.15616	1.15612	1.15613	31.08
2025.11.10	18:04:00	1.15614	1.15615	1.15612	1.15615	38.29
2025.11.10	18:05:00	1.15615	1.15621	1.15614	1.15620	30.83
2025.11.10	18:06:00	1.15621	1.15631	1.15621	1.15625	49.21
2025.11.10	18:07:00	1.15626	1.15635	1.15625	1.15635	39.60
2025.11.10	18:08:00	1.15635	1.15635	1.15630	1.15630	32.33
2025.11.10	18:09:00	1.15632	1.15637	1.15632	1.15637	63.59
2025.11.10	18:10:00	1.15638	1.15640	1.15634	1.15638	34.72
2025.11.10	18:11:00	1.15637	1.15647	1.15637	1.15643	62.35
2025.11.10	18:12:00	1.15644	1.15647	1.15635	1.15635	29.36
2025.11.10	18:13:00	1.15635	1.15636	1.15624	1.15625	142.62
2025.11.10	18:14:00	1.15624	1.15625	1.15606	1.15606	97.55
2025.11.10	18:15:00	1.15607	1.15608	1.15603	1.15604	27.90
2025.11.10	18:16:00	1.15604	1.15605	1.15601	1.15603	32.40
2025.11.10	18:17:00	1.15603	1.15609	1.15599	1.15604	33.37
2025.11.10	18:18:00	1.15606	1.15607	1.15601	1.15604	25.34
2025.11.10	18:19:00	1.15608	1.15613	1.15597	1.15598	27.13
2025.11.10	18:20:00	1.15598	1.15599	1.15596	1.15596	11.70
2025.11.10	18:21:00	1.15594	1.15603	1.15593	1.15603	29.25
2025.11.10	18:22:00	1.15605	1.15610	1.15600	1.15610	22.66
2025.11.10	18:23:00	1.15609	1.15613	1.15604	1.15604	43.42
2025.11.10	18:24:00	1.15603	1.15609	1.15603	1.15609	10.53
2025.11.10	18:25:00	1.15610	1.15610	1.15604	1.15605	14.40
2025.11.10	18:26:00	1.15604	1.15606	1.15601	1.15605	25.65
2025.11.10	18:27:00	1.15604	1.15605	1.15602	1.15605	9.90
2025.11.10	18:28:00	1.15602	1.15602	1.15586	1.15589	52.37
2025.11.10	18:29:00	1.15591	1.15599	1.15591	1.15598	11.77
2025.11.10	18:30:00	1.15595	1.15598	1.15595	1.15595	14.47
2025.11.10	18:31:00	1.15594	1.15613	1.15594	1.15612	78.94
2025.11.10	18:32:00	1.15613	1.15618	1.15613	1.15615	82.66
2025.11.10	18:33:00	1.15615	1.15615	1.15610	1.15613	34.66
2025.11.10	18:34:00	1.15613	1.15615	1.15613	1.15613	2.70
2025.11.10	18:35:00	1.15611	1.15611	1.15593	1.15599	42.34
2025.11.10	18:36:00	1.15600	1.15612	1.15600	1.15610	38.56
2025.11.10	18:37:00	1.15611	1.15614	1.15610	1.15614	41.97
2025.11.10	18:38:00	1.15612	1.15612	1.15609	1.15609	10.94
2025.11.10	18:39:00	1.15607	1.15608	1.15604	1.15607	15.20
2025.11.10	18:40:00	1.15606	1.15608	1.15603	1.15605	14.02
2025.11.10	18:41:00	1.15606	1.15609	1.15598	1.15606	40.85
2025.11.10	18:42:00	1.15606	1.15612	1.15602	1.15610	28.41
2025.11.10	18:43:00	1.15608	1.15609	1.15608	1.15608	5.92
2025.11.10	18:44:00	1.15608	1.15613	1.15605	1.15606	31.71
2025.11.10	18:45:00	1.15606	1.15610	1.15602	1.15603	22.64
2025.11.10	18:46:00	1.15599	1.15599	1.15595	1.15595	20.99
2025.11.10	18:47:00	1.15594	1.15600	1.15593	1.15598	31.57
2025.11.10	18:48:00	1.15600	1.15607	1.15595	1.15606	42.75
2025.11.10	18:49:00	1.15606	1.15606	1.15595	1.15599	24.30
2025.11.10	18:50:00	1.15598	1.15598	1.15593	1.15598	17.10
2025.11.10	18:51:00	1.15598	1.15598	1.15590	1.15590	14.40
2025.11.10	18:52:00	1.15588	1.15599	1.15587	1.15598	41.02
2025.11.10	18:53:00	1.15599	1.15599	1.15594	1.15596	26.01
2025.11.10	18:54:00	1.15596	1.15598	1.15586	1.15592	63.51
2025.11.10	18:55:00	1.15593	1.15593	1.15583	1.15583	74.02
2025.11.10	18:56:00	1.15583	1.15596	1.15582	1.15595	19.92
2025.11.10	18:57:00	1.15596	1.15600	1.15588	1.15588	64.57
2025.11.10	18:58:00	1.15587	1.15592	1.15580	1.15583	69.64
2025.11.10	18:59:00	1.15582	1.15589	1.15579	1.15582	54.59
2025.11.10	19:00:00	1.15583	1.15586	1.15578	1.15583	70.05
2025.11.10	19:01:00	1.15584	1.15592	1.15582	1.15592	90.56
2025.11.10	19:02:00	1.15592	1.15598	1.15590	1.15596	49.05
2025.11.10	19:03:00	1.15593	1.15606	1.15593	1.15606	46.42
2025.11.10	19:04:00	1.15605	1.15607	1.15596	1.15602	20.92
2025.11.10	19:05:00	1.15600	1.15605	1.15598	1.15602	38.40
2025.11.10	19:06:00	1.15604	1.15604	1.15591	1.15593	44.39
2025.11.10	19:07:00	1.15593	1.15593	1.15588	1.15590	27.40
2025.11.10	19:08:00	1.15592	1.15601	1.15592	1.15601	29.77
2025.11.10	19:09:00	1.15599	1.15602	1.15598	1.15599	93.75
2025.11.10	19:10:00	1.15603	1.15611	1.15599	1.15611	56.68
2025.11.10	19:11:00	1.15610	1.15628	1.15610	1.15625	63.34
2025.11.10	19:12:00	1.15623	1.15627	1.15623	1.15624	16.29
2025.11.10	19:13:00	1.15625	1.15626	1.15622	1.15624	15.30
2025.11.10	19:14:00	1.15623	1.15625	1.15619	1.15619	14.40
2025.11.10	19:15:00	1.15619	1.15622	1.15618	1.15622	20.25
2025.11.10	19:16:00	1.15620	1.15620	1.15612	1.15614	40.49
2025.11.10	19:17:00	1.15613	1.15619	1.15613	1.15618	17.10
2025.11.10	19:18:00	1.15617	1.15622	1.15616	1.15622	17.76
2025.11.10	19:19:00	1.15623	1.15626	1.15623	1.15625	16.20
2025.11.10	19:20:00	1.15625	1.15626	1.15625	1.15625	7.20
2025.11.10	19:21:00	1.15625	1.15628	1.15625	1.15627	8.10
2025.11.10	19:22:00	1.15627	1.15627	1.15617	1.15617	17.17
2025.11.10	19:23:00	1.15618	1.15624	1.15617	1.15624	23.40
2025.11.10	19:24:00	1.15623	1.15623	1.15612	1.15613	30.67
2025.11.10	19:25:00	1.15613	1.15620	1.15611	1.15619	24.30
2025.11.10	19:26:00	1.15621	1.15624	1.15619	1.15620	19.80
2025.11.10	19:27:00	1.15621	1.15621	1.15616	1.15617	4.50
2025.11.10	19:28:00	1.15619	1.15622	1.15618	1.15618	18.90
2025.11.10	19:29:00	1.15619	1.15619	1.15617	1.15618	2.70
2025.11.10	19:30:00	1.15619	1.15628	1.15618	1.15625	34.83
2025.11.10	19:31:00	1.15627	1.15630	1.15626	1.15629	9.00
2025.11.10	19:32:00	1.15623	1.15627	1.15618	1.15622	37.32
2025.11.10	19:33:00	1.15621	1.15622	1.15620	1.15622	14.09
2025.11.10	19:34:00	1.15624	1.15624	1.15616	1.15620	21.15
2025.11.10	19:35:00	1.15618	1.15618	1.15616	1.15617	15.75
2025.11.10	19:36:00	1.15616	1.15616	1.15609	1.15613	16.87
2025.11.10	19:37:00	1.15615	1.15615	1.15609	1.15609	20.70
2025.11.10	19:38:00	1.15608	1.15608	1.15603	1.15606	23.47
2025.11.10	19:39:00	1.15604	1.15604	1.15594	1.15604	21.60
2025.11.10	19:40:00	1.15604	1.15615	1.15601	1.15613	26.55
2025.11.10	19:41:00	1.15615	1.15619	1.15614	1.15619	13.95
2025.11.10	19:42:00	1.15620	1.15620	1.15614	1.15614	30.67
2025.11.10	19:43:00	1.15611	1.15612	1.15604	1.15605	18.66
2025.11.10	19:44:00	1.15606	1.15615	1.15604	1.15611	16.72
2025.11.10	19:45:00	1.15609	1.15609	1.15602	1.15604	13.95
2025.11.10	19:46:00	1.15604	1.15604	1.15603	1.15603	2.70
2025.11.10	19:47:00	1.15603	1.15604	1.15603	1.15604	2.70
2025.11.10	19:48:00	1.15604	1.15607	1.15603	1.15606	13.50
2025.11.10	19:49:00	1.15607	1.15607	1.15602	1.15606	30.22
2025.11.10	19:50:00	1.15608	1.15618	1.15605	1.15614	58.12
2025.11.10	19:51:00	1.15616	1.15621	1.15615	1.15620	25.65
2025.11.10	19:52:00	1.15620	1.15624	1.15616	1.15617	37.80
2025.11.10	19:53:00	1.15618	1.15618	1.15605	1.15608	45.52
2025.11.10	19:54:00	1.15610	1.15611	1.15608	1.15610	9.90
2025.11.10	19:55:00	1.15608	1.15609	1.15605	1.15608	14.47
2025.11.10	19:56:00	1.15605	1.15609	1.15598	1.15598	33.73
2025.11.10	19:57:00	1.15598	1.15607	1.15596	1.15604	33.14
2025.11.10	19:58:00	1.15603	1.15616	1.15601	1.15612	39.57
2025.11.10	19:59:00	1.15610	1.15611	1.15605	1.15608	28.56
2025.11.10	20:00:00	1.15607	1.15611	1.15607	1.15610	21.44
2025.11.10	20:01:00	1.15610	1.15612	1.15605	1.15610	50.60
2025.11.10	20:02:00	1.15610	1.15625	1.15608	1.15623	40.47
2025.11.10	20:03:00	1.15625	1.15630	1.15618	1.15619	30.81
2025.11.10	20:04:00	1.15620	1.15623	1.15617	1.15620	43.62
2025.11.10	20:05:00	1.15621	1.15625	1.15618	1.15625	13.19
2025.11.10	20:06:00	1.15622	1.15625	1.15622	1.15624	24.42
2025.11.10	20:07:00	1.15623	1.15624	1.15621	1.15621	18.94
2025.11.10	20:08:00	1.15622	1.15625	1.15622	1.15624	9.14
2025.11.10	20:09:00	1.15624	1.15627	1.15623	1.15627	9.90
2025.11.10	20:10:00	1.15628	1.15631	1.15625	1.15625	32.15
2025.11.10	20:11:00	1.15626	1.15627	1.15618	1.15620	55.60
2025.11.10	20:12:00	1.15621	1.15627	1.15621	1.15624	28.11
2025.11.10	20:13:00	1.15624	1.15626	1.15622	1.15625	45.28
2025.11.10	20:14:00	1.15625	1.15625	1.15622	1.15625	38.32
2025.11.10	20:15:00	1.15624	1.15625	1.15617	1.15617	51.96
2025.11.10	20:16:00	1.15618	1.15629	1.15618	1.15625	63.97
2025.11.10	20:17:00	1.15626	1.15629	1.15620	1.15622	112.10
2025.11.10	20:18:00	1.15622	1.15629	1.15620	1.15627	156.69
2025.11.10	20:19:00	1.15625	1.15625	1.15619	1.15621	132.74
2025.11.10	20:20:00	1.15621	1.15621	1.15617	1.15617	33.72
2025.11.10	20:21:00	1.15615	1.15617	1.15605	1.15611	85.18
2025.11.10	20:22:00	1.15612	1.15614	1.15611	1.15614	8.10
2025.11.10	20:23:00	1.15617	1.15626	1.15613	1.15626	32.85
2025.11.10	20:24:00	1.15624	1.15626	1.15621	1.15625	67.95
2025.11.10	20:25:00	1.15625	1.15626	1.15621	1.15622	126.49
2025.11.10	20:26:00	1.15622	1.15629	1.15621	1.15627	61.62
2025.11.10	20:27:00	1.15627	1.15630	1.15626	1.15628	14.85
2025.11.10	20:28:00	1.15628	1.15628	1.15625	1.15625	57.60
2025.11.10	20:29:00	1.15626	1.15629	1.15625	1.15626	74.25
2025.11.10	20:30:00	1.15628	1.15632	1.15625	1.15632	32.40
2025.11.10	20:31:00	1.15631	1.15631	1.15624	1.15626	141.37
2025.11.10	20:32:00	1.15628	1.15628	1.15628	1.15628	6.30
2025.11.10	20:33:00	1.15628	1.15631	1.15628	1.15631	4.50
2025.11.10	20:35:00	1.15632	1.15632	1.15632	1.15632	0.90
2025.11.10	20:37:00	1.15634	1.15642	1.15634	1.15642	35.55
2025.11.10	20:38:00	1.15641	1.15641	1.15634	1.15640	22.50
2025.11.10	20:39:00	1.15641	1.15642	1.15638	1.15642	9.52
2025.11.10	20:40:00	1.15641	1.15645	1.15641	1.15645	5.40
2025.11.10	20:41:00	1.15646	1.15646	1.15643	1.15644	35.24
2025.11.10	20:42:00	1.15642	1.15644	1.15639	1.15640	28.11
2025.11.10	20:43:00	1.15640	1.15640	1.15638	1.15638	8.62
2025.11.10	20:44:00	1.15637	1.15638	1.15632	1.15632	8.24
2025.11.10	20:45:00	1.15632	1.15632	1.15627	1.15629	13.64
2025.11.10	20:46:00	1.15629	1.15636	1.15629	1.15634	32.47
2025.11.10	20:47:00	1.15634	1.15642	1.15633	1.15642	25.20
2025.11.10	20:48:00	1.15641	1.15641	1.15640	1.15641	16.20
2025.11.10	20:49:00	1.15641	1.15641	1.15633	1.15633	26.62
2025.11.10	20:50:00	1.15633	1.15639	1.15630	1.15638	37.80
2025.11.10	20:51:00	1.15639	1.15639	1.15637	1.15637	14.40
2025.11.10	20:52:00	1.15638	1.15640	1.15638	1.15638	14.02
2025.11.10	20:53:00	1.15639	1.15641	1.15638	1.15638	23.40
2025.11.10	20:54:00	1.15637	1.15639	1.15628	1.15628	14.92
2025.11.10	20:55:00	1.15629	1.15634	1.15626	1.15633	40.50
2025.11.10	20:56:00	1.15635	1.15635	1.15633	1.15634	13.95
2025.11.10	20:57:00	1.15634	1.15640	1.15632	1.15638	51.75
2025.11.10	20:58:00	1.15638	1.15638	1.15633	1.15636	89.55
2025.11.10	20:59:00	1.15637	1.15639	1.15634	1.15637	163.98
2025.11.10	21:00:00	1.15637	1.15637	1.15630	1.15632	137.78
2025.11.10	21:01:00	1.15631	1.15632	1.15626	1.15626	69.75
2025.11.10	21:02:00	1.15627	1.15630	1.15627	1.15629	40.95
2025.11.10	21:03:00	1.15628	1.15632	1.15627	1.15632	26.10
2025.11.10	21:04:00	1.15631	1.15633	1.15631	1.15631	20.70
2025.11.10	21:05:00	1.15631	1.15634	1.15625	1.15631	51.07
2025.11.10	21:06:00	1.15630	1.15631	1.15624	1.15626	61.20
2025.11.10	21:07:00	1.15624	1.15626	1.15623	1.15624	27.90
2025.11.10	21:08:00	1.15624	1.15627	1.15623	1.15627	79.20
2025.11.10	21:09:00	1.15625	1.15629	1.15625	1.15629	38.01
2025.11.10	21:10:00	1.15629	1.15629	1.15624	1.15625	38.47
2025.11.10	21:11:00	1.15625	1.15626	1.15624	1.15626	18.90
2025.11.10	21:12:00	1.15627	1.15627	1.15624	1.15624	6.30
2025.11.10	21:13:00	1.15624	1.15627	1.15624	1.15625	9.90
2025.11.10	21:14:00	1.15626	1.15628	1.15624	1.15624	27.22
2025.11.10	21:15:00	1.15624	1.15627	1.15624	1.15627	30.82
2025.11.10	21:16:00	1.15629	1.15630	1.15629	1.15630	4.50
2025.11.10	21:17:00	1.15631	1.15632	1.15630	1.15630	13.05
2025.11.10	21:18:00	1.15629	1.15629	1.15623	1.15624	18.90
2025.11.10	21:19:00	1.15626	1.15628	1.15622	1.15623	23.85
2025.11.10	21:20:00	1.15624	1.15624	1.15623	1.15623	5.40
2025.11.10	21:21:00	1.15624	1.15624	1.15621	1.15621	9.90
2025.11.10	21:22:00	1.15620	1.15622	1.15620	1.15622	9.90
2025.11.10	21:23:00	1.15622	1.15622	1.15622	1.15622	0.90
2025.11.10	21:24:00	1.15621	1.15622	1.15621	1.15622	3.60
2025.11.10	21:25:00	1.15621	1.15621	1.15620	1.15620	9.00
2025.11.10	21:26:00	1.15620	1.15620	1.15611	1.15613	17.77
2025.11.10	21:27:00	1.15613	1.15613	1.15607	1.15608	10.80
2025.11.10	21:28:00	1.15607	1.15607	1.15601	1.15603	21.60
2025.11.10	21:29:00	1.15603	1.15603	1.15596	1.15598	41.34
2025.11.10	21:30:00	1.15598	1.15605	1.15592	1.15602	45.99
2025.11.10	21:31:00	1.15601	1.15606	1.15601	1.15602	9.90
2025.11.10	21:32:00	1.15599	1.15602	1.15597	1.15600	18.12
2025.11.10	21:33:00	1.15602	1.15602	1.15602	1.15602	0.90
2025.11.10	21:34:00	1.15600	1.15600	1.15585	1.15585	25.49
2025.11.10	21:35:00	1.15586	1.15586	1.15580	1.15580	15.75
2025.11.10	21:36:00	1.15582	1.15583	1.15582	1.15583	3.60
2025.11.10	21:37:00	1.15584	1.15584	1.15584	1.15584	0.90
2025.11.10	21:38:00	1.15585	1.15591	1.15585	1.15588	13.72
2025.11.10	21:39:00	1.15587	1.15588	1.15587	1.15588	8.10
2025.11.10	21:40:00	1.15587	1.15587	1.15584	1.15584	6.75
2025.11.10	21:41:00	1.15583	1.15583	1.15577	1.15577	5.40
2025.11.10	21:42:00	1.15577	1.15577	1.15577	1.15577	2.70
2025.11.10	21:43:00	1.15577	1.15578	1.15577	1.15578	3.15
2025.11.10	21:44:00	1.15579	1.15579	1.15577	1.15577	3.60
2025.11.10	21:45:00	1.15578	1.15579	1.15577	1.15578	12.60
2025.11.10	21:46:00	1.15579	1.15579	1.15567	1.15570	81.90
2025.11.10	21:47:00	1.15569	1.15569	1.15566	1.15566	20.70
2025.11.10	21:48:00	1.15567	1.15568	1.15560	1.15567	48.01
2025.11.10	21:49:00	1.15566	1.15566	1.15564	1.15566	8.10
2025.11.10	21:50:00	1.15567	1.15572	1.15563	1.15568	58.63
2025.11.10	21:51:00	1.15568	1.15568	1.15561	1.15561	38.02
2025.11.10	21:52:00	1.15561	1.15561	1.15557	1.15559	17.32
2025.11.10	21:53:00	1.15557	1.15557	1.15552	1.15552	20.52
2025.11.10	21:54:00	1.15551	1.15561	1.15550	1.15560	27.54
2025.11.10	21:55:00	1.15565	1.15581	1.15565	1.15580	106.29
2025.11.10	21:56:00	1.15579	1.15582	1.15579	1.15581	14.40
2025.11.10	21:57:00	1.15582	1.15582	1.15572	1.15576	85.86
2025.11.10	21:58:00	1.15577	1.15579	1.15567	1.15569	335.52
2025.11.10	21:59:00	1.15570	1.15570	1.15561	1.15568	618.30
2025.11.10	22:00:00	1.15563	1.15563	1.15536	1.15539	26.07
2025.11.10	22:01:00	1.15538	1.15543	1.15538	1.15543	13.50
2025.11.10	22:02:00	1.15539	1.15540	1.15534	1.15535	81.00
2025.11.10	22:03:00	1.15539	1.15557	1.15535	1.15557	127.34
2025.11.10	22:04:00	1.15557	1.15557	1.15557	1.15557	1.34
2025.11.10	22:05:00	1.15565	1.15577	1.15565	1.15577	10.80
2025.11.10	22:06:00	1.15570	1.15575	1.15563	1.15572	18.00
2025.11.10	22:07:00	1.15573	1.15575	1.15565	1.15565	21.60
2025.11.10	22:08:00	1.15574	1.15579	1.15570	1.15570	11.70
2025.11.10	22:09:00	1.15570	1.15584	1.15570	1.15574	18.00
2025.11.10	22:10:00	1.15583	1.15583	1.15574	1.15579	15.30
2025.11.10	22:11:00	1.15575	1.15576	1.15573	1.15575	9.00
2025.11.10	22:12:00	1.15575	1.15577	1.15572	1.15576	18.00
2025.11.10	22:13:00	1.15574	1.15576	1.15574	1.15576	7.20
2025.11.10	22:14:00	1.15573	1.15573	1.15569	1.15570	12.60
2025.11.10	22:15:00	1.15570	1.15575	1.15570	1.15571	19.80
2025.11.10	22:16:00	1.15571	1.15571	1.15570	1.15571	142.20
2025.11.10	22:17:00	1.15571	1.15577	1.15566	1.15577	158.40
2025.11.10	22:18:00	1.15570	1.15571	1.15570	1.15571	5.40
2025.11.10	22:19:00	1.15578	1.15578	1.15571	1.15571	5.40
2025.11.10	22:20:00	1.15570	1.15578	1.15569	1.15571	9.90
2025.11.10	22:21:00	1.15567	1.15569	1.15567	1.15569	2.70
2025.11.10	22:22:00	1.15577	1.15577	1.15570	1.15575	16.20
2025.11.10	22:23:00	1.15576	1.15576	1.15574	1.15576	10.80
2025.11.10	22:24:00	1.15575	1.15575	1.15574	1.15574	3.60
2025.11.10	22:25:00	1.15575	1.15577	1.15573	1.15573	23.40
2025.11.10	22:26:00	1.15573	1.15573	1.15570	1.15572	12.60
2025.11.10	22:27:00	1.15571	1.15576	1.15568	1.15572	25.20
2025.11.10	22:28:00	1.15571	1.15571	1.15569	1.15570	9.00
2025.11.10	22:29:00	1.15573	1.15574	1.15570	1.15574	16.20
2025.11.10	22:30:00	1.15573	1.15573	1.15564	1.15567	56.70
2025.11.10	22:31:00	1.15571	1.15574	1.15564	1.15568	62.55
2025.11.10	22:32:00	1.15569	1.15572	1.15568	1.15570	22.50
2025.11.10	22:33:00	1.15571	1.15573	1.15568	1.15573	28.80
2025.11.10	22:34:00	1.15570	1.15573	1.15566	1.15570	21.15
2025.11.10	22:35:00	1.15570	1.15572	1.15569	1.15572	14.40
2025.11.10	22:36:00	1.15573	1.15573	1.15570	1.15571	18.00
2025.11.10	22:37:00	1.15567	1.15573	1.15565	1.15571	30.60
2025.11.10	22:38:00	1.15571	1.15571	1.15565	1.15565	11.25
2025.11.10	22:39:00	1.15571	1.15571	1.15564	1.15565	49.05
2025.11.10	22:40:00	1.15570	1.15571	1.15564	1.15571	23.85
2025.11.10	22:41:00	1.15571	1.15579	1.15564	1.15571	75.60
2025.11.10	22:42:00	1.15572	1.15584	1.15569	1.15579	193.95
2025.11.10	22:43:00	1.15577	1.15581	1.15564	1.15567	249.30
2025.11.10	22:44:00	1.15568	1.15581	1.15566	1.15568	181.07
2025.11.10	22:45:00	1.15566	1.15585	1.15566	1.15571	298.44
2025.11.10	22:46:00	1.15571	1.15572	1.15566	1.15569	38.25
2025.11.10	22:47:00	1.15569	1.15571	1.15568	1.15570	19.80
2025.11.10	22:48:00	1.15569	1.15571	1.15564	1.15564	50.40
2025.11.10	22:49:00	1.15565	1.15565	1.15564	1.15564	7.20
2025.11.10	22:50:00	1.15565	1.15565	1.15563	1.15563	5.40
2025.11.10	22:51:00	1.15563	1.15564	1.15562	1.15562	30.60
2025.11.10	22:52:00	1.15563	1.15563	1.15562	1.15563	7.20
2025.11.10	22:53:00	1.15562	1.15568	1.15561	1.15562	30.15
2025.11.10	22:54:00	1.15564	1.15564	1.15562	1.15562	9.00
2025.11.10	22:55:00	1.15563	1.15569	1.15562	1.15566	48.15
2025.11.10	22:56:00	1.15566	1.15575	1.15561	1.15568	151.20
2025.11.10	22:57:00	1.15567	1.15570	1.15563	1.15565	144.00
2025.11.10	22:58:00	1.15565	1.15570	1.15563	1.15569	149.40
2025.11.10	22:59:00	1.15567	1.15575	1.15557	1.15568	181.35
2025.11.10	23:00:00	1.15572	1.15591	1.15562	1.15566	192.11
2025.11.10	23:01:00	1.15571	1.15590	1.15568	1.15569	88.39
2025.11.10	23:02:00	1.15568	1.15570	1.15568	1.15568	111.60
2025.11.10	23:03:00	1.15569	1.15576	1.15568	1.15576	83.70
2025.11.10	23:04:00	1.15575	1.15575	1.15568	1.15574	92.70
2025.11.10	23:05:00	1.15574	1.15579	1.15564	1.15577	38.70
2025.11.10	23:06:00	1.15577	1.15583	1.15576	1.15582	16.65
2025.11.10	23:07:00	1.15581	1.15584	1.15581	1.15583	8.19
2025.11.10	23:08:00	1.15587	1.15592	1.15586	1.15589	19.35
2025.11.10	23:09:00	1.15590	1.15594	1.15590	1.15594	5.85
2025.11.10	23:10:00	1.15595	1.15597	1.15591	1.15596	11.91
2025.11.10	23:11:00	1.15595	1.15595	1.15595	1.15595	0.52
2025.11.10	23:12:00	1.15596	1.15599	1.15596	1.15599	5.16
2025.11.10	23:13:00	1.15598	1.15599	1.15598	1.15598	4.57
2025.11.10	23:14:00	1.15595	1.15597	1.15592	1.15594	24.62
2025.11.10	23:15:00	1.15598	1.15601	1.15597	1.15599	15.96
2025.11.10	23:16:00	1.15598	1.15599	1.15594	1.15599	8.35
2025.11.10	23:17:00	1.15599	1.15600	1.15597	1.15597	8.00
2025.11.10	23:18:00	1.15595	1.15596	1.15595	1.15595	9.90
2025.11.10	23:19:00	1.15595	1.15595	1.15593	1.15593	4.95
2025.11.10	23:20:00	1.15591	1.15591	1.15589	1.15589	3.82
2025.11.10	23:21:00	1.15588	1.15588	1.15584	1.15586	7.65
2025.11.10	23:22:00	1.15586	1.15586	1.15586	1.15586	3.15
2025.11.10	23:23:00	1.15586	1.15587	1.15586	1.15586	7.20
2025.11.10	23:24:00	1.15586	1.15586	1.15577	1.15577	25.65
2025.11.10	23:25:00	1.15577	1.15578	1.15577	1.15578	9.90
2025.11.10	23:26:00	1.15577	1.15577	1.15572	1.15573	13.05
2025.11.10	23:27:00	1.15573	1.15573	1.15568	1.15571	12.60
2025.11.10	23:28:00	1.15570	1.15572	1.15564	1.15564	19.87
2025.11.10	23:29:00	1.15563	1.15567	1.15563	1.15567	18.00
2025.11.10	23:30:00	1.15573	1.15581	1.15573	1.15581	17.10
2025.11.10	23:31:00	1.15581	1.15585	1.15581	1.15584	11.32
2025.11.10	23:32:00	1.15586	1.15586	1.15584	1.15584	8.17
2025.11.10	23:33:00	1.15584	1.15586	1.15577	1.15577	45.46
2025.11.10	23:34:00	1.15576	1.15590	1.15576	1.15587	29.25
2025.11.10	23:35:00	1.15588	1.15597	1.15588	1.15594	7.20
2025.11.10	23:36:00	1.15593	1.15595	1.15593	1.15595	3.60
2025.11.10	23:37:00	1.15593	1.15593	1.15591	1.15591	4.50
2025.11.10	23:38:00	1.15593	1.15594	1.15593	1.15594	1.80
2025.11.10	23:39:00	1.15595	1.15597	1.15595	1.15597	1.80
2025.11.10	23:40:00	1.15595	1.15598	1.15593	1.15595	14.99
2025.11.10	23:41:00	1.15597	1.15597	1.15596	1.15596	3.22
2025.11.10	23:42:00	1.15595	1.15595	1.15589	1.15590	11.60
2025.11.10	23:43:00	1.15589	1.15590	1.15588	1.15590	4.12
2025.11.10	23:44:00	1.15589	1.15589	1.15589	1.15589	2.32
2025.11.10	23:45:00	1.15589	1.15589	1.15589	1.15589	2.70
2025.11.10	23:46:00	1.15589	1.15589	1.15577	1.15578	15.41
2025.11.10	23:47:00	1.15578	1.15587	1.15578	1.15581	16.74
2025.11.10	23:48:00	1.15580	1.15582	1.15577	1.15578	15.75
2025.11.10	23:49:00	1.15578	1.15585	1.15578	1.15584	10.50
2025.11.10	23:50:00	1.15584	1.15588	1.15584	1.15588	10.04
2025.11.10	23:51:00	1.15589	1.15589	1.15584	1.15584	7.72
2025.11.10	23:52:00	1.15582	1.15582	1.15577	1.15578	7.72
2025.11.10	23:53:00	1.15582	1.15586	1.15582	1.15586	8.10
2025.11.10	23:54:00	1.15587	1.15587	1.15582	1.15583	11.91
2025.11.10	23:56:00	1.15583	1.15585	1.15570	1.15570	21.60
2025.11.10	23:57:00	1.15572	1.15576	1.15568	1.15574	7.89
2025.11.10	23:58:00	1.15571	1.15571	1.15564	1.15564	23.99
2025.11.10	23:59:00	1.15565	1.15567	1.15563	1.15565	49.01
2025.11.11	00:00:00	1.15566	1.15575	1.15563	1.15565	79.16
2025.11.11	00:01:00	1.15563	1.15569	1.15562	1.15566	87.83
2025.11.11	00:02:00	1.15565	1.15570	1.15561	1.15563	33.22
2025.11.11	00:03:00	1.15563	1.15567	1.15562	1.15565	77.21
2025.11.11	00:04:00	1.15567	1.15575	1.15565	1.15573	30.54
2025.11.11	00:05:00	1.15573	1.15581	1.15568	1.15579	35.52
2025.11.11	00:06:00	1.15579	1.15591	1.15578	1.15590	30.64
2025.11.11	00:07:00	1.15589	1.15590	1.15584	1.15590	49.67
2025.11.11	00:08:00	1.15591	1.15591	1.15583	1.15590	102.10
2025.11.11	00:09:00	1.15592	1.15593	1.15583	1.15585	97.11
2025.11.11	00:10:00	1.15587	1.15592	1.15587	1.15587	63.43
2025.11.11	00:11:00	1.15588	1.15591	1.15578	1.15580	43.49
2025.11.11	00:12:00	1.15581	1.15585	1.15579	1.15583	19.49
2025.11.11	00:13:00	1.15583	1.15583	1.15578	1.15578	25.78
2025.11.11	00:14:00	1.15579	1.15579	1.15576	1.15579	17.22
2025.11.11	00:15:00	1.15578	1.15580	1.15573	1.15574	29.54
2025.11.11	00:16:00	1.15574	1.15581	1.15574	1.15580	27.42
2025.11.11	00:17:00	1.15581	1.15584	1.15580	1.15580	24.78
2025.11.11	00:18:00	1.15579	1.15583	1.15574	1.15581	42.54
2025.11.11	00:19:00	1.15582	1.15583	1.15578	1.15579	26.24
2025.11.11	00:20:00	1.15578	1.15580	1.15577	1.15577	36.28
2025.11.11	00:21:00	1.15578	1.15584	1.15578	1.15579	28.66
2025.11.11	00:22:00	1.15580	1.15583	1.15580	1.15581	18.49
2025.11.11	00:23:00	1.15582	1.15583	1.15580	1.15582	19.26
2025.11.11	00:24:00	1.15583	1.15586	1.15583	1.15586	8.10
2025.11.11	00:25:00	1.15584	1.15584	1.15578	1.15578	10.94
2025.11.11	00:26:00	1.15582	1.15582	1.15573	1.15574	13.33
2025.11.11	00:27:00	1.15575	1.15575	1.15568	1.15569	17.14
2025.11.11	00:28:00	1.15570	1.15572	1.15567	1.15569	16.10
2025.11.11	00:29:00	1.15569	1.15578	1.15569	1.15575	17.62
2025.11.11	00:30:00	1.15574	1.15581	1.15569	1.15574	31.52
2025.11.11	00:31:00	1.15571	1.15571	1.15566	1.15566	15.72
2025.11.11	00:32:00	1.15567	1.15570	1.15566	1.15568	9.90
2025.11.11	00:33:00	1.15569	1.15571	1.15568	1.15570	9.59
2025.11.11	00:34:00	1.15568	1.15569	1.15562	1.15562	26.42
2025.11.11	00:35:00	1.15561	1.15562	1.15558	1.15558	7.03
2025.11.11	00:36:00	1.15557	1.15559	1.15555	1.15556	11.98
2025.11.11	00:37:00	1.15554	1.15555	1.15553	1.15555	4.59
2025.11.11	00:38:00	1.15555	1.15555	1.15553	1.15554	7.57
2025.11.11	00:39:00	1.15554	1.15555	1.15549	1.15549	31.94
2025.11.11	00:40:00	1.15550	1.15550	1.15544	1.15545	31.99
2025.11.11	00:41:00	1.15544	1.15544	1.15541	1.15543	5.87
2025.11.11	00:42:00	1.15544	1.15552	1.15544	1.15544	43.38
2025.11.11	00:43:00	1.15543	1.15550	1.15543	1.15550	58.91
2025.11.11	00:44:00	1.15548	1.15549	1.15547	1.15547	22.84
2025.11.11	00:45:00	1.15548	1.15551	1.15543	1.15543	24.36
2025.11.11	00:46:00	1.15545	1.15545	1.15545	1.15545	1.80
2025.11.11	00:47:00	1.15544	1.15544	1.15534	1.15534	26.10
2025.11.11	00:48:00	1.15535	1.15542	1.15530	1.15542	20.84
2025.11.11	00:49:00	1.15542	1.15542	1.15535	1.15535	32.82
2025.11.11	00:50:00	1.15537	1.15537	1.15530	1.15531	43.24
2025.11.11	00:51:00	1.15529	1.15529	1.15525	1.15527	35.71
2025.11.11	00:52:00	1.15527	1.15531	1.15525	1.15528	28.62
2025.11.11	00:53:00	1.15530	1.15538	1.15526	1.15526	27.50
2025.11.11	00:54:00	1.15525	1.15528	1.15518	1.15527	109.25
2025.11.11	00:55:00	1.15528	1.15528	1.15516	1.15523	121.72
2025.11.11	00:56:00	1.15524	1.15534	1.15518	1.15531	90.34
2025.11.11	00:57:00	1.15533	1.15534	1.15531	1.15532	15.05
2025.11.11	00:58:00	1.15529	1.15532	1.15522	1.15523	28.64
2025.11.11	00:59:00	1.15525	1.15527	1.15521	1.15521	30.11
2025.11.11	01:00:00	1.15521	1.15530	1.15516	1.15516	55.27
2025.11.11	01:01:00	1.15514	1.15516	1.15504	1.15509	31.69
2025.11.11	01:02:00	1.15510	1.15521	1.15509	1.15515	32.31
2025.11.11	01:03:00	1.15514	1.15517	1.15505	1.15509	31.13
2025.11.11	01:04:00	1.15507	1.15507	1.15494	1.15494	23.94
2025.11.11	01:05:00	1.15495	1.15503	1.15483	1.15488	98.31
2025.11.11	01:06:00	1.15488	1.15488	1.15480	1.15485	47.93
2025.11.11	01:07:00	1.15484	1.15488	1.15483	1.15485	17.38
2025.11.11	01:08:00	1.15485	1.15494	1.15483	1.15486	47.75
2025.11.11	01:09:00	1.15487	1.15487	1.15479	1.15480	47.29
2025.11.11	01:10:00	1.15480	1.15486	1.15478	1.15486	39.65
2025.11.11	01:11:00	1.15487	1.15500	1.15485	1.15496	42.51
2025.11.11	01:12:00	1.15498	1.15499	1.15495	1.15496	17.38
2025.11.11	01:13:00	1.15499	1.15501	1.15496	1.15496	28.04
2025.11.11	01:14:00	1.15499	1.15499	1.15487	1.15494	21.07
2025.11.11	01:15:00	1.15494	1.15494	1.15483	1.15487	32.49
2025.11.11	01:16:00	1.15488	1.15492	1.15482	1.15482	44.76
2025.11.11	01:17:00	1.15483	1.15489	1.15483	1.15488	26.93
2025.11.11	01:18:00	1.15494	1.15498	1.15494	1.15496	39.92
2025.11.11	01:19:00	1.15495	1.15502	1.15492	1.15492	56.12
2025.11.11	01:20:00	1.15492	1.15496	1.15486	1.15494	33.56
2025.11.11	01:21:00	1.15495	1.15504	1.15493	1.15499	48.03
2025.11.11	01:22:00	1.15498	1.15500	1.15492	1.15494	24.65
2025.11.11	01:23:00	1.15493	1.15502	1.15491	1.15500	37.54
2025.11.11	01:24:00	1.15502	1.15505	1.15495	1.15500	45.40
2025.11.11	01:25:00	1.15498	1.15518	1.15498	1.15515	36.70
2025.11.11	01:26:00	1.15518	1.15518	1.15497	1.15501	52.47
2025.11.11	01:27:00	1.15501	1.15501	1.15473	1.15478	102.96
2025.11.11	01:28:00	1.15478	1.15481	1.15468	1.15475	116.70
2025.11.11	01:29:00	1.15475	1.15493	1.15475	1.15493	95.06
2025.11.11	01:30:00	1.15494	1.15499	1.15493	1.15496	30.82
2025.11.11	01:31:00	1.15496	1.15509	1.15494	1.15506	29.32
2025.11.11	01:32:00	1.15504	1.15513	1.15503	1.15509	21.74
2025.11.11	01:33:00	1.15511	1.15521	1.15511	1.15516	31.40
2025.11.11	01:34:00	1.15517	1.15526	1.15517	1.15526	13.40
2025.11.11	01:35:00	1.15526	1.15537	1.15524	1.15537	26.63
2025.11.11	01:36:00	1.15536	1.15536	1.15529	1.15529	43.27
2025.11.11	01:37:00	1.15528	1.15534	1.15520	1.15524	34.79
2025.11.11	01:38:00	1.15524	1.15524	1.15510	1.15510	36.88
2025.11.11	01:39:00	1.15514	1.15520	1.15513	1.15520	9.90
2025.11.11	01:40:00	1.15520	1.15524	1.15519	1.15522	13.28
2025.11.11	01:41:00	1.15525	1.15527	1.15524	1.15526	13.19
2025.11.11	01:42:00	1.15524	1.15530	1.15524	1.15529	15.82
2025.11.11	01:43:00	1.15531	1.15533	1.15528	1.15532	22.50
2025.11.11	01:44:00	1.15530	1.15531	1.15528	1.15528	25.79
2025.11.11	01:45:00	1.15531	1.15532	1.15530	1.15530	13.68
2025.11.11	01:46:00	1.15532	1.15539	1.15532	1.15535	38.79
2025.11.11	01:47:00	1.15534	1.15534	1.15527	1.15530	25.19
2025.11.11	01:48:00	1.15531	1.15532	1.15525	1.15526	101.44
2025.11.11	01:49:00	1.15527	1.15528	1.15522	1.15523	69.40
2025.11.11	01:50:00	1.15523	1.15533	1.15521	1.15529	49.95
2025.11.11	01:51:00	1.15532	1.15541	1.15531	1.15538	48.96
2025.11.11	01:52:00	1.15537	1.15538	1.15533	1.15533	59.85
2025.11.11	01:53:00	1.15535	1.15535	1.15526	1.15528	71.86
2025.11.11	01:54:00	1.15529	1.15529	1.15523	1.15528	42.56
2025.11.11	01:55:00	1.15529	1.15537	1.15528	1.15537	39.58
2025.11.11	01:56:00	1.15537	1.15538	1.15529	1.15533	39.11
2025.11.11	01:57:00	1.15533	1.15536	1.15525	1.15525	29.77
2025.11.11	01:58:00	1.15528	1.15544	1.15524	1.15543	99.31
2025.11.11	01:59:00	1.15541	1.15547	1.15538	1.15546	43.74
2025.11.11	02:00:00	1.15546	1.15555	1.15543	1.15549	75.29
2025.11.11	02:01:00	1.15548	1.15555	1.15546	1.15547	93.83
2025.11.11	02:02:00	1.15547	1.15552	1.15540	1.15552	46.48
2025.11.11	02:03:00	1.15550	1.15564	1.15549	1.15562	67.36
2025.11.11	02:04:00	1.15564	1.15568	1.15563	1.15565	29.25
2025.11.11	02:05:00	1.15564	1.15567	1.15557	1.15560	36.90
2025.11.11	02:06:00	1.15560	1.15562	1.15556	1.15556	37.85
2025.11.11	02:07:00	1.15558	1.15561	1.15548	1.15552	95.71
2025.11.11	02:08:00	1.15550	1.15563	1.15548	1.15559	68.82
2025.11.11	02:09:00	1.15558	1.15558	1.15552	1.15556	29.70
2025.11.11	02:10:00	1.15555	1.15560	1.15555	1.15557	57.22
2025.11.11	02:11:00	1.15555	1.15556	1.15551	1.15555	33.73
2025.11.11	02:12:00	1.15556	1.15558	1.15554	1.15554	25.20
2025.11.11	02:13:00	1.15553	1.15558	1.15544	1.15555	60.05
2025.11.11	02:14:00	1.15557	1.15558	1.15554	1.15558	27.67
2025.11.11	02:15:00	1.15557	1.15560	1.15553	1.15555	32.86
2025.11.11	02:16:00	1.15554	1.15555	1.15550	1.15554	53.50
2025.11.11	02:17:00	1.15554	1.15554	1.15546	1.15554	33.27
2025.11.11	02:18:00	1.15554	1.15555	1.15548	1.15549	23.76
2025.11.11	02:19:00	1.15548	1.15553	1.15547	1.15553	30.33
2025.11.11	02:20:00	1.15554	1.15555	1.15552	1.15553	26.10
2025.11.11	02:21:00	1.15552	1.15554	1.15552	1.15552	9.45
2025.11.11	02:22:00	1.15558	1.15564	1.15557	1.15558	50.24
2025.11.11	02:23:00	1.15559	1.15565	1.15554	1.15564	45.45
2025.11.11	02:24:00	1.15562	1.15562	1.15552	1.15556	45.47
2025.11.11	02:25:00	1.15555	1.15563	1.15555	1.15563	5.85
2025.11.11	02:26:00	1.15561	1.15563	1.15559	1.15559	6.75
2025.11.11	02:27:00	1.15558	1.15560	1.15558	1.15558	2.70
2025.11.11	02:28:00	1.15560	1.15568	1.15560	1.15566	13.44
2025.11.11	02:29:00	1.15568	1.15568	1.15555	1.15555	27.67
2025.11.11	02:30:00	1.15555	1.15556	1.15550	1.15550	24.88
2025.11.11	02:31:00	1.15550	1.15553	1.15546	1.15548	16.52
2025.11.11	02:32:00	1.15549	1.15552	1.15549	1.15550	11.77
2025.11.11	02:33:00	1.15549	1.15562	1.15549	1.15553	36.22
2025.11.11	02:34:00	1.15552	1.15554	1.15549	1.15554	12.60
2025.11.11	02:35:00	1.15552	1.15552	1.15544	1.15547	23.40
2025.11.11	02:36:00	1.15549	1.15551	1.15549	1.15550	12.78
2025.11.11	02:37:00	1.15553	1.15553	1.15549	1.15552	7.20
2025.11.11	02:39:00	1.15554	1.15554	1.15549	1.15551	10.80
2025.11.11	02:40:00	1.15548	1.15548	1.15541	1.15541	14.40
2025.11.11	02:41:00	1.15541	1.15541	1.15538	1.15539	7.20
2025.11.11	02:42:00	1.15541	1.15542	1.15539	1.15539	2.70
2025.11.11	02:43:00	1.15538	1.15543	1.15536	1.15536	9.39
2025.11.11	02:44:00	1.15537	1.15539	1.15535	1.15536	8.46
2025.11.11	02:45:00	1.15538	1.15540	1.15533	1.15536	18.52
2025.11.11	02:46:00	1.15535	1.15538	1.15534	1.15536	7.65
2025.11.11	02:47:00	1.15535	1.15537	1.15535	1.15537	5.40
2025.11.11	02:48:00	1.15538	1.15541	1.15538	1.15541	10.31
2025.11.11	02:49:00	1.15540	1.15541	1.15536	1.15541	12.36
2025.11.11	02:50:00	1.15542	1.15542	1.15539	1.15541	4.62
2025.11.11	02:51:00	1.15541	1.15541	1.15535	1.15536	6.30
2025.11.11	02:52:00	1.15535	1.15536	1.15528	1.15529	24.34
2025.11.11	02:53:00	1.15526	1.15527	1.15519	1.15519	13.12
2025.11.11	02:54:00	1.15520	1.15529	1.15520	1.15527	13.59
2025.11.11	02:55:00	1.15526	1.15527	1.15521	1.15524	23.85
2025.11.11	02:56:00	1.15524	1.15527	1.15519	1.15527	16.20
2025.11.11	02:57:00	1.15530	1.15531	1.15529	1.15531	8.76
2025.11.11	02:58:00	1.15530	1.15536	1.15530	1.15532	14.02
2025.11.11	02:59:00	1.15531	1.15534	1.15530	1.15530	29.07
2025.11.11	03:00:00	1.15532	1.15537	1.15530	1.15536	65.11
2025.11.11	03:01:00	1.15537	1.15539	1.15536	1.15538	10.56
2025.11.11	03:02:00	1.15540	1.15550	1.15540	1.15547	46.28
2025.11.11	03:03:00	1.15547	1.15556	1.15545	1.15549	35.77
2025.11.11	03:04:00	1.15547	1.15548	1.15541	1.15544	16.24
2025.11.11	03:05:00	1.15540	1.15549	1.15539	1.15549	13.95
2025.11.11	03:06:00	1.15549	1.15554	1.15548	1.15554	24.85
2025.11.11	03:07:00	1.15553	1.15559	1.15553	1.15559	20.47
2025.11.11	03:08:00	1.15559	1.15562	1.15557	1.15562	20.96
2025.11.11	03:09:00	1.15561	1.15561	1.15552	1.15554	15.62
2025.11.11	03:10:00	1.15553	1.15557	1.15552	1.15556	35.44
2025.11.11	03:11:00	1.15557	1.15558	1.15556	1.15558	31.95
2025.11.11	03:12:00	1.15558	1.15565	1.15558	1.15559	58.18
2025.11.11	03:13:00	1.15558	1.15559	1.15552	1.15554	50.06
2025.11.11	03:14:00	1.15553	1.15556	1.15551	1.15554	66.05
2025.11.11	03:15:00	1.15552	1.15553	1.15548	1.15548	36.32
2025.11.11	03:16:00	1.15550	1.15551	1.15547	1.15549	20.74
2025.11.11	03:17:00	1.15548	1.15554	1.15548	1.15554	26.08
2025.11.11	03:18:00	1.15553	1.15555	1.15553	1.15555	5.14
2025.11.11	03:19:00	1.15554	1.15554	1.15549	1.15553	15.06
2025.11.11	03:20:00	1.15553	1.15561	1.15552	1.15559	21.31
2025.11.11	03:21:00	1.15560	1.15562	1.15558	1.15559	24.14
2025.11.11	03:22:00	1.15560	1.15560	1.15557	1.15560	24.92
2025.11.11	03:23:00	1.15560	1.15573	1.15560	1.15573	18.27
2025.11.11	03:24:00	1.15573	1.15578	1.15573	1.15577	38.53
2025.11.11	03:25:00	1.15578	1.15580	1.15577	1.15578	28.77
2025.11.11	03:26:00	1.15576	1.15576	1.15571	1.15572	18.77
2025.11.11	03:27:00	1.15574	1.15575	1.15567	1.15567	34.51
2025.11.11	03:28:00	1.15569	1.15579	1.15568	1.15576	46.22
2025.11.11	03:29:00	1.15576	1.15577	1.15573	1.15574	18.49
2025.11.11	03:30:00	1.15572	1.15572	1.15563	1.15563	68.98
2025.11.11	03:31:00	1.15563	1.15564	1.15557	1.15557	11.92
2025.11.11	03:32:00	1.15557	1.15557	1.15551	1.15554	44.38
2025.11.11	03:33:00	1.15553	1.15556	1.15553	1.15556	74.72
2025.11.11	03:34:00	1.15555	1.15563	1.15555	1.15561	142.69
2025.11.11	03:35:00	1.15561	1.15570	1.15561	1.15570	90.09
2025.11.11	03:36:00	1.15571	1.15579	1.15570	1.15577	90.96
2025.11.11	03:37:00	1.15576	1.15576	1.15573	1.15576	43.81
2025.11.11	03:38:00	1.15576	1.15577	1.15574	1.15574	12.30
2025.11.11	03:39:00	1.15576	1.15576	1.15566	1.15567	18.99
2025.11.11	03:40:00	1.15567	1.15567	1.15561	1.15564	27.67
2025.11.11	03:41:00	1.15564	1.15564	1.15555	1.15558	16.05
2025.11.11	03:42:00	1.15558	1.15559	1.15554	1.15559	20.46
2025.11.11	03:43:00	1.15558	1.15558	1.15554	1.15556	10.94
2025.11.11	03:44:00	1.15556	1.15556	1.15555	1.15555	2.32
2025.11.11	03:45:00	1.15556	1.15564	1.15556	1.15559	17.00
2025.11.11	03:46:00	1.15558	1.15561	1.15558	1.15561	6.82
2025.11.11	03:47:00	1.15560	1.15570	1.15560	1.15569	9.21
2025.11.11	03:50:00	1.15568	1.15577	1.15564	1.15564	39.68
2025.11.11	03:51:00	1.15564	1.15567	1.15563	1.15563	10.04
2025.11.11	03:52:00	1.15564	1.15567	1.15558	1.15558	14.42
2025.11.11	03:53:00	1.15558	1.15563	1.15555	1.15556	33.14
2025.11.11	03:54:00	1.15555	1.15558	1.15555	1.15558	19.72
2025.11.11	03:55:00	1.15556	1.15568	1.15556	1.15563	47.11
2025.11.11	03:56:00	1.15564	1.15564	1.15558	1.15563	33.55
2025.11.11	03:57:00	1.15562	1.15564	1.15558	1.15564	28.22
2025.11.11	03:58:00	1.15562	1.15564	1.15560	1.15564	15.82
2025.11.11	03:59:00	1.15564	1.15564	1.15560	1.15563	5.02
2025.11.11	04:00:00	1.15563	1.15575	1.15561	1.15575	30.11
2025.11.11	04:01:00	1.15577	1.15577	1.15577	1.15577	0.90
2025.11.11	04:02:00	1.15579	1.15590	1.15579	1.15589	16.92
2025.11.11	04:03:00	1.15589	1.15590	1.15584	1.15589	28.97
2025.11.11	04:04:00	1.15591	1.15591	1.15586	1.15586	28.80
2025.11.11	04:05:00	1.15588	1.15588	1.15576	1.15577	37.43
2025.11.11	04:06:00	1.15575	1.15579	1.15575	1.15578	14.16
2025.11.11	04:07:00	1.15582	1.15582	1.15578	1.15578	11.03
2025.11.11	04:08:00	1.15575	1.15579	1.15572	1.15573	39.92
2025.11.11	04:09:00	1.15577	1.15577	1.15573	1.15574	30.99
2025.11.11	04:10:00	1.15572	1.15574	1.15568	1.15569	13.40
2025.11.11	04:11:00	1.15569	1.15569	1.15564	1.15566	17.80
2025.11.11	04:12:00	1.15565	1.15566	1.15562	1.15563	28.42
2025.11.11	04:13:00	1.15564	1.15566	1.15558	1.15560	35.74
2025.11.11	04:14:00	1.15559	1.15561	1.15557	1.15559	25.47
2025.11.11	04:15:00	1.15561	1.15561	1.15552	1.15552	22.50
2025.11.11	04:16:00	1.15553	1.15554	1.15552	1.15553	4.50
2025.11.11	04:17:00	1.15553	1.15561	1.15553	1.15558	27.76
2025.11.11	04:18:00	1.15559	1.15566	1.15558	1.15564	13.59
2025.11.11	04:19:00	1.15565	1.15576	1.15564	1.15575	42.30
2025.11.11	04:20:00	1.15575	1.15575	1.15572	1.15573	9.90
2025.11.11	04:21:00	1.15572	1.15574	1.15568	1.15571	39.08
2025.11.11	04:22:00	1.15572	1.15574	1.15562	1.15565	54.01
2025.11.11	04:23:00	1.15566	1.15566	1.15558	1.15558	65.61
2025.11.11	04:24:00	1.15558	1.15559	1.15556	1.15557	71.28
2025.11.11	04:25:00	1.15559	1.15560	1.15557	1.15557	14.85
2025.11.11	04:26:00	1.15557	1.15566	1.15557	1.15562	26.32
2025.11.11	04:27:00	1.15563	1.15563	1.15559	1.15561	25.20
2025.11.11	04:28:00	1.15559	1.15566	1.15559	1.15566	28.12
2025.11.11	04:29:00	1.15565	1.15567	1.15562	1.15563	38.92
2025.11.11	04:30:00	1.15562	1.15562	1.15557	1.15558	22.04
2025.11.11	04:31:00	1.15557	1.15559	1.15557	1.15559	8.10
2025.11.11	04:32:00	1.15558	1.15558	1.15555	1.15556	20.88
2025.11.11	04:33:00	1.15555	1.15561	1.15555	1.15558	27.97
2025.11.11	04:34:00	1.15559	1.15560	1.15557	1.15559	27.28
2025.11.11	04:35:00	1.15557	1.15561	1.15557	1.15560	20.54
2025.11.11	04:36:00	1.15562	1.15563	1.15560	1.15560	6.82
2025.11.11	04:37:00	1.15562	1.15563	1.15560	1.15561	17.37
2025.11.11	04:38:00	1.15561	1.15567	1.15558	1.15567	30.60
2025.11.11	04:39:00	1.15566	1.15567	1.15565	1.15565	18.90
2025.11.11	04:40:00	1.15566	1.15571	1.15566	1.15571	36.78
2025.11.11	04:41:00	1.15571	1.15572	1.15570	1.15572	10.35
2025.11.11	04:42:00	1.15572	1.15577	1.15572	1.15575	13.23
2025.11.11	04:43:00	1.15576	1.15579	1.15573	1.15579	35.82
2025.11.11	04:44:00	1.15581	1.15583	1.15579	1.15579	16.03
2025.11.11	04:45:00	1.15578	1.15579	1.15578	1.15579	2.32
2025.11.11	04:46:00	1.15580	1.15580	1.15580	1.15580	1.80
2025.11.11	04:47:00	1.15581	1.15586	1.15581	1.15586	4.50
2025.11.11	04:48:00	1.15586	1.15586	1.15584	1.15586	15.82
2025.11.11	04:49:00	1.15585	1.15586	1.15585	1.15585	2.70
2025.11.11	04:50:00	1.15585	1.15587	1.15583	1.15587	8.73
2025.11.11	04:51:00	1.15587	1.15588	1.15581	1.15587	17.39
2025.11.11	04:52:00	1.15588	1.15592	1.15580	1.15580	30.20
2025.11.11	04:53:00	1.15580	1.15580	1.15578	1.15578	9.35
2025.11.11	04:54:00	1.15577	1.15582	1.15576	1.15578	21.97
2025.11.11	04:55:00	1.15576	1.15576	1.15562	1.15563	39.76
2025.11.11	04:56:00	1.15562	1.15565	1.15560	1.15561	34.57
2025.11.11	04:57:00	1.15561	1.15568	1.15561	1.15568	13.65
2025.11.11	04:58:00	1.15568	1.15576	1.15567	1.15574	27.46
2025.11.11	04:59:00	1.15576	1.15579	1.15574	1.15579	9.75
2025.11.11	05:00:00	1.15580	1.15587	1.15580	1.15584	9.52
2025.11.11	05:01:00	1.15583	1.15591	1.15583	1.15589	18.46
2025.11.11	05:02:00	1.15591	1.15593	1.15585	1.15585	11.94
2025.11.11	05:03:00	1.15585	1.15585	1.15584	1.15584	3.60
2025.11.11	05:04:00	1.15585	1.15585	1.15579	1.15580	28.35
2025.11.11	05:05:00	1.15582	1.15587	1.15581	1.15582	36.90
2025.11.11	05:06:00	1.15582	1.15583	1.15578	1.15578	30.82
2025.11.11	05:07:00	1.15579	1.15582	1.15577	1.15581	14.40
2025.11.11	05:08:00	1.15581	1.15584	1.15580	1.15580	6.30
2025.11.11	05:09:00	1.15583	1.15590	1.15583	1.15589	9.00
2025.11.11	05:10:00	1.15591	1.15594	1.15589	1.15594	6.30
2025.11.11	05:11:00	1.15592	1.15597	1.15591	1.15594	12.29
2025.11.11	05:12:00	1.15593	1.15593	1.15585	1.15590	17.76
2025.11.11	05:13:00	1.15590	1.15597	1.15590	1.15595	13.50
2025.11.11	05:14:00	1.15602	1.15615	1.15602	1.15614	37.80
2025.11.11	05:15:00	1.15614	1.15621	1.15614	1.15620	27.39
2025.11.11	05:16:00	1.15618	1.15624	1.15618	1.15622	21.82
2025.11.11	05:17:00	1.15625	1.15627	1.15622	1.15627	34.42
2025.11.11	05:18:00	1.15628	1.15628	1.15618	1.15624	71.84
2025.11.11	05:19:00	1.15624	1.15631	1.15624	1.15629	45.90
2025.11.11	05:20:00	1.15629	1.15629	1.15618	1.15622	54.45
2025.11.11	05:21:00	1.15621	1.15623	1.15616	1.15623	41.40
2025.11.11	05:22:00	1.15626	1.15644	1.15626	1.15644	32.62
2025.11.11	05:23:00	1.15643	1.15647	1.15643	1.15644	21.22
2025.11.11	05:24:00	1.15645	1.15645	1.15644	1.15645	7.20
2025.11.11	05:25:00	1.15644	1.15646	1.15638	1.15646	27.90
2025.11.11	05:26:00	1.15647	1.15650	1.15644	1.15649	26.10
2025.11.11	05:27:00	1.15649	1.15649	1.15633	1.15642	37.12
2025.11.11	05:28:00	1.15641	1.15642	1.15626	1.15627	64.42
2025.11.11	05:29:00	1.15626	1.15631	1.15625	1.15628	24.30
2025.11.11	05:30:00	1.15629	1.15631	1.15625	1.15629	27.45
2025.11.11	05:31:00	1.15629	1.15637	1.15628	1.15629	42.32
2025.11.11	05:32:00	1.15629	1.15629	1.15623	1.15625	32.58
2025.11.11	05:33:00	1.15623	1.15624	1.15623	1.15623	9.90
2025.11.11	05:34:00	1.15624	1.15625	1.15618	1.15618	33.81
2025.11.11	05:35:00	1.15620	1.15629	1.15616	1.15619	34.27
2025.11.11	05:36:00	1.15621	1.15621	1.15614	1.15614	13.50
2025.11.11	05:37:00	1.15616	1.15623	1.15614	1.15623	35.24
2025.11.11	05:38:00	1.15620	1.15620	1.15617	1.15618	9.90
2025.11.11	05:39:00	1.15621	1.15626	1.15618	1.15626	8.10
2025.11.11	05:40:00	1.15626	1.15626	1.15619	1.15621	9.90
2025.11.11	05:41:00	1.15618	1.15620	1.15614	1.15617	19.19
2025.11.11	05:42:00	1.15616	1.15616	1.15614	1.15614	18.00
2025.11.11	05:44:00	1.15615	1.15625	1.15615	1.15625	12.34
2025.11.11	05:45:00	1.15626	1.15626	1.15624	1.15624	4.12
2025.11.11	05:46:00	1.15624	1.15630	1.15624	1.15630	13.12
2025.11.11	05:47:00	1.15631	1.15636	1.15630	1.15630	25.48
2025.11.11	05:48:00	1.15632	1.15633	1.15628	1.15633	13.64
2025.11.11	05:49:00	1.15634	1.15634	1.15626	1.15628	17.62
2025.11.11	05:50:00	1.15629	1.15632	1.15627	1.15629	17.62
2025.11.11	05:51:00	1.15628	1.15628	1.15626	1.15628	2.70
2025.11.11	05:52:00	1.15626	1.15629	1.15616	1.15618	30.83
2025.11.11	05:53:00	1.15618	1.15621	1.15615	1.15616	33.44
2025.11.11	05:54:00	1.15615	1.15617	1.15611	1.15617	27.35
2025.11.11	05:55:00	1.15618	1.15619	1.15612	1.15616	31.17
2025.11.11	05:56:00	1.15616	1.15623	1.15613	1.15617	29.12
2025.11.11	05:57:00	1.15618	1.15619	1.15609	1.15618	47.93
2025.11.11	05:58:00	1.15618	1.15624	1.15615	1.15617	79.81
2025.11.11	05:59:00	1.15619	1.15619	1.15614	1.15614	17.45
2025.11.11	06:00:00	1.15613	1.15621	1.15613	1.15621	74.69
2025.11.11	06:01:00	1.15621	1.15621	1.15611	1.15613	65.42
2025.11.11	06:02:00	1.15613	1.15624	1.15611	1.15624	63.61
2025.11.11	06:03:00	1.15624	1.15625	1.15623	1.15624	11.74
2025.11.11	06:04:00	1.15623	1.15629	1.15623	1.15624	28.53
2025.11.11	06:05:00	1.15623	1.15623	1.15615	1.15616	34.91
2025.11.11	06:06:00	1.15618	1.15625	1.15613	1.15621	35.81
2025.11.11	06:07:00	1.15619	1.15622	1.15608	1.15619	50.28
2025.11.11	06:08:00	1.15621	1.15621	1.15616	1.15621	22.58
2025.11.11	06:09:00	1.15623	1.15624	1.15613	1.15613	47.18
2025.11.11	06:10:00	1.15612	1.15613	1.15606	1.15612	55.87
2025.11.11	06:11:00	1.15612	1.15614	1.15609	1.15611	55.38
2025.11.11	06:12:00	1.15612	1.15612	1.15607	1.15610	42.59
2025.11.11	06:13:00	1.15612	1.15612	1.15606	1.15607	7.48
2025.11.11	06:14:00	1.15608	1.15609	1.15606	1.15606	11.70
2025.11.11	06:15:00	1.15604	1.15604	1.15601	1.15601	27.45
2025.11.11	06:16:00	1.15602	1.15602	1.15596	1.15596	19.87
2025.11.11	06:17:00	1.15598	1.15598	1.15596	1.15598	9.00
2025.11.11	06:18:00	1.15598	1.15609	1.15595	1.15609	13.92
2025.11.11	06:19:00	1.15608	1.15610	1.15595	1.15597	20.53
2025.11.11	06:20:00	1.15596	1.15600	1.15596	1.15597	26.85
2025.11.11	06:21:00	1.15598	1.15604	1.15598	1.15601	19.80
2025.11.11	06:22:00	1.15599	1.15605	1.15598	1.15605	12.83
2025.11.11	06:23:00	1.15603	1.15608	1.15601	1.15605	8.31
2025.11.11	06:24:00	1.15603	1.15605	1.15603	1.15605	4.12
2025.11.11	06:25:00	1.15608	1.15609	1.15608	1.15609	5.40
2025.11.11	06:26:00	1.15608	1.15608	1.15606	1.15608	13.12
2025.11.11	06:27:00	1.15607	1.15615	1.15607	1.15615	15.39
2025.11.11	06:28:00	1.15614	1.15620	1.15613	1.15620	14.49
2025.11.11	06:29:00	1.15619	1.15619	1.15609	1.15613	26.39
2025.11.11	06:30:00	1.15611	1.15617	1.15611	1.15617	7.20
2025.11.11	06:31:00	1.15611	1.15611	1.15599	1.15599	13.26
2025.11.11	06:32:00	1.15601	1.15601	1.15594	1.15599	23.44
2025.11.11	06:33:00	1.15597	1.15608	1.15597	1.15603	48.68
2025.11.11	06:34:00	1.15604	1.15604	1.15587	1.15593	50.46
2025.11.11	06:35:00	1.15594	1.15597	1.15589	1.15593	43.83
2025.11.11	06:36:00	1.15592	1.15599	1.15592	1.15596	18.80
2025.11.11	06:37:00	1.15595	1.15595	1.15590	1.15592	17.52
2025.11.11	06:38:00	1.15590	1.15590	1.15584	1.15585	15.30
2025.11.11	06:39:00	1.15587	1.15589	1.15586	1.15589	4.50
2025.11.11	06:40:00	1.15589	1.15590	1.15589	1.15590	13.30
2025.11.11	06:41:00	1.15592	1.15598	1.15555	1.15557	52.80
2025.11.11	06:42:00	1.15558	1.15559	1.15549	1.15556	39.48
2025.11.11	06:43:00	1.15558	1.15562	1.15555	1.15556	45.29
2025.11.11	06:44:00	1.15556	1.15556	1.15542	1.15542	40.62
2025.11.11	06:45:00	1.15543	1.15548	1.15514	1.15517	109.47
2025.11.11	06:46:00	1.15515	1.15525	1.15514	1.15519	53.30
2025.11.11	06:47:00	1.15521	1.15524	1.15513	1.15515	24.13
2025.11.11	06:48:00	1.15513	1.15519	1.15513	1.15515	34.62
2025.11.11	06:49:00	1.15513	1.15514	1.15503	1.15509	23.82
2025.11.11	06:50:00	1.15510	1.15521	1.15504	1.15514	43.93
2025.11.11	06:51:00	1.15514	1.15523	1.15507	1.15514	72.57
2025.11.11	06:52:00	1.15515	1.15524	1.15511	1.15524	46.97
2025.11.11	06:53:00	1.15525	1.15530	1.15519	1.15526	58.39
2025.11.11	06:54:00	1.15527	1.15528	1.15521	1.15526	40.54
2025.11.11	06:55:00	1.15525	1.15531	1.15523	1.15528	47.46
2025.11.11	06:56:00	1.15526	1.15531	1.15524	1.15528	28.24
2025.11.11	06:57:00	1.15527	1.15536	1.15526	1.15533	40.45
2025.11.11	06:58:00	1.15533	1.15533	1.15520	1.15520	24.06
2025.11.11	06:59:00	1.15524	1.15524	1.15516	1.15521	24.93
2025.11.11	07:00:00	1.15523	1.15530	1.15495	1.15515	277.42
2025.11.11	07:01:00	1.15516	1.15526	1.15504	1.15513	120.41
2025.11.11	07:02:00	1.15512	1.15533	1.15509	1.15529	83.27
2025.11.11	07:03:00	1.15528	1.15549	1.15521	1.15549	77.93
2025.11.11	07:04:00	1.15548	1.15558	1.15537	1.15537	113.95
2025.11.11	07:05:00	1.15538	1.15538	1.15508	1.15513	93.05
2025.11.11	07:06:00	1.15511	1.15550	1.15510	1.15550	72.92
2025.11.11	07:07:00	1.15551	1.15557	1.15539	1.15545	71.07
2025.11.11	07:08:00	1.15544	1.15544	1.15529	1.15539	65.13
2025.11.11	07:09:00	1.15540	1.15542	1.15520	1.15523	89.73
2025.11.11	07:10:00	1.15526	1.15528	1.15518	1.15525	67.61
2025.11.11	07:11:00	1.15527	1.15529	1.15498	1.15504	96.38
2025.11.11	07:12:00	1.15507	1.15523	1.15502	1.15518	64.92
2025.11.11	07:13:00	1.15518	1.15530	1.15518	1.15524	67.05
2025.11.11	07:14:00	1.15522	1.15524	1.15512	1.15515	50.78
2025.11.11	07:15:00	1.15515	1.15517	1.15507	1.15509	38.46
2025.11.11	07:16:00	1.15508	1.15511	1.15503	1.15509	39.52
2025.11.11	07:17:00	1.15509	1.15511	1.15504	1.15507	16.04
2025.11.11	07:18:00	1.15506	1.15528	1.15500	1.15527	80.32
2025.11.11	07:19:00	1.15525	1.15525	1.15514	1.15518	41.28
2025.11.11	07:20:00	1.15520	1.15538	1.15520	1.15538	39.08
2025.11.11	07:21:00	1.15539	1.15543	1.15539	1.15543	19.64
2025.11.11	07:22:00	1.15543	1.15545	1.15529	1.15535	39.04
2025.11.11	07:23:00	1.15534	1.15546	1.15534	1.15545	51.82
2025.11.11	07:24:00	1.15546	1.15561	1.15541	1.15559	51.82
2025.11.11	07:25:00	1.15561	1.15561	1.15548	1.15559	82.70
2025.11.11	07:26:00	1.15558	1.15558	1.15547	1.15555	39.37
2025.11.11	07:27:00	1.15555	1.15565	1.15555	1.15562	50.82
2025.11.11	07:28:00	1.15561	1.15562	1.15544	1.15545	42.85
2025.11.11	07:29:00	1.15542	1.15557	1.15541	1.15553	79.27
2025.11.11	07:30:00	1.15552	1.15565	1.15544	1.15545	127.87
2025.11.11	07:31:00	1.15545	1.15550	1.15539	1.15546	83.46
2025.11.11	07:32:00	1.15548	1.15566	1.15546	1.15565	62.10
2025.11.11	07:33:00	1.15566	1.15577	1.15559	1.15564	81.98
2025.11.11	07:34:00	1.15567	1.15592	1.15566	1.15589	37.53
2025.11.11	07:35:00	1.15589	1.15589	1.15565	1.15569	34.49
2025.11.11	07:36:00	1.15573	1.15589	1.15572	1.15586	52.86
2025.11.11	07:37:00	1.15584	1.15584	1.15570	1.15577	104.99
2025.11.11	07:38:00	1.15577	1.15583	1.15573	1.15580	33.82
2025.11.11	07:39:00	1.15583	1.15589	1.15579	1.15579	47.99
2025.11.11	07:40:00	1.15581	1.15581	1.15557	1.15557	50.43
2025.11.11	07:41:00	1.15557	1.15562	1.15543	1.15544	64.85
2025.11.11	07:42:00	1.15546	1.15557	1.15544	1.15546	57.29
2025.11.11	07:43:00	1.15547	1.15560	1.15544	1.15560	47.55
2025.11.11	07:44:00	1.15557	1.15579	1.15557	1.15574	106.43
2025.11.11	07:45:00	1.15573	1.15577	1.15567	1.15567	74.48
2025.11.11	07:46:00	1.15569	1.15584	1.15568	1.15584	23.85
2025.11.11	07:47:00	1.15586	1.15587	1.15577	1.15585	43.94
2025.11.11	07:48:00	1.15584	1.15584	1.15572	1.15582	44.76
2025.11.11	07:49:00	1.15584	1.15594	1.15584	1.15589	55.42
2025.11.11	07:50:00	1.15588	1.15598	1.15586	1.15590	68.89
2025.11.11	07:51:00	1.15589	1.15589	1.15577	1.15579	42.45
2025.11.11	07:52:00	1.15579	1.15586	1.15578	1.15579	35.08
2025.11.11	07:53:00	1.15578	1.15580	1.15577	1.15579	25.30
2025.11.11	07:54:00	1.15581	1.15583	1.15568	1.15570	89.46
2025.11.11	07:55:00	1.15571	1.15589	1.15568	1.15585	58.12
2025.11.11	07:56:00	1.15585	1.15598	1.15585	1.15595	88.34
2025.11.11	07:57:00	1.15597	1.15607	1.15597	1.15603	46.44
2025.11.11	07:58:00	1.15601	1.15603	1.15595	1.15599	45.30
2025.11.11	07:59:00	1.15600	1.15600	1.15593	1.15599	29.51
2025.11.11	08:00:00	1.15600	1.15612	1.15596	1.15598	373.97
2025.11.11	08:01:00	1.15598	1.15601	1.15589	1.15596	138.81
2025.11.11	08:02:00	1.15597	1.15604	1.15595	1.15601	68.06
2025.11.11	08:03:00	1.15600	1.15611	1.15587	1.15602	72.05
2025.11.11	08:04:00	1.15604	1.15611	1.15584	1.15605	274.62
2025.11.11	08:05:00	1.15604	1.15610	1.15598	1.15602	183.65
2025.11.11	08:06:00	1.15605	1.15607	1.15597	1.15606	97.77
2025.11.11	08:07:00	1.15606	1.15623	1.15599	1.15618	91.24
2025.11.11	08:08:00	1.15618	1.15644	1.15618	1.15632	95.83
2025.11.11	08:09:00	1.15640	1.15648	1.15638	1.15646	196.71
2025.11.11	08:10:00	1.15647	1.15647	1.15618	1.15625	50.69
2025.11.11	08:11:00	1.15625	1.15627	1.15608	1.15618	72.09
2025.11.11	08:12:00	1.15617	1.15626	1.15615	1.15619	87.44
2025.11.11	08:13:00	1.15619	1.15621	1.15598	1.15599	172.52
2025.11.11	08:14:00	1.15600	1.15606	1.15592	1.15596	92.92
2025.11.11	08:15:00	1.15597	1.15599	1.15583	1.15590	68.22
2025.11.11	08:16:00	1.15592	1.15596	1.15588	1.15596	67.21
2025.11.11	08:17:00	1.15597	1.15599	1.15589	1.15599	69.54
2025.11.11	08:18:00	1.15601	1.15603	1.15591	1.15594	33.61
2025.11.11	08:19:00	1.15593	1.15608	1.15591	1.15604	63.61
2025.11.11	08:20:00	1.15605	1.15605	1.15592	1.15594	69.50
2025.11.11	08:21:00	1.15597	1.15610	1.15596	1.15608	72.07
2025.11.11	08:22:00	1.15610	1.15640	1.15608	1.15640	87.61
2025.11.11	08:23:00	1.15639	1.15669	1.15639	1.15655	117.28
2025.11.11	08:24:00	1.15655	1.15667	1.15654	1.15661	140.49
2025.11.11	08:25:00	1.15662	1.15668	1.15660	1.15665	86.69
2025.11.11	08:26:00	1.15666	1.15682	1.15648	1.15648	87.49
2025.11.11	08:27:00	1.15647	1.15662	1.15645	1.15662	71.47
2025.11.11	08:28:00	1.15660	1.15660	1.15649	1.15650	36.68
2025.11.11	08:29:00	1.15649	1.15652	1.15637	1.15637	45.75
2025.11.11	08:30:00	1.15637	1.15638	1.15622	1.15638	97.78
2025.11.11	08:31:00	1.15635	1.15636	1.15631	1.15631	26.00
2025.11.11	08:32:00	1.15633	1.15636	1.15628	1.15633	69.82
2025.11.11	08:33:00	1.15631	1.15638	1.15626	1.15629	44.31
2025.11.11	08:34:00	1.15628	1.15635	1.15609	1.15609	73.50
2025.11.11	08:35:00	1.15607	1.15607	1.15582	1.15582	72.47
2025.11.11	08:36:00	1.15584	1.15600	1.15582	1.15598	42.84
2025.11.11	08:37:00	1.15600	1.15600	1.15589	1.15589	26.18
2025.11.11	08:38:00	1.15592	1.15593	1.15585	1.15588	27.99
2025.11.11	08:39:00	1.15588	1.15588	1.15580	1.15588	34.56
2025.11.11	08:40:00	1.15589	1.15594	1.15587	1.15589	41.45
2025.11.11	08:41:00	1.15589	1.15589	1.15587	1.15589	7.20
2025.11.11	08:42:00	1.15586	1.15601	1.15585	1.15598	31.59
2025.11.11	08:43:00	1.15597	1.15597	1.15587	1.15592	34.73
2025.11.11	08:44:00	1.15597	1.15602	1.15593	1.15599	44.24
2025.11.11	08:45:00	1.15601	1.15603	1.15584	1.15593	36.52
2025.11.11	08:46:00	1.15593	1.15596	1.15586	1.15589	27.23
2025.11.11	08:47:00	1.15587	1.15610	1.15587	1.15609	20.25
2025.11.11	08:48:00	1.15608	1.15609	1.15598	1.15602	32.47
2025.11.11	08:49:00	1.15601	1.15605	1.15597	1.15604	29.54
2025.11.11	08:50:00	1.15603	1.15615	1.15599	1.15602	60.06
2025.11.11	08:51:00	1.15600	1.15603	1.15588	1.15589	52.54
2025.11.11	08:52:00	1.15592	1.15592	1.15585	1.15589	15.75
2025.11.11	08:53:00	1.15587	1.15589	1.15578	1.15578	31.15
2025.11.11	08:54:00	1.15582	1.15584	1.15578	1.15583	17.80
2025.11.11	08:55:00	1.15581	1.15581	1.15551	1.15555	125.79
2025.11.11	08:56:00	1.15554	1.15554	1.15547	1.15548	61.13
2025.11.11	08:57:00	1.15548	1.15559	1.15547	1.15556	61.98
2025.11.11	08:58:00	1.15554	1.15555	1.15546	1.15555	62.48
2025.11.11	08:59:00	1.15554	1.15560	1.15545	1.15545	49.94
2025.11.11	09:00:00	1.15546	1.15546	1.15533	1.15544	87.79
2025.11.11	09:01:00	1.15545	1.15552	1.15538	1.15550	50.89
2025.11.11	09:02:00	1.15550	1.15551	1.15544	1.15546	36.08
2025.11.11	09:03:00	1.15545	1.15558	1.15542	1.15556	59.67
2025.11.11	09:04:00	1.15557	1.15558	1.15547	1.15554	46.49
2025.11.11	09:05:00	1.15554	1.15564	1.15551	1.15564	44.16
2025.11.11	09:06:00	1.15566	1.15574	1.15563	1.15574	88.45
2025.11.11	09:07:00	1.15576	1.15576	1.15559	1.15563	85.07
2025.11.11	09:08:00	1.15565	1.15570	1.15560	1.15564	54.92
2025.11.11	09:09:00	1.15565	1.15574	1.15563	1.15569	48.74
2025.11.11	09:10:00	1.15569	1.15569	1.15554	1.15557	39.28
2025.11.11	09:11:00	1.15558	1.15558	1.15548	1.15554	38.77
2025.11.11	09:12:00	1.15554	1.15555	1.15548	1.15550	51.69
2025.11.11	09:13:00	1.15552	1.15560	1.15552	1.15556	62.86
2025.11.11	09:14:00	1.15557	1.15559	1.15553	1.15555	47.46
2025.11.11	09:15:00	1.15555	1.15555	1.15547	1.15548	59.52
2025.11.11	09:16:00	1.15549	1.15549	1.15539	1.15546	92.00
2025.11.11	09:17:00	1.15544	1.15555	1.15543	1.15544	56.50
2025.11.11	09:18:00	1.15545	1.15560	1.15544	1.15557	78.04
2025.11.11	09:19:00	1.15557	1.15570	1.15557	1.15566	58.88
2025.11.11	09:20:00	1.15561	1.15583	1.15537	1.15581	207.83
2025.11.11	09:21:00	1.15582	1.15610	1.15581	1.15610	166.99
2025.11.11	09:22:00	1.15610	1.15618	1.15602	1.15617	177.01
2025.11.11	09:23:00	1.15618	1.15623	1.15615	1.15622	77.99
2025.11.11	09:24:00	1.15624	1.15626	1.15616	1.15619	69.94
2025.11.11	09:25:00	1.15620	1.15635	1.15619	1.15634	32.29
2025.11.11	09:26:00	1.15636	1.15643	1.15632	1.15642	191.07
2025.11.11	09:27:00	1.15642	1.15643	1.15624	1.15627	87.66
2025.11.11	09:28:00	1.15627	1.15634	1.15625	1.15634	23.56
2025.11.11	09:29:00	1.15633	1.15638	1.15630	1.15635	52.20
2025.11.11	09:30:00	1.15636	1.15647	1.15635	1.15643	73.78
2025.11.11	09:31:00	1.15640	1.15646	1.15638	1.15643	75.31
2025.11.11	09:32:00	1.15646	1.15656	1.15644	1.15645	50.33
2025.11.11	09:33:00	1.15645	1.15664	1.15642	1.15659	111.17
2025.11.11	09:34:00	1.15662	1.15672	1.15656	1.15672	34.20
2025.11.11	09:35:00	1.15673	1.15684	1.15663	1.15669	67.64
2025.11.11	09:36:00	1.15665	1.15669	1.15645	1.15648	111.29
2025.11.11	09:37:00	1.15648	1.15665	1.15647	1.15665	40.95
2025.11.11	09:38:00	1.15662	1.15662	1.15651	1.15653	16.72
2025.11.11	09:39:00	1.15654	1.15681	1.15654	1.15680	49.68
2025.11.11	09:40:00	1.15680	1.15680	1.15669	1.15672	48.06
2025.11.11	09:41:00	1.15670	1.15673	1.15666	1.15666	28.78
2025.11.11	09:42:00	1.15667	1.15667	1.15655	1.15658	45.64
2025.11.11	09:43:00	1.15655	1.15672	1.15652	1.15668	44.76
2025.11.11	09:44:00	1.15670	1.15670	1.15664	1.15664	19.94
2025.11.11	09:45:00	1.15666	1.15671	1.15664	1.15665	38.56
2025.11.11	09:46:00	1.15663	1.15666	1.15660	1.15660	12.36
2025.11.11	09:47:00	1.15658	1.15672	1.15658	1.15670	22.85
2025.11.11	09:48:00	1.15671	1.15672	1.15660	1.15661	28.78
2025.11.11	09:49:00	1.15663	1.15663	1.15650	1.15652	27.14
2025.11.11	09:50:00	1.15649	1.15654	1.15648	1.15650	19.42
2025.11.11	09:51:00	1.15649	1.15651	1.15648	1.15649	19.80
2025.11.11	09:52:00	1.15648	1.15659	1.15648	1.15657	34.63
2025.11.11	09:53:00	1.15658	1.15666	1.15658	1.15665	43.52
2025.11.11	09:54:00	1.15666	1.15670	1.15650	1.15657	46.25
2025.11.11	09:55:00	1.15659	1.15660	1.15648	1.15659	37.42
2025.11.11	09:56:00	1.15658	1.15659	1.15651	1.15651	29.03
2025.11.11	09:57:00	1.15649	1.15659	1.15649	1.15656	19.60
2025.11.11	09:58:00	1.15655	1.15661	1.15655	1.15661	24.82
2025.11.11	09:59:00	1.15660	1.15665	1.15646	1.15646	62.79
2025.11.11	10:00:00	1.15647	1.15673	1.15634	1.15666	105.95
2025.11.11	10:01:00	1.15667	1.15668	1.15654	1.15656	36.08
2025.11.11	10:02:00	1.15658	1.15672	1.15658	1.15664	42.68
2025.11.11	10:03:00	1.15663	1.15663	1.15646	1.15648	107.58
2025.11.11	10:04:00	1.15647	1.15647	1.15640	1.15642	19.11
2025.11.11	10:05:00	1.15639	1.15653	1.15639	1.15650	49.44
2025.11.11	10:06:00	1.15649	1.15652	1.15647	1.15650	17.24
2025.11.11	10:07:00	1.15652	1.15665	1.15639	1.15641	70.96
2025.11.11	10:08:00	1.15640	1.15648	1.15634	1.15635	63.86
2025.11.11	10:09:00	1.15634	1.15636	1.15629	1.15634	28.80
2025.11.11	10:10:00	1.15637	1.15639	1.15626	1.15626	23.62
2025.11.11	10:11:00	1.15625	1.15637	1.15624	1.15635	27.57
2025.11.11	10:12:00	1.15639	1.15646	1.15636	1.15641	22.36
2025.11.11	10:13:00	1.15640	1.15660	1.15639	1.15660	47.78
2025.11.11	10:14:00	1.15659	1.15660	1.15650	1.15656	29.31
2025.11.11	10:15:00	1.15657	1.15670	1.15654	1.15655	47.06
2025.11.11	10:16:00	1.15655	1.15665	1.15649	1.15665	41.13
2025.11.11	10:17:00	1.15667	1.15686	1.15664	1.15685	48.29
2025.11.11	10:18:00	1.15687	1.15702	1.15687	1.15692	105.03
2025.11.11	10:19:00	1.15692	1.15698	1.15689	1.15698	26.76
2025.11.11	10:20:00	1.15698	1.15704	1.15698	1.15703	28.56
2025.11.11	10:21:00	1.15705	1.15717	1.15705	1.15716	54.52
2025.11.11	10:22:00	1.15717	1.15723	1.15717	1.15722	31.50
2025.11.11	10:23:00	1.15722	1.15728	1.15722	1.15726	54.00
2025.11.11	10:24:00	1.15725	1.15725	1.15717	1.15724	63.75
2025.11.11	10:25:00	1.15724	1.15726	1.15718	1.15722	54.63
2025.11.11	10:26:00	1.15721	1.15725	1.15720	1.15723	27.89
2025.11.11	10:27:00	1.15722	1.15723	1.15716	1.15719	43.74
2025.11.11	10:28:00	1.15718	1.15728	1.15718	1.15727	35.77
2025.11.11	10:29:00	1.15727	1.15729	1.15719	1.15719	41.91
2025.11.11	10:30:00	1.15719	1.15727	1.15718	1.15718	59.36
2025.11.11	10:31:00	1.15719	1.15719	1.15713	1.15716	45.00
2025.11.11	10:32:00	1.15717	1.15726	1.15715	1.15725	21.60
2025.11.11	10:33:00	1.15724	1.15727	1.15722	1.15726	45.00
2025.11.11	10:34:00	1.15727	1.15728	1.15724	1.15726	19.80
2025.11.11	10:35:00	1.15724	1.15737	1.15724	1.15729	59.57
2025.11.11	10:36:00	1.15729	1.15734	1.15725	1.15733	49.11
2025.11.11	10:37:00	1.15736	1.15738	1.15730	1.15734	100.88
2025.11.11	10:38:00	1.15731	1.15733	1.15725	1.15732	23.56
2025.11.11	10:39:00	1.15732	1.15732	1.15722	1.15729	38.84
2025.11.11	10:40:00	1.15726	1.15746	1.15721	1.15744	75.66
2025.11.11	10:41:00	1.15744	1.15746	1.15733	1.15735	52.87
2025.11.11	10:42:00	1.15736	1.15746	1.15735	1.15739	53.46
2025.11.11	10:43:00	1.15738	1.15744	1.15738	1.15739	24.37
2025.11.11	10:44:00	1.15738	1.15738	1.15733	1.15734	20.25
2025.11.11	10:45:00	1.15736	1.15740	1.15732	1.15732	41.47
2025.11.11	10:46:00	1.15734	1.15737	1.15729	1.15729	29.20
2025.11.11	10:47:00	1.15729	1.15732	1.15727	1.15727	20.32
2025.11.11	10:48:00	1.15725	1.15729	1.15720	1.15728	32.04
2025.11.11	10:49:00	1.15729	1.15737	1.15729	1.15732	17.55
2025.11.11	10:50:00	1.15729	1.15731	1.15721	1.15721	33.46
2025.11.11	10:51:00	1.15721	1.15727	1.15719	1.15722	13.19
2025.11.11	10:52:00	1.15723	1.15723	1.15708	1.15708	36.13
2025.11.11	10:53:00	1.15709	1.15709	1.15702	1.15704	33.21
2025.11.11	10:54:00	1.15706	1.15709	1.15698	1.15698	53.24
2025.11.11	10:55:00	1.15701	1.15720	1.15700	1.15720	16.20
2025.11.11	10:56:00	1.15723	1.15733	1.15723	1.15731	51.82
2025.11.11	10:57:00	1.15732	1.15732	1.15724	1.15724	34.18
2025.11.11	10:58:00	1.15727	1.15727	1.15723	1.15724	22.12
2025.11.11	10:59:00	1.15725	1.15729	1.15720	1.15728	54.14
2025.11.11	11:00:00	1.15730	1.15747	1.15730	1.15741	83.99
2025.11.11	11:01:00	1.15741	1.15753	1.15741	1.15753	36.61
2025.11.11	11:02:00	1.15754	1.15754	1.15738	1.15752	85.97
2025.11.11	11:03:00	1.15753	1.15768	1.15753	1.15766	73.60
2025.11.11	11:04:00	1.15766	1.15774	1.15766	1.15769	53.78
2025.11.11	11:05:00	1.15770	1.15773	1.15763	1.15773	63.90
2025.11.11	11:06:00	1.15773	1.15777	1.15766	1.15767	80.97
2025.11.11	11:07:00	1.15768	1.15768	1.15750	1.15764	89.57
2025.11.11	11:08:00	1.15764	1.15766	1.15752	1.15753	47.46
2025.11.11	11:09:00	1.15752	1.15759	1.15751	1.15755	53.92
2025.11.11	11:10:00	1.15755	1.15756	1.15746	1.15749	42.27
2025.11.11	11:11:00	1.15752	1.15755	1.15749	1.15750	26.24
2025.11.11	11:12:00	1.15748	1.15750	1.15746	1.15749	19.56
2025.11.11	11:13:00	1.15749	1.15750	1.15742	1.15742	24.44
2025.11.11	11:14:00	1.15744	1.15744	1.15731	1.15737	47.56
2025.11.11	11:15:00	1.15737	1.15753	1.15737	1.15750	47.41
2025.11.11	11:16:00	1.15750	1.15750	1.15721	1.15721	102.91
2025.11.11	11:17:00	1.15722	1.15725	1.15712	1.15713	107.18
2025.11.11	11:18:00	1.15714	1.15722	1.15711	1.15715	89.42
2025.11.11	11:19:00	1.15716	1.15720	1.15716	1.15718	34.10
2025.11.11	11:20:00	1.15718	1.15723	1.15710	1.15721	68.65
2025.11.11	11:21:00	1.15719	1.15719	1.15709	1.15713	28.35
2025.11.11	11:22:00	1.15716	1.15733	1.15716	1.15729	48.99
2025.11.11	11:23:00	1.15728	1.15732	1.15723	1.15725	22.05
2025.11.11	11:24:00	1.15723	1.15724	1.15717	1.15718	33.39
2025.11.11	11:25:00	1.15716	1.15729	1.15712	1.15724	41.85
2025.11.11	11:26:00	1.15725	1.15736	1.15723	1.15734	43.72
2025.11.11	11:27:00	1.15733	1.15740	1.15729	1.15737	49.71
2025.11.11	11:28:00	1.15737	1.15741	1.15736	1.15738	42.24
2025.11.11	11:29:00	1.15738	1.15741	1.15732	1.15733	51.70
2025.11.11	11:30:00	1.15732	1.15736	1.15727	1.15731	63.52
2025.11.11	11:31:00	1.15729	1.15729	1.15720	1.15721	37.49
2025.11.11	11:32:00	1.15719	1.15725	1.15715	1.15715	32.40
2025.11.11	11:33:00	1.15716	1.15728	1.15716	1.15725	61.27
2025.11.11	11:34:00	1.15726	1.15738	1.15721	1.15721	63.79
2025.11.11	11:35:00	1.15721	1.15721	1.15710	1.15710	48.48
2025.11.11	11:36:00	1.15712	1.15713	1.15704	1.15709	27.29
2025.11.11	11:37:00	1.15710	1.15715	1.15709	1.15709	31.19
2025.11.11	11:38:00	1.15711	1.15711	1.15707	1.15710	29.88
2025.11.11	11:39:00	1.15710	1.15720	1.15709	1.15716	73.92
2025.11.11	11:40:00	1.15716	1.15720	1.15713	1.15719	20.70
2025.11.11	11:41:00	1.15719	1.15719	1.15711	1.15713	26.69
2025.11.11	11:42:00	1.15714	1.15715	1.15706	1.15706	22.64
2025.11.11	11:43:00	1.15707	1.15707	1.15699	1.15706	28.12
2025.11.11	11:44:00	1.15706	1.15706	1.15701	1.15703	38.41
2025.11.11	11:45:00	1.15702	1.15707	1.15702	1.15705	17.77
2025.11.11	11:46:00	1.15703	1.15716	1.15698	1.15713	54.85
2025.11.11	11:47:00	1.15711	1.15715	1.15702	1.15705	42.88
2025.11.11	11:48:00	1.15706	1.15716	1.15706	1.15714	29.70
2025.11.11	11:49:00	1.15713	1.15719	1.15709	1.15714	33.70
2025.11.11	11:50:00	1.15713	1.15716	1.15709	1.15709	51.75
2025.11.11	11:51:00	1.15711	1.15711	1.15702	1.15705	35.03
2025.11.11	11:52:00	1.15702	1.15714	1.15702	1.15711	53.55
2025.11.11	11:53:00	1.15711	1.15714	1.15709	1.15709	22.95
2025.11.11	11:54:00	1.15709	1.15724	1.15709	1.15720	58.55
2025.11.11	11:55:00	1.15719	1.15733	1.15719	1.15731	27.09
2025.11.11	11:56:00	1.15731	1.15734	1.15730	1.15732	29.49
2025.11.11	11:57:00	1.15731	1.15743	1.15730	1.15730	131.85
2025.11.11	11:58:00	1.15730	1.15734	1.15725	1.15728	45.54
2025.11.11	11:59:00	1.15727	1.15729	1.15718	1.15720	36.93
2025.11.11	12:00:00	1.15717	1.15722	1.15715	1.15721	45.53
2025.11.11	12:01:00	1.15720	1.15729	1.15720	1.15729	39.01
2025.11.11	12:02:00	1.15727	1.15733	1.15727	1.15731	26.73
2025.11.11	12:03:00	1.15730	1.15731	1.15717	1.15719	86.97
2025.11.11	12:04:00	1.15718	1.15719	1.15708	1.15714	89.98
2025.11.11	12:05:00	1.15715	1.15729	1.15713	1.15728	59.92
2025.11.11	12:06:00	1.15729	1.15732	1.15721	1.15727	90.39
2025.11.11	12:07:00	1.15727	1.15738	1.15727	1.15735	79.86
2025.11.11	12:08:00	1.15737	1.15737	1.15726	1.15728	73.06
2025.11.11	12:09:00	1.15727	1.15729	1.15718	1.15724	45.57
2025.11.11	12:10:00	1.15724	1.15725	1.15720	1.15720	12.22
2025.11.11	12:11:00	1.15719	1.15723	1.15718	1.15723	35.28
2025.11.11	12:12:00	1.15720	1.15724	1.15714	1.15721	38.51
2025.11.11	12:13:00	1.15723	1.15736	1.15723	1.15736	12.22
2025.11.11	12:14:00	1.15736	1.15761	1.15736	1.15759	61.41
2025.11.11	12:15:00	1.15759	1.15764	1.15757	1.15757	63.00
2025.11.11	12:16:00	1.15758	1.15768	1.15752	1.15766	90.57
2025.11.11	12:17:00	1.15767	1.15770	1.15762	1.15762	61.19
2025.11.11	12:18:00	1.15765	1.15766	1.15763	1.15765	28.04
2025.11.11	12:19:00	1.15767	1.15767	1.15749	1.15750	74.29
2025.11.11	12:20:00	1.15751	1.15752	1.15747	1.15748	51.15
2025.11.11	12:21:00	1.15748	1.15748	1.15743	1.15746	68.27
2025.11.11	12:22:00	1.15748	1.15748	1.15741	1.15746	17.39
2025.11.11	12:23:00	1.15746	1.15755	1.15746	1.15750	31.65
2025.11.11	12:24:00	1.15752	1.15754	1.15747	1.15751	23.24
2025.11.11	12:25:00	1.15753	1.15753	1.15739	1.15740	40.35
2025.11.11	12:26:00	1.15738	1.15740	1.15727	1.15727	25.86
2025.11.11	12:27:00	1.15730	1.15734	1.15730	1.15733	17.10
2025.11.11	12:28:00	1.15732	1.15732	1.15723	1.15723	20.84
2025.11.11	12:29:00	1.15720	1.15725	1.15720	1.15724	12.22
2025.11.11	12:30:00	1.15722	1.15726	1.15716	1.15717	22.26
2025.11.11	12:31:00	1.15716	1.15724	1.15716	1.15718	57.53
2025.11.11	12:32:00	1.15719	1.15729	1.15719	1.15722	27.66
2025.11.11	12:33:00	1.15722	1.15723	1.15713	1.15713	49.48
2025.11.11	12:34:00	1.15711	1.15711	1.15704	1.15706	32.12
2025.11.11	12:35:00	1.15707	1.15727	1.15707	1.15724	125.35
2025.11.11	12:36:00	1.15723	1.15743	1.15723	1.15736	50.94
2025.11.11	12:37:00	1.15735	1.15739	1.15716	1.15718	39.01
2025.11.11	12:38:00	1.15717	1.15726	1.15714	1.15716	42.36
2025.11.11	12:39:00	1.15719	1.15721	1.15715	1.15715	18.45
2025.11.11	12:40:00	1.15716	1.15721	1.15713	1.15714	53.19
2025.11.11	12:41:00	1.15715	1.15729	1.15715	1.15723	42.48
2025.11.11	12:42:00	1.15723	1.15723	1.15715	1.15715	17.19
2025.11.11	12:43:00	1.15717	1.15724	1.15716	1.15722	25.20
2025.11.11	12:44:00	1.15724	1.15731	1.15724	1.15728	19.08
2025.11.11	12:45:00	1.15727	1.15729	1.15722	1.15728	18.97
2025.11.11	12:46:00	1.15729	1.15729	1.15717	1.15722	35.61
2025.11.11	12:47:00	1.15723	1.15723	1.15718	1.15719	10.80
2025.11.11	12:48:00	1.15725	1.15739	1.15725	1.15731	57.85
2025.11.11	12:49:00	1.15732	1.15732	1.15727	1.15732	15.30
2025.11.11	12:50:00	1.15730	1.15731	1.15719	1.15723	45.07
2025.11.11	12:51:00	1.15724	1.15727	1.15721	1.15725	32.92
2025.11.11	12:52:00	1.15724	1.15731	1.15719	1.15725	44.21
2025.11.11	12:53:00	1.15727	1.15728	1.15723	1.15723	20.01
2025.11.11	12:54:00	1.15725	1.15725	1.15720	1.15722	32.54
2025.11.11	12:55:00	1.15721	1.15721	1.15691	1.15697	114.06
2025.11.11	12:56:00	1.15698	1.15704	1.15692	1.15695	76.56
2025.11.11	12:57:00	1.15694	1.15709	1.15684	1.15709	91.64
2025.11.11	12:58:00	1.15711	1.15713	1.15696	1.15703	114.89
2025.11.11	12:59:00	1.15702	1.15714	1.15698	1.15704	76.37
2025.11.11	13:00:00	1.15705	1.15748	1.15705	1.15747	164.46
2025.11.11	13:01:00	1.15748	1.15760	1.15739	1.15749	110.86
2025.11.11	13:02:00	1.15748	1.15751	1.15730	1.15747	119.38
2025.11.11	13:03:00	1.15747	1.15756	1.15743	1.15753	55.57
2025.11.11	13:04:00	1.15752	1.15768	1.15749	1.15757	69.95
2025.11.11	13:05:00	1.15760	1.15768	1.15757	1.15767	113.89
2025.11.11	13:06:00	1.15766	1.15766	1.15749	1.15758	53.86
2025.11.11	13:07:00	1.15757	1.15759	1.15746	1.15758	41.82
2025.11.11	13:08:00	1.15759	1.15764	1.15752	1.15753	29.99
2025.11.11	13:09:00	1.15753	1.15758	1.15749	1.15749	32.09
2025.11.11	13:10:00	1.15752	1.15753	1.15735	1.15737	65.09
2025.11.11	13:11:00	1.15741	1.15753	1.15741	1.15751	46.45
2025.11.11	13:12:00	1.15749	1.15772	1.15747	1.15772	68.34
2025.11.11	13:13:00	1.15773	1.15796	1.15770	1.15786	162.23
2025.11.11	13:14:00	1.15786	1.15788	1.15769	1.15773	90.94
2025.11.11	13:15:00	1.15775	1.15776	1.15765	1.15772	39.26
2025.11.11	13:16:00	1.15772	1.15778	1.15767	1.15777	44.46
2025.11.11	13:17:00	1.15777	1.15788	1.15776	1.15782	37.42
2025.11.11	13:18:00	1.15785	1.15785	1.15767	1.15769	67.76
2025.11.11	13:19:00	1.15766	1.15806	1.15766	1.15801	197.98
2025.11.11	13:20:00	1.15803	1.15818	1.15796	1.15815	205.85
2025.11.11	13:21:00	1.15816	1.15872	1.15816	1.15855	345.27
2025.11.11	13:22:00	1.15853	1.15876	1.15845	1.15875	317.47
2025.11.11	13:23:00	1.15876	1.15888	1.15868	1.15888	208.84
2025.11.11	13:24:00	1.15887	1.15915	1.15878	1.15890	183.40
2025.11.11	13:25:00	1.15892	1.15948	1.15888	1.15928	262.36
2025.11.11	13:26:00	1.15927	1.16003	1.15924	1.15979	337.17
2025.11.11	13:27:00	1.15976	1.15981	1.15947	1.15947	210.09
2025.11.11	13:28:00	1.15947	1.15957	1.15931	1.15933	300.52
2025.11.11	13:29:00	1.15934	1.15956	1.15934	1.15949	187.41
2025.11.11	13:30:00	1.15951	1.15972	1.15944	1.15944	327.77
2025.11.11	13:31:00	1.15946	1.15966	1.15945	1.15961	132.35
2025.11.11	13:32:00	1.15964	1.15966	1.15932	1.15932	134.98
2025.11.11	13:33:00	1.15931	1.15972	1.15931	1.15968	179.95
2025.11.11	13:34:00	1.15967	1.15987	1.15967	1.15986	162.92
2025.11.11	13:35:00	1.15986	1.15986	1.15956	1.15959	160.79
2025.11.11	13:36:00	1.15961	1.15966	1.15944	1.15947	111.26
2025.11.11	13:37:00	1.15949	1.15955	1.15941	1.15946	82.00
2025.11.11	13:38:00	1.15948	1.15965	1.15944	1.15960	82.36
2025.11.11	13:39:00	1.15959	1.15964	1.15943	1.15961	115.11
2025.11.11	13:40:00	1.15963	1.15986	1.15961	1.15982	106.72
2025.11.11	13:41:00	1.15983	1.16017	1.15980	1.16007	202.30
2025.11.11	13:42:00	1.16006	1.16007	1.15980	1.15999	231.36
2025.11.11	13:43:00	1.16000	1.16011	1.15984	1.16006	156.73
2025.11.11	13:44:00	1.16005	1.16010	1.15995	1.16005	113.47
2025.11.11	13:45:00	1.16005	1.16005	1.15983	1.15983	56.23
2025.11.11	13:46:00	1.15986	1.15994	1.15978	1.15989	158.98
2025.11.11	13:47:00	1.15986	1.15997	1.15980	1.15982	88.92
2025.11.11	13:48:00	1.15983	1.15985	1.15956	1.15970	171.70
2025.11.11	13:49:00	1.15969	1.15970	1.15938	1.15938	97.98
2025.11.11	13:50:00	1.15939	1.15947	1.15935	1.15937	60.20
2025.11.11	13:51:00	1.15935	1.15960	1.15935	1.15957	76.90
2025.11.11	13:52:00	1.15954	1.15968	1.15952	1.15960	99.32
2025.11.11	13:53:00	1.15958	1.15965	1.15953	1.15958	81.88
2025.11.11	13:54:00	1.15957	1.15979	1.15953	1.15974	109.95
2025.11.11	13:55:00	1.15975	1.16020	1.15975	1.16007	140.83
2025.11.11	13:56:00	1.16006	1.16044	1.16003	1.16040	218.67
2025.11.11	13:57:00	1.16039	1.16057	1.16023	1.16023	200.61
2025.11.11	13:58:00	1.16024	1.16028	1.16013	1.16026	78.46
2025.11.11	13:59:00	1.16026	1.16026	1.16006	1.16007	111.57
2025.11.11	14:00:00	1.16009	1.16019	1.16006	1.16019	113.13
2025.11.11	14:01:00	1.16019	1.16022	1.16011	1.16022	80.64
2025.11.11	14:02:00	1.16024	1.16039	1.16020	1.16038	196.90
2025.11.11	14:03:00	1.16036	1.16041	1.16034	1.16037	80.98
2025.11.11	14:04:00	1.16037	1.16049	1.16033	1.16044	84.58
2025.11.11	14:05:00	1.16044	1.16044	1.16021	1.16022	89.66
2025.11.11	14:06:00	1.16022	1.16034	1.16017	1.16021	127.18
2025.11.11	14:07:00	1.16020	1.16024	1.16004	1.16006	219.17
2025.11.11	14:08:00	1.16007	1.16007	1.15979	1.15980	178.44
2025.11.11	14:09:00	1.15981	1.16009	1.15980	1.16006	68.61
2025.11.11	14:10:00	1.16006	1.16007	1.15997	1.15998	196.69
2025.11.11	14:11:00	1.16001	1.16004	1.15992	1.15996	190.82
2025.11.11	14:12:00	1.15995	1.16012	1.15995	1.15999	63.66
2025.11.11	14:13:00	1.16000	1.16007	1.15985	1.15988	175.82
2025.11.11	14:14:00	1.15989	1.15991	1.15962	1.15975	154.20
2025.11.11	14:15:00	1.15974	1.15974	1.15939	1.15941	211.22
2025.11.11	14:16:00	1.15942	1.15955	1.15935	1.15938	94.12
2025.11.11	14:17:00	1.15939	1.15953	1.15939	1.15951	60.51
2025.11.11	14:18:00	1.15951	1.15951	1.15941	1.15944	68.93
2025.11.11	14:19:00	1.15946	1.15950	1.15934	1.15947	72.40
2025.11.11	14:20:00	1.15948	1.15960	1.15946	1.15954	76.71
2025.11.11	14:21:00	1.15953	1.15974	1.15949	1.15973	89.68
2025.11.11	14:22:00	1.15972	1.15989	1.15972	1.15987	102.69
2025.11.11	14:23:00	1.15988	1.15990	1.15985	1.15989	74.68
2025.11.11	14:24:00	1.15990	1.16000	1.15988	1.15998	65.40
2025.11.11	14:25:00	1.15996	1.16044	1.15995	1.16043	175.50
2025.11.11	14:26:00	1.16043	1.16043	1.16012	1.16016	137.25
2025.11.11	14:27:00	1.16018	1.16030	1.15993	1.15993	169.33
2025.11.11	14:28:00	1.15994	1.16010	1.15994	1.16007	52.77
2025.11.11	14:29:00	1.16009	1.16022	1.16007	1.16013	92.67
2025.11.11	14:30:00	1.16013	1.16033	1.16011	1.16016	233.31
2025.11.11	14:31:00	1.16020	1.16026	1.15997	1.15999	157.54
2025.11.11	14:32:00	1.16002	1.16013	1.15995	1.16007	158.80
2025.11.11	14:33:00	1.16007	1.16024	1.16002	1.16023	109.19
2025.11.11	14:34:00	1.16023	1.16039	1.16022	1.16039	91.59
2025.11.11	14:35:00	1.16039	1.16045	1.16032	1.16032	135.16
2025.11.11	14:36:00	1.16032	1.16044	1.16031	1.16043	58.50
2025.11.11	14:37:00	1.16047	1.16048	1.16032	1.16041	224.03
2025.11.11	14:38:00	1.16042	1.16043	1.16030	1.16034	73.42
2025.11.11	14:39:00	1.16034	1.16035	1.16021	1.16023	141.81
2025.11.11	14:40:00	1.16022	1.16039	1.16016	1.16038	170.76
2025.11.11	14:41:00	1.16038	1.16039	1.16027	1.16027	59.00
2025.11.11	14:42:00	1.16027	1.16039	1.16027	1.16032	73.33
2025.11.11	14:43:00	1.16031	1.16031	1.16022	1.16028	65.26
2025.11.11	14:44:00	1.16028	1.16030	1.16018	1.16019	39.15
2025.11.11	14:45:00	1.16022	1.16029	1.16004	1.16007	70.09
2025.11.11	14:46:00	1.16010	1.16024	1.16002	1.16004	122.62
2025.11.11	14:47:00	1.16005	1.16044	1.16005	1.16039	148.10
2025.11.11	14:48:00	1.16041	1.16049	1.16034	1.16038	108.90
2025.11.11	14:49:00	1.16039	1.16039	1.16030	1.16035	56.25
2025.11.11	14:50:00	1.16034	1.16041	1.16008	1.16008	103.71
2025.11.11	14:51:00	1.16010	1.16017	1.16003	1.16013	102.56
2025.11.11	14:52:00	1.16012	1.16014	1.15989	1.16007	109.11
2025.11.11	14:53:00	1.16007	1.16007	1.15989	1.15996	120.72
2025.11.11	14:54:00	1.15997	1.16014	1.15993	1.16014	69.58
2025.11.11	14:55:00	1.16015	1.16024	1.16014	1.16022	61.25
2025.11.11	14:56:00	1.16022	1.16032	1.16018	1.16023	126.45
2025.11.11	14:57:00	1.16024	1.16024	1.16011	1.16018	148.91
2025.11.11	14:58:00	1.16016	1.16017	1.16002	1.16002	81.63
2025.11.11	14:59:00	1.16003	1.16006	1.15999	1.16004	79.74
2025.11.11	15:00:00	1.16003	1.16006	1.15995	1.16003	126.87
2025.11.11	15:01:00	1.16005	1.16023	1.16004	1.16012	174.20
2025.11.11	15:02:00	1.16012	1.16012	1.15988	1.15992	203.28
2025.11.11	15:03:00	1.15994	1.15997	1.15984	1.15993	125.97
2025.11.11	15:04:00	1.15991	1.15993	1.15977	1.15979	67.12
2025.11.11	15:05:00	1.15980	1.15997	1.15976	1.15989	50.71
2025.11.11	15:06:00	1.15986	1.15986	1.15938	1.15938	182.38
2025.11.11	15:07:00	1.15938	1.15957	1.15925	1.15933	149.71
2025.11.11	15:08:00	1.15934	1.15935	1.15913	1.15934	143.84
2025.11.11	15:09:00	1.15935	1.15954	1.15934	1.15948	57.26
2025.11.11	15:10:00	1.15948	1.15950	1.15928	1.15938	83.52
2025.11.11	15:11:00	1.15939	1.15956	1.15934	1.15955	112.63
2025.11.11	15:12:00	1.15956	1.15972	1.15952	1.15966	161.53
2025.11.11	15:13:00	1.15966	1.15980	1.15963	1.15974	94.49
2025.11.11	15:14:00	1.15973	1.15974	1.15952	1.15956	120.51
2025.11.11	15:15:00	1.15957	1.15973	1.15955	1.15970	85.08
2025.11.11	15:16:00	1.15969	1.15979	1.15964	1.15977	108.63
2025.11.11	15:17:00	1.15976	1.15983	1.15967	1.15982	81.28
2025.11.11	15:18:00	1.15983	1.15998	1.15982	1.15992	123.86
2025.11.11	15:19:00	1.15994	1.15994	1.15971	1.15975	130.99
2025.11.11	15:20:00	1.15974	1.15990	1.15968	1.15970	162.34
2025.11.11	15:21:00	1.15973	1.15981	1.15970	1.15974	119.99
2025.11.11	15:22:00	1.15974	1.15974	1.15959	1.15964	141.28
2025.11.11	15:23:00	1.15965	1.15974	1.15962	1.15969	118.39
2025.11.11	15:24:00	1.15971	1.16010	1.15971	1.16004	103.54
2025.11.11	15:25:00	1.16009	1.16023	1.16007	1.16023	118.63
2025.11.11	15:26:00	1.16021	1.16022	1.16012	1.16016	127.45
2025.11.11	15:27:00	1.16018	1.16028	1.16016	1.16018	114.06
2025.11.11	15:28:00	1.16017	1.16023	1.16014	1.16023	102.69
2025.11.11	15:29:00	1.16022	1.16025	1.16015	1.16022	104.24
2025.11.11	15:30:00	1.16021	1.16030	1.16012	1.16024	86.47
2025.11.11	15:31:00	1.16022	1.16026	1.16012	1.16014	82.15
2025.11.11	15:32:00	1.16018	1.16022	1.16009	1.16009	76.55
2025.11.11	15:33:00	1.16008	1.16008	1.15992	1.15992	52.58
2025.11.11	15:34:00	1.15997	1.15999	1.15988	1.15989	54.99
2025.11.11	15:35:00	1.15990	1.15992	1.15981	1.15982	39.96
2025.11.11	15:36:00	1.15982	1.15993	1.15979	1.15993	86.34
2025.11.11	15:37:00	1.15993	1.15995	1.15975	1.15980	72.57
2025.11.11	15:38:00	1.15978	1.15984	1.15973	1.15975	73.56
2025.11.11	15:39:00	1.15976	1.15991	1.15974	1.15989	80.79
2025.11.11	15:40:00	1.15989	1.15990	1.15979	1.15984	51.73
2025.11.11	15:41:00	1.15985	1.15995	1.15970	1.15971	73.34
2025.11.11	15:42:00	1.15972	1.15972	1.15959	1.15968	69.03
2025.11.11	15:43:00	1.15968	1.15979	1.15965	1.15978	36.85
2025.11.11	15:44:00	1.15977	1.15980	1.15973	1.15977	44.90
2025.11.11	15:45:00	1.15976	1.15980	1.15962	1.15978	84.17
2025.11.11	15:46:00	1.15979	1.15985	1.15968	1.15972	44.30
2025.11.11	15:47:00	1.15972	1.15973	1.15961	1.15973	44.00
2025.11.11	15:48:00	1.15973	1.15987	1.15970	1.15981	94.42
2025.11.11	15:49:00	1.15981	1.15984	1.15974	1.15974	69.22
2025.11.11	15:50:00	1.15974	1.15974	1.15952	1.15953	54.25
2025.11.11	15:51:00	1.15956	1.15960	1.15944	1.15949	75.64
2025.11.11	15:52:00	1.15951	1.15955	1.15931	1.15931	67.23
2025.11.11	15:53:00	1.15931	1.15933	1.15921	1.15928	82.70
2025.11.11	15:54:00	1.15928	1.15945	1.15927	1.15942	88.94
2025.11.11	15:55:00	1.15943	1.15943	1.15929	1.15930	84.90
2025.11.11	15:56:00	1.15931	1.15954	1.15931	1.15949	68.79
2025.11.11	15:57:00	1.15948	1.15963	1.15943	1.15944	124.53
2025.11.11	15:58:00	1.15942	1.15951	1.15942	1.15947	52.92
2025.11.11	15:59:00	1.15947	1.15957	1.15946	1.15948	106.00
2025.11.11	16:00:00	1.15948	1.15953	1.15938	1.15939	141.13
2025.11.11	16:01:00	1.15938	1.15948	1.15938	1.15946	74.02
2025.11.11	16:02:00	1.15945	1.15966	1.15944	1.15962	93.98
2025.11.11	16:03:00	1.15961	1.15962	1.15945	1.15949	84.02
2025.11.11	16:04:00	1.15947	1.15959	1.15947	1.15958	89.95
2025.11.11	16:05:00	1.15961	1.15964	1.15950	1.15957	128.42
2025.11.11	16:06:00	1.15956	1.15963	1.15949	1.15959	101.69
2025.11.11	16:07:00	1.15960	1.15977	1.15958	1.15976	205.07
2025.11.11	16:08:00	1.15975	1.15977	1.15966	1.15973	99.69
2025.11.11	16:09:00	1.15973	1.15973	1.15953	1.15954	56.22
2025.11.11	16:10:00	1.15956	1.15961	1.15956	1.15960	66.81
2025.11.11	16:11:00	1.15962	1.15967	1.15957	1.15962	157.72
2025.11.11	16:12:00	1.15962	1.15965	1.15961	1.15965	37.80
2025.11.11	16:13:00	1.15965	1.15965	1.15952	1.15952	57.69
2025.11.11	16:14:00	1.15953	1.15974	1.15948	1.15966	146.87
2025.11.11	16:15:00	1.15967	1.15983	1.15967	1.15978	186.15
2025.11.11	16:16:00	1.15978	1.15996	1.15973	1.15991	128.41
2025.11.11	16:17:00	1.15990	1.15992	1.15977	1.15981	63.50
2025.11.11	16:18:00	1.15980	1.15983	1.15974	1.15978	51.72
2025.11.11	16:19:00	1.15975	1.15975	1.15962	1.15963	64.30
2025.11.11	16:20:00	1.15963	1.15969	1.15956	1.15961	67.93
2025.11.11	16:21:00	1.15960	1.15982	1.15960	1.15979	74.12
2025.11.11	16:22:00	1.15978	1.15987	1.15973	1.15975	72.06
2025.11.11	16:23:00	1.15974	1.15982	1.15974	1.15979	28.80
2025.11.11	16:24:00	1.15979	1.15987	1.15963	1.15964	71.11
2025.11.11	16:25:00	1.15964	1.15964	1.15928	1.15931	123.70
2025.11.11	16:26:00	1.15929	1.15930	1.15917	1.15917	50.40
2025.11.11	16:27:00	1.15918	1.15920	1.15911	1.15918	65.58
2025.11.11	16:28:00	1.15920	1.15933	1.15919	1.15932	63.28
2025.11.11	16:29:00	1.15932	1.15936	1.15928	1.15934	22.64
2025.11.11	16:30:00	1.15933	1.15935	1.15922	1.15931	60.44
2025.11.11	16:31:00	1.15932	1.15938	1.15930	1.15932	46.98
2025.11.11	16:32:00	1.15935	1.15937	1.15928	1.15931	41.80
2025.11.11	16:33:00	1.15931	1.15946	1.15928	1.15946	47.69
2025.11.11	16:34:00	1.15945	1.15953	1.15944	1.15951	62.04
2025.11.11	16:35:00	1.15951	1.15956	1.15943	1.15955	189.64
2025.11.11	16:36:00	1.15959	1.15975	1.15958	1.15974	90.45
2025.11.11	16:37:00	1.15975	1.15979	1.15961	1.15963	105.53
2025.11.11	16:38:00	1.15960	1.15960	1.15950	1.15953	31.34
2025.11.11	16:39:00	1.15955	1.15955	1.15930	1.15932	64.79
2025.11.11	16:40:00	1.15932	1.15936	1.15926	1.15931	47.40
2025.11.11	16:41:00	1.15933	1.15937	1.15930	1.15935	34.62
2025.11.11	16:42:00	1.15935	1.15937	1.15931	1.15935	16.27
2025.11.11	16:43:00	1.15934	1.15936	1.15930	1.15930	18.52
2025.11.11	16:44:00	1.15931	1.15933	1.15925	1.15929	139.55
2025.11.11	16:45:00	1.15930	1.15931	1.15926	1.15928	54.61
2025.11.11	16:46:00	1.15929	1.15930	1.15926	1.15928	27.45
2025.11.11	16:47:00	1.15923	1.15924	1.15913	1.15917	38.09
2025.11.11	16:48:00	1.15917	1.15919	1.15911	1.15912	48.36
2025.11.11	16:49:00	1.15912	1.15912	1.15906	1.15908	20.77
2025.11.11	16:50:00	1.15908	1.15918	1.15906	1.15918	45.33
2025.11.11	16:51:00	1.15919	1.15939	1.15918	1.15933	72.18
2025.11.11	16:52:00	1.15933	1.15940	1.15933	1.15940	27.00
2025.11.11	16:53:00	1.15938	1.15950	1.15938	1.15945	65.09
2025.11.11	16:54:00	1.15946	1.15948	1.15931	1.15931	46.94
2025.11.11	16:55:00	1.15929	1.15933	1.15927	1.15931	26.40
2025.11.11	16:56:00	1.15930	1.15930	1.15918	1.15923	46.53
2025.11.11	16:57:00	1.15926	1.15928	1.15922	1.15927	25.82
2025.11.11	16:58:00	1.15925	1.15931	1.15924	1.15928	29.39
2025.11.11	16:59:00	1.15929	1.15932	1.15922	1.15932	43.53
2025.11.11	17:00:00	1.15933	1.15941	1.15930	1.15937	47.54
2025.11.11	17:01:00	1.15936	1.15937	1.15932	1.15932	18.74
2025.11.11	17:02:00	1.15930	1.15930	1.15906	1.15911	61.93
2025.11.11	17:03:00	1.15912	1.15916	1.15910	1.15916	15.72
2025.11.11	17:04:00	1.15918	1.15934	1.15918	1.15929	31.27
2025.11.11	17:05:00	1.15927	1.15927	1.15921	1.15922	46.80
2025.11.11	17:06:00	1.15922	1.15934	1.15922	1.15932	29.53
2025.11.11	17:07:00	1.15934	1.15937	1.15929	1.15935	39.28
2025.11.11	17:08:00	1.15933	1.15933	1.15924	1.15925	40.89
2025.11.11	17:09:00	1.15927	1.15936	1.15922	1.15934	24.72
2025.11.11	17:10:00	1.15936	1.15943	1.15934	1.15943	53.94
2025.11.11	17:11:00	1.15942	1.15944	1.15936	1.15937	40.93
2025.11.11	17:12:00	1.15938	1.15946	1.15938	1.15943	26.76
2025.11.11	17:13:00	1.15942	1.15947	1.15942	1.15947	32.02
2025.11.11	17:14:00	1.15949	1.15959	1.15949	1.15954	25.62
2025.11.11	17:15:00	1.15956	1.15956	1.15949	1.15952	62.73
2025.11.11	17:16:00	1.15952	1.15959	1.15951	1.15959	26.17
2025.11.11	17:17:00	1.15957	1.15965	1.15957	1.15962	36.49
2025.11.11	17:18:00	1.15961	1.15969	1.15961	1.15966	33.89
2025.11.11	17:19:00	1.15966	1.15974	1.15966	1.15972	37.11
2025.11.11	17:20:00	1.15971	1.15980	1.15971	1.15980	57.29
2025.11.11	17:21:00	1.15980	1.15980	1.15966	1.15967	43.53
2025.11.11	17:22:00	1.15969	1.15981	1.15968	1.15980	22.50
2025.11.11	17:23:00	1.15980	1.15981	1.15976	1.15977	19.87
2025.11.11	17:24:00	1.15978	1.15979	1.15971	1.15973	27.73
2025.11.11	17:25:00	1.15972	1.15973	1.15971	1.15971	14.54
2025.11.11	17:26:00	1.15972	1.15973	1.15960	1.15960	70.42
2025.11.11	17:27:00	1.15962	1.15967	1.15956	1.15967	47.25
2025.11.11	17:28:00	1.15965	1.15971	1.15963	1.15969	26.55
2025.11.11	17:29:00	1.15970	1.15976	1.15969	1.15973	18.90
2025.11.11	17:30:00	1.15974	1.15976	1.15966	1.15976	47.52
2025.11.11	17:31:00	1.15975	1.15977	1.15968	1.15972	30.99
2025.11.11	17:32:00	1.15971	1.15971	1.15962	1.15962	26.77
2025.11.11	17:33:00	1.15963	1.15963	1.15955	1.15957	32.50
2025.11.11	17:34:00	1.15957	1.15957	1.15952	1.15953	21.51
2025.11.11	17:35:00	1.15954	1.15956	1.15948	1.15952	31.69
2025.11.11	17:36:00	1.15951	1.15955	1.15951	1.15952	15.82
2025.11.11	17:37:00	1.15953	1.15956	1.15951	1.15954	15.82
2025.11.11	17:38:00	1.15954	1.15957	1.15953	1.15954	12.67
2025.11.11	17:39:00	1.15956	1.15959	1.15951	1.15954	12.74
2025.11.11	17:40:00	1.15951	1.15953	1.15951	1.15951	9.52
2025.11.11	17:41:00	1.15952	1.15952	1.15952	1.15952	2.70
2025.11.11	17:42:00	1.15953	1.15964	1.15953	1.15964	23.16
2025.11.11	17:43:00	1.15962	1.15962	1.15962	1.15962	0.90
2025.11.11	17:44:00	1.15964	1.15969	1.15962	1.15964	35.91
2025.11.11	17:45:00	1.15965	1.15972	1.15965	1.15972	14.85
2025.11.11	17:46:00	1.15971	1.15983	1.15971	1.15983	18.57
2025.11.11	17:47:00	1.15983	1.15988	1.15971	1.15985	48.77
2025.11.11	17:48:00	1.15986	1.15988	1.15986	1.15988	2.70
2025.11.11	17:49:00	1.15987	1.15987	1.15982	1.15987	21.61
2025.11.11	17:50:00	1.15986	1.15989	1.15986	1.15987	10.47
2025.11.11	17:51:00	1.15986	1.15986	1.15983	1.15984	10.53
2025.11.11	17:52:00	1.15984	1.15990	1.15984	1.15988	16.71
2025.11.11	17:53:00	1.15988	1.15989	1.15976	1.15979	22.71
2025.11.11	17:54:00	1.15978	1.15979	1.15973	1.15978	16.00
2025.11.11	17:55:00	1.15978	1.15980	1.15974	1.15976	35.31
2025.11.11	17:56:00	1.15977	1.15980	1.15975	1.15975	16.09
2025.11.11	17:57:00	1.15974	1.15975	1.15961	1.15962	31.36
2025.11.11	17:58:00	1.15961	1.15963	1.15955	1.15955	45.54
2025.11.11	17:59:00	1.15952	1.15954	1.15948	1.15948	28.46
2025.11.11	18:00:00	1.15946	1.15946	1.15932	1.15938	82.59
2025.11.11	18:01:00	1.15937	1.15940	1.15929	1.15938	54.76
2025.11.11	18:02:00	1.15938	1.15944	1.15923	1.15944	72.85
2025.11.11	18:03:00	1.15942	1.15944	1.15929	1.15929	19.27
2025.11.11	18:04:00	1.15928	1.15929	1.15924	1.15924	7.72
2025.11.11	18:05:00	1.15926	1.15927	1.15914	1.15919	38.98
2025.11.11	18:06:00	1.15920	1.15927	1.15919	1.15927	39.36
2025.11.11	18:07:00	1.15928	1.15937	1.15927	1.15927	30.49
2025.11.11	18:08:00	1.15928	1.15928	1.15922	1.15926	17.28
2025.11.11	18:09:00	1.15925	1.15927	1.15925	1.15926	5.07
2025.11.11	18:10:00	1.15928	1.15929	1.15927	1.15927	8.10
2025.11.11	18:11:00	1.15930	1.15933	1.15921	1.15921	21.29
2025.11.11	18:12:00	1.15922	1.15923	1.15918	1.15919	15.30
2025.11.11	18:13:00	1.15918	1.15924	1.15916	1.15924	24.82
2025.11.11	18:14:00	1.15923	1.15926	1.15923	1.15924	6.30
2025.11.11	18:15:00	1.15923	1.15924	1.15921	1.15924	15.75
2025.11.11	18:16:00	1.15922	1.15933	1.15922	1.15933	16.65
2025.11.11	18:17:00	1.15935	1.15942	1.15934	1.15942	15.89
2025.11.11	18:18:00	1.15941	1.15944	1.15940	1.15942	15.37
2025.11.11	18:19:00	1.15945	1.15947	1.15943	1.15947	17.60
2025.11.11	18:20:00	1.15947	1.15949	1.15939	1.15949	42.36
2025.11.11	18:21:00	1.15950	1.15955	1.15943	1.15943	27.19
2025.11.11	18:22:00	1.15943	1.15943	1.15938	1.15938	14.03
2025.11.11	18:23:00	1.15936	1.15940	1.15936	1.15939	11.79
2025.11.11	18:24:00	1.15941	1.15943	1.15935	1.15936	43.39
2025.11.11	18:25:00	1.15937	1.15942	1.15932	1.15932	43.96
2025.11.11	18:26:00	1.15932	1.15932	1.15928	1.15928	7.93
2025.11.11	18:27:00	1.15930	1.15931	1.15926	1.15928	13.87
2025.11.11	18:28:00	1.15926	1.15934	1.15926	1.15934	14.72
2025.11.11	18:29:00	1.15934	1.15934	1.15929	1.15929	15.75
2025.11.11	18:30:00	1.15930	1.15933	1.15929	1.15933	21.43
2025.11.11	18:31:00	1.15934	1.15934	1.15919	1.15919	50.20
2025.11.11	18:32:00	1.15918	1.15926	1.15918	1.15922	31.70
2025.11.11	18:33:00	1.15926	1.15928	1.15923	1.15923	14.68
2025.11.11	18:34:00	1.15924	1.15924	1.15918	1.15921	19.42
2025.11.11	18:35:00	1.15922	1.15922	1.15918	1.15921	22.05
2025.11.11	18:36:00	1.15922	1.15924	1.15919	1.15919	11.92
2025.11.11	18:37:00	1.15918	1.15919	1.15912	1.15913	11.02
2025.11.11	18:38:00	1.15913	1.15916	1.15911	1.15914	11.99
2025.11.11	18:39:00	1.15915	1.15915	1.15913	1.15913	5.02
2025.11.11	18:40:00	1.15913	1.15918	1.15913	1.15914	49.64
2025.11.11	18:41:00	1.15919	1.15921	1.15918	1.15921	5.47
2025.11.11	18:42:00	1.15921	1.15923	1.15920	1.15921	27.82
2025.11.11	18:43:00	1.15921	1.15923	1.15920	1.15921	19.63
2025.11.11	18:44:00	1.15922	1.15922	1.15917	1.15918	23.06
2025.11.11	18:45:00	1.15918	1.15920	1.15912	1.15917	19.77
2025.11.11	18:46:00	1.15919	1.15922	1.15918	1.15922	17.38
2025.11.11	18:47:00	1.15924	1.15929	1.15924	1.15929	11.32
2025.11.11	18:48:00	1.15929	1.15930	1.15928	1.15930	6.37
2025.11.11	18:49:00	1.15930	1.15945	1.15930	1.15944	37.35
2025.11.11	18:50:00	1.15943	1.15947	1.15942	1.15943	21.44
2025.11.11	18:51:00	1.15942	1.15943	1.15940	1.15943	10.04
2025.11.11	18:52:00	1.15941	1.15944	1.15941	1.15942	11.70
2025.11.11	18:53:00	1.15942	1.15943	1.15938	1.15943	11.25
2025.11.11	18:54:00	1.15944	1.15944	1.15938	1.15941	37.79
2025.11.11	18:55:00	1.15942	1.15943	1.15938	1.15939	23.17
2025.11.11	18:56:00	1.15940	1.15941	1.15933	1.15937	41.40
2025.11.11	18:57:00	1.15939	1.15948	1.15939	1.15944	21.60
2025.11.11	18:58:00	1.15941	1.15941	1.15926	1.15927	32.92
2025.11.11	18:59:00	1.15927	1.15929	1.15922	1.15926	49.19
2025.11.11	19:00:00	1.15924	1.15925	1.15908	1.15911	47.01
2025.11.11	19:01:00	1.15908	1.15910	1.15902	1.15907	32.09
2025.11.11	19:02:00	1.15906	1.15926	1.15904	1.15926	104.06
2025.11.11	19:03:00	1.15927	1.15928	1.15923	1.15926	38.15
2025.11.11	19:04:00	1.15928	1.15928	1.15923	1.15924	10.56
2025.11.11	19:05:00	1.15926	1.15928	1.15917	1.15918	21.43
2025.11.11	19:06:00	1.15920	1.15922	1.15917	1.15922	19.18
2025.11.11	19:07:00	1.15919	1.15919	1.15915	1.15916	19.11
2025.11.11	19:08:00	1.15916	1.15918	1.15902	1.15904	28.70
2025.11.11	19:09:00	1.15904	1.15907	1.15899	1.15904	65.62
2025.11.11	19:10:00	1.15905	1.15910	1.15901	1.15910	25.72
2025.11.11	19:11:00	1.15910	1.15917	1.15907	1.15907	25.86
2025.11.11	19:12:00	1.15910	1.15914	1.15901	1.15907	40.78
2025.11.11	19:13:00	1.15907	1.15907	1.15900	1.15903	25.65
2025.11.11	19:14:00	1.15900	1.15901	1.15888	1.15892	81.81
2025.11.11	19:15:00	1.15893	1.15901	1.15892	1.15900	49.12
2025.11.11	19:16:00	1.15899	1.15899	1.15890	1.15890	54.59
2025.11.11	19:17:00	1.15900	1.15903	1.15899	1.15902	25.65
2025.11.11	19:18:00	1.15903	1.15903	1.15899	1.15899	18.97
2025.11.11	19:19:00	1.15900	1.15907	1.15900	1.15902	24.58
2025.11.11	19:20:00	1.15903	1.15905	1.15900	1.15900	11.84
2025.11.11	19:21:00	1.15901	1.15905	1.15900	1.15903	16.03
2025.11.11	19:22:00	1.15903	1.15910	1.15903	1.15906	13.64
2025.11.11	19:23:00	1.15907	1.15908	1.15906	1.15908	22.99
2025.11.11	19:24:00	1.15908	1.15909	1.15906	1.15909	8.76
2025.11.11	19:25:00	1.15911	1.15911	1.15907	1.15910	21.26
2025.11.11	19:26:00	1.15909	1.15914	1.15905	1.15913	31.51
2025.11.11	19:27:00	1.15914	1.15914	1.15911	1.15913	16.17
2025.11.11	19:28:00	1.15912	1.15912	1.15908	1.15908	8.38
2025.11.11	19:29:00	1.15907	1.15911	1.15906	1.15910	17.38
2025.11.11	19:30:00	1.15910	1.15917	1.15908	1.15917	28.87
2025.11.11	19:31:00	1.15918	1.15922	1.15911	1.15913	34.61
2025.11.11	19:32:00	1.15910	1.15912	1.15905	1.15906	23.90
2025.11.11	19:33:00	1.15904	1.15908	1.15903	1.15907	22.40
2025.11.11	19:34:00	1.15906	1.15911	1.15906	1.15909	19.35
2025.11.11	19:35:00	1.15907	1.15912	1.15907	1.15907	28.32
2025.11.11	19:36:00	1.15909	1.15910	1.15908	1.15908	9.59
2025.11.11	19:37:00	1.15908	1.15908	1.15905	1.15908	7.20
2025.11.11	19:38:00	1.15908	1.15908	1.15906	1.15908	17.14
2025.11.11	19:39:00	1.15908	1.15910	1.15907	1.15909	26.69
2025.11.11	19:40:00	1.15908	1.15909	1.15907	1.15908	22.89
2025.11.11	19:41:00	1.15910	1.15914	1.15907	1.15913	21.36
2025.11.11	19:42:00	1.15918	1.15918	1.15912	1.15912	23.61
2025.11.11	19:43:00	1.15911	1.15914	1.15911	1.15914	4.50
2025.11.11	19:44:00	1.15912	1.15912	1.15908	1.15908	21.04
2025.11.11	19:45:00	1.15908	1.15910	1.15900	1.15900	21.92
2025.11.11	19:46:00	1.15903	1.15906	1.15903	1.15904	10.42
2025.11.11	19:47:00	1.15904	1.15904	1.15898	1.15901	61.66
2025.11.11	19:48:00	1.15900	1.15902	1.15880	1.15881	85.71
2025.11.11	19:49:00	1.15883	1.15883	1.15869	1.15877	66.41
2025.11.11	19:50:00	1.15879	1.15882	1.15873	1.15879	41.23
2025.11.11	19:51:00	1.15881	1.15883	1.15879	1.15879	9.21
2025.11.11	19:52:00	1.15881	1.15884	1.15873	1.15876	31.95
2025.11.11	19:53:00	1.15877	1.15879	1.15870	1.15873	19.11
2025.11.11	19:54:00	1.15870	1.15871	1.15853	1.15857	75.02
2025.11.11	19:55:00	1.15857	1.15857	1.15850	1.15853	78.79
2025.11.11	19:56:00	1.15851	1.15852	1.15846	1.15848	58.16
2025.11.11	19:57:00	1.15851	1.15853	1.15842	1.15842	51.68
2025.11.11	19:58:00	1.15843	1.15848	1.15834	1.15837	93.63
2025.11.11	19:59:00	1.15837	1.15844	1.15837	1.15843	53.45
2025.11.11	20:00:00	1.15844	1.15856	1.15841	1.15848	52.24
2025.11.11	20:01:00	1.15849	1.15858	1.15849	1.15857	13.12
2025.11.11	20:02:00	1.15858	1.15859	1.15856	1.15857	19.70
2025.11.11	20:03:00	1.15855	1.15860	1.15855	1.15857	23.23
2025.11.11	20:04:00	1.15855	1.15864	1.15855	1.15859	26.45
2025.11.11	20:05:00	1.15860	1.15870	1.15858	1.15867	20.98
2025.11.11	20:06:00	1.15867	1.15872	1.15867	1.15869	43.55
2025.11.11	20:07:00	1.15869	1.15870	1.15867	1.15867	16.48
2025.11.11	20:08:00	1.15866	1.15872	1.15866	1.15871	17.62
2025.11.11	20:09:00	1.15871	1.15872	1.15860	1.15861	18.26
2025.11.11	20:10:00	1.15861	1.15865	1.15861	1.15862	11.77
2025.11.11	20:11:00	1.15864	1.15867	1.15862	1.15864	35.33
2025.11.11	20:12:00	1.15866	1.15872	1.15865	1.15869	21.74
2025.11.11	20:13:00	1.15869	1.15873	1.15868	1.15869	21.22
2025.11.11	20:14:00	1.15869	1.15878	1.15869	1.15876	33.98
2025.11.11	20:15:00	1.15879	1.15881	1.15877	1.15878	25.79
2025.11.11	20:16:00	1.15879	1.15880	1.15872	1.15872	31.19
2025.11.11	20:17:00	1.15872	1.15876	1.15872	1.15876	6.82
2025.11.11	20:18:00	1.15878	1.15880	1.15876	1.15877	13.78
2025.11.11	20:19:00	1.15877	1.15890	1.15877	1.15888	27.21
2025.11.11	20:20:00	1.15886	1.15888	1.15879	1.15881	34.73
2025.11.11	20:21:00	1.15880	1.15885	1.15880	1.15882	34.17
2025.11.11	20:22:00	1.15882	1.15883	1.15873	1.15873	18.21
2025.11.11	20:23:00	1.15872	1.15877	1.15872	1.15876	18.90
2025.11.11	20:24:00	1.15876	1.15883	1.15871	1.15871	28.87
2025.11.11	20:25:00	1.15872	1.15872	1.15868	1.15868	21.52
2025.11.11	20:26:00	1.15869	1.15869	1.15864	1.15864	26.62
2025.11.11	20:27:00	1.15864	1.15864	1.15857	1.15857	16.04
2025.11.11	20:28:00	1.15860	1.15860	1.15847	1.15850	12.06
2025.11.11	20:29:00	1.15850	1.15858	1.15850	1.15858	9.00
2025.11.11	20:30:00	1.15856	1.15863	1.15856	1.15863	21.74
2025.11.11	20:31:00	1.15862	1.15862	1.15858	1.15859	6.96
2025.11.11	20:32:00	1.15860	1.15860	1.15857	1.15858	11.46
2025.11.11	20:33:00	1.15858	1.15864	1.15858	1.15864	4.50
2025.11.11	20:34:00	1.15865	1.15869	1.15865	1.15868	23.52
2025.11.11	20:35:00	1.15869	1.15873	1.15865	1.15866	19.18
2025.11.11	20:36:00	1.15867	1.15869	1.15866	1.15866	12.88
2025.11.11	20:37:00	1.15868	1.15870	1.15864	1.15870	15.96
2025.11.11	20:38:00	1.15872	1.15873	1.15864	1.15864	13.03
2025.11.11	20:39:00	1.15867	1.15877	1.15867	1.15877	11.77
2025.11.11	20:40:00	1.15875	1.15881	1.15875	1.15880	11.93
2025.11.11	20:41:00	1.15881	1.15883	1.15881	1.15881	13.41
2025.11.11	20:42:00	1.15883	1.15884	1.15879	1.15879	20.03
2025.11.11	20:43:00	1.15880	1.15880	1.15872	1.15878	16.41
2025.11.11	20:44:00	1.15878	1.15878	1.15868	1.15868	17.10
2025.11.11	20:45:00	1.15867	1.15867	1.15863	1.15863	7.72
2025.11.11	20:46:00	1.15861	1.15861	1.15851	1.15853	16.94
2025.11.11	20:47:00	1.15853	1.15859	1.15852	1.15858	27.90
2025.11.11	20:48:00	1.15860	1.15861	1.15847	1.15848	39.74
2025.11.11	20:49:00	1.15848	1.15848	1.15845	1.15846	23.85
2025.11.11	20:50:00	1.15846	1.15851	1.15844	1.15844	24.30
2025.11.11	20:51:00	1.15843	1.15846	1.15843	1.15844	10.42
2025.11.11	20:52:00	1.15842	1.15845	1.15840	1.15844	35.38
2025.11.11	20:53:00	1.15845	1.15846	1.15840	1.15846	39.80
2025.11.11	20:54:00	1.15848	1.15848	1.15845	1.15847	17.98
2025.11.11	20:55:00	1.15845	1.15845	1.15840	1.15840	35.57
2025.11.11	20:56:00	1.15842	1.15851	1.15837	1.15839	50.66
2025.11.11	20:57:00	1.15837	1.15844	1.15837	1.15840	28.81
2025.11.11	20:58:00	1.15840	1.15840	1.15832	1.15832	82.59
2025.11.11	20:59:00	1.15833	1.15836	1.15831	1.15832	88.51
2025.11.11	21:00:00	1.15832	1.15838	1.15828	1.15830	119.50
2025.11.11	21:01:00	1.15829	1.15835	1.15823	1.15827	60.25
2025.11.11	21:02:00	1.15825	1.15831	1.15825	1.15830	36.45
2025.11.11	21:03:00	1.15831	1.15833	1.15827	1.15833	81.90
2025.11.11	21:04:00	1.15834	1.15838	1.15832	1.15837	48.60
2025.11.11	21:05:00	1.15838	1.15846	1.15838	1.15842	50.85
2025.11.11	21:06:00	1.15841	1.15843	1.15833	1.15833	26.10
2025.11.11	21:07:00	1.15833	1.15833	1.15827	1.15829	25.29
2025.11.11	21:08:00	1.15830	1.15836	1.15830	1.15834	35.91
2025.11.11	21:09:00	1.15835	1.15842	1.15834	1.15834	39.93
2025.11.11	21:10:00	1.15834	1.15839	1.15833	1.15837	44.40
2025.11.11	21:11:00	1.15839	1.15843	1.15833	1.15835	27.31
2025.11.11	21:12:00	1.15837	1.15839	1.15837	1.15839	5.49
2025.11.11	21:13:00	1.15842	1.15844	1.15842	1.15844	8.10
2025.11.11	21:14:00	1.15844	1.15846	1.15843	1.15844	13.86
2025.11.11	21:15:00	1.15843	1.15846	1.15841	1.15843	17.10
2025.11.11	21:16:00	1.15842	1.15844	1.15842	1.15842	9.00
2025.11.11	21:17:00	1.15844	1.15844	1.15842	1.15842	2.70
2025.11.11	21:18:00	1.15846	1.15853	1.15846	1.15853	10.29
2025.11.11	21:19:00	1.15853	1.15853	1.15833	1.15836	48.57
2025.11.11	21:20:00	1.15834	1.15834	1.15827	1.15830	42.25
2025.11.11	21:21:00	1.15831	1.15832	1.15826	1.15828	36.07
2025.11.11	21:22:00	1.15828	1.15828	1.15824	1.15824	27.72
2025.11.11	21:23:00	1.15824	1.15827	1.15823	1.15824	24.12
2025.11.11	21:24:00	1.15825	1.15835	1.15822	1.15835	73.33
2025.11.11	21:25:00	1.15836	1.15836	1.15829	1.15833	29.64
2025.11.11	21:26:00	1.15832	1.15840	1.15832	1.15838	35.59
2025.11.11	21:27:00	1.15838	1.15839	1.15837	1.15838	9.09
2025.11.11	21:28:00	1.15840	1.15844	1.15838	1.15839	20.52
2025.11.11	21:29:00	1.15839	1.15839	1.15832	1.15834	104.13
2025.11.11	21:30:00	1.15836	1.15837	1.15832	1.15832	13.41
2025.11.11	21:31:00	1.15832	1.15832	1.15832	1.15832	2.25
2025.11.11	21:32:00	1.15833	1.15834	1.15833	1.15834	8.10
2025.11.11	21:33:00	1.15833	1.15834	1.15832	1.15832	7.20
2025.11.11	21:34:00	1.15832	1.15834	1.15829	1.15832	17.10
2025.11.11	21:35:00	1.15832	1.15832	1.15830	1.15832	21.15
2025.11.11	21:36:00	1.15830	1.15831	1.15829	1.15829	20.25
2025.11.11	21:37:00	1.15829	1.15829	1.15826	1.15829	15.59
2025.11.11	21:38:00	1.15829	1.15829	1.15829	1.15829	2.25
2025.11.11	21:39:00	1.15830	1.15833	1.15830	1.15833	10.35
2025.11.11	21:40:00	1.15832	1.15833	1.15828	1.15829	6.30
2025.11.11	21:41:00	1.15830	1.15832	1.15829	1.15829	10.80
2025.11.11	21:42:00	1.15829	1.15829	1.15826	1.15826	18.67
2025.11.11	21:43:00	1.15827	1.15829	1.15827	1.15828	2.91
2025.11.11	21:44:00	1.15828	1.15829	1.15818	1.15818	22.79
2025.11.11	21:45:00	1.15821	1.15823	1.15817	1.15820	16.76
2025.11.11	21:46:00	1.15819	1.15819	1.15819	1.15819	0.12
2025.11.11	21:47:00	1.15820	1.15824	1.15817	1.15820	29.62
2025.11.11	21:48:00	1.15819	1.15820	1.15816	1.15819	20.01
2025.11.11	21:49:00	1.15816	1.15819	1.15814	1.15819	19.17
2025.11.11	21:50:00	1.15818	1.15818	1.15815	1.15817	15.66
2025.11.11	21:51:00	1.15815	1.15820	1.15815	1.15816	16.90
2025.11.11	21:52:00	1.15814	1.15815	1.15810	1.15815	9.04
2025.11.11	21:53:00	1.15813	1.15819	1.15813	1.15819	21.69
2025.11.11	21:54:00	1.15818	1.15827	1.15817	1.15826	26.97
2025.11.11	21:55:00	1.15826	1.15826	1.15824	1.15825	8.31
2025.11.11	21:56:00	1.15823	1.15823	1.15822	1.15823	9.00
2025.11.11	21:57:00	1.15821	1.15824	1.15808	1.15820	73.32
2025.11.11	21:58:00	1.15821	1.15824	1.15817	1.15820	89.67
2025.11.11	21:59:00	1.15819	1.15822	1.15811	1.15820	102.24
2025.11.11	22:00:00	1.15818	1.15818	1.15805	1.15817	12.60
2025.11.11	22:01:00	1.15818	1.15846	1.15818	1.15843	33.30
2025.11.11	22:02:00	1.15847	1.15847	1.15841	1.15842	32.40
2025.11.11	22:03:00	1.15841	1.15841	1.15840	1.15840	6.30
2025.11.11	22:04:00	1.15841	1.15841	1.15840	1.15840	1.80
2025.11.11	22:05:00	1.15835	1.15851	1.15835	1.15841	13.50
2025.11.11	22:06:00	1.15841	1.15841	1.15839	1.15840	5.40
2025.11.11	22:07:00	1.15839	1.15839	1.15832	1.15839	3.60
2025.11.11	22:08:00	1.15838	1.15840	1.15838	1.15840	1.80
2025.11.11	22:09:00	1.15830	1.15839	1.15830	1.15831	6.30
2025.11.11	22:10:00	1.15839	1.15840	1.15832	1.15832	8.10
2025.11.11	22:11:00	1.15830	1.15830	1.15829	1.15830	5.40
2025.11.11	22:12:00	1.15830	1.15830	1.15828	1.15829	4.50
2025.11.11	22:13:00	1.15828	1.15832	1.15828	1.15830	4.50
2025.11.11	22:14:00	1.15831	1.15832	1.15824	1.15827	16.20
2025.11.11	22:15:00	1.15827	1.15835	1.15824	1.15835	14.40
2025.11.11	22:16:00	1.15835	1.15835	1.15824	1.15832	12.60
2025.11.11	22:17:00	1.15832	1.15832	1.15825	1.15825	14.40
2025.11.11	22:18:00	1.15834	1.15834	1.15825	1.15825	16.20
2025.11.11	22:19:00	1.15825	1.15828	1.15822	1.15825	47.70
2025.11.11	22:20:00	1.15825	1.15828	1.15825	1.15827	18.00
2025.11.11	22:21:00	1.15828	1.15832	1.15823	1.15825	27.90
2025.11.11	22:22:00	1.15829	1.15838	1.15827	1.15838	146.92
2025.11.11	22:23:00	1.15841	1.15841	1.15824	1.15827	27.90
2025.11.11	22:24:00	1.15825	1.15825	1.15819	1.15823	230.17
2025.11.11	22:25:00	1.15822	1.15827	1.15822	1.15825	28.80
2025.11.11	22:26:00	1.15825	1.15827	1.15825	1.15826	20.70
2025.11.11	22:27:00	1.15827	1.15828	1.15826	1.15827	6.30
2025.11.11	22:28:00	1.15827	1.15828	1.15825	1.15825	7.20
2025.11.11	22:29:00	1.15826	1.15826	1.15822	1.15826	5.40
2025.11.11	22:30:00	1.15825	1.15827	1.15825	1.15827	9.90
2025.11.11	22:31:00	1.15827	1.15835	1.15820	1.15820	18.45
2025.11.11	22:32:00	1.15822	1.15830	1.15821	1.15830	7.65
2025.11.11	22:33:00	1.15829	1.15830	1.15826	1.15829	7.20
2025.11.11	22:34:00	1.15830	1.15831	1.15827	1.15829	6.06
2025.11.11	22:35:00	1.15832	1.15838	1.15831	1.15837	21.99
2025.11.11	22:36:00	1.15838	1.15842	1.15834	1.15840	40.62
2025.11.11	22:37:00	1.15841	1.15842	1.15828	1.15834	41.85
2025.11.11	22:38:00	1.15835	1.15837	1.15825	1.15827	66.60
2025.11.11	22:39:00	1.15830	1.15838	1.15827	1.15835	8.55
2025.11.11	22:41:00	1.15836	1.15836	1.15833	1.15833	1.80
2025.11.11	22:42:00	1.15832	1.15832	1.15832	1.15832	0.90
2025.11.11	22:43:00	1.15833	1.15845	1.15829	1.15831	18.22
2025.11.11	22:44:00	1.15833	1.15834	1.15833	1.15834	4.50
2025.11.11	22:45:00	1.15833	1.15834	1.15833	1.15833	6.30
2025.11.11	22:46:00	1.15834	1.15836	1.15833	1.15835	10.35
2025.11.11	22:47:00	1.15833	1.15835	1.15833	1.15835	7.20
2025.11.11	22:48:00	1.15835	1.15835	1.15833	1.15833	4.50
2025.11.11	22:49:00	1.15834	1.15838	1.15834	1.15836	9.18
2025.11.11	22:50:00	1.15837	1.15838	1.15832	1.15837	25.68
2025.11.11	22:51:00	1.15838	1.15839	1.15835	1.15836	23.25
2025.11.11	22:52:00	1.15836	1.15840	1.15835	1.15839	33.84
2025.11.11	22:53:00	1.15840	1.15840	1.15839	1.15840	30.30
2025.11.11	22:54:00	1.15840	1.15840	1.15837	1.15840	15.99
2025.11.11	22:55:00	1.15839	1.15839	1.15838	1.15838	3.51
2025.11.11	22:56:00	1.15837	1.15840	1.15837	1.15840	4.98
2025.11.11	22:57:00	1.15834	1.15844	1.15833	1.15844	20.56
2025.11.11	22:58:00	1.15846	1.15847	1.15840	1.15840	60.75
2025.11.11	22:59:00	1.15842	1.15858	1.15840	1.15857	42.39
2025.11.11	23:00:00	1.15856	1.15857	1.15828	1.15833	72.84
2025.11.11	23:01:00	1.15830	1.15837	1.15828	1.15836	28.35
2025.11.11	23:02:00	1.15835	1.15835	1.15827	1.15828	40.64
2025.11.11	23:03:00	1.15829	1.15834	1.15828	1.15833	12.65
2025.11.11	23:04:00	1.15831	1.15835	1.15829	1.15834	22.50
2025.11.11	23:05:00	1.15833	1.15833	1.15826	1.15830	32.40
2025.11.11	23:06:00	1.15831	1.15832	1.15830	1.15831	6.30
2025.11.11	23:07:00	1.15830	1.15834	1.15827	1.15831	29.70
2025.11.11	23:08:00	1.15832	1.15832	1.15830	1.15830	11.70
2025.11.11	23:09:00	1.15831	1.15831	1.15827	1.15829	13.50
2025.11.11	23:10:00	1.15830	1.15831	1.15826	1.15829	19.80
2025.11.11	23:11:00	1.15829	1.15831	1.15827	1.15831	9.89
2025.11.11	23:12:00	1.15831	1.15831	1.15826	1.15828	6.20
2025.11.11	23:13:00	1.15827	1.15828	1.15827	1.15828	4.12
2025.11.11	23:15:00	1.15828	1.15828	1.15828	1.15828	0.90
2025.11.11	23:16:00	1.15831	1.15831	1.15826	1.15826	5.47
2025.11.11	23:17:00	1.15827	1.15829	1.15826	1.15826	3.22
2025.11.11	23:18:00	1.15825	1.15825	1.15825	1.15825	2.84
2025.11.11	23:19:00	1.15824	1.15824	1.15824	1.15824	0.90
2025.11.11	23:20:00	1.15823	1.15823	1.15822	1.15822	1.80
2025.11.11	23:21:00	1.15820	1.15821	1.15820	1.15821	2.84
2025.11.11	23:22:00	1.15825	1.15825	1.15822	1.15823	9.52
2025.11.11	23:23:00	1.15827	1.15827	1.15827	1.15827	1.80
2025.11.11	23:24:00	1.15830	1.15838	1.15830	1.15832	8.62
2025.11.11	23:25:00	1.15832	1.15832	1.15832	1.15832	0.90
2025.11.11	23:26:00	1.15830	1.15831	1.15827	1.15827	13.05
2025.11.11	23:27:00	1.15829	1.15831	1.15825	1.15825	6.82
2025.11.11	23:28:00	1.15825	1.15826	1.15822	1.15823	13.95
2025.11.11	23:29:00	1.15824	1.15825	1.15824	1.15825	1.80
2025.11.11	23:30:00	1.15827	1.15831	1.15827	1.15831	9.52
2025.11.11	23:31:00	1.15832	1.15832	1.15827	1.15831	7.34
2025.11.11	23:32:00	1.15832	1.15836	1.15831	1.15834	10.94
2025.11.11	23:33:00	1.15834	1.15836	1.15834	1.15836	4.12
2025.11.11	23:34:00	1.15838	1.15840	1.15837	1.15839	13.26
2025.11.11	23:35:00	1.15839	1.15840	1.15839	1.15839	3.22
2025.11.11	23:36:00	1.15842	1.15843	1.15839	1.15842	8.24
2025.11.11	23:37:00	1.15842	1.15843	1.15840	1.15840	3.60
2025.11.11	23:38:00	1.15840	1.15842	1.15838	1.15842	5.54
2025.11.11	23:39:00	1.15845	1.15849	1.15842	1.15849	12.88
2025.11.11	23:41:00	1.15848	1.15857	1.15847	1.15857	9.90
2025.11.11	23:42:00	1.15858	1.15858	1.15853	1.15853	6.96
2025.11.11	23:43:00	1.15852	1.15859	1.15848	1.15859	30.19
2025.11.11	23:44:00	1.15858	1.15865	1.15854	1.15862	39.02
2025.11.11	23:45:00	1.15861	1.15861	1.15860	1.15861	8.24
2025.11.11	23:46:00	1.15862	1.15862	1.15858	1.15861	11.84
2025.11.11	23:47:00	1.15857	1.15857	1.15847	1.15849	17.76
2025.11.11	23:48:00	1.15850	1.15851	1.15848	1.15850	27.59
2025.11.11	23:49:00	1.15851	1.15853	1.15851	1.15853	7.20
2025.11.11	23:50:00	1.15854	1.15857	1.15854	1.15856	5.02
2025.11.11	23:51:00	1.15856	1.15862	1.15856	1.15862	2.70
2025.11.11	23:52:00	1.15862	1.15862	1.15858	1.15861	6.96
2025.11.11	23:53:00	1.15859	1.15859	1.15857	1.15857	4.26
2025.11.11	23:54:00	1.15860	1.15862	1.15860	1.15861	2.79
2025.11.11	23:55:00	1.15861	1.15867	1.15860	1.15864	9.93
2025.11.11	23:56:00	1.15865	1.15866	1.15861	1.15866	8.47
2025.11.11	23:57:00	1.15867	1.15871	1.15867	1.15867	7.00
2025.11.11	23:58:00	1.15863	1.15866	1.15863	1.15866	4.05
2025.11.11	23:59:00	1.15867	1.15867	1.15867	1.15867	0.90
2025.11.12	00:00:00	1.15865	1.15866	1.15860	1.15863	34.74
2025.11.12	00:01:00	1.15863	1.15865	1.15862	1.15863	20.74
2025.11.12	00:02:00	1.15862	1.15864	1.15842	1.15844	52.02
2025.11.12	00:03:00	1.15843	1.15849	1.15843	1.15847	10.49
2025.11.12	00:04:00	1.15852	1.15863	1.15852	1.15859	24.53
2025.11.12	00:05:00	1.15858	1.15862	1.15857	1.15858	16.03
2025.11.12	00:06:00	1.15859	1.15859	1.15846	1.15846	21.26
2025.11.12	00:07:00	1.15845	1.15847	1.15836	1.15836	12.09
2025.11.12	00:08:00	1.15837	1.15838	1.15833	1.15836	12.14
2025.11.12	00:09:00	1.15836	1.15840	1.15831	1.15831	21.71
2025.11.12	00:10:00	1.15832	1.15836	1.15832	1.15835	11.57
2025.11.12	00:11:00	1.15835	1.15842	1.15835	1.15842	18.45
2025.11.12	00:12:00	1.15843	1.15847	1.15840	1.15840	35.64
2025.11.12	00:13:00	1.15840	1.15850	1.15836	1.15846	48.68
2025.11.12	00:14:00	1.15846	1.15846	1.15844	1.15844	13.12
2025.11.12	00:15:00	1.15846	1.15854	1.15846	1.15846	20.67
2025.11.12	00:16:00	1.15846	1.15846	1.15839	1.15843	10.94
2025.11.12	00:17:00	1.15842	1.15842	1.15836	1.15839	15.37
2025.11.12	00:18:00	1.15840	1.15849	1.15837	1.15844	17.60
2025.11.12	00:19:00	1.15843	1.15845	1.15841	1.15845	10.18
2025.11.12	00:20:00	1.15843	1.15845	1.15841	1.15842	19.16
2025.11.12	00:21:00	1.15842	1.15843	1.15840	1.15841	7.86
2025.11.12	00:22:00	1.15843	1.15846	1.15840	1.15846	15.96
2025.11.12	00:23:00	1.15846	1.15846	1.15841	1.15842	30.99
2025.11.12	00:24:00	1.15841	1.15844	1.15837	1.15840	40.72
2025.11.12	00:25:00	1.15841	1.15842	1.15836	1.15836	70.08
2025.11.12	00:26:00	1.15835	1.15838	1.15832	1.15837	46.50
2025.11.12	00:27:00	1.15838	1.15838	1.15833	1.15837	23.55
2025.11.12	00:28:00	1.15836	1.15837	1.15834	1.15836	10.13
2025.11.12	00:29:00	1.15837	1.15842	1.15836	1.15842	8.42
2025.11.12	00:30:00	1.15841	1.15841	1.15833	1.15833	16.34
2025.11.12	00:31:00	1.15835	1.15835	1.15825	1.15825	23.09
2025.11.12	00:32:00	1.15826	1.15835	1.15824	1.15827	60.97
2025.11.12	00:33:00	1.15827	1.15833	1.15826	1.15833	49.54
2025.11.12	00:34:00	1.15831	1.15835	1.15831	1.15832	42.41
2025.11.12	00:35:00	1.15831	1.15851	1.15831	1.15845	75.90
2025.11.12	00:36:00	1.15846	1.15847	1.15839	1.15843	94.41
2025.11.12	00:37:00	1.15842	1.15843	1.15839	1.15841	42.34
2025.11.12	00:38:00	1.15842	1.15842	1.15825	1.15825	95.00
2025.11.12	00:39:00	1.15825	1.15833	1.15822	1.15832	77.85
2025.11.12	00:40:00	1.15833	1.15833	1.15829	1.15832	29.31
2025.11.12	00:41:00	1.15831	1.15832	1.15829	1.15830	42.32
2025.11.12	00:42:00	1.15830	1.15835	1.15829	1.15831	23.74
2025.11.12	00:43:00	1.15830	1.15833	1.15828	1.15831	21.37
2025.11.12	00:44:00	1.15831	1.15834	1.15828	1.15832	17.30
2025.11.12	00:45:00	1.15831	1.15834	1.15830	1.15831	44.42
2025.11.12	00:46:00	1.15832	1.15834	1.15824	1.15824	55.61
2025.11.12	00:47:00	1.15825	1.15828	1.15821	1.15823	35.69
2025.11.12	00:48:00	1.15823	1.15827	1.15820	1.15826	32.39
2025.11.12	00:49:00	1.15826	1.15826	1.15821	1.15824	40.60
2025.11.12	00:50:00	1.15825	1.15826	1.15820	1.15825	77.52
2025.11.12	00:51:00	1.15824	1.15832	1.15824	1.15832	18.87
2025.11.12	00:52:00	1.15832	1.15832	1.15826	1.15826	14.30
2025.11.12	00:53:00	1.15824	1.15825	1.15820	1.15824	31.74
2025.11.12	00:54:00	1.15823	1.15824	1.15814	1.15822	50.43
2025.11.12	00:55:00	1.15821	1.15824	1.15818	1.15821	29.21
2025.11.12	00:56:00	1.15820	1.15822	1.15814	1.15818	19.63
2025.11.12	00:57:00	1.15819	1.15820	1.15812	1.15812	25.40
2025.11.12	00:58:00	1.15813	1.15813	1.15804	1.15807	40.85
2025.11.12	00:59:00	1.15808	1.15808	1.15789	1.15790	117.55
2025.11.12	01:00:00	1.15793	1.15801	1.15787	1.15799	96.34
2025.11.12	01:01:00	1.15798	1.15819	1.15792	1.15803	107.30
2025.11.12	01:02:00	1.15803	1.15805	1.15794	1.15803	47.31
2025.11.12	01:03:00	1.15806	1.15813	1.15803	1.15803	31.64
2025.11.12	01:04:00	1.15801	1.15810	1.15801	1.15805	37.36
2025.11.12	01:05:00	1.15804	1.15813	1.15797	1.15813	30.07
2025.11.12	01:06:00	1.15813	1.15817	1.15809	1.15809	18.97
2025.11.12	01:07:00	1.15807	1.15813	1.15805	1.15813	13.40
2025.11.12	01:08:00	1.15814	1.15817	1.15814	1.15815	5.40
2025.11.12	01:09:00	1.15816	1.15821	1.15809	1.15814	59.26
2025.11.12	01:10:00	1.15814	1.15814	1.15802	1.15808	42.08
2025.11.12	01:11:00	1.15807	1.15807	1.15794	1.15795	39.00
2025.11.12	01:12:00	1.15796	1.15797	1.15794	1.15796	25.35
2025.11.12	01:13:00	1.15800	1.15801	1.15794	1.15800	33.70
2025.11.12	01:14:00	1.15800	1.15807	1.15798	1.15802	69.52
2025.11.12	01:15:00	1.15803	1.15808	1.15796	1.15798	72.94
2025.11.12	01:16:00	1.15797	1.15798	1.15789	1.15797	76.92
2025.11.12	01:17:00	1.15798	1.15798	1.15788	1.15791	47.24
2025.11.12	01:18:00	1.15791	1.15792	1.15789	1.15790	57.87
2025.11.12	01:19:00	1.15790	1.15801	1.15790	1.15791	83.86
2025.11.12	01:20:00	1.15790	1.15796	1.15789	1.15795	55.29
2025.11.12	01:21:00	1.15794	1.15794	1.15784	1.15786	53.09
2025.11.12	01:22:00	1.15784	1.15786	1.15780	1.15780	43.12
2025.11.12	01:23:00	1.15779	1.15780	1.15774	1.15776	52.73
2025.11.12	01:24:00	1.15776	1.15777	1.15762	1.15764	56.44
2025.11.12	01:25:00	1.15765	1.15769	1.15760	1.15763	62.09
2025.11.12	01:26:00	1.15762	1.15779	1.15762	1.15776	91.26
2025.11.12	01:27:00	1.15779	1.15782	1.15776	1.15781	36.71
2025.11.12	01:28:00	1.15781	1.15782	1.15774	1.15776	20.68
2025.11.12	01:29:00	1.15775	1.15777	1.15766	1.15766	40.27
2025.11.12	01:30:00	1.15768	1.15768	1.15752	1.15754	79.19
2025.11.12	01:31:00	1.15752	1.15767	1.15752	1.15760	38.37
2025.11.12	01:32:00	1.15760	1.15765	1.15748	1.15748	58.15
2025.11.12	01:33:00	1.15748	1.15749	1.15744	1.15749	31.75
2025.11.12	01:34:00	1.15747	1.15750	1.15745	1.15748	26.17
2025.11.12	01:35:00	1.15749	1.15749	1.15745	1.15748	18.49
2025.11.12	01:36:00	1.15749	1.15749	1.15744	1.15746	28.16
2025.11.12	01:37:00	1.15749	1.15757	1.15749	1.15754	26.90
2025.11.12	01:38:00	1.15753	1.15753	1.15746	1.15747	27.09
2025.11.12	01:39:00	1.15746	1.15747	1.15744	1.15746	14.65
2025.11.12	01:40:00	1.15749	1.15757	1.15746	1.15757	28.72
2025.11.12	01:41:00	1.15759	1.15764	1.15759	1.15763	12.31
2025.11.12	01:42:00	1.15764	1.15776	1.15763	1.15775	30.81
2025.11.12	01:43:00	1.15775	1.15775	1.15765	1.15768	14.09
2025.11.12	01:44:00	1.15770	1.15770	1.15767	1.15770	21.29
2025.11.12	01:45:00	1.15770	1.15788	1.15770	1.15785	21.79
2025.11.12	01:46:00	1.15786	1.15788	1.15785	1.15786	17.97
2025.11.12	01:47:00	1.15786	1.15787	1.15780	1.15782	18.33
2025.11.12	01:48:00	1.15783	1.15787	1.15783	1.15785	15.45
2025.11.12	01:49:00	1.15787	1.15787	1.15784	1.15784	5.79
2025.11.12	01:50:00	1.15785	1.15785	1.15779	1.15781	23.33
2025.11.12	01:51:00	1.15782	1.15786	1.15780	1.15783	63.34
2025.11.12	01:52:00	1.15784	1.15786	1.15783	1.15783	26.64
2025.11.12	01:53:00	1.15785	1.15787	1.15780	1.15786	30.65
2025.11.12	01:54:00	1.15786	1.15787	1.15778	1.15779	31.64
2025.11.12	01:55:00	1.15778	1.15779	1.15772	1.15772	53.36
2025.11.12	01:56:00	1.15771	1.15771	1.15749	1.15760	42.19
2025.11.12	01:57:00	1.15761	1.15768	1.15756	1.15765	40.61
2025.11.12	01:58:00	1.15764	1.15765	1.15752	1.15756	49.05
2025.11.12	01:59:00	1.15756	1.15756	1.15749	1.15752	43.41
2025.11.12	02:00:00	1.15752	1.15759	1.15750	1.15758	34.84
2025.11.12	02:01:00	1.15760	1.15768	1.15760	1.15767	18.48
2025.11.12	02:02:00	1.15767	1.15768	1.15761	1.15761	7.49
2025.11.12	02:03:00	1.15762	1.15769	1.15762	1.15769	16.72
2025.11.12	02:04:00	1.15769	1.15772	1.15769	1.15770	12.08
2025.11.12	02:05:00	1.15772	1.15772	1.15768	1.15768	24.96
2025.11.12	02:06:00	1.15770	1.15774	1.15770	1.15774	28.26
2025.11.12	02:07:00	1.15775	1.15785	1.15772	1.15781	24.39
2025.11.12	02:08:00	1.15780	1.15785	1.15780	1.15785	5.92
2025.11.12	02:09:00	1.15786	1.15787	1.15783	1.15784	14.40
2025.11.12	02:10:00	1.15784	1.15786	1.15783	1.15783	23.40
2025.11.12	02:11:00	1.15786	1.15786	1.15781	1.15781	24.30
2025.11.12	02:12:00	1.15781	1.15788	1.15781	1.15786	49.05
2025.11.12	02:13:00	1.15784	1.15785	1.15779	1.15780	32.31
2025.11.12	02:14:00	1.15779	1.15781	1.15775	1.15775	33.30
2025.11.12	02:15:00	1.15775	1.15780	1.15768	1.15779	39.72
2025.11.12	02:16:00	1.15779	1.15779	1.15776	1.15779	34.38
2025.11.12	02:17:00	1.15779	1.15779	1.15775	1.15775	56.29
2025.11.12	02:18:00	1.15775	1.15780	1.15775	1.15780	12.81
2025.11.12	02:19:00	1.15778	1.15778	1.15777	1.15777	12.74
2025.11.12	02:20:00	1.15778	1.15779	1.15778	1.15778	16.79
2025.11.12	02:21:00	1.15779	1.15779	1.15777	1.15778	13.40
2025.11.12	02:22:00	1.15780	1.15785	1.15778	1.15785	11.25
2025.11.12	02:23:00	1.15787	1.15787	1.15781	1.15781	6.44
2025.11.12	02:24:00	1.15781	1.15784	1.15780	1.15782	7.20
2025.11.12	02:25:00	1.15785	1.15787	1.15784	1.15784	10.51
2025.11.12	02:26:00	1.15782	1.15782	1.15776	1.15780	23.99
2025.11.12	02:27:00	1.15779	1.15783	1.15778	1.15782	36.69
2025.11.12	02:28:00	1.15783	1.15783	1.15775	1.15775	19.91
2025.11.12	02:29:00	1.15775	1.15780	1.15775	1.15780	30.15
2025.11.12	02:30:00	1.15779	1.15779	1.15775	1.15776	36.95
2025.11.12	02:31:00	1.15778	1.15780	1.15775	1.15780	37.33
2025.11.12	02:32:00	1.15779	1.15780	1.15775	1.15776	37.18
2025.11.12	02:33:00	1.15773	1.15773	1.15755	1.15757	51.19
2025.11.12	02:34:00	1.15760	1.15762	1.15755	1.15756	32.51
2025.11.12	02:35:00	1.15757	1.15762	1.15757	1.15762	45.74
2025.11.12	02:36:00	1.15762	1.15766	1.15761	1.15762	31.47
2025.11.12	02:37:00	1.15763	1.15763	1.15759	1.15763	30.88
2025.11.12	02:38:00	1.15764	1.15767	1.15763	1.15767	12.60
2025.11.12	02:39:00	1.15766	1.15766	1.15765	1.15765	1.80
2025.11.12	02:40:00	1.15768	1.15768	1.15763	1.15763	9.52
2025.11.12	02:41:00	1.15762	1.15762	1.15754	1.15755	14.40
2025.11.12	02:42:00	1.15754	1.15754	1.15751	1.15754	11.04
2025.11.12	02:43:00	1.15757	1.15759	1.15755	1.15759	16.56
2025.11.12	02:44:00	1.15760	1.15762	1.15759	1.15759	8.45
2025.11.12	02:45:00	1.15761	1.15761	1.15761	1.15761	0.90
2025.11.12	02:46:00	1.15760	1.15761	1.15754	1.15755	17.83
2025.11.12	02:47:00	1.15753	1.15760	1.15753	1.15760	10.49
2025.11.12	02:48:00	1.15758	1.15760	1.15756	1.15756	15.51
2025.11.12	02:49:00	1.15756	1.15766	1.15756	1.15764	21.52
2025.11.12	02:50:00	1.15765	1.15765	1.15761	1.15762	18.42
2025.11.12	02:51:00	1.15764	1.15775	1.15762	1.15772	42.48
2025.11.12	02:52:00	1.15773	1.15775	1.15773	1.15775	2.70
2025.11.12	02:53:00	1.15775	1.15782	1.15775	1.15781	22.50
2025.11.12	02:54:00	1.15780	1.15782	1.15779	1.15779	15.75
2025.11.12	02:55:00	1.15783	1.15784	1.15782	1.15783	10.96
2025.11.12	02:56:00	1.15783	1.15788	1.15775	1.15781	76.11
2025.11.12	02:57:00	1.15782	1.15791	1.15781	1.15791	51.59
2025.11.12	02:58:00	1.15790	1.15794	1.15788	1.15792	81.27
2025.11.12	02:59:00	1.15791	1.15796	1.15786	1.15787	71.16
2025.11.12	03:00:00	1.15789	1.15789	1.15783	1.15784	85.74
2025.11.12	03:01:00	1.15783	1.15787	1.15778	1.15782	86.37
2025.11.12	03:02:00	1.15781	1.15781	1.15756	1.15756	85.79
2025.11.12	03:03:00	1.15757	1.15765	1.15753	1.15765	65.38
2025.11.12	03:04:00	1.15767	1.15771	1.15764	1.15770	32.82
2025.11.12	03:05:00	1.15770	1.15772	1.15765	1.15770	43.35
2025.11.12	03:06:00	1.15771	1.15771	1.15767	1.15771	31.00
2025.11.12	03:07:00	1.15771	1.15772	1.15769	1.15769	8.24
2025.11.12	03:08:00	1.15769	1.15772	1.15769	1.15771	2.70
2025.11.12	03:09:00	1.15772	1.15772	1.15772	1.15772	1.80
2025.11.12	03:10:00	1.15771	1.15771	1.15770	1.15770	1.89
2025.11.12	03:11:00	1.15772	1.15772	1.15766	1.15769	42.27
2025.11.12	03:12:00	1.15768	1.15772	1.15768	1.15772	15.24
2025.11.12	03:13:00	1.15773	1.15780	1.15772	1.15780	40.64
2025.11.12	03:14:00	1.15780	1.15780	1.15776	1.15776	20.67
2025.11.12	03:15:00	1.15776	1.15785	1.15776	1.15783	13.64
2025.11.12	03:16:00	1.15783	1.15787	1.15781	1.15786	12.00
2025.11.12	03:17:00	1.15787	1.15792	1.15787	1.15792	9.52
2025.11.12	03:18:00	1.15793	1.15796	1.15792	1.15795	31.71
2025.11.12	03:19:00	1.15796	1.15800	1.15794	1.15799	54.48
2025.11.12	03:20:00	1.15799	1.15806	1.15799	1.15806	43.20
2025.11.12	03:21:00	1.15807	1.15814	1.15805	1.15810	28.87
2025.11.12	03:22:00	1.15810	1.15813	1.15809	1.15813	16.65
2025.11.12	03:23:00	1.15812	1.15812	1.15809	1.15811	7.27
2025.11.12	03:24:00	1.15809	1.15812	1.15795	1.15796	25.09
2025.11.12	03:25:00	1.15798	1.15798	1.15790	1.15791	21.51
2025.11.12	03:26:00	1.15793	1.15797	1.15792	1.15792	18.00
2025.11.12	03:27:00	1.15792	1.15792	1.15790	1.15791	5.11
2025.11.12	03:28:00	1.15792	1.15794	1.15791	1.15794	7.53
2025.11.12	03:29:00	1.15796	1.15798	1.15791	1.15796	27.79
2025.11.12	03:30:00	1.15795	1.15798	1.15787	1.15787	12.28
2025.11.12	03:31:00	1.15788	1.15790	1.15785	1.15788	35.16
2025.11.12	03:32:00	1.15786	1.15791	1.15786	1.15791	24.59
2025.11.12	03:33:00	1.15791	1.15795	1.15789	1.15793	40.75
2025.11.12	03:34:00	1.15794	1.15797	1.15794	1.15796	15.27
2025.11.12	03:35:00	1.15795	1.15798	1.15792	1.15794	40.92
2025.11.12	03:36:00	1.15795	1.15796	1.15794	1.15796	20.02
2025.11.12	03:37:00	1.15797	1.15798	1.15794	1.15798	15.60
2025.11.12	03:38:00	1.15797	1.15798	1.15790	1.15790	10.42
2025.11.12	03:39:00	1.15788	1.15793	1.15788	1.15793	27.57
2025.11.12	03:40:00	1.15790	1.15790	1.15789	1.15789	13.58
2025.11.12	03:41:00	1.15789	1.15789	1.15781	1.15781	27.07
2025.11.12	03:42:00	1.15780	1.15781	1.15778	1.15781	18.99
2025.11.12	03:43:00	1.15779	1.15781	1.15779	1.15780	16.61
2025.11.12	03:44:00	1.15781	1.15785	1.15781	1.15785	11.89
2025.11.12	03:45:00	1.15784	1.15787	1.15784	1.15785	15.54
2025.11.12	03:46:00	1.15785	1.15785	1.15785	1.15785	8.78
2025.11.12	03:47:00	1.15783	1.15784	1.15776	1.15777	42.88
2025.11.12	03:48:00	1.15778	1.15778	1.15772	1.15775	30.06
2025.11.12	03:49:00	1.15775	1.15783	1.15773	1.15781	41.67
2025.11.12	03:50:00	1.15782	1.15785	1.15780	1.15780	38.00
2025.11.12	03:51:00	1.15780	1.15782	1.15774	1.15775	45.56
2025.11.12	03:52:00	1.15775	1.15778	1.15775	1.15775	29.53
2025.11.12	03:53:00	1.15777	1.15784	1.15776	1.15783	33.29
2025.11.12	03:54:00	1.15784	1.15784	1.15778	1.15780	10.42
2025.11.12	03:55:00	1.15778	1.15780	1.15775	1.15778	30.24
2025.11.12	03:56:00	1.15776	1.15776	1.15765	1.15765	34.62
2025.11.12	03:57:00	1.15764	1.15772	1.15763	1.15770	24.97
2025.11.12	03:58:00	1.15772	1.15779	1.15772	1.15776	66.51
2025.11.12	03:59:00	1.15775	1.15781	1.15775	1.15775	27.60
2025.11.12	04:00:00	1.15773	1.15777	1.15771	1.15777	14.04
2025.11.12	04:01:00	1.15777	1.15783	1.15777	1.15782	8.91
2025.11.12	04:02:00	1.15781	1.15782	1.15773	1.15774	24.86
2025.11.12	04:03:00	1.15774	1.15775	1.15770	1.15770	13.71
2025.11.12	04:04:00	1.15770	1.15771	1.15769	1.15771	20.25
2025.11.12	04:05:00	1.15770	1.15771	1.15761	1.15762	39.90
2025.11.12	04:06:00	1.15760	1.15761	1.15760	1.15761	7.79
2025.11.12	04:07:00	1.15760	1.15762	1.15760	1.15760	23.42
2025.11.12	04:08:00	1.15760	1.15761	1.15760	1.15761	14.96
2025.11.12	04:09:00	1.15758	1.15758	1.15750	1.15750	27.66
2025.11.12	04:10:00	1.15752	1.15752	1.15752	1.15752	0.90
2025.11.12	04:11:00	1.15753	1.15757	1.15752	1.15753	7.72
2025.11.12	04:12:00	1.15752	1.15753	1.15752	1.15752	4.50
2025.11.12	04:13:00	1.15751	1.15753	1.15750	1.15750	3.60
2025.11.12	04:14:00	1.15751	1.15753	1.15747	1.15751	11.54
2025.11.12	04:15:00	1.15750	1.15752	1.15745	1.15746	16.11
2025.11.12	04:16:00	1.15748	1.15748	1.15742	1.15742	6.52
2025.11.12	04:17:00	1.15743	1.15743	1.15740	1.15743	6.82
2025.11.12	04:18:00	1.15744	1.15746	1.15738	1.15739	19.11
2025.11.12	04:19:00	1.15740	1.15741	1.15738	1.15739	25.19
2025.11.12	04:20:00	1.15738	1.15738	1.15726	1.15729	43.29
2025.11.12	04:21:00	1.15729	1.15733	1.15728	1.15728	44.59
2025.11.12	04:22:00	1.15728	1.15730	1.15714	1.15720	77.70
2025.11.12	04:23:00	1.15721	1.15724	1.15716	1.15716	39.04
2025.11.12	04:24:00	1.15716	1.15722	1.15715	1.15718	19.87
2025.11.12	04:25:00	1.15715	1.15717	1.15711	1.15713	32.07
2025.11.12	04:26:00	1.15715	1.15728	1.15715	1.15727	27.52
2025.11.12	04:27:00	1.15723	1.15731	1.15723	1.15728	17.62
2025.11.12	04:28:00	1.15726	1.15734	1.15726	1.15732	25.67
2025.11.12	04:29:00	1.15731	1.15735	1.15731	1.15735	19.80
2025.11.12	04:30:00	1.15737	1.15740	1.15733	1.15733	21.63
2025.11.12	04:31:00	1.15735	1.15740	1.15734	1.15737	6.86
2025.11.12	04:32:00	1.15737	1.15741	1.15736	1.15736	16.16
2025.11.12	04:33:00	1.15735	1.15735	1.15724	1.15724	25.98
2025.11.12	04:34:00	1.15724	1.15726	1.15721	1.15726	42.96
2025.11.12	04:35:00	1.15726	1.15732	1.15725	1.15732	8.01
2025.11.12	04:36:00	1.15731	1.15732	1.15729	1.15732	7.49
2025.11.12	04:37:00	1.15731	1.15732	1.15724	1.15724	45.20
2025.11.12	04:38:00	1.15724	1.15726	1.15718	1.15720	61.46
2025.11.12	04:39:00	1.15721	1.15722	1.15712	1.15714	59.46
2025.11.12	04:40:00	1.15713	1.15714	1.15704	1.15710	24.58
2025.11.12	04:41:00	1.15712	1.15715	1.15710	1.15714	21.68
2025.11.12	04:42:00	1.15716	1.15722	1.15716	1.15721	34.04
2025.11.12	04:43:00	1.15722	1.15722	1.15721	1.15721	5.47
2025.11.12	04:44:00	1.15720	1.15720	1.15720	1.15720	3.29
2025.11.12	04:45:00	1.15719	1.15721	1.15717	1.15719	29.30
2025.11.12	04:46:00	1.15721	1.15722	1.15715	1.15720	18.91
2025.11.12	04:47:00	1.15718	1.15718	1.15705	1.15705	60.25
2025.11.12	04:48:00	1.15704	1.15713	1.15700	1.15713	47.44
2025.11.12	04:49:00	1.15713	1.15715	1.15712	1.15714	12.76
2025.11.12	04:50:00	1.15715	1.15718	1.15708	1.15710	22.02
2025.11.12	04:51:00	1.15709	1.15716	1.15709	1.15711	34.09
2025.11.12	04:52:00	1.15711	1.15723	1.15711	1.15721	60.50
2025.11.12	04:53:00	1.15724	1.15729	1.15721	1.15721	16.79
2025.11.12	04:54:00	1.15722	1.15722	1.15718	1.15721	5.92
2025.11.12	04:55:00	1.15721	1.15722	1.15718	1.15721	9.00
2025.11.12	04:56:00	1.15718	1.15725	1.15718	1.15725	22.30
2025.11.12	04:57:00	1.15724	1.15725	1.15717	1.15717	11.60
2025.11.12	04:58:00	1.15717	1.15720	1.15712	1.15715	22.02
2025.11.12	04:59:00	1.15716	1.15724	1.15716	1.15719	15.51
2025.11.12	05:00:00	1.15718	1.15720	1.15714	1.15720	25.00
2025.11.12	05:01:00	1.15719	1.15719	1.15711	1.15714	74.12
2025.11.12	05:02:00	1.15714	1.15719	1.15709	1.15710	91.45
2025.11.12	05:03:00	1.15709	1.15714	1.15709	1.15711	35.40
2025.11.12	05:04:00	1.15710	1.15721	1.15710	1.15720	32.94
2025.11.12	05:05:00	1.15724	1.15728	1.15720	1.15724	44.61
2025.11.12	05:06:00	1.15725	1.15730	1.15725	1.15729	13.95
2025.11.12	05:07:00	1.15730	1.15737	1.15728	1.15737	14.20
2025.11.12	05:08:00	1.15737	1.15739	1.15728	1.15732	22.73
2025.11.12	05:09:00	1.15733	1.15741	1.15731	1.15740	26.90
2025.11.12	05:10:00	1.15740	1.15750	1.15740	1.15746	32.93
2025.11.12	05:11:00	1.15747	1.15749	1.15745	1.15745	10.44
2025.11.12	05:12:00	1.15745	1.15754	1.15745	1.15754	17.71
2025.11.12	05:13:00	1.15752	1.15756	1.15751	1.15756	16.90
2025.11.12	05:14:00	1.15756	1.15758	1.15752	1.15752	18.36
2025.11.12	05:15:00	1.15751	1.15751	1.15750	1.15750	1.80
2025.11.12	05:16:00	1.15748	1.15748	1.15746	1.15747	6.97
2025.11.12	05:17:00	1.15747	1.15747	1.15741	1.15741	11.54
2025.11.12	05:18:00	1.15740	1.15747	1.15735	1.15745	34.81
2025.11.12	05:19:00	1.15743	1.15757	1.15742	1.15752	74.75
2025.11.12	05:20:00	1.15754	1.15773	1.15754	1.15768	71.52
2025.11.12	05:21:00	1.15769	1.15774	1.15767	1.15773	73.80
2025.11.12	05:22:00	1.15772	1.15782	1.15768	1.15776	38.32
2025.11.12	05:23:00	1.15776	1.15782	1.15772	1.15779	33.30
2025.11.12	05:24:00	1.15778	1.15780	1.15770	1.15774	44.71
2025.11.12	05:25:00	1.15776	1.15776	1.15760	1.15764	33.94
2025.11.12	05:26:00	1.15765	1.15768	1.15762	1.15765	30.31
2025.11.12	05:27:00	1.15765	1.15774	1.15763	1.15773	31.96
2025.11.12	05:28:00	1.15772	1.15776	1.15770	1.15776	27.77
2025.11.12	05:29:00	1.15777	1.15782	1.15769	1.15769	44.62
2025.11.12	05:30:00	1.15767	1.15768	1.15761	1.15761	49.99
2025.11.12	05:31:00	1.15759	1.15762	1.15757	1.15762	51.23
2025.11.12	05:32:00	1.15760	1.15773	1.15757	1.15769	92.30
2025.11.12	05:33:00	1.15768	1.15775	1.15767	1.15771	68.00
2025.11.12	05:34:00	1.15774	1.15781	1.15771	1.15777	51.48
2025.11.12	05:35:00	1.15776	1.15782	1.15771	1.15774	42.37
2025.11.12	05:36:00	1.15773	1.15786	1.15773	1.15781	75.81
2025.11.12	05:37:00	1.15782	1.15782	1.15776	1.15779	47.43
2025.11.12	05:38:00	1.15778	1.15778	1.15768	1.15769	28.08
2025.11.12	05:39:00	1.15768	1.15774	1.15765	1.15774	45.72
2025.11.12	05:40:00	1.15773	1.15781	1.15773	1.15778	40.86
2025.11.12	05:41:00	1.15778	1.15778	1.15767	1.15770	32.24
2025.11.12	05:42:00	1.15770	1.15772	1.15757	1.15757	53.95
2025.11.12	05:43:00	1.15758	1.15764	1.15750	1.15764	60.42
2025.11.12	05:44:00	1.15762	1.15767	1.15760	1.15766	24.37
2025.11.12	05:45:00	1.15765	1.15766	1.15751	1.15755	77.54
2025.11.12	05:46:00	1.15755	1.15769	1.15754	1.15766	78.66
2025.11.12	05:47:00	1.15768	1.15773	1.15761	1.15761	67.39
2025.11.12	05:48:00	1.15760	1.15760	1.15753	1.15758	43.57
2025.11.12	05:49:00	1.15757	1.15770	1.15757	1.15765	67.05
2025.11.12	05:50:00	1.15766	1.15769	1.15765	1.15765	59.10
2025.11.12	05:51:00	1.15765	1.15766	1.15760	1.15760	37.82
2025.11.12	05:52:00	1.15761	1.15767	1.15761	1.15763	40.52
2025.11.12	05:53:00	1.15764	1.15764	1.15758	1.15763	35.32
2025.11.12	05:54:00	1.15762	1.15770	1.15761	1.15766	100.51
2025.11.12	05:55:00	1.15767	1.15779	1.15766	1.15776	66.88
2025.11.12	05:56:00	1.15777	1.15780	1.15768	1.15768	48.92
2025.11.12	05:57:00	1.15770	1.15775	1.15767	1.15774	40.80
2025.11.12	05:58:00	1.15774	1.15778	1.15772	1.15775	53.06
2025.11.12	05:59:00	1.15773	1.15774	1.15760	1.15760	78.61
2025.11.12	06:00:00	1.15761	1.15762	1.15751	1.15760	46.51
2025.11.12	06:01:00	1.15769	1.15773	1.15763	1.15770	74.13
2025.11.12	06:02:00	1.15773	1.15782	1.15772	1.15780	49.65
2025.11.12	06:03:00	1.15780	1.15786	1.15780	1.15785	38.05
2025.11.12	06:04:00	1.15785	1.15785	1.15779	1.15780	14.64
2025.11.12	06:05:00	1.15780	1.15784	1.15779	1.15783	11.22
2025.11.12	06:06:00	1.15782	1.15801	1.15781	1.15794	47.36
2025.11.12	06:07:00	1.15796	1.15798	1.15791	1.15791	29.98
2025.11.12	06:08:00	1.15792	1.15793	1.15781	1.15785	54.42
2025.11.12	06:09:00	1.15784	1.15792	1.15784	1.15792	18.00
2025.11.12	06:10:00	1.15790	1.15792	1.15781	1.15782	42.19
2025.11.12	06:11:00	1.15783	1.15783	1.15771	1.15773	39.88
2025.11.12	06:12:00	1.15772	1.15772	1.15764	1.15770	36.90
2025.11.12	06:13:00	1.15772	1.15772	1.15760	1.15764	51.53
2025.11.12	06:14:00	1.15762	1.15765	1.15761	1.15764	30.60
2025.11.12	06:15:00	1.15762	1.15765	1.15756	1.15763	48.11
2025.11.12	06:16:00	1.15761	1.15763	1.15759	1.15762	7.72
2025.11.12	06:17:00	1.15765	1.15769	1.15763	1.15769	14.40
2025.11.12	06:18:00	1.15768	1.15770	1.15768	1.15770	6.82
2025.11.12	06:19:00	1.15768	1.15769	1.15761	1.15761	14.09
2025.11.12	06:20:00	1.15763	1.15765	1.15760	1.15761	20.46
2025.11.12	06:21:00	1.15760	1.15763	1.15759	1.15762	42.01
2025.11.12	06:22:00	1.15762	1.15765	1.15760	1.15763	12.12
2025.11.12	06:23:00	1.15763	1.15776	1.15763	1.15772	29.08
2025.11.12	06:24:00	1.15768	1.15778	1.15767	1.15778	24.52
2025.11.12	06:25:00	1.15776	1.15785	1.15776	1.15779	33.72
2025.11.12	06:26:00	1.15779	1.15782	1.15775	1.15780	22.78
2025.11.12	06:27:00	1.15782	1.15790	1.15782	1.15783	20.02
2025.11.12	06:28:00	1.15784	1.15788	1.15784	1.15786	40.42
2025.11.12	06:29:00	1.15785	1.15792	1.15783	1.15790	36.37
2025.11.12	06:30:00	1.15792	1.15795	1.15783	1.15786	43.22
2025.11.12	06:31:00	1.15785	1.15789	1.15785	1.15788	27.00
2025.11.12	06:32:00	1.15787	1.15798	1.15787	1.15794	17.10
2025.11.12	06:33:00	1.15792	1.15793	1.15789	1.15792	12.60
2025.11.12	06:34:00	1.15794	1.15797	1.15785	1.15793	23.49
2025.11.12	06:35:00	1.15791	1.15804	1.15791	1.15804	12.78
2025.11.12	06:36:00	1.15803	1.15807	1.15802	1.15806	23.62
2025.11.12	06:37:00	1.15804	1.15805	1.15803	1.15803	5.40
2025.11.12	06:38:00	1.15802	1.15805	1.15800	1.15804	36.75
2025.11.12	06:39:00	1.15804	1.15806	1.15803	1.15806	15.57
2025.11.12	06:40:00	1.15803	1.15806	1.15798	1.15799	15.30
2025.11.12	06:41:00	1.15799	1.15800	1.15795	1.15795	6.30
2025.11.12	06:42:00	1.15795	1.15798	1.15792	1.15798	8.55
2025.11.12	06:43:00	1.15796	1.15797	1.15794	1.15796	4.50
2025.11.12	06:44:00	1.15793	1.15794	1.15790	1.15792	18.48
2025.11.12	06:45:00	1.15790	1.15791	1.15787	1.15791	26.77
2025.11.12	06:46:00	1.15792	1.15797	1.15790	1.15797	19.02
2025.11.12	06:47:00	1.15794	1.15797	1.15793	1.15794	35.37
2025.11.12	06:48:00	1.15794	1.15802	1.15793	1.15802	28.80
2025.11.12	06:49:00	1.15802	1.15809	1.15801	1.15809	19.35
2025.11.12	06:50:00	1.15810	1.15812	1.15808	1.15808	11.79
2025.11.12	06:51:00	1.15808	1.15808	1.15802	1.15806	21.01
2025.11.12	06:52:00	1.15804	1.15812	1.15804	1.15810	25.20
2025.11.12	06:53:00	1.15810	1.15813	1.15810	1.15812	6.97
2025.11.12	06:54:00	1.15813	1.15813	1.15806	1.15809	29.70
2025.11.12	06:55:00	1.15812	1.15821	1.15811	1.15819	42.75
2025.11.12	06:56:00	1.15818	1.15822	1.15818	1.15822	15.96
2025.11.12	06:57:00	1.15821	1.15822	1.15819	1.15820	15.75
2025.11.12	06:58:00	1.15820	1.15821	1.15818	1.15819	14.58
2025.11.12	06:59:00	1.15820	1.15822	1.15818	1.15819	60.15
2025.11.12	07:00:00	1.15819	1.15835	1.15819	1.15831	52.90
2025.11.12	07:01:00	1.15832	1.15845	1.15831	1.15841	42.51
2025.11.12	07:02:00	1.15841	1.15845	1.15835	1.15835	37.35
2025.11.12	07:03:00	1.15837	1.15840	1.15835	1.15839	18.90
2025.11.12	07:04:00	1.15837	1.15858	1.15836	1.15857	47.70
2025.11.12	07:05:00	1.15857	1.15875	1.15857	1.15874	49.59
2025.11.12	07:06:00	1.15875	1.15875	1.15852	1.15865	76.49
2025.11.12	07:07:00	1.15866	1.15873	1.15859	1.15864	54.90
2025.11.12	07:08:00	1.15865	1.15865	1.15852	1.15854	29.97
2025.11.12	07:09:00	1.15853	1.15854	1.15844	1.15846	64.35
2025.11.12	07:10:00	1.15844	1.15853	1.15839	1.15853	114.22
2025.11.12	07:11:00	1.15855	1.15864	1.15854	1.15859	69.13
2025.11.12	07:12:00	1.15861	1.15872	1.15861	1.15869	44.77
2025.11.12	07:13:00	1.15867	1.15867	1.15849	1.15856	86.44
2025.11.12	07:14:00	1.15854	1.15858	1.15852	1.15856	28.80
2025.11.12	07:15:00	1.15855	1.15870	1.15854	1.15869	33.39
2025.11.12	07:16:00	1.15868	1.15874	1.15867	1.15869	30.55
2025.11.12	07:17:00	1.15870	1.15880	1.15869	1.15873	81.62
2025.11.12	07:18:00	1.15872	1.15880	1.15871	1.15880	22.53
2025.11.12	07:19:00	1.15878	1.15882	1.15878	1.15882	20.70
2025.11.12	07:20:00	1.15879	1.15879	1.15866	1.15867	38.05
2025.11.12	07:21:00	1.15868	1.15868	1.15853	1.15854	42.63
2025.11.12	07:22:00	1.15852	1.15860	1.15852	1.15858	63.91
2025.11.12	07:23:00	1.15855	1.15858	1.15850	1.15855	104.20
2025.11.12	07:24:00	1.15857	1.15862	1.15850	1.15850	55.37
2025.11.12	07:25:00	1.15849	1.15852	1.15844	1.15847	27.99
2025.11.12	07:26:00	1.15845	1.15848	1.15844	1.15846	24.75
2025.11.12	07:27:00	1.15846	1.15852	1.15843	1.15845	78.31
2025.11.12	07:28:00	1.15845	1.15852	1.15844	1.15852	131.55
2025.11.12	07:29:00	1.15854	1.15859	1.15854	1.15858	30.45
2025.11.12	07:30:00	1.15859	1.15862	1.15854	1.15856	35.64
2025.11.12	07:31:00	1.15857	1.15866	1.15855	1.15863	23.40
2025.11.12	07:32:00	1.15862	1.15866	1.15861	1.15866	59.94
2025.11.12	07:33:00	1.15866	1.15866	1.15851	1.15851	49.95
2025.11.12	07:34:00	1.15851	1.15852	1.15840	1.15842	56.24
2025.11.12	07:35:00	1.15841	1.15842	1.15829	1.15832	92.39
2025.11.12	07:36:00	1.15833	1.15839	1.15832	1.15833	44.47
2025.11.12	07:37:00	1.15833	1.15837	1.15831	1.15834	47.34
2025.11.12	07:38:00	1.15835	1.15841	1.15832	1.15833	26.10
2025.11.12	07:39:00	1.15833	1.15833	1.15825	1.15826	24.48
2025.11.12	07:40:00	1.15828	1.15828	1.15823	1.15825	16.20
2025.11.12	07:41:00	1.15822	1.15827	1.15821	1.15825	20.70
2025.11.12	07:42:00	1.15826	1.15834	1.15823	1.15830	31.53
2025.11.12	07:43:00	1.15830	1.15833	1.15827	1.15830	29.02
2025.11.12	07:44:00	1.15832	1.15832	1.15818	1.15818	47.47
2025.11.12	07:45:00	1.15817	1.15820	1.15813	1.15815	33.75
2025.11.12	07:46:00	1.15816	1.15822	1.15812	1.15821	27.90
2025.11.12	07:47:00	1.15821	1.15829	1.15817	1.15829	24.75
2025.11.12	07:48:00	1.15830	1.15836	1.15826	1.15836	40.71
2025.11.12	07:49:00	1.15833	1.15851	1.15833	1.15847	23.40
2025.11.12	07:50:00	1.15849	1.15856	1.15845	1.15852	26.32
2025.11.12	07:51:00	1.15852	1.15855	1.15850	1.15855	23.40
2025.11.12	07:52:00	1.15852	1.15852	1.15830	1.15830	57.09
2025.11.12	07:53:00	1.15830	1.15837	1.15830	1.15835	25.86
2025.11.12	07:54:00	1.15830	1.15832	1.15819	1.15822	11.70
2025.11.12	07:55:00	1.15820	1.15824	1.15817	1.15818	43.65
2025.11.12	07:56:00	1.15817	1.15824	1.15814	1.15822	59.55
2025.11.12	07:57:00	1.15821	1.15842	1.15820	1.15831	80.19
2025.11.12	07:58:00	1.15832	1.15836	1.15828	1.15830	60.30
2025.11.12	07:59:00	1.15832	1.15838	1.15828	1.15837	65.25
2025.11.12	08:00:00	1.15837	1.15843	1.15813	1.15814	109.75
2025.11.12	08:01:00	1.15813	1.15813	1.15793	1.15793	95.11
2025.11.12	08:02:00	1.15794	1.15802	1.15778	1.15795	113.70
2025.11.12	08:03:00	1.15797	1.15803	1.15790	1.15802	31.59
2025.11.12	08:04:00	1.15802	1.15811	1.15800	1.15809	39.24
2025.11.12	08:05:00	1.15804	1.15815	1.15802	1.15809	61.08
2025.11.12	08:06:00	1.15807	1.15827	1.15803	1.15827	47.73
2025.11.12	08:07:00	1.15825	1.15827	1.15810	1.15825	61.73
2025.11.12	08:08:00	1.15829	1.15834	1.15824	1.15826	53.61
2025.11.12	08:09:00	1.15826	1.15835	1.15820	1.15825	59.06
2025.11.12	08:10:00	1.15826	1.15837	1.15823	1.15827	107.22
2025.11.12	08:11:00	1.15828	1.15836	1.15827	1.15832	55.02
2025.11.12	08:12:00	1.15833	1.15833	1.15824	1.15825	59.71
2025.11.12	08:13:00	1.15823	1.15824	1.15819	1.15821	29.50
2025.11.12	08:14:00	1.15821	1.15828	1.15818	1.15818	45.54
2025.11.12	08:15:00	1.15818	1.15830	1.15818	1.15819	87.48
2025.11.12	08:16:00	1.15823	1.15842	1.15823	1.15841	84.99
2025.11.12	08:17:00	1.15838	1.15839	1.15833	1.15839	20.50
2025.11.12	08:18:00	1.15839	1.15841	1.15824	1.15825	49.74
2025.11.12	08:19:00	1.15827	1.15828	1.15823	1.15826	35.58
2025.11.12	08:20:00	1.15826	1.15836	1.15823	1.15836	74.67
2025.11.12	08:21:00	1.15837	1.15847	1.15831	1.15836	58.43
2025.11.12	08:22:00	1.15837	1.15856	1.15837	1.15847	76.93
2025.11.12	08:23:00	1.15849	1.15857	1.15838	1.15847	107.27
2025.11.12	08:24:00	1.15849	1.15852	1.15838	1.15850	100.29
2025.11.12	08:25:00	1.15849	1.15863	1.15846	1.15859	141.36
2025.11.12	08:26:00	1.15859	1.15864	1.15856	1.15857	109.17
2025.11.12	08:27:00	1.15858	1.15864	1.15856	1.15861	69.30
2025.11.12	08:28:00	1.15860	1.15867	1.15849	1.15849	67.27
2025.11.12	08:29:00	1.15850	1.15858	1.15849	1.15855	53.10
2025.11.12	08:30:00	1.15855	1.15856	1.15845	1.15855	92.13
2025.11.12	08:31:00	1.15855	1.15864	1.15854	1.15855	68.25
2025.11.12	08:32:00	1.15856	1.15859	1.15850	1.15856	36.99
2025.11.12	08:33:00	1.15860	1.15865	1.15860	1.15863	38.35
2025.11.12	08:34:00	1.15855	1.15861	1.15850	1.15860	78.57
2025.11.12	08:35:00	1.15860	1.15860	1.15846	1.15852	60.80
2025.11.12	08:36:00	1.15852	1.15864	1.15850	1.15864	47.13
2025.11.12	08:37:00	1.15863	1.15876	1.15860	1.15866	57.72
2025.11.12	08:38:00	1.15866	1.15870	1.15861	1.15864	50.03
2025.11.12	08:39:00	1.15862	1.15863	1.15854	1.15854	44.24
2025.11.12	08:40:00	1.15855	1.15867	1.15850	1.15860	76.63
2025.11.12	08:41:00	1.15861	1.15866	1.15849	1.15854	96.76
2025.11.12	08:42:00	1.15856	1.15859	1.15853	1.15856	75.80
2025.11.12	08:43:00	1.15854	1.15856	1.15846	1.15846	68.77
2025.11.12	08:44:00	1.15847	1.15851	1.15832	1.15832	35.65
2025.11.12	08:45:00	1.15837	1.15837	1.15817	1.15818	63.54
2025.11.12	08:46:00	1.15818	1.15823	1.15801	1.15810	118.68
2025.11.12	08:47:00	1.15811	1.15811	1.15804	1.15805	38.25
2025.11.12	08:48:00	1.15805	1.15805	1.15787	1.15789	78.34
2025.11.12	08:49:00	1.15790	1.15814	1.15790	1.15808	124.77
2025.11.12	08:50:00	1.15808	1.15809	1.15804	1.15807	54.21
2025.11.12	08:51:00	1.15804	1.15806	1.15798	1.15801	38.71
2025.11.12	08:52:00	1.15802	1.15807	1.15791	1.15795	45.48
2025.11.12	08:53:00	1.15795	1.15802	1.15777	1.15792	134.43
2025.11.12	08:54:00	1.15794	1.15798	1.15778	1.15781	103.54
2025.11.12	08:55:00	1.15782	1.15787	1.15769	1.15770	116.03
2025.11.12	08:56:00	1.15770	1.15781	1.15770	1.15779	72.18
2025.11.12	08:57:00	1.15778	1.15803	1.15778	1.15789	120.51
2025.11.12	08:58:00	1.15787	1.15790	1.15779	1.15787	65.89
2025.11.12	08:59:00	1.15786	1.15788	1.15771	1.15773	59.28
2025.11.12	09:00:00	1.15774	1.15775	1.15755	1.15761	92.19
2025.11.12	09:01:00	1.15761	1.15782	1.15758	1.15781	59.94
2025.11.12	09:02:00	1.15783	1.15787	1.15778	1.15785	78.21
2025.11.12	09:03:00	1.15784	1.15786	1.15780	1.15780	49.44
2025.11.12	09:04:00	1.15783	1.15799	1.15782	1.15796	41.88
2025.11.12	09:05:00	1.15795	1.15803	1.15793	1.15798	73.15
2025.11.12	09:06:00	1.15796	1.15801	1.15794	1.15801	56.76
2025.11.12	09:07:00	1.15800	1.15802	1.15793	1.15795	53.16
2025.11.12	09:08:00	1.15795	1.15796	1.15789	1.15789	41.04
2025.11.12	09:09:00	1.15790	1.15790	1.15769	1.15776	72.69
2025.11.12	09:10:00	1.15778	1.15781	1.15763	1.15769	91.84
2025.11.12	09:11:00	1.15768	1.15770	1.15749	1.15749	142.51
2025.11.12	09:12:00	1.15748	1.15751	1.15731	1.15743	151.54
2025.11.12	09:13:00	1.15745	1.15754	1.15743	1.15750	38.79
2025.11.12	09:14:00	1.15751	1.15751	1.15737	1.15740	56.62
2025.11.12	09:15:00	1.15738	1.15750	1.15723	1.15731	82.23
2025.11.12	09:16:00	1.15731	1.15742	1.15730	1.15739	27.03
2025.11.12	09:17:00	1.15741	1.15750	1.15739	1.15749	28.92
2025.11.12	09:18:00	1.15753	1.15767	1.15752	1.15758	64.41
2025.11.12	09:19:00	1.15759	1.15765	1.15753	1.15753	87.36
2025.11.12	09:20:00	1.15750	1.15761	1.15749	1.15752	82.39
2025.11.12	09:21:00	1.15753	1.15762	1.15737	1.15737	71.00
2025.11.12	09:22:00	1.15736	1.15742	1.15733	1.15738	27.45
2025.11.12	09:23:00	1.15740	1.15760	1.15740	1.15749	85.20
2025.11.12	09:24:00	1.15750	1.15761	1.15744	1.15744	77.43
2025.11.12	09:25:00	1.15745	1.15745	1.15727	1.15730	55.15
2025.11.12	09:26:00	1.15731	1.15743	1.15728	1.15739	49.14
2025.11.12	09:27:00	1.15740	1.15740	1.15734	1.15735	18.00
2025.11.12	09:28:00	1.15735	1.15744	1.15731	1.15744	68.94
2025.11.12	09:29:00	1.15744	1.15748	1.15736	1.15737	39.30
2025.11.12	09:30:00	1.15736	1.15741	1.15731	1.15738	50.28
2025.11.12	09:31:00	1.15736	1.15757	1.15736	1.15751	62.14
2025.11.12	09:32:00	1.15751	1.15752	1.15741	1.15742	36.55
2025.11.12	09:33:00	1.15744	1.15751	1.15735	1.15742	47.14
2025.11.12	09:34:00	1.15742	1.15758	1.15741	1.15757	31.63
2025.11.12	09:35:00	1.15757	1.15766	1.15751	1.15766	33.43
2025.11.12	09:36:00	1.15766	1.15766	1.15753	1.15755	52.83
2025.11.12	09:37:00	1.15756	1.15761	1.15751	1.15753	139.15
2025.11.12	09:38:00	1.15753	1.15753	1.15742	1.15744	61.95
2025.11.12	09:39:00	1.15743	1.15746	1.15734	1.15734	65.40
2025.11.12	09:40:00	1.15733	1.15733	1.15722	1.15724	134.17
2025.11.12	09:41:00	1.15725	1.15731	1.15720	1.15720	78.93
2025.11.12	09:42:00	1.15721	1.15721	1.15713	1.15713	111.89
2025.11.12	09:43:00	1.15714	1.15720	1.15712	1.15714	90.16
2025.11.12	09:44:00	1.15713	1.15727	1.15713	1.15727	130.28
2025.11.12	09:45:00	1.15725	1.15741	1.15725	1.15741	85.02
2025.11.12	09:46:00	1.15742	1.15747	1.15740	1.15745	98.30
2025.11.12	09:47:00	1.15743	1.15745	1.15740	1.15745	72.19
2025.11.12	09:48:00	1.15743	1.15755	1.15743	1.15753	46.05
2025.11.12	09:49:00	1.15751	1.15753	1.15733	1.15733	77.65
2025.11.12	09:50:00	1.15735	1.15736	1.15724	1.15730	185.43
2025.11.12	09:51:00	1.15730	1.15740	1.15723	1.15740	112.50
2025.11.12	09:52:00	1.15739	1.15739	1.15726	1.15728	80.22
2025.11.12	09:53:00	1.15729	1.15730	1.15693	1.15699	188.60
2025.11.12	09:54:00	1.15699	1.15700	1.15683	1.15685	148.17
2025.11.12	09:55:00	1.15684	1.15691	1.15684	1.15685	64.37
2025.11.12	09:56:00	1.15685	1.15693	1.15683	1.15690	31.08
2025.11.12	09:57:00	1.15688	1.15692	1.15682	1.15689	51.34
2025.11.12	09:58:00	1.15689	1.15698	1.15681	1.15697	42.99
2025.11.12	09:59:00	1.15697	1.15707	1.15693	1.15699	106.56
2025.11.12	10:00:00	1.15699	1.15709	1.15688	1.15702	127.23
2025.11.12	10:01:00	1.15703	1.15712	1.15695	1.15711	54.03
2025.11.12	10:02:00	1.15714	1.15730	1.15714	1.15728	116.19
2025.11.12	10:03:00	1.15727	1.15736	1.15724	1.15736	63.00
2025.11.12	10:04:00	1.15738	1.15743	1.15734	1.15740	91.30
2025.11.12	10:05:00	1.15739	1.15746	1.15736	1.15740	83.26
2025.11.12	10:06:00	1.15739	1.15752	1.15737	1.15751	54.93
2025.11.12	10:07:00	1.15751	1.15754	1.15741	1.15741	47.01
2025.11.12	10:08:00	1.15743	1.15743	1.15735	1.15740	70.86
2025.11.12	10:09:00	1.15740	1.15744	1.15735	1.15737	98.61
2025.11.12	10:10:00	1.15738	1.15741	1.15720	1.15722	84.71
2025.11.12	10:11:00	1.15721	1.15721	1.15715	1.15717	96.07
2025.11.12	10:12:00	1.15717	1.15720	1.15705	1.15713	59.64
2025.11.12	10:13:00	1.15712	1.15721	1.15709	1.15719	64.95
2025.11.12	10:14:00	1.15720	1.15720	1.15711	1.15715	25.65
2025.11.12	10:15:00	1.15716	1.15731	1.15716	1.15722	56.40
2025.11.12	10:16:00	1.15722	1.15723	1.15700	1.15706	61.93
2025.11.12	10:17:00	1.15707	1.15708	1.15693	1.15694	91.38
2025.11.12	10:18:00	1.15695	1.15699	1.15681	1.15687	56.52
2025.11.12	10:19:00	1.15686	1.15688	1.15672	1.15672	45.25
2025.11.12	10:20:00	1.15672	1.15681	1.15671	1.15678	97.84
2025.11.12	10:21:00	1.15679	1.15681	1.15673	1.15677	62.55
2025.11.12	10:22:00	1.15676	1.15678	1.15673	1.15673	23.43
2025.11.12	10:23:00	1.15676	1.15677	1.15663	1.15664	23.43
2025.11.12	10:24:00	1.15664	1.15668	1.15652	1.15656	118.96
2025.11.12	10:25:00	1.15656	1.15659	1.15651	1.15656	102.04
2025.11.12	10:26:00	1.15657	1.15664	1.15652	1.15661	108.49
2025.11.12	10:27:00	1.15659	1.15664	1.15659	1.15661	64.65
2025.11.12	10:28:00	1.15663	1.15666	1.15661	1.15663	58.55
2025.11.12	10:29:00	1.15662	1.15662	1.15654	1.15659	16.87
2025.11.12	10:30:00	1.15660	1.15670	1.15657	1.15669	68.14
2025.11.12	10:31:00	1.15668	1.15668	1.15661	1.15666	88.92
2025.11.12	10:32:00	1.15667	1.15676	1.15667	1.15675	41.26
2025.11.12	10:33:00	1.15676	1.15683	1.15669	1.15676	47.50
2025.11.12	10:34:00	1.15677	1.15677	1.15648	1.15657	124.21
2025.11.12	10:35:00	1.15657	1.15658	1.15652	1.15657	62.44
2025.11.12	10:36:00	1.15658	1.15666	1.15657	1.15664	64.05
2025.11.12	10:37:00	1.15662	1.15689	1.15658	1.15688	56.02
2025.11.12	10:38:00	1.15690	1.15694	1.15681	1.15686	92.87
2025.11.12	10:39:00	1.15686	1.15707	1.15685	1.15707	53.44
2025.11.12	10:40:00	1.15705	1.15707	1.15699	1.15699	65.95
2025.11.12	10:41:00	1.15700	1.15704	1.15695	1.15704	57.36
2025.11.12	10:42:00	1.15702	1.15710	1.15702	1.15708	49.90
2025.11.12	10:43:00	1.15710	1.15710	1.15689	1.15694	73.57
2025.11.12	10:44:00	1.15695	1.15700	1.15694	1.15699	44.10
2025.11.12	10:45:00	1.15699	1.15709	1.15698	1.15707	66.22
2025.11.12	10:46:00	1.15708	1.15708	1.15697	1.15701	58.50
2025.11.12	10:47:00	1.15700	1.15702	1.15684	1.15692	43.42
2025.11.12	10:48:00	1.15690	1.15702	1.15689	1.15701	36.72
2025.11.12	10:49:00	1.15704	1.15709	1.15700	1.15708	56.29
2025.11.12	10:50:00	1.15710	1.15710	1.15693	1.15697	44.77
2025.11.12	10:51:00	1.15695	1.15711	1.15694	1.15710	37.29
2025.11.12	10:52:00	1.15708	1.15713	1.15708	1.15710	32.04
2025.11.12	10:53:00	1.15708	1.15713	1.15708	1.15712	43.23
2025.11.12	10:54:00	1.15711	1.15712	1.15704	1.15706	53.04
2025.11.12	10:55:00	1.15705	1.15707	1.15703	1.15707	28.25
2025.11.12	10:56:00	1.15708	1.15718	1.15708	1.15717	71.71
2025.11.12	10:57:00	1.15717	1.15722	1.15715	1.15717	36.80
2025.11.12	10:58:00	1.15717	1.15717	1.15695	1.15695	79.42
2025.11.12	10:59:00	1.15695	1.15702	1.15694	1.15700	58.85
2025.11.12	11:00:00	1.15701	1.15704	1.15692	1.15694	46.84
2025.11.12	11:01:00	1.15695	1.15701	1.15688	1.15701	111.68
2025.11.12	11:02:00	1.15701	1.15710	1.15699	1.15710	68.74
2025.11.12	11:03:00	1.15711	1.15715	1.15708	1.15715	43.73
2025.11.12	11:04:00	1.15717	1.15717	1.15711	1.15711	43.43
2025.11.12	11:05:00	1.15711	1.15715	1.15710	1.15710	44.14
2025.11.12	11:06:00	1.15711	1.15716	1.15708	1.15711	75.87
2025.11.12	11:07:00	1.15711	1.15713	1.15707	1.15711	44.90
2025.11.12	11:08:00	1.15712	1.15714	1.15696	1.15699	88.81
2025.11.12	11:09:00	1.15699	1.15707	1.15698	1.15702	37.57
2025.11.12	11:10:00	1.15702	1.15702	1.15699	1.15701	15.96
2025.11.12	11:11:00	1.15702	1.15707	1.15700	1.15703	46.35
2025.11.12	11:12:00	1.15703	1.15703	1.15689	1.15692	53.70
2025.11.12	11:13:00	1.15692	1.15694	1.15689	1.15689	22.17
2025.11.12	11:14:00	1.15690	1.15691	1.15689	1.15690	45.73
2025.11.12	11:15:00	1.15688	1.15688	1.15665	1.15665	79.33
2025.11.12	11:16:00	1.15667	1.15667	1.15658	1.15659	54.17
2025.11.12	11:17:00	1.15658	1.15668	1.15654	1.15667	80.21
2025.11.12	11:18:00	1.15667	1.15675	1.15665	1.15672	42.98
2025.11.12	11:19:00	1.15673	1.15682	1.15673	1.15682	56.98
2025.11.12	11:20:00	1.15682	1.15686	1.15675	1.15685	73.95
2025.11.12	11:21:00	1.15684	1.15688	1.15681	1.15686	40.26
2025.11.12	11:22:00	1.15687	1.15692	1.15685	1.15690	32.47
2025.11.12	11:23:00	1.15693	1.15707	1.15693	1.15707	68.75
2025.11.12	11:24:00	1.15706	1.15722	1.15694	1.15695	93.32
2025.11.12	11:25:00	1.15693	1.15703	1.15691	1.15699	73.58
2025.11.12	11:26:00	1.15699	1.15704	1.15698	1.15703	60.10
2025.11.12	11:27:00	1.15703	1.15711	1.15698	1.15704	66.77
2025.11.12	11:28:00	1.15704	1.15713	1.15703	1.15705	35.66
2025.11.12	11:29:00	1.15705	1.15711	1.15705	1.15709	35.07
2025.11.12	11:30:00	1.15710	1.15724	1.15710	1.15718	58.73
2025.11.12	11:31:00	1.15719	1.15731	1.15717	1.15730	104.84
2025.11.12	11:32:00	1.15730	1.15733	1.15729	1.15733	55.84
2025.11.12	11:33:00	1.15735	1.15735	1.15718	1.15719	79.46
2025.11.12	11:34:00	1.15720	1.15726	1.15716	1.15719	57.37
2025.11.12	11:35:00	1.15719	1.15728	1.15719	1.15724	37.20
2025.11.12	11:36:00	1.15724	1.15725	1.15724	1.15724	6.44
2025.11.12	11:37:00	1.15724	1.15724	1.15710	1.15716	49.99
2025.11.12	11:38:00	1.15715	1.15727	1.15713	1.15725	32.00
2025.11.12	11:39:00	1.15721	1.15721	1.15712	1.15713	35.61
2025.11.12	11:40:00	1.15711	1.15720	1.15711	1.15718	21.43
2025.11.12	11:41:00	1.15722	1.15724	1.15714	1.15714	50.65
2025.11.12	11:42:00	1.15714	1.15721	1.15708	1.15708	32.69
2025.11.12	11:43:00	1.15710	1.15715	1.15709	1.15713	27.32
2025.11.12	11:44:00	1.15712	1.15712	1.15707	1.15712	33.44
2025.11.12	11:45:00	1.15712	1.15721	1.15712	1.15719	30.60
2025.11.12	11:46:00	1.15718	1.15728	1.15718	1.15726	60.58
2025.11.12	11:47:00	1.15728	1.15729	1.15723	1.15724	44.09
2025.11.12	11:48:00	1.15724	1.15726	1.15722	1.15725	36.94
2025.11.12	11:49:00	1.15723	1.15726	1.15722	1.15726	30.17
2025.11.12	11:50:00	1.15725	1.15733	1.15724	1.15732	10.92
2025.11.12	11:51:00	1.15730	1.15746	1.15730	1.15739	116.51
2025.11.12	11:52:00	1.15737	1.15737	1.15724	1.15729	88.10
2025.11.12	11:53:00	1.15728	1.15737	1.15728	1.15737	68.52
2025.11.12	11:54:00	1.15736	1.15738	1.15731	1.15736	53.07
2025.11.12	11:55:00	1.15735	1.15735	1.15729	1.15730	23.16
2025.11.12	11:56:00	1.15732	1.15745	1.15732	1.15742	38.50
2025.11.12	11:57:00	1.15741	1.15764	1.15737	1.15762	44.29
2025.11.12	11:58:00	1.15762	1.15771	1.15759	1.15767	74.29
2025.11.12	11:59:00	1.15765	1.15779	1.15764	1.15779	41.33
2025.11.12	12:00:00	1.15779	1.15786	1.15768	1.15768	96.86
2025.11.12	12:01:00	1.15767	1.15774	1.15755	1.15761	93.13
2025.11.12	12:02:00	1.15759	1.15767	1.15752	1.15765	49.16
2025.11.12	12:03:00	1.15763	1.15773	1.15763	1.15771	40.28
2025.11.12	12:04:00	1.15770	1.15793	1.15770	1.15790	99.23
2025.11.12	12:05:00	1.15790	1.15798	1.15787	1.15794	69.14
2025.11.12	12:06:00	1.15791	1.15792	1.15781	1.15790	72.35
2025.11.12	12:07:00	1.15787	1.15789	1.15773	1.15776	68.69
2025.11.12	12:08:00	1.15773	1.15773	1.15762	1.15762	18.12
2025.11.12	12:09:00	1.15760	1.15767	1.15757	1.15759	31.49
2025.11.12	12:10:00	1.15760	1.15763	1.15750	1.15750	23.76
2025.11.12	12:11:00	1.15752	1.15754	1.15744	1.15745	78.04
2025.11.12	12:12:00	1.15746	1.15754	1.15746	1.15753	79.10
2025.11.12	12:13:00	1.15753	1.15762	1.15753	1.15761	45.42
2025.11.12	12:14:00	1.15762	1.15785	1.15762	1.15781	72.41
2025.11.12	12:15:00	1.15782	1.15797	1.15770	1.15770	90.97
2025.11.12	12:16:00	1.15774	1.15780	1.15774	1.15777	78.06
2025.11.12	12:17:00	1.15777	1.15777	1.15770	1.15772	69.49
2025.11.12	12:18:00	1.15771	1.15771	1.15764	1.15766	42.43
2025.11.12	12:19:00	1.15767	1.15771	1.15764	1.15764	23.06
2025.11.12	12:20:00	1.15767	1.15782	1.15767	1.15778	39.44
2025.11.12	12:21:00	1.15780	1.15782	1.15780	1.15782	4.50
2025.11.12	12:22:00	1.15778	1.15778	1.15770	1.15776	36.32
2025.11.12	12:23:00	1.15776	1.15783	1.15775	1.15781	54.61
2025.11.12	12:24:00	1.15782	1.15800	1.15780	1.15798	42.61
2025.11.12	12:25:00	1.15799	1.15803	1.15796	1.15796	29.74
2025.11.12	12:26:00	1.15798	1.15801	1.15793	1.15798	17.98
2025.11.12	12:27:00	1.15798	1.15798	1.15774	1.15775	35.24
2025.11.12	12:28:00	1.15775	1.15775	1.15768	1.15772	50.33
2025.11.12	12:29:00	1.15771	1.15776	1.15769	1.15769	41.17
2025.11.12	12:30:00	1.15771	1.15771	1.15765	1.15767	37.50
2025.11.12	12:31:00	1.15767	1.15771	1.15739	1.15744	73.90
2025.11.12	12:32:00	1.15746	1.15748	1.15737	1.15745	37.51
2025.11.12	12:33:00	1.15744	1.15746	1.15739	1.15744	18.07
2025.11.12	12:34:00	1.15746	1.15746	1.15731	1.15735	35.72
2025.11.12	12:35:00	1.15734	1.15743	1.15732	1.15740	114.40
2025.11.12	12:36:00	1.15740	1.15757	1.15739	1.15750	101.42
2025.11.12	12:37:00	1.15748	1.15764	1.15743	1.15761	75.54
2025.11.12	12:38:00	1.15760	1.15763	1.15756	1.15759	71.58
2025.11.12	12:39:00	1.15758	1.15761	1.15755	1.15758	33.71
2025.11.12	12:40:00	1.15759	1.15760	1.15752	1.15752	30.34
2025.11.12	12:41:00	1.15751	1.15752	1.15735	1.15743	59.24
2025.11.12	12:42:00	1.15742	1.15758	1.15742	1.15755	63.04
2025.11.12	12:43:00	1.15757	1.15766	1.15756	1.15765	38.19
2025.11.12	12:44:00	1.15765	1.15777	1.15761	1.15774	68.84
2025.11.12	12:45:00	1.15776	1.15788	1.15775	1.15788	102.23
2025.11.12	12:46:00	1.15788	1.15793	1.15778	1.15782	62.57
2025.11.12	12:47:00	1.15784	1.15785	1.15773	1.15774	49.69
2025.11.12	12:48:00	1.15770	1.15773	1.15766	1.15769	39.69
2025.11.12	12:49:00	1.15769	1.15774	1.15763	1.15763	115.96
2025.11.12	12:50:00	1.15766	1.15777	1.15766	1.15774	72.52
2025.11.12	12:51:00	1.15775	1.15780	1.15772	1.15775	32.00
2025.11.12	12:52:00	1.15775	1.15777	1.15771	1.15771	37.63
2025.11.12	12:53:00	1.15770	1.15770	1.15751	1.15751	64.78
2025.11.12	12:54:00	1.15753	1.15759	1.15741	1.15741	64.18
2025.11.12	12:55:00	1.15739	1.15740	1.15720	1.15722	147.04
2025.11.12	12:56:00	1.15722	1.15727	1.15715	1.15724	97.79
2025.11.12	12:57:00	1.15723	1.15742	1.15715	1.15738	190.07
2025.11.12	12:58:00	1.15740	1.15758	1.15736	1.15756	84.85
2025.11.12	12:59:00	1.15758	1.15768	1.15748	1.15768	106.33
2025.11.12	13:00:00	1.15766	1.15798	1.15766	1.15789	129.82
2025.11.12	13:01:00	1.15789	1.15792	1.15778	1.15782	78.05
2025.11.12	13:02:00	1.15781	1.15793	1.15781	1.15783	79.27
2025.11.12	13:03:00	1.15784	1.15787	1.15772	1.15772	63.03
2025.11.12	13:04:00	1.15770	1.15772	1.15755	1.15766	88.16
2025.11.12	13:05:00	1.15767	1.15771	1.15752	1.15752	46.03
2025.11.12	13:06:00	1.15751	1.15769	1.15751	1.15764	62.17
2025.11.12	13:07:00	1.15764	1.15764	1.15752	1.15754	63.43
2025.11.12	13:08:00	1.15754	1.15754	1.15742	1.15750	51.68
2025.11.12	13:09:00	1.15751	1.15765	1.15747	1.15759	48.72
2025.11.12	13:10:00	1.15760	1.15764	1.15754	1.15759	39.80
2025.11.12	13:11:00	1.15759	1.15764	1.15751	1.15753	47.39
2025.11.12	13:12:00	1.15752	1.15755	1.15742	1.15753	61.65
2025.11.12	13:13:00	1.15753	1.15755	1.15742	1.15743	50.76
2025.11.12	13:14:00	1.15742	1.15745	1.15730	1.15730	86.50
2025.11.12	13:15:00	1.15731	1.15742	1.15727	1.15733	56.22
2025.11.12	13:16:00	1.15733	1.15733	1.15725	1.15728	45.25
2025.11.12	13:17:00	1.15728	1.15730	1.15720	1.15726	60.52
2025.11.12	13:18:00	1.15726	1.15730	1.15721	1.15722	86.53
2025.11.12	13:19:00	1.15722	1.15730	1.15712	1.15720	80.86
2025.11.12	13:20:00	1.15720	1.15729	1.15717	1.15720	55.56
2025.11.12	13:21:00	1.15722	1.15723	1.15710	1.15714	35.59
2025.11.12	13:22:00	1.15715	1.15724	1.15709	1.15722	34.62
2025.11.12	13:23:00	1.15722	1.15722	1.15714	1.15717	44.57
2025.11.12	13:24:00	1.15718	1.15718	1.15703	1.15713	71.62
2025.11.12	13:25:00	1.15713	1.15720	1.15710	1.15714	99.67
2025.11.12	13:26:00	1.15715	1.15724	1.15710	1.15711	57.72
2025.11.12	13:27:00	1.15708	1.15721	1.15708	1.15721	44.22
2025.11.12	13:28:00	1.15722	1.15724	1.15716	1.15716	36.80
2025.11.12	13:29:00	1.15719	1.15721	1.15700	1.15702	82.73
2025.11.12	13:30:00	1.15702	1.15702	1.15680	1.15684	283.63
2025.11.12	13:31:00	1.15684	1.15684	1.15661	1.15680	201.79
2025.11.12	13:32:00	1.15678	1.15691	1.15673	1.15690	98.28
2025.11.12	13:33:00	1.15689	1.15697	1.15685	1.15695	37.19
2025.11.12	13:34:00	1.15696	1.15701	1.15684	1.15687	40.93
2025.11.12	13:35:00	1.15688	1.15698	1.15684	1.15689	58.58
2025.11.12	13:36:00	1.15687	1.15689	1.15678	1.15683	50.93
2025.11.12	13:37:00	1.15682	1.15685	1.15678	1.15680	25.86
2025.11.12	13:38:00	1.15681	1.15685	1.15675	1.15681	80.65
2025.11.12	13:39:00	1.15678	1.15684	1.15674	1.15684	70.38
2025.11.12	13:40:00	1.15683	1.15685	1.15678	1.15684	68.93
2025.11.12	13:41:00	1.15687	1.15695	1.15685	1.15685	67.11
2025.11.12	13:42:00	1.15683	1.15690	1.15678	1.15690	78.21
2025.11.12	13:43:00	1.15688	1.15693	1.15684	1.15686	65.63
2025.11.12	13:44:00	1.15686	1.15688	1.15683	1.15685	52.63
2025.11.12	13:45:00	1.15683	1.15700	1.15683	1.15695	49.09
2025.11.12	13:46:00	1.15694	1.15700	1.15691	1.15700	45.79
2025.11.12	13:47:00	1.15700	1.15702	1.15697	1.15701	49.47
2025.11.12	13:48:00	1.15702	1.15711	1.15699	1.15711	61.18
2025.11.12	13:49:00	1.15710	1.15713	1.15704	1.15704	59.29
2025.11.12	13:50:00	1.15704	1.15708	1.15698	1.15705	46.75
2025.11.12	13:51:00	1.15708	1.15710	1.15692	1.15694	30.53
2025.11.12	13:52:00	1.15692	1.15692	1.15687	1.15691	22.95
2025.11.12	13:53:00	1.15689	1.15689	1.15671	1.15674	43.77
2025.11.12	13:54:00	1.15674	1.15677	1.15673	1.15676	57.67
2025.11.12	13:55:00	1.15675	1.15675	1.15660	1.15663	71.38
2025.11.12	13:56:00	1.15663	1.15692	1.15658	1.15691	58.28
2025.11.12	13:57:00	1.15691	1.15709	1.15687	1.15707	87.65
2025.11.12	13:58:00	1.15706	1.15713	1.15702	1.15709	64.95
2025.11.12	13:59:00	1.15709	1.15724	1.15709	1.15718	54.38
2025.11.12	14:00:00	1.15719	1.15727	1.15716	1.15721	99.96
2025.11.12	14:01:00	1.15721	1.15753	1.15721	1.15745	108.75
2025.11.12	14:02:00	1.15744	1.15752	1.15720	1.15720	99.93
2025.11.12	14:03:00	1.15722	1.15734	1.15712	1.15733	82.46
2025.11.12	14:04:00	1.15735	1.15735	1.15714	1.15719	73.85
2025.11.12	14:05:00	1.15718	1.15720	1.15702	1.15702	68.09
2025.11.12	14:06:00	1.15703	1.15712	1.15703	1.15709	65.25
2025.11.12	14:07:00	1.15707	1.15715	1.15705	1.15708	51.72
2025.11.12	14:08:00	1.15710	1.15710	1.15676	1.15678	101.59
2025.11.12	14:09:00	1.15681	1.15686	1.15678	1.15685	100.55
2025.11.12	14:10:00	1.15683	1.15685	1.15675	1.15678	119.97
2025.11.12	14:11:00	1.15679	1.15683	1.15670	1.15673	153.85
2025.11.12	14:12:00	1.15673	1.15677	1.15662	1.15663	66.63
2025.11.12	14:13:00	1.15663	1.15663	1.15641	1.15645	130.30
2025.11.12	14:14:00	1.15647	1.15649	1.15637	1.15647	156.33
2025.11.12	14:15:00	1.15648	1.15649	1.15631	1.15632	94.64
2025.11.12	14:16:00	1.15632	1.15635	1.15632	1.15633	56.72
2025.11.12	14:17:00	1.15634	1.15658	1.15633	1.15656	158.68
2025.11.12	14:18:00	1.15653	1.15656	1.15645	1.15650	103.79
2025.11.12	14:19:00	1.15652	1.15656	1.15646	1.15650	86.93
2025.11.12	14:20:00	1.15649	1.15664	1.15649	1.15659	109.16
2025.11.12	14:21:00	1.15660	1.15666	1.15656	1.15660	109.99
2025.11.12	14:22:00	1.15661	1.15663	1.15655	1.15661	110.19
2025.11.12	14:23:00	1.15664	1.15669	1.15644	1.15644	121.79
2025.11.12	14:24:00	1.15644	1.15648	1.15639	1.15643	154.91
2025.11.12	14:25:00	1.15644	1.15650	1.15638	1.15639	122.45
2025.11.12	14:26:00	1.15639	1.15639	1.15629	1.15632	155.24
2025.11.12	14:27:00	1.15633	1.15645	1.15627	1.15637	89.28
2025.11.12	14:28:00	1.15638	1.15649	1.15635	1.15636	77.31
2025.11.12	14:29:00	1.15633	1.15645	1.15631	1.15643	48.69
2025.11.12	14:30:00	1.15645	1.15677	1.15645	1.15669	225.25
2025.11.12	14:31:00	1.15670	1.15672	1.15659	1.15670	116.89
2025.11.12	14:32:00	1.15670	1.15683	1.15669	1.15672	105.48
2025.11.12	14:33:00	1.15672	1.15672	1.15650	1.15650	88.75
2025.11.12	14:34:00	1.15649	1.15661	1.15644	1.15646	76.84
2025.11.12	14:35:00	1.15645	1.15647	1.15640	1.15641	57.20
2025.11.12	14:36:00	1.15641	1.15652	1.15640	1.15650	113.78
2025.11.12	14:37:00	1.15650	1.15657	1.15648	1.15656	64.70
2025.11.12	14:38:00	1.15657	1.15672	1.15652	1.15667	71.90
2025.11.12	14:39:00	1.15667	1.15674	1.15664	1.15667	80.77
2025.11.12	14:40:00	1.15670	1.15687	1.15669	1.15677	84.40
2025.11.12	14:41:00	1.15676	1.15686	1.15675	1.15686	46.85
2025.11.12	14:42:00	1.15686	1.15701	1.15685	1.15690	97.01
2025.11.12	14:43:00	1.15689	1.15705	1.15688	1.15697	75.94
2025.11.12	14:44:00	1.15698	1.15730	1.15693	1.15725	131.61
2025.11.12	14:45:00	1.15727	1.15732	1.15721	1.15732	110.80
2025.11.12	14:46:00	1.15731	1.15738	1.15730	1.15735	115.38
2025.11.12	14:47:00	1.15734	1.15735	1.15717	1.15726	101.20
2025.11.12	14:48:00	1.15727	1.15734	1.15722	1.15731	59.99
2025.11.12	14:49:00	1.15733	1.15734	1.15718	1.15718	69.13
2025.11.12	14:50:00	1.15723	1.15752	1.15722	1.15750	113.98
2025.11.12	14:51:00	1.15749	1.15749	1.15741	1.15744	85.26
2025.11.12	14:52:00	1.15743	1.15743	1.15723	1.15723	77.70
2025.11.12	14:53:00	1.15725	1.15739	1.15724	1.15730	98.52
2025.11.12	14:54:00	1.15732	1.15734	1.15718	1.15723	146.34
2025.11.12	14:55:00	1.15724	1.15749	1.15724	1.15745	204.67
2025.11.12	14:56:00	1.15745	1.15748	1.15732	1.15732	144.07
2025.11.12	14:57:00	1.15731	1.15731	1.15717	1.15725	137.09
2025.11.12	14:58:00	1.15724	1.15744	1.15724	1.15738	98.95
2025.11.12	14:59:00	1.15737	1.15757	1.15737	1.15752	82.25
2025.11.12	15:00:00	1.15751	1.15799	1.15740	1.15788	164.83
2025.11.12	15:01:00	1.15788	1.15817	1.15782	1.15796	209.74
2025.11.12	15:02:00	1.15797	1.15800	1.15777	1.15789	84.55
2025.11.12	15:03:00	1.15791	1.15791	1.15772	1.15775	75.00
2025.11.12	15:04:00	1.15774	1.15774	1.15743	1.15743	92.61
2025.11.12	15:05:00	1.15744	1.15762	1.15744	1.15757	60.95
2025.11.12	15:06:00	1.15759	1.15760	1.15728	1.15734	102.76
2025.11.12	15:07:00	1.15733	1.15737	1.15730	1.15734	96.50
2025.11.12	15:08:00	1.15733	1.15784	1.15732	1.15783	137.42
2025.11.12	15:09:00	1.15783	1.15787	1.15768	1.15778	87.85
2025.11.12	15:10:00	1.15779	1.15793	1.15770	1.15791	224.16
2025.11.12	15:11:00	1.15793	1.15799	1.15778	1.15789	156.19
2025.11.12	15:12:00	1.15788	1.15788	1.15770	1.15771	122.31
2025.11.12	15:13:00	1.15770	1.15777	1.15756	1.15772	165.34
2025.11.12	15:14:00	1.15772	1.15783	1.15770	1.15782	198.23
2025.11.12	15:15:00	1.15783	1.15789	1.15770	1.15784	133.27
2025.11.12	15:16:00	1.15785	1.15807	1.15782	1.15803	165.28
2025.11.12	15:17:00	1.15803	1.15804	1.15791	1.15798	214.65
2025.11.12	15:18:00	1.15801	1.15812	1.15800	1.15811	149.80
2025.11.12	15:19:00	1.15810	1.15834	1.15807	1.15823	144.85
2025.11.12	15:20:00	1.15823	1.15831	1.15819	1.15830	151.86
2025.11.12	15:21:00	1.15830	1.15833	1.15798	1.15801	245.57
2025.11.12	15:22:00	1.15802	1.15802	1.15795	1.15797	130.56
2025.11.12	15:23:00	1.15799	1.15811	1.15799	1.15811	211.47
2025.11.12	15:24:00	1.15811	1.15819	1.15808	1.15808	154.51
2025.11.12	15:25:00	1.15808	1.15809	1.15791	1.15797	103.94
2025.11.12	15:26:00	1.15797	1.15801	1.15786	1.15794	110.02
2025.11.12	15:27:00	1.15795	1.15797	1.15783	1.15784	141.62
2025.11.12	15:28:00	1.15785	1.15794	1.15783	1.15787	78.83
2025.11.12	15:29:00	1.15788	1.15789	1.15774	1.15774	100.37
2025.11.12	15:30:00	1.15773	1.15780	1.15770	1.15773	87.56
2025.11.12	15:31:00	1.15774	1.15775	1.15763	1.15771	89.38
2025.11.12	15:32:00	1.15772	1.15780	1.15768	1.15772	71.38
2025.11.12	15:33:00	1.15771	1.15779	1.15768	1.15776	90.80
2025.11.12	15:34:00	1.15773	1.15782	1.15773	1.15776	50.67
2025.11.12	15:35:00	1.15777	1.15806	1.15777	1.15793	105.69
2025.11.12	15:36:00	1.15794	1.15811	1.15788	1.15809	140.87
2025.11.12	15:37:00	1.15809	1.15811	1.15776	1.15780	69.11
2025.11.12	15:38:00	1.15778	1.15798	1.15776	1.15795	69.75
2025.11.12	15:39:00	1.15796	1.15803	1.15792	1.15801	90.09
2025.11.12	15:40:00	1.15801	1.15803	1.15785	1.15797	117.30
2025.11.12	15:41:00	1.15796	1.15810	1.15796	1.15809	66.72
2025.11.12	15:42:00	1.15808	1.15822	1.15806	1.15819	68.95
2025.11.12	15:43:00	1.15820	1.15834	1.15812	1.15832	82.76
2025.11.12	15:44:00	1.15831	1.15847	1.15831	1.15842	74.56
2025.11.12	15:45:00	1.15844	1.15869	1.15842	1.15849	140.02
2025.11.12	15:46:00	1.15850	1.15851	1.15843	1.15847	57.21
2025.11.12	15:47:00	1.15846	1.15862	1.15846	1.15861	95.10
2025.11.12	15:48:00	1.15861	1.15863	1.15848	1.15849	59.35
2025.11.12	15:49:00	1.15851	1.15856	1.15849	1.15853	58.50
2025.11.12	15:50:00	1.15852	1.15859	1.15852	1.15856	73.53
2025.11.12	15:51:00	1.15858	1.15888	1.15858	1.15860	157.61
2025.11.12	15:52:00	1.15861	1.15870	1.15861	1.15864	85.28
2025.11.12	15:53:00	1.15864	1.15897	1.15862	1.15894	139.61
2025.11.12	15:54:00	1.15892	1.15899	1.15889	1.15893	91.61
2025.11.12	15:55:00	1.15897	1.15922	1.15897	1.15909	294.07
2025.11.12	15:56:00	1.15907	1.15914	1.15892	1.15906	125.68
2025.11.12	15:57:00	1.15907	1.15933	1.15907	1.15921	244.89
2025.11.12	15:58:00	1.15918	1.15957	1.15916	1.15952	209.44
2025.11.12	15:59:00	1.15954	1.15956	1.15939	1.15939	154.87
2025.11.12	16:00:00	1.15938	1.15950	1.15932	1.15949	98.41
2025.11.12	16:01:00	1.15948	1.15956	1.15947	1.15955	96.93
2025.11.12	16:02:00	1.15954	1.15956	1.15933	1.15941	151.62
2025.11.12	16:03:00	1.15940	1.15961	1.15934	1.15952	119.51
2025.11.12	16:04:00	1.15952	1.15956	1.15941	1.15952	125.22
2025.11.12	16:05:00	1.15952	1.15954	1.15940	1.15944	88.24
2025.11.12	16:06:00	1.15944	1.15961	1.15943	1.15955	109.57
2025.11.12	16:07:00	1.15956	1.15969	1.15952	1.15963	99.22
2025.11.12	16:08:00	1.15962	1.15977	1.15960	1.15974	108.04
2025.11.12	16:09:00	1.15976	1.15976	1.15959	1.15970	49.79
2025.11.12	16:10:00	1.15969	1.15972	1.15957	1.15959	54.25
2025.11.12	16:11:00	1.15961	1.15962	1.15956	1.15962	59.68
2025.11.12	16:12:00	1.15963	1.15965	1.15957	1.15964	80.82
2025.11.12	16:13:00	1.15966	1.15974	1.15961	1.15973	36.99
2025.11.12	16:14:00	1.15973	1.15973	1.15961	1.15961	41.54
2025.11.12	16:15:00	1.15959	1.15963	1.15940	1.15943	81.07
2025.11.12	16:16:00	1.15941	1.15946	1.15936	1.15940	68.85
2025.11.12	16:17:00	1.15939	1.15949	1.15929	1.15932	95.90
2025.11.12	16:18:00	1.15931	1.15954	1.15925	1.15953	87.84
2025.11.12	16:19:00	1.15955	1.15956	1.15940	1.15941	68.57
2025.11.12	16:20:00	1.15942	1.15953	1.15942	1.15947	56.88
2025.11.12	16:21:00	1.15949	1.15953	1.15945	1.15950	75.24
2025.11.12	16:22:00	1.15947	1.15950	1.15923	1.15928	109.93
2025.11.12	16:23:00	1.15928	1.15932	1.15918	1.15919	83.47
2025.11.12	16:24:00	1.15918	1.15922	1.15907	1.15919	64.61
2025.11.12	16:25:00	1.15919	1.15924	1.15907	1.15912	42.56
2025.11.12	16:26:00	1.15912	1.15920	1.15911	1.15919	74.10
2025.11.12	16:27:00	1.15919	1.15919	1.15910	1.15913	64.15
2025.11.12	16:28:00	1.15912	1.15914	1.15908	1.15911	82.19
2025.11.12	16:29:00	1.15911	1.15915	1.15911	1.15911	68.47
2025.11.12	16:30:00	1.15912	1.15912	1.15899	1.15903	146.24
2025.11.12	16:31:00	1.15902	1.15908	1.15901	1.15904	51.75
2025.11.12	16:32:00	1.15902	1.15915	1.15900	1.15915	55.35
2025.11.12	16:33:00	1.15916	1.15920	1.15911	1.15913	45.90
2025.11.12	16:34:00	1.15911	1.15917	1.15901	1.15915	57.27
2025.11.12	16:35:00	1.15916	1.15926	1.15913	1.15926	146.47
2025.11.12	16:36:00	1.15924	1.15937	1.15919	1.15934	89.79
2025.11.12	16:37:00	1.15934	1.15934	1.15923	1.15926	101.24
2025.11.12	16:38:00	1.15924	1.15927	1.15920	1.15925	24.08
2025.11.12	16:39:00	1.15921	1.15926	1.15916	1.15925	32.32
2025.11.12	16:40:00	1.15921	1.15927	1.15918	1.15925	36.67
2025.11.12	16:41:00	1.15925	1.15938	1.15918	1.15935	71.84
2025.11.12	16:42:00	1.15936	1.15947	1.15933	1.15946	101.77
2025.11.12	16:43:00	1.15947	1.15948	1.15938	1.15939	74.32
2025.11.12	16:44:00	1.15940	1.15944	1.15932	1.15944	86.92
2025.11.12	16:45:00	1.15944	1.15946	1.15933	1.15933	59.47
2025.11.12	16:46:00	1.15933	1.15940	1.15932	1.15938	60.68
2025.11.12	16:47:00	1.15937	1.15937	1.15923	1.15926	62.24
2025.11.12	16:48:00	1.15927	1.15927	1.15912	1.15914	65.87
2025.11.12	16:49:00	1.15913	1.15913	1.15906	1.15911	49.75
2025.11.12	16:50:00	1.15909	1.15914	1.15898	1.15903	51.83
2025.11.12	16:51:00	1.15900	1.15900	1.15882	1.15888	39.74
2025.11.12	16:52:00	1.15885	1.15892	1.15882	1.15890	58.73
2025.11.12	16:53:00	1.15889	1.15904	1.15886	1.15903	44.48
2025.11.12	16:54:00	1.15903	1.15907	1.15898	1.15899	43.89
2025.11.12	16:55:00	1.15900	1.15901	1.15893	1.15895	51.79
2025.11.12	16:56:00	1.15894	1.15905	1.15893	1.15905	30.45
2025.11.12	16:57:00	1.15902	1.15908	1.15902	1.15906	35.02
2025.11.12	16:58:00	1.15905	1.15908	1.15902	1.15906	56.95
2025.11.12	16:59:00	1.15909	1.15912	1.15908	1.15910	41.02
2025.11.12	17:00:00	1.15910	1.15930	1.15910	1.15925	80.64
2025.11.12	17:01:00	1.15926	1.15926	1.15918	1.15919	46.47
2025.11.12	17:02:00	1.15921	1.15925	1.15916	1.15919	57.67
2025.11.12	17:03:00	1.15920	1.15920	1.15912	1.15918	37.12
2025.11.12	17:04:00	1.15919	1.15953	1.15919	1.15953	106.81
2025.11.12	17:05:00	1.15952	1.15968	1.15951	1.15966	162.79
2025.11.12	17:06:00	1.15964	1.15965	1.15949	1.15958	69.60
2025.11.12	17:07:00	1.15957	1.15966	1.15943	1.15943	72.50
2025.11.12	17:08:00	1.15942	1.15951	1.15942	1.15951	34.20
2025.11.12	17:09:00	1.15953	1.15962	1.15947	1.15962	35.19
2025.11.12	17:10:00	1.15960	1.15964	1.15950	1.15954	67.61
2025.11.12	17:11:00	1.15950	1.15954	1.15942	1.15948	46.33
2025.11.12	17:12:00	1.15948	1.15950	1.15937	1.15943	139.73
2025.11.12	17:13:00	1.15942	1.15948	1.15941	1.15943	67.36
2025.11.12	17:14:00	1.15942	1.15955	1.15936	1.15955	65.56
2025.11.12	17:15:00	1.15954	1.15961	1.15954	1.15960	54.43
2025.11.12	17:16:00	1.15961	1.15964	1.15951	1.15954	31.43
2025.11.12	17:17:00	1.15962	1.15962	1.15943	1.15945	33.75
2025.11.12	17:18:00	1.15946	1.15955	1.15946	1.15949	45.74
2025.11.12	17:19:00	1.15951	1.15957	1.15949	1.15956	37.80
2025.11.12	17:20:00	1.15954	1.15956	1.15947	1.15947	34.65
2025.11.12	17:21:00	1.15948	1.15949	1.15938	1.15938	69.51
2025.11.12	17:22:00	1.15939	1.15960	1.15938	1.15959	42.69
2025.11.12	17:23:00	1.15957	1.15961	1.15955	1.15956	43.65
2025.11.12	17:24:00	1.15954	1.15958	1.15942	1.15944	40.61
2025.11.12	17:25:00	1.15947	1.15949	1.15944	1.15945	18.52
2025.11.12	17:26:00	1.15945	1.15945	1.15934	1.15938	40.86
2025.11.12	17:27:00	1.15938	1.15938	1.15933	1.15937	39.74
2025.11.12	17:28:00	1.15936	1.15942	1.15935	1.15940	31.50
2025.11.12	17:29:00	1.15939	1.15940	1.15930	1.15932	16.65
2025.11.12	17:30:00	1.15931	1.15932	1.15921	1.15932	21.53
2025.11.12	17:31:00	1.15932	1.15937	1.15929	1.15936	42.25
2025.11.12	17:32:00	1.15935	1.15936	1.15929	1.15936	15.52
2025.11.12	17:33:00	1.15937	1.15950	1.15935	1.15949	26.10
2025.11.12	17:34:00	1.15950	1.15950	1.15946	1.15949	14.62
2025.11.12	17:35:00	1.15951	1.15957	1.15951	1.15953	26.55
2025.11.12	17:36:00	1.15953	1.15953	1.15942	1.15943	27.64
2025.11.12	17:37:00	1.15943	1.15944	1.15933	1.15936	51.16
2025.11.12	17:38:00	1.15933	1.15935	1.15929	1.15935	12.60
2025.11.12	17:39:00	1.15933	1.15948	1.15933	1.15944	49.95
2025.11.12	17:40:00	1.15946	1.15951	1.15933	1.15938	50.91
2025.11.12	17:41:00	1.15940	1.15941	1.15939	1.15939	10.80
2025.11.12	17:42:00	1.15940	1.15941	1.15933	1.15933	25.72
2025.11.12	17:43:00	1.15931	1.15932	1.15925	1.15927	26.84
2025.11.12	17:44:00	1.15929	1.15932	1.15925	1.15925	14.62
2025.11.12	17:45:00	1.15924	1.15927	1.15922	1.15923	21.15
2025.11.12	17:46:00	1.15920	1.15920	1.15917	1.15920	18.97
2025.11.12	17:47:00	1.15919	1.15920	1.15918	1.15920	17.10
2025.11.12	17:48:00	1.15918	1.15920	1.15918	1.15920	8.10
2025.11.12	17:49:00	1.15919	1.15921	1.15918	1.15920	14.71
2025.11.12	17:50:00	1.15918	1.15924	1.15915	1.15922	34.41
2025.11.12	17:51:00	1.15920	1.15920	1.15913	1.15919	40.30
2025.11.12	17:52:00	1.15917	1.15923	1.15914	1.15922	16.90
2025.11.12	17:53:00	1.15925	1.15925	1.15914	1.15914	33.96
2025.11.12	17:54:00	1.15915	1.15919	1.15914	1.15916	35.19
2025.11.12	17:55:00	1.15915	1.15923	1.15914	1.15922	85.66
2025.11.12	17:56:00	1.15923	1.15929	1.15919	1.15924	32.61
2025.11.12	17:57:00	1.15925	1.15925	1.15917	1.15919	62.83
2025.11.12	17:58:00	1.15921	1.15926	1.15915	1.15924	72.37
2025.11.12	17:59:00	1.15924	1.15931	1.15922	1.15929	62.44
2025.11.12	18:00:00	1.15930	1.15935	1.15924	1.15935	64.53
2025.11.12	18:01:00	1.15935	1.15936	1.15930	1.15933	46.54
2025.11.12	18:02:00	1.15932	1.15932	1.15914	1.15916	63.59
2025.11.12	18:03:00	1.15916	1.15916	1.15912	1.15913	26.19
2025.11.12	18:04:00	1.15917	1.15931	1.15912	1.15930	44.41
2025.11.12	18:05:00	1.15930	1.15931	1.15924	1.15927	20.32
2025.11.12	18:06:00	1.15928	1.15934	1.15923	1.15923	43.96
2025.11.12	18:07:00	1.15925	1.15931	1.15925	1.15929	30.15
2025.11.12	18:08:00	1.15928	1.15928	1.15917	1.15927	31.57
2025.11.12	18:09:00	1.15926	1.15941	1.15926	1.15939	28.89
2025.11.12	18:10:00	1.15938	1.15940	1.15933	1.15933	18.67
2025.11.12	18:11:00	1.15932	1.15935	1.15931	1.15934	9.14
2025.11.12	18:12:00	1.15932	1.15935	1.15931	1.15931	11.39
2025.11.12	18:13:00	1.15929	1.15935	1.15925	1.15935	35.71
2025.11.12	18:14:00	1.15931	1.15931	1.15920	1.15925	21.22
2025.11.12	18:15:00	1.15920	1.15924	1.15920	1.15922	16.04
2025.11.12	18:16:00	1.15923	1.15928	1.15922	1.15924	21.60
2025.11.12	18:17:00	1.15923	1.15924	1.15917	1.15919	23.68
2025.11.12	18:18:00	1.15917	1.15919	1.15913	1.15913	40.16
2025.11.12	18:19:00	1.15914	1.15920	1.15914	1.15915	12.74
2025.11.12	18:20:00	1.15915	1.15922	1.15913	1.15922	21.67
2025.11.12	18:21:00	1.15921	1.15932	1.15918	1.15929	33.65
2025.11.12	18:22:00	1.15929	1.15929	1.15928	1.15929	7.72
2025.11.12	18:23:00	1.15928	1.15929	1.15926	1.15929	23.40
2025.11.12	18:24:00	1.15929	1.15930	1.15922	1.15922	49.88
2025.11.12	18:25:00	1.15921	1.15922	1.15911	1.15920	48.66
2025.11.12	18:26:00	1.15920	1.15925	1.15920	1.15924	22.05
2025.11.12	18:27:00	1.15924	1.15924	1.15922	1.15923	5.40
2025.11.12	18:28:00	1.15922	1.15925	1.15922	1.15922	27.52
2025.11.12	18:29:00	1.15921	1.15926	1.15918	1.15925	44.10
2025.11.12	18:30:00	1.15928	1.15928	1.15922	1.15924	19.80
2025.11.12	18:31:00	1.15923	1.15925	1.15923	1.15925	9.90
2025.11.12	18:32:00	1.15924	1.15929	1.15919	1.15926	35.38
2025.11.12	18:33:00	1.15926	1.15926	1.15923	1.15925	9.14
2025.11.12	18:34:00	1.15925	1.15929	1.15921	1.15923	28.94
2025.11.12	18:35:00	1.15923	1.15927	1.15923	1.15925	14.40
2025.11.12	18:36:00	1.15925	1.15931	1.15920	1.15923	63.81
2025.11.12	18:37:00	1.15923	1.15928	1.15921	1.15928	20.70
2025.11.12	18:38:00	1.15929	1.15941	1.15927	1.15940	45.07
2025.11.12	18:39:00	1.15940	1.15942	1.15939	1.15941	18.90
2025.11.12	18:40:00	1.15940	1.15942	1.15929	1.15932	54.90
2025.11.12	18:41:00	1.15932	1.15935	1.15928	1.15935	17.10
2025.11.12	18:42:00	1.15935	1.15938	1.15933	1.15933	19.00
2025.11.12	18:43:00	1.15933	1.15941	1.15933	1.15941	19.02
2025.11.12	18:44:00	1.15938	1.15938	1.15934	1.15934	27.34
2025.11.12	18:45:00	1.15933	1.15936	1.15931	1.15933	47.86
2025.11.12	18:46:00	1.15930	1.15930	1.15924	1.15924	21.82
2025.11.12	18:47:00	1.15923	1.15930	1.15922	1.15930	21.69
2025.11.12	18:48:00	1.15932	1.15939	1.15929	1.15939	74.79
2025.11.12	18:49:00	1.15938	1.15942	1.15937	1.15939	49.05
2025.11.12	18:50:00	1.15937	1.15938	1.15934	1.15937	54.97
2025.11.12	18:51:00	1.15936	1.15938	1.15923	1.15929	44.39
2025.11.12	18:52:00	1.15928	1.15928	1.15922	1.15923	41.40
2025.11.12	18:53:00	1.15922	1.15922	1.15918	1.15920	18.90
2025.11.12	18:54:00	1.15921	1.15927	1.15918	1.15925	22.21
2025.11.12	18:55:00	1.15922	1.15925	1.15918	1.15918	16.65
2025.11.12	18:56:00	1.15922	1.15926	1.15922	1.15925	15.39
2025.11.12	18:57:00	1.15926	1.15926	1.15911	1.15913	25.49
2025.11.12	18:58:00	1.15912	1.15912	1.15900	1.15903	20.99
2025.11.12	18:59:00	1.15904	1.15906	1.15888	1.15893	83.75
2025.11.12	19:00:00	1.15893	1.15893	1.15888	1.15890	50.16
2025.11.12	19:01:00	1.15892	1.15900	1.15891	1.15892	28.66
2025.11.12	19:02:00	1.15892	1.15897	1.15887	1.15896	65.39
2025.11.12	19:03:00	1.15896	1.15902	1.15893	1.15896	81.42
2025.11.12	19:04:00	1.15897	1.15899	1.15880	1.15883	62.40
2025.11.12	19:05:00	1.15884	1.15889	1.15877	1.15889	21.15
2025.11.12	19:06:00	1.15891	1.15896	1.15889	1.15892	19.35
2025.11.12	19:07:00	1.15894	1.15894	1.15888	1.15888	5.47
2025.11.12	19:08:00	1.15887	1.15887	1.15880	1.15882	30.37
2025.11.12	19:09:00	1.15882	1.15885	1.15878	1.15885	28.04
2025.11.12	19:10:00	1.15884	1.15884	1.15869	1.15877	67.64
2025.11.12	19:11:00	1.15879	1.15879	1.15876	1.15878	10.87
2025.11.12	19:12:00	1.15876	1.15876	1.15866	1.15869	29.43
2025.11.12	19:13:00	1.15870	1.15871	1.15866	1.15867	12.22
2025.11.12	19:14:00	1.15864	1.15866	1.15855	1.15855	42.34
2025.11.12	19:15:00	1.15855	1.15862	1.15853	1.15859	56.51
2025.11.12	19:16:00	1.15857	1.15858	1.15848	1.15848	32.51
2025.11.12	19:17:00	1.15849	1.15863	1.15848	1.15860	35.66
2025.11.12	19:18:00	1.15861	1.15861	1.15852	1.15852	22.71
2025.11.12	19:19:00	1.15852	1.15862	1.15852	1.15860	35.38
2025.11.12	19:20:00	1.15861	1.15872	1.15859	1.15867	42.41
2025.11.12	19:21:00	1.15867	1.15867	1.15858	1.15860	16.03
2025.11.12	19:22:00	1.15858	1.15859	1.15849	1.15851	30.40
2025.11.12	19:23:00	1.15849	1.15853	1.15849	1.15852	14.85
2025.11.12	19:24:00	1.15851	1.15852	1.15847	1.15851	41.07
2025.11.12	19:25:00	1.15852	1.15855	1.15838	1.15847	84.02
2025.11.12	19:26:00	1.15846	1.15853	1.15845	1.15853	19.42
2025.11.12	19:27:00	1.15853	1.15854	1.15849	1.15853	16.14
2025.11.12	19:28:00	1.15853	1.15855	1.15848	1.15848	82.95
2025.11.12	19:29:00	1.15849	1.15855	1.15849	1.15854	40.40
2025.11.12	19:30:00	1.15855	1.15856	1.15854	1.15854	14.04
2025.11.12	19:31:00	1.15857	1.15862	1.15857	1.15861	59.53
2025.11.12	19:32:00	1.15858	1.15870	1.15854	1.15869	32.87
2025.11.12	19:33:00	1.15868	1.15871	1.15859	1.15871	49.84
2025.11.12	19:34:00	1.15870	1.15871	1.15867	1.15871	33.17
2025.11.12	19:35:00	1.15872	1.15872	1.15868	1.15869	19.87
2025.11.12	19:36:00	1.15870	1.15872	1.15868	1.15869	21.60
2025.11.12	19:37:00	1.15869	1.15876	1.15869	1.15875	31.95
2025.11.12	19:38:00	1.15876	1.15878	1.15874	1.15876	13.77
2025.11.12	19:39:00	1.15876	1.15880	1.15875	1.15877	26.04
2025.11.12	19:40:00	1.15877	1.15878	1.15868	1.15868	27.84
2025.11.12	19:41:00	1.15869	1.15870	1.15864	1.15869	23.13
2025.11.12	19:42:00	1.15867	1.15871	1.15865	1.15865	31.80
2025.11.12	19:43:00	1.15865	1.15866	1.15859	1.15866	28.26
2025.11.12	19:44:00	1.15866	1.15866	1.15860	1.15863	31.91
2025.11.12	19:45:00	1.15862	1.15866	1.15859	1.15865	54.25
2025.11.12	19:46:00	1.15865	1.15865	1.15858	1.15859	24.19
2025.11.12	19:47:00	1.15861	1.15868	1.15859	1.15868	24.48
2025.11.12	19:48:00	1.15867	1.15867	1.15858	1.15860	34.87
2025.11.12	19:49:00	1.15858	1.15861	1.15857	1.15859	52.54
2025.11.12	19:50:00	1.15859	1.15864	1.15857	1.15863	76.68
2025.11.12	19:51:00	1.15862	1.15874	1.15862	1.15870	77.21
2025.11.12	19:52:00	1.15870	1.15881	1.15870	1.15881	46.34
2025.11.12	19:53:00	1.15882	1.15888	1.15880	1.15887	38.79
2025.11.12	19:54:00	1.15885	1.15891	1.15882	1.15882	47.03
2025.11.12	19:55:00	1.15883	1.15886	1.15875	1.15880	91.85
2025.11.12	19:56:00	1.15877	1.15885	1.15874	1.15884	36.36
2025.11.12	19:57:00	1.15883	1.15883	1.15870	1.15870	35.80
2025.11.12	19:58:00	1.15870	1.15870	1.15860	1.15861	39.22
2025.11.12	19:59:00	1.15864	1.15868	1.15861	1.15866	32.34
2025.11.12	20:00:00	1.15866	1.15866	1.15852	1.15860	53.97
2025.11.12	20:01:00	1.15862	1.15864	1.15857	1.15863	79.52
2025.11.12	20:02:00	1.15863	1.15872	1.15863	1.15869	24.58
2025.11.12	20:03:00	1.15868	1.15870	1.15868	1.15870	9.52
2025.11.12	20:04:00	1.15871	1.15873	1.15870	1.15871	5.40
2025.11.12	20:05:00	1.15868	1.15878	1.15866	1.15878	39.76
2025.11.12	20:06:00	1.15877	1.15879	1.15873	1.15876	19.69
2025.11.12	20:07:00	1.15874	1.15874	1.15860	1.15865	36.73
2025.11.12	20:08:00	1.15864	1.15868	1.15863	1.15864	21.87
2025.11.12	20:09:00	1.15865	1.15865	1.15861	1.15862	18.90
2025.11.12	20:10:00	1.15862	1.15866	1.15860	1.15865	23.40
2025.11.12	20:11:00	1.15866	1.15870	1.15866	1.15870	11.70
2025.11.12	20:12:00	1.15868	1.15876	1.15868	1.15872	29.05
2025.11.12	20:13:00	1.15871	1.15874	1.15870	1.15872	19.42
2025.11.12	20:14:00	1.15872	1.15877	1.15871	1.15877	23.54
2025.11.12	20:15:00	1.15876	1.15882	1.15876	1.15882	11.70
2025.11.12	20:16:00	1.15883	1.15885	1.15879	1.15882	25.72
2025.11.12	20:17:00	1.15882	1.15883	1.15880	1.15882	24.13
2025.11.12	20:18:00	1.15884	1.15886	1.15883	1.15883	15.27
2025.11.12	20:19:00	1.15885	1.15885	1.15883	1.15883	12.92
2025.11.12	20:20:00	1.15882	1.15889	1.15882	1.15888	17.01
2025.11.12	20:21:00	1.15887	1.15892	1.15872	1.15872	70.14
2025.11.12	20:22:00	1.15874	1.15874	1.15869	1.15872	10.56
2025.11.12	20:23:00	1.15870	1.15874	1.15867	1.15868	30.43
2025.11.12	20:24:00	1.15867	1.15874	1.15867	1.15872	36.72
2025.11.12	20:25:00	1.15871	1.15878	1.15868	1.15876	19.42
2025.11.12	20:26:00	1.15876	1.15881	1.15876	1.15880	15.75
2025.11.12	20:27:00	1.15880	1.15880	1.15880	1.15880	1.80
2025.11.12	20:28:00	1.15875	1.15875	1.15870	1.15872	23.97
2025.11.12	20:29:00	1.15871	1.15871	1.15867	1.15868	9.85
2025.11.12	20:30:00	1.15869	1.15871	1.15863	1.15871	13.27
2025.11.12	20:31:00	1.15869	1.15873	1.15868	1.15870	10.80
2025.11.12	20:32:00	1.15871	1.15878	1.15871	1.15877	8.55
2025.11.12	20:33:00	1.15877	1.15877	1.15872	1.15873	12.60
2025.11.12	20:34:00	1.15875	1.15876	1.15873	1.15875	13.50
2025.11.12	20:35:00	1.15873	1.15873	1.15863	1.15865	45.74
2025.11.12	20:36:00	1.15865	1.15865	1.15863	1.15863	27.22
2025.11.12	20:37:00	1.15865	1.15867	1.15860	1.15866	34.42
2025.11.12	20:38:00	1.15864	1.15869	1.15863	1.15869	10.80
2025.11.12	20:39:00	1.15868	1.15871	1.15866	1.15870	20.70
2025.11.12	20:40:00	1.15870	1.15873	1.15870	1.15871	11.01
2025.11.12	20:41:00	1.15872	1.15877	1.15872	1.15877	13.77
2025.11.12	20:42:00	1.15880	1.15882	1.15877	1.15880	31.75
2025.11.12	20:43:00	1.15880	1.15883	1.15878	1.15878	14.94
2025.11.12	20:44:00	1.15879	1.15886	1.15879	1.15883	13.68
2025.11.12	20:45:00	1.15884	1.15885	1.15881	1.15881	9.22
2025.11.12	20:46:00	1.15881	1.15883	1.15879	1.15882	28.26
2025.11.12	20:47:00	1.15882	1.15884	1.15873	1.15874	32.85
2025.11.12	20:48:00	1.15877	1.15877	1.15876	1.15876	1.80
2025.11.12	20:49:00	1.15875	1.15875	1.15869	1.15869	17.91
2025.11.12	20:50:00	1.15871	1.15871	1.15870	1.15870	3.60
2025.11.12	20:51:00	1.15871	1.15872	1.15870	1.15870	9.52
2025.11.12	20:52:00	1.15871	1.15875	1.15871	1.15873	28.35
2025.11.12	20:53:00	1.15874	1.15884	1.15874	1.15880	30.02
2025.11.12	20:54:00	1.15880	1.15886	1.15879	1.15886	36.21
2025.11.12	20:55:00	1.15888	1.15896	1.15886	1.15894	50.79
2025.11.12	20:56:00	1.15895	1.15905	1.15892	1.15902	54.68
2025.11.12	20:57:00	1.15902	1.15905	1.15900	1.15903	35.03
2025.11.12	20:58:00	1.15903	1.15904	1.15901	1.15902	44.64
2025.11.12	20:59:00	1.15901	1.15904	1.15888	1.15895	85.60
2025.11.12	21:00:00	1.15896	1.15898	1.15876	1.15889	43.24
2025.11.12	21:01:00	1.15887	1.15887	1.15872	1.15873	38.65
2025.11.12	21:02:00	1.15874	1.15879	1.15870	1.15875	43.47
2025.11.12	21:03:00	1.15875	1.15875	1.15869	1.15873	34.74
2025.11.12	21:04:00	1.15873	1.15873	1.15864	1.15864	37.80
2025.11.12	21:05:00	1.15863	1.15866	1.15862	1.15864	23.34
2025.11.12	21:06:00	1.15863	1.15871	1.15859	1.15859	51.52
2025.11.12	21:07:00	1.15858	1.15858	1.15853	1.15854	18.45
2025.11.12	21:08:00	1.15855	1.15856	1.15852	1.15854	29.07
2025.11.12	21:09:00	1.15855	1.15856	1.15853	1.15855	22.50
2025.11.12	21:10:00	1.15854	1.15855	1.15852	1.15854	29.25
2025.11.12	21:11:00	1.15853	1.15856	1.15853	1.15856	17.55
2025.11.12	21:12:00	1.15855	1.15860	1.15853	1.15853	23.40
2025.11.12	21:13:00	1.15852	1.15868	1.15851	1.15863	26.55
2025.11.12	21:14:00	1.15862	1.15866	1.15861	1.15861	6.75
2025.11.12	21:15:00	1.15860	1.15860	1.15857	1.15857	13.50
2025.11.12	21:16:00	1.15859	1.15867	1.15859	1.15867	22.50
2025.11.12	21:17:00	1.15867	1.15867	1.15864	1.15864	7.20
2025.11.12	21:18:00	1.15863	1.15863	1.15860	1.15860	1.80
2025.11.12	21:19:00	1.15860	1.15860	1.15858	1.15859	11.70
2025.11.12	21:20:00	1.15860	1.15860	1.15852	1.15852	11.70
2025.11.12	21:21:00	1.15854	1.15854	1.15851	1.15851	15.52
2025.11.12	21:22:00	1.15851	1.15854	1.15849	1.15853	19.80
2025.11.12	21:23:00	1.15851	1.15855	1.15851	1.15855	12.15
2025.11.12	21:24:00	1.15854	1.15856	1.15851	1.15856	12.60
2025.11.12	21:25:00	1.15857	1.15857	1.15850	1.15853	19.89
2025.11.12	21:26:00	1.15853	1.15856	1.15849	1.15851	22.95
2025.11.12	21:27:00	1.15850	1.15852	1.15850	1.15851	8.10
2025.11.12	21:28:00	1.15852	1.15854	1.15851	1.15851	6.30
2025.11.12	21:29:00	1.15855	1.15861	1.15854	1.15859	23.40
2025.11.12	21:30:00	1.15859	1.15859	1.15855	1.15857	9.57
2025.11.12	21:31:00	1.15857	1.15857	1.15850	1.15850	5.40
2025.11.12	21:32:00	1.15852	1.15854	1.15852	1.15854	4.50
2025.11.12	21:33:00	1.15853	1.15854	1.15850	1.15850	4.50
2025.11.12	21:34:00	1.15851	1.15851	1.15849	1.15849	2.70
2025.11.12	21:35:00	1.15853	1.15853	1.15850	1.15850	4.05
2025.11.12	21:36:00	1.15849	1.15849	1.15849	1.15849	0.90
2025.11.12	21:37:00	1.15849	1.15849	1.15849	1.15849	0.90
2025.11.12	21:38:00	1.15849	1.15855	1.15849	1.15855	12.77
2025.11.12	21:39:00	1.15858	1.15865	1.15858	1.15865	12.60
2025.11.12	21:40:00	1.15863	1.15866	1.15863	1.15863	8.19
2025.11.12	21:41:00	1.15864	1.15865	1.15863	1.15863	5.70
2025.11.12	21:42:00	1.15863	1.15870	1.15863	1.15870	10.71
2025.11.12	21:43:00	1.15870	1.15870	1.15869	1.15870	10.35
2025.11.12	21:44:00	1.15870	1.15870	1.15869	1.15869	10.35
2025.11.12	21:45:00	1.15867	1.15867	1.15855	1.15856	22.05
2025.11.12	21:46:00	1.15856	1.15856	1.15852	1.15852	2.25
2025.11.12	21:47:00	1.15854	1.15860	1.15853	1.15858	6.93
2025.11.12	21:48:00	1.15858	1.15872	1.15858	1.15872	39.69
2025.11.12	21:49:00	1.15870	1.15873	1.15870	1.15871	16.32
2025.11.12	21:50:00	1.15871	1.15878	1.15867	1.15878	60.78
2025.11.12	21:51:00	1.15878	1.15889	1.15878	1.15888	16.17
2025.11.12	21:52:00	1.15889	1.15911	1.15889	1.15905	70.51
2025.11.12	21:53:00	1.15905	1.15910	1.15904	1.15905	22.05
2025.11.12	21:54:00	1.15904	1.15904	1.15900	1.15902	5.85
2025.11.12	21:55:00	1.15904	1.15904	1.15902	1.15902	2.70
2025.11.12	21:56:00	1.15904	1.15912	1.15902	1.15904	22.59
2025.11.12	21:57:00	1.15904	1.15930	1.15903	1.15918	76.72
2025.11.12	21:58:00	1.15917	1.15928	1.15916	1.15927	115.10
2025.11.12	21:59:00	1.15927	1.15932	1.15923	1.15932	106.37
2025.11.12	22:00:00	1.15933	1.15933	1.15906	1.15908	14.40
2025.11.12	22:01:00	1.15907	1.15917	1.15905	1.15905	26.10
2025.11.12	22:02:00	1.15911	1.15911	1.15906	1.15906	3.15
2025.11.12	22:05:00	1.15909	1.15913	1.15896	1.15898	21.05
2025.11.12	22:06:00	1.15897	1.15898	1.15897	1.15898	0.44
2025.11.12	22:07:00	1.15897	1.15897	1.15897	1.15897	0.22
2025.11.12	22:08:00	1.15897	1.15897	1.15897	1.15897	0.90
2025.11.12	22:09:00	1.15898	1.15898	1.15898	1.15898	1.12
2025.11.12	22:10:00	1.15897	1.15897	1.15897	1.15897	1.12
2025.11.12	22:11:00	1.15897	1.15899	1.15897	1.15898	5.16
2025.11.12	22:12:00	1.15897	1.15899	1.15897	1.15897	2.70
2025.11.12	22:13:00	1.15897	1.15900	1.15897	1.15900	1.80
2025.11.12	22:14:00	1.15899	1.15899	1.15899	1.15899	0.90
2025.11.12	22:15:00	1.15900	1.15900	1.15899	1.15899	1.80
2025.11.12	22:18:00	1.15900	1.15900	1.15900	1.15900	1.80
2025.11.12	22:19:00	1.15906	1.15912	1.15903	1.15912	5.43
2025.11.12	22:20:00	1.15902	1.15910	1.15902	1.15910	3.91
2025.11.12	22:21:00	1.15911	1.15911	1.15901	1.15901	8.72
2025.11.12	22:22:00	1.15901	1.15902	1.15901	1.15902	2.70
2025.11.12	22:23:00	1.15912	1.15912	1.15900	1.15907	8.27
2025.11.12	22:24:00	1.15904	1.15908	1.15901	1.15903	4.95
2025.11.12	22:25:00	1.15912	1.15916	1.15903	1.15910	7.82
2025.11.12	22:26:00	1.15910	1.15910	1.15906	1.15910	6.75
2025.11.12	22:27:00	1.15910	1.15913	1.15907	1.15910	8.86
2025.11.12	22:28:00	1.15920	1.15920	1.15910	1.15917	8.72
2025.11.12	22:29:00	1.15911	1.15911	1.15911	1.15911	0.90
2025.11.12	22:30:00	1.15921	1.15921	1.15912	1.15920	12.76
2025.11.12	22:31:00	1.15921	1.15921	1.15913	1.15920	6.57
2025.11.12	22:32:00	1.15918	1.15922	1.15914	1.15919	11.28
2025.11.12	22:33:00	1.15919	1.15922	1.15912	1.15921	18.33
2025.11.12	22:34:00	1.15920	1.15923	1.15919	1.15923	12.83
2025.11.12	22:35:00	1.15921	1.15923	1.15914	1.15919	30.93
2025.11.12	22:36:00	1.15920	1.15920	1.15913	1.15918	6.71
2025.11.12	22:37:00	1.15918	1.15918	1.15902	1.15910	70.79
2025.11.12	22:38:00	1.15907	1.15914	1.15904	1.15904	23.60
2025.11.12	22:39:00	1.15908	1.15912	1.15903	1.15909	35.17
2025.11.12	22:40:00	1.15909	1.15910	1.15904	1.15906	44.90
2025.11.12	22:41:00	1.15908	1.15910	1.15906	1.15909	28.78
2025.11.12	22:42:00	1.15911	1.15911	1.15901	1.15910	68.90
2025.11.12	22:43:00	1.15910	1.15910	1.15903	1.15908	35.37
2025.11.12	22:44:00	1.15904	1.15911	1.15904	1.15910	64.96
2025.11.12	22:45:00	1.15909	1.15912	1.15904	1.15911	28.78
2025.11.12	22:46:00	1.15914	1.15914	1.15903	1.15911	52.63
2025.11.12	22:47:00	1.15911	1.15913	1.15903	1.15913	44.62
2025.11.12	22:48:00	1.15908	1.15916	1.15903	1.15907	65.63
2025.11.12	22:49:00	1.15908	1.15912	1.15903	1.15906	91.32
2025.11.12	22:50:00	1.15908	1.15911	1.15900	1.15902	70.65
2025.11.12	22:51:00	1.15903	1.15909	1.15899	1.15904	46.55
2025.11.12	22:52:00	1.15905	1.15914	1.15901	1.15904	74.20
2025.11.12	22:53:00	1.15905	1.15914	1.15901	1.15905	74.37
2025.11.12	22:54:00	1.15906	1.15907	1.15900	1.15906	28.44
2025.11.12	22:55:00	1.15904	1.15905	1.15895	1.15901	124.44
2025.11.12	22:56:00	1.15901	1.15905	1.15895	1.15902	111.15
2025.11.12	22:57:00	1.15904	1.15906	1.15894	1.15904	147.60
2025.11.12	22:58:00	1.15904	1.15908	1.15894	1.15896	237.60
2025.11.12	22:59:00	1.15904	1.15904	1.15882	1.15895	352.80
2025.11.12	23:00:00	1.15894	1.15945	1.15890	1.15931	260.44
2025.11.12	23:01:00	1.15931	1.15933	1.15924	1.15932	29.08
2025.11.12	23:02:00	1.15930	1.15933	1.15926	1.15930	30.60
2025.11.12	23:03:00	1.15930	1.15934	1.15924	1.15924	27.67
2025.11.12	23:04:00	1.15924	1.15929	1.15924	1.15929	26.10
2025.11.12	23:05:00	1.15929	1.15932	1.15928	1.15932	5.40
2025.11.12	23:06:00	1.15926	1.15926	1.15923	1.15923	24.30
2025.11.12	23:07:00	1.15924	1.15928	1.15919	1.15928	42.75
2025.11.12	23:08:00	1.15930	1.15936	1.15930	1.15936	16.65
2025.11.12	23:09:00	1.15938	1.15940	1.15933	1.15933	23.40
2025.11.12	23:10:00	1.15931	1.15933	1.15926	1.15928	48.88
2025.11.12	23:11:00	1.15929	1.15929	1.15922	1.15922	49.78
2025.11.12	23:12:00	1.15924	1.15928	1.15922	1.15927	15.82
2025.11.12	23:13:00	1.15927	1.15927	1.15923	1.15924	58.40
2025.11.12	23:14:00	1.15922	1.15924	1.15921	1.15922	31.26
2025.11.12	23:15:00	1.15922	1.15923	1.15918	1.15922	54.08
2025.11.12	23:16:00	1.15922	1.15927	1.15921	1.15924	27.97
2025.11.12	23:17:00	1.15926	1.15926	1.15924	1.15925	5.40
2025.11.12	23:19:00	1.15925	1.15929	1.15925	1.15929	5.40
2025.11.12	23:20:00	1.15929	1.15929	1.15925	1.15925	6.30
2025.11.12	23:21:00	1.15924	1.15929	1.15924	1.15929	7.20
2025.11.12	23:22:00	1.15928	1.15929	1.15928	1.15928	5.85
2025.11.12	23:23:00	1.15925	1.15930	1.15925	1.15930	13.12
2025.11.12	23:24:00	1.15930	1.15930	1.15927	1.15927	6.30
2025.11.12	23:25:00	1.15928	1.15928	1.15926	1.15926	3.60
2025.11.12	23:26:00	1.15926	1.15928	1.15924	1.15928	6.30
2025.11.12	23:27:00	1.15930	1.15930	1.15930	1.15930	1.80
2025.11.12	23:28:00	1.15929	1.15929	1.15926	1.15927	9.00
2025.11.12	23:29:00	1.15927	1.15929	1.15925	1.15927	24.20
2025.11.12	23:30:00	1.15928	1.15928	1.15927	1.15928	27.00
2025.11.12	23:31:00	1.15926	1.15926	1.15925	1.15926	3.74
2025.11.12	23:32:00	1.15926	1.15928	1.15926	1.15926	10.94
2025.11.12	23:33:00	1.15925	1.15926	1.15923	1.15926	4.26
2025.11.12	23:34:00	1.15923	1.15923	1.15923	1.15923	1.42
2025.11.12	23:35:00	1.15926	1.15927	1.15923	1.15923	6.82
2025.11.12	23:36:00	1.15922	1.15922	1.15918	1.15918	17.76
2025.11.12	23:37:00	1.15919	1.15919	1.15911	1.15914	16.72
2025.11.12	23:38:00	1.15914	1.15914	1.15913	1.15913	2.70
2025.11.12	23:39:00	1.15915	1.15915	1.15913	1.15914	7.20
2025.11.12	23:40:00	1.15913	1.15913	1.15909	1.15909	5.54
2025.11.12	23:41:00	1.15908	1.15909	1.15907	1.15908	13.12
2025.11.12	23:42:00	1.15905	1.15905	1.15902	1.15903	7.33
2025.11.12	23:43:00	1.15903	1.15904	1.15903	1.15903	4.50
2025.11.12	23:44:00	1.15907	1.15913	1.15907	1.15913	9.52
2025.11.12	23:45:00	1.15912	1.15913	1.15912	1.15913	2.70
2025.11.12	23:46:00	1.15915	1.15917	1.15914	1.15915	9.59
2025.11.12	23:47:00	1.15915	1.15917	1.15912	1.15917	9.52
2025.11.12	23:48:00	1.15916	1.15916	1.15912	1.15912	7.27
2025.11.12	23:49:00	1.15913	1.15914	1.15913	1.15913	2.70
2025.11.12	23:50:00	1.15913	1.15915	1.15913	1.15913	2.70
2025.11.12	23:51:00	1.15914	1.15917	1.15913	1.15913	6.82
2025.11.12	23:52:00	1.15913	1.15913	1.15911	1.15912	9.73
2025.11.12	23:53:00	1.15912	1.15913	1.15911	1.15913	26.59
2025.11.12	23:54:00	1.15912	1.15912	1.15911	1.15912	13.64
2025.11.12	23:55:00	1.15911	1.15917	1.15911	1.15916	14.61
2025.11.12	23:56:00	1.15916	1.15916	1.15916	1.15916	4.19
2025.11.12	23:57:00	1.15914	1.15916	1.15911	1.15912	17.90
2025.11.12	23:58:00	1.15912	1.15913	1.15912	1.15912	3.74
2025.11.12	23:59:00	1.15911	1.15915	1.15911	1.15915	13.16
2025.11.13	00:00:00	1.15915	1.15920	1.15911	1.15911	23.20
2025.11.13	00:01:00	1.15912	1.15912	1.15893	1.15896	36.41
2025.11.13	00:02:00	1.15897	1.15904	1.15892	1.15904	28.46
2025.11.13	00:03:00	1.15903	1.15903	1.15899	1.15899	21.66
2025.11.13	00:04:00	1.15897	1.15897	1.15887	1.15887	18.28
2025.11.13	00:05:00	1.15888	1.15890	1.15885	1.15887	17.21
2025.11.13	00:06:00	1.15887	1.15899	1.15886	1.15898	25.48
2025.11.13	00:07:00	1.15896	1.15899	1.15887	1.15893	25.24
2025.11.13	00:08:00	1.15889	1.15894	1.15888	1.15894	12.74
2025.11.13	00:09:00	1.15889	1.15889	1.15886	1.15887	21.88
2025.11.13	00:10:00	1.15886	1.15888	1.15884	1.15887	17.31
2025.11.13	00:11:00	1.15888	1.15891	1.15885	1.15888	22.89
2025.11.13	00:12:00	1.15886	1.15889	1.15886	1.15887	8.76
2025.11.13	00:13:00	1.15887	1.15887	1.15875	1.15883	22.64
2025.11.13	00:14:00	1.15884	1.15889	1.15880	1.15883	25.65
2025.11.13	00:15:00	1.15881	1.15881	1.15873	1.15875	13.26
2025.11.13	00:16:00	1.15873	1.15879	1.15872	1.15874	14.92
2025.11.13	00:17:00	1.15871	1.15874	1.15871	1.15874	8.55
2025.11.13	00:18:00	1.15871	1.15874	1.15871	1.15871	9.14
2025.11.13	00:19:00	1.15870	1.15874	1.15870	1.15873	5.47
2025.11.13	00:20:00	1.15874	1.15879	1.15871	1.15873	37.87
2025.11.13	00:21:00	1.15875	1.15875	1.15874	1.15875	2.70
2025.11.13	00:22:00	1.15875	1.15883	1.15875	1.15883	10.80
2025.11.13	00:23:00	1.15882	1.15882	1.15878	1.15878	5.92
2025.11.13	00:24:00	1.15877	1.15887	1.15877	1.15886	22.12
2025.11.13	00:25:00	1.15886	1.15891	1.15886	1.15888	21.33
2025.11.13	00:26:00	1.15888	1.15890	1.15886	1.15890	4.50
2025.11.13	00:27:00	1.15887	1.15888	1.15883	1.15883	12.12
2025.11.13	00:28:00	1.15884	1.15888	1.15878	1.15881	30.36
2025.11.13	00:29:00	1.15880	1.15880	1.15878	1.15878	3.60
2025.11.13	00:30:00	1.15880	1.15896	1.15875	1.15876	297.92
2025.11.13	00:31:00	1.15876	1.15877	1.15862	1.15865	134.65
2025.11.13	00:32:00	1.15865	1.15865	1.15809	1.15813	225.74
2025.11.13	00:33:00	1.15816	1.15822	1.15802	1.15811	143.61
2025.11.13	00:34:00	1.15812	1.15827	1.15809	1.15822	55.88
2025.11.13	00:35:00	1.15822	1.15833	1.15816	1.15833	97.85
2025.11.13	00:36:00	1.15831	1.15840	1.15825	1.15838	56.40
2025.11.13	00:37:00	1.15839	1.15844	1.15832	1.15840	53.17
2025.11.13	00:38:00	1.15839	1.15844	1.15834	1.15837	39.85
2025.11.13	00:39:00	1.15838	1.15842	1.15836	1.15839	19.56
2025.11.13	00:40:00	1.15840	1.15840	1.15831	1.15837	63.91
2025.11.13	00:41:00	1.15837	1.15839	1.15826	1.15827	86.90
2025.11.13	00:42:00	1.15827	1.15830	1.15826	1.15830	28.17
2025.11.13	00:43:00	1.15830	1.15830	1.15817	1.15822	25.95
2025.11.13	00:44:00	1.15824	1.15824	1.15820	1.15822	21.02
2025.11.13	00:45:00	1.15822	1.15829	1.15815	1.15817	51.76
2025.11.13	00:46:00	1.15819	1.15827	1.15818	1.15822	88.54
2025.11.13	00:47:00	1.15819	1.15821	1.15807	1.15808	65.82
2025.11.13	00:48:00	1.15808	1.15822	1.15808	1.15822	62.93
2025.11.13	00:49:00	1.15822	1.15827	1.15821	1.15824	51.56
2025.11.13	00:50:00	1.15823	1.15834	1.15823	1.15832	33.80
2025.11.13	00:51:00	1.15832	1.15833	1.15829	1.15830	31.78
2025.11.13	00:52:00	1.15829	1.15839	1.15829	1.15833	33.72
2025.11.13	00:53:00	1.15833	1.15835	1.15826	1.15828	40.78
2025.11.13	00:54:00	1.15827	1.15829	1.15819	1.15823	128.49
2025.11.13	00:55:00	1.15822	1.15822	1.15815	1.15817	64.30
2025.11.13	00:56:00	1.15817	1.15822	1.15815	1.15821	65.85
2025.11.13	00:57:00	1.15821	1.15822	1.15815	1.15818	87.40
2025.11.13	00:58:00	1.15818	1.15818	1.15803	1.15804	61.20
2025.11.13	00:59:00	1.15805	1.15807	1.15802	1.15804	82.32
2025.11.13	01:00:00	1.15804	1.15804	1.15795	1.15801	75.58
2025.11.13	01:01:00	1.15803	1.15811	1.15799	1.15808	97.32
2025.11.13	01:02:00	1.15807	1.15809	1.15798	1.15804	73.26
2025.11.13	01:03:00	1.15805	1.15810	1.15801	1.15805	35.42
2025.11.13	01:04:00	1.15807	1.15820	1.15807	1.15818	47.81
2025.11.13	01:05:00	1.15820	1.15822	1.15809	1.15811	55.60
2025.11.13	01:06:00	1.15811	1.15814	1.15803	1.15814	39.08
2025.11.13	01:07:00	1.15814	1.15814	1.15804	1.15807	47.48
2025.11.13	01:08:00	1.15809	1.15813	1.15807	1.15812	56.31
2025.11.13	01:09:00	1.15810	1.15819	1.15805	1.15818	32.99
2025.11.13	01:10:00	1.15817	1.15823	1.15808	1.15809	40.46
2025.11.13	01:11:00	1.15808	1.15814	1.15808	1.15812	18.52
2025.11.13	01:12:00	1.15813	1.15814	1.15799	1.15799	31.59
2025.11.13	01:13:00	1.15798	1.15813	1.15798	1.15808	39.53
2025.11.13	01:14:00	1.15808	1.15813	1.15806	1.15809	29.83
2025.11.13	01:15:00	1.15807	1.15810	1.15802	1.15805	59.63
2025.11.13	01:16:00	1.15804	1.15804	1.15798	1.15798	30.88
2025.11.13	01:17:00	1.15799	1.15802	1.15789	1.15792	37.60
2025.11.13	01:18:00	1.15793	1.15803	1.15792	1.15800	64.51
2025.11.13	01:19:00	1.15800	1.15820	1.15800	1.15817	54.60
2025.11.13	01:20:00	1.15817	1.15823	1.15816	1.15822	30.95
2025.11.13	01:21:00	1.15824	1.15828	1.15819	1.15821	39.75
2025.11.13	01:22:00	1.15820	1.15823	1.15811	1.15818	35.76
2025.11.13	01:23:00	1.15818	1.15824	1.15817	1.15824	15.30
2025.11.13	01:24:00	1.15823	1.15828	1.15822	1.15822	25.48
2025.11.13	01:25:00	1.15824	1.15824	1.15802	1.15804	55.32
2025.11.13	01:26:00	1.15802	1.15806	1.15799	1.15800	63.94
2025.11.13	01:27:00	1.15802	1.15802	1.15793	1.15794	41.92
2025.11.13	01:28:00	1.15792	1.15813	1.15792	1.15813	42.43
2025.11.13	01:29:00	1.15813	1.15818	1.15809	1.15818	34.27
2025.11.13	01:30:00	1.15818	1.15821	1.15812	1.15817	41.68
2025.11.13	01:31:00	1.15816	1.15827	1.15811	1.15827	40.93
2025.11.13	01:32:00	1.15829	1.15839	1.15828	1.15837	42.56
2025.11.13	01:33:00	1.15837	1.15843	1.15833	1.15839	53.35
2025.11.13	01:34:00	1.15841	1.15845	1.15841	1.15844	28.18
2025.11.13	01:35:00	1.15845	1.15845	1.15834	1.15843	42.34
2025.11.13	01:36:00	1.15844	1.15845	1.15839	1.15844	23.40
2025.11.13	01:37:00	1.15846	1.15846	1.15842	1.15845	19.80
2025.11.13	01:38:00	1.15844	1.15850	1.15844	1.15848	34.47
2025.11.13	01:39:00	1.15847	1.15856	1.15847	1.15852	27.52
2025.11.13	01:40:00	1.15852	1.15859	1.15852	1.15857	31.71
2025.11.13	01:41:00	1.15858	1.15861	1.15853	1.15853	27.52
2025.11.13	01:42:00	1.15852	1.15858	1.15848	1.15848	33.06
2025.11.13	01:43:00	1.15849	1.15851	1.15845	1.15849	26.24
2025.11.13	01:44:00	1.15850	1.15853	1.15850	1.15850	11.34
2025.11.13	01:45:00	1.15852	1.15852	1.15847	1.15852	51.37
2025.11.13	01:46:00	1.15850	1.15852	1.15845	1.15845	31.57
2025.11.13	01:47:00	1.15845	1.15849	1.15845	1.15845	14.02
2025.11.13	01:48:00	1.15848	1.15854	1.15847	1.15854	18.59
2025.11.13	01:49:00	1.15856	1.15866	1.15855	1.15862	25.20
2025.11.13	01:50:00	1.15864	1.15869	1.15860	1.15868	11.02
2025.11.13	01:51:00	1.15872	1.15882	1.15868	1.15878	44.64
2025.11.13	01:52:00	1.15880	1.15887	1.15880	1.15887	33.30
2025.11.13	01:53:00	1.15885	1.15885	1.15880	1.15882	24.81
2025.11.13	01:54:00	1.15881	1.15882	1.15877	1.15882	27.59
2025.11.13	01:55:00	1.15881	1.15888	1.15877	1.15888	30.82
2025.11.13	01:56:00	1.15887	1.15891	1.15880	1.15881	20.32
2025.11.13	01:57:00	1.15882	1.15888	1.15880	1.15885	25.47
2025.11.13	01:58:00	1.15884	1.15895	1.15884	1.15893	31.20
2025.11.13	01:59:00	1.15891	1.15893	1.15889	1.15892	27.97
2025.11.13	02:00:00	1.15893	1.15903	1.15893	1.15896	33.31
2025.11.13	02:01:00	1.15895	1.15914	1.15890	1.15913	45.78
2025.11.13	02:02:00	1.15914	1.15928	1.15911	1.15913	48.31
2025.11.13	02:03:00	1.15911	1.15913	1.15908	1.15912	37.49
2025.11.13	02:04:00	1.15911	1.15913	1.15906	1.15908	52.41
2025.11.13	02:05:00	1.15908	1.15909	1.15901	1.15902	23.85
2025.11.13	02:06:00	1.15902	1.15908	1.15902	1.15902	29.79
2025.11.13	02:07:00	1.15904	1.15915	1.15904	1.15907	35.32
2025.11.13	02:08:00	1.15905	1.15913	1.15905	1.15911	14.40
2025.11.13	02:09:00	1.15912	1.15912	1.15908	1.15908	4.50
2025.11.13	02:10:00	1.15906	1.15912	1.15905	1.15907	23.24
2025.11.13	02:11:00	1.15907	1.15907	1.15901	1.15904	26.55
2025.11.13	02:12:00	1.15903	1.15904	1.15896	1.15900	38.92
2025.11.13	02:13:00	1.15901	1.15904	1.15901	1.15901	17.17
2025.11.13	02:14:00	1.15899	1.15899	1.15893	1.15897	30.98
2025.11.13	02:15:00	1.15898	1.15898	1.15893	1.15894	16.21
2025.11.13	02:16:00	1.15894	1.15894	1.15887	1.15888	17.55
2025.11.13	02:17:00	1.15885	1.15890	1.15885	1.15890	11.77
2025.11.13	02:18:00	1.15890	1.15892	1.15887	1.15887	18.52
2025.11.13	02:19:00	1.15885	1.15889	1.15880	1.15889	27.59
2025.11.13	02:20:00	1.15887	1.15890	1.15887	1.15887	7.20
2025.11.13	02:21:00	1.15885	1.15885	1.15879	1.15879	11.77
2025.11.13	02:22:00	1.15876	1.15878	1.15872	1.15878	23.24
2025.11.13	02:23:00	1.15878	1.15879	1.15876	1.15877	5.40
2025.11.13	02:24:00	1.15875	1.15878	1.15869	1.15869	23.76
2025.11.13	02:25:00	1.15871	1.15873	1.15870	1.15870	18.00
2025.11.13	02:26:00	1.15869	1.15869	1.15857	1.15857	28.94
2025.11.13	02:27:00	1.15856	1.15858	1.15854	1.15854	7.20
2025.11.13	02:28:00	1.15854	1.15863	1.15852	1.15860	22.66
2025.11.13	02:29:00	1.15860	1.15861	1.15858	1.15859	8.10
2025.11.13	02:30:00	1.15859	1.15859	1.15857	1.15858	11.25
2025.11.13	02:31:00	1.15861	1.15867	1.15860	1.15865	18.90
2025.11.13	02:32:00	1.15866	1.15870	1.15862	1.15867	33.30
2025.11.13	02:33:00	1.15869	1.15869	1.15866	1.15868	14.40
2025.11.13	02:34:00	1.15868	1.15871	1.15867	1.15871	25.20
2025.11.13	02:35:00	1.15872	1.15879	1.15871	1.15878	15.75
2025.11.13	02:36:00	1.15879	1.15879	1.15872	1.15877	59.39
2025.11.13	02:37:00	1.15881	1.15881	1.15873	1.15873	25.43
2025.11.13	02:38:00	1.15873	1.15873	1.15867	1.15868	39.01
2025.11.13	02:39:00	1.15867	1.15868	1.15866	1.15866	13.12
2025.11.13	02:40:00	1.15866	1.15873	1.15865	1.15873	31.85
2025.11.13	02:41:00	1.15875	1.15877	1.15873	1.15877	14.99
2025.11.13	02:42:00	1.15878	1.15886	1.15876	1.15882	65.02
2025.11.13	02:43:00	1.15882	1.15885	1.15881	1.15885	25.20
2025.11.13	02:44:00	1.15885	1.15885	1.15884	1.15885	9.00
2025.11.13	02:45:00	1.15886	1.15890	1.15885	1.15887	21.60
2025.11.13	02:46:00	1.15884	1.15889	1.15884	1.15884	10.42
2025.11.13	02:47:00	1.15883	1.15885	1.15883	1.15884	9.52
2025.11.13	02:48:00	1.15884	1.15884	1.15864	1.15864	32.60
2025.11.13	02:49:00	1.15865	1.15865	1.15859	1.15862	22.37
2025.11.13	02:50:00	1.15862	1.15872	1.15862	1.15872	63.65
2025.11.13	02:51:00	1.15873	1.15875	1.15871	1.15872	29.92
2025.11.13	02:52:00	1.15872	1.15877	1.15871	1.15877	20.46
2025.11.13	02:53:00	1.15879	1.15887	1.15877	1.15884	37.08
2025.11.13	02:54:00	1.15884	1.15888	1.15884	1.15887	24.24
2025.11.13	02:55:00	1.15887	1.15888	1.15881	1.15883	28.35
2025.11.13	02:56:00	1.15884	1.15886	1.15882	1.15883	26.40
2025.11.13	02:57:00	1.15883	1.15888	1.15881	1.15887	34.70
2025.11.13	02:58:00	1.15888	1.15896	1.15886	1.15894	51.14
2025.11.13	02:59:00	1.15894	1.15894	1.15890	1.15891	32.62
2025.11.13	03:00:00	1.15893	1.15897	1.15893	1.15895	56.77
2025.11.13	03:01:00	1.15897	1.15909	1.15897	1.15907	18.22
2025.11.13	03:02:00	1.15906	1.15909	1.15903	1.15906	8.10
2025.11.13	03:03:00	1.15908	1.15910	1.15901	1.15902	21.60
2025.11.13	03:04:00	1.15901	1.15903	1.15893	1.15895	56.01
2025.11.13	03:05:00	1.15895	1.15895	1.15882	1.15884	73.57
2025.11.13	03:06:00	1.15884	1.15898	1.15884	1.15897	43.29
2025.11.13	03:07:00	1.15897	1.15905	1.15897	1.15905	33.30
2025.11.13	03:08:00	1.15901	1.15910	1.15901	1.15906	39.45
2025.11.13	03:09:00	1.15907	1.15912	1.15906	1.15911	35.10
2025.11.13	03:10:00	1.15911	1.15912	1.15907	1.15909	31.95
2025.11.13	03:11:00	1.15909	1.15911	1.15900	1.15901	42.30
2025.11.13	03:12:00	1.15900	1.15911	1.15900	1.15910	54.22
2025.11.13	03:13:00	1.15910	1.15910	1.15902	1.15903	28.80
2025.11.13	03:14:00	1.15902	1.15904	1.15900	1.15900	19.35
2025.11.13	03:15:00	1.15901	1.15902	1.15887	1.15891	109.75
2025.11.13	03:16:00	1.15890	1.15894	1.15886	1.15894	21.82
2025.11.13	03:17:00	1.15894	1.15897	1.15891	1.15894	21.60
2025.11.13	03:18:00	1.15895	1.15897	1.15894	1.15896	18.90
2025.11.13	03:19:00	1.15896	1.15896	1.15892	1.15893	13.50
2025.11.13	03:20:00	1.15892	1.15898	1.15892	1.15898	8.10
2025.11.13	03:21:00	1.15897	1.15899	1.15897	1.15899	6.30
2025.11.13	03:22:00	1.15896	1.15898	1.15892	1.15895	23.64
2025.11.13	03:23:00	1.15895	1.15899	1.15886	1.15892	51.24
2025.11.13	03:24:00	1.15890	1.15893	1.15888	1.15892	45.90
2025.11.13	03:25:00	1.15888	1.15896	1.15887	1.15896	31.72
2025.11.13	03:26:00	1.15896	1.15897	1.15894	1.15894	10.80
2025.11.13	03:27:00	1.15893	1.15893	1.15885	1.15886	19.44
2025.11.13	03:28:00	1.15886	1.15887	1.15880	1.15881	63.90
2025.11.13	03:29:00	1.15882	1.15883	1.15880	1.15881	15.57
2025.11.13	03:30:00	1.15882	1.15884	1.15880	1.15884	23.67
2025.11.13	03:31:00	1.15886	1.15889	1.15886	1.15888	18.00
2025.11.13	03:32:00	1.15888	1.15888	1.15879	1.15880	20.70
2025.11.13	03:33:00	1.15879	1.15884	1.15877	1.15884	13.05
2025.11.13	03:34:00	1.15882	1.15882	1.15880	1.15880	3.60
2025.11.13	03:35:00	1.15879	1.15879	1.15870	1.15872	7.20
2025.11.13	03:36:00	1.15868	1.15874	1.15868	1.15874	24.30
2025.11.13	03:37:00	1.15873	1.15879	1.15872	1.15879	13.05
2025.11.13	03:38:00	1.15878	1.15885	1.15871	1.15885	27.67
2025.11.13	03:39:00	1.15884	1.15884	1.15883	1.15884	4.50
2025.11.13	03:40:00	1.15882	1.15883	1.15879	1.15882	9.45
2025.11.13	03:41:00	1.15881	1.15882	1.15878	1.15878	4.50
2025.11.13	03:42:00	1.15878	1.15879	1.15877	1.15878	3.60
2025.11.13	03:43:00	1.15878	1.15880	1.15874	1.15877	22.50
2025.11.13	03:44:00	1.15877	1.15882	1.15877	1.15882	10.80
2025.11.13	03:45:00	1.15878	1.15878	1.15873	1.15875	21.37
2025.11.13	03:46:00	1.15874	1.15874	1.15870	1.15874	6.30
2025.11.13	03:47:00	1.15873	1.15882	1.15873	1.15876	51.30
2025.11.13	03:48:00	1.15876	1.15878	1.15872	1.15872	26.55
2025.11.13	03:49:00	1.15874	1.15882	1.15874	1.15882	18.90
2025.11.13	03:50:00	1.15883	1.15885	1.15883	1.15883	14.40
2025.11.13	03:51:00	1.15882	1.15882	1.15882	1.15882	1.80
2025.11.13	03:52:00	1.15884	1.15888	1.15884	1.15884	11.70
2025.11.13	03:53:00	1.15885	1.15896	1.15885	1.15894	31.81
2025.11.13	03:54:00	1.15892	1.15894	1.15892	1.15893	29.70
2025.11.13	03:55:00	1.15895	1.15901	1.15894	1.15901	13.50
2025.11.13	03:56:00	1.15902	1.15904	1.15895	1.15895	16.20
2025.11.13	03:57:00	1.15897	1.15902	1.15891	1.15902	17.55
2025.11.13	03:58:00	1.15904	1.15907	1.15896	1.15896	11.25
2025.11.13	03:59:00	1.15895	1.15898	1.15891	1.15897	14.85
2025.11.13	04:00:00	1.15897	1.15899	1.15897	1.15898	10.80
2025.11.13	04:01:00	1.15897	1.15899	1.15892	1.15892	29.25
2025.11.13	04:02:00	1.15894	1.15897	1.15893	1.15897	13.95
2025.11.13	04:03:00	1.15895	1.15898	1.15895	1.15897	11.70
2025.11.13	04:04:00	1.15897	1.15902	1.15897	1.15901	23.85
2025.11.13	04:05:00	1.15902	1.15902	1.15898	1.15902	18.00
2025.11.13	04:06:00	1.15901	1.15912	1.15901	1.15906	25.65
2025.11.13	04:07:00	1.15904	1.15909	1.15904	1.15908	9.90
2025.11.13	04:08:00	1.15908	1.15910	1.15907	1.15907	11.70
2025.11.13	04:09:00	1.15906	1.15915	1.15906	1.15913	50.76
2025.11.13	04:10:00	1.15912	1.15916	1.15911	1.15912	16.20
2025.11.13	04:11:00	1.15911	1.15913	1.15906	1.15908	10.80
2025.11.13	04:12:00	1.15908	1.15911	1.15905	1.15910	22.50
2025.11.13	04:13:00	1.15911	1.15913	1.15911	1.15912	12.15
2025.11.13	04:14:00	1.15911	1.15914	1.15904	1.15904	12.15
2025.11.13	04:15:00	1.15907	1.15907	1.15905	1.15906	10.80
2025.11.13	04:16:00	1.15904	1.15904	1.15903	1.15903	2.92
2025.11.13	04:17:00	1.15902	1.15902	1.15894	1.15896	29.25
2025.11.13	04:18:00	1.15893	1.15895	1.15888	1.15888	9.90
2025.11.13	04:19:00	1.15889	1.15891	1.15884	1.15884	13.50
2025.11.13	04:20:00	1.15883	1.15888	1.15882	1.15886	65.25
2025.11.13	04:21:00	1.15886	1.15887	1.15884	1.15886	28.35
2025.11.13	04:22:00	1.15884	1.15888	1.15883	1.15884	11.04
2025.11.13	04:23:00	1.15884	1.15888	1.15883	1.15887	15.27
2025.11.13	04:24:00	1.15888	1.15895	1.15888	1.15893	28.86
2025.11.13	04:25:00	1.15892	1.15892	1.15884	1.15884	34.11
2025.11.13	04:26:00	1.15885	1.15885	1.15883	1.15883	6.84
2025.11.13	04:27:00	1.15883	1.15883	1.15873	1.15877	18.76
2025.11.13	04:28:00	1.15876	1.15878	1.15876	1.15877	9.09
2025.11.13	04:29:00	1.15879	1.15888	1.15879	1.15885	14.58
2025.11.13	04:30:00	1.15887	1.15891	1.15885	1.15890	8.10
2025.11.13	04:31:00	1.15891	1.15893	1.15889	1.15889	12.60
2025.11.13	04:32:00	1.15888	1.15892	1.15887	1.15892	15.75
2025.11.13	04:33:00	1.15892	1.15892	1.15890	1.15890	5.49
2025.11.13	04:34:00	1.15890	1.15890	1.15886	1.15888	21.24
2025.11.13	04:35:00	1.15886	1.15888	1.15882	1.15884	12.49
2025.11.13	04:36:00	1.15885	1.15886	1.15881	1.15884	15.75
2025.11.13	04:37:00	1.15883	1.15883	1.15879	1.15881	14.84
2025.11.13	04:38:00	1.15881	1.15882	1.15879	1.15881	11.25
2025.11.13	04:39:00	1.15878	1.15882	1.15878	1.15882	4.95
2025.11.13	04:40:00	1.15883	1.15883	1.15883	1.15883	0.90
2025.11.13	04:41:00	1.15883	1.15890	1.15883	1.15890	4.95
2025.11.13	04:42:00	1.15890	1.15892	1.15889	1.15892	5.40
2025.11.13	04:43:00	1.15891	1.15891	1.15887	1.15889	24.75
2025.11.13	04:44:00	1.15890	1.15894	1.15886	1.15886	18.00
2025.11.13	04:45:00	1.15887	1.15889	1.15881	1.15885	20.47
2025.11.13	04:46:00	1.15882	1.15882	1.15880	1.15882	8.10
2025.11.13	04:47:00	1.15883	1.15883	1.15883	1.15883	1.35
2025.11.13	04:48:00	1.15880	1.15880	1.15877	1.15880	14.28
2025.11.13	04:49:00	1.15880	1.15880	1.15878	1.15880	8.40
2025.11.13	04:50:00	1.15879	1.15883	1.15879	1.15881	4.26
2025.11.13	04:51:00	1.15880	1.15885	1.15879	1.15881	15.06
2025.11.13	04:52:00	1.15880	1.15882	1.15879	1.15879	5.55
2025.11.13	04:53:00	1.15881	1.15881	1.15872	1.15873	13.17
2025.11.13	04:54:00	1.15876	1.15878	1.15876	1.15876	14.40
2025.11.13	04:55:00	1.15874	1.15878	1.15874	1.15878	3.00
2025.11.13	04:56:00	1.15879	1.15879	1.15875	1.15879	13.32
2025.11.13	04:57:00	1.15879	1.15884	1.15879	1.15883	13.11
2025.11.13	04:58:00	1.15887	1.15902	1.15887	1.15902	22.29
2025.11.13	04:59:00	1.15900	1.15903	1.15898	1.15901	15.03
2025.11.13	05:00:00	1.15903	1.15907	1.15899	1.15905	36.45
2025.11.13	05:01:00	1.15905	1.15908	1.15903	1.15907	16.20
2025.11.13	05:02:00	1.15903	1.15904	1.15898	1.15900	38.92
2025.11.13	05:03:00	1.15899	1.15901	1.15895	1.15895	21.01
2025.11.13	05:04:00	1.15895	1.15895	1.15883	1.15889	25.20
2025.11.13	05:05:00	1.15890	1.15892	1.15887	1.15887	18.00
2025.11.13	05:06:00	1.15886	1.15895	1.15885	1.15894	17.10
2025.11.13	05:07:00	1.15892	1.15892	1.15883	1.15883	20.70
2025.11.13	05:08:00	1.15883	1.15884	1.15880	1.15882	16.20
2025.11.13	05:09:00	1.15878	1.15882	1.15877	1.15882	51.39
2025.11.13	05:10:00	1.15880	1.15882	1.15877	1.15877	5.40
2025.11.13	05:11:00	1.15878	1.15878	1.15870	1.15872	33.97
2025.11.13	05:12:00	1.15873	1.15873	1.15868	1.15873	7.65
2025.11.13	05:13:00	1.15872	1.15876	1.15872	1.15873	7.20
2025.11.13	05:14:00	1.15872	1.15873	1.15872	1.15873	7.65
2025.11.13	05:15:00	1.15871	1.15879	1.15871	1.15879	12.60
2025.11.13	05:16:00	1.15879	1.15881	1.15876	1.15877	21.55
2025.11.13	05:17:00	1.15878	1.15880	1.15877	1.15879	3.60
2025.11.13	05:18:00	1.15883	1.15883	1.15883	1.15883	1.80
2025.11.13	05:19:00	1.15879	1.15883	1.15877	1.15883	15.07
2025.11.13	05:20:00	1.15880	1.15880	1.15876	1.15879	12.37
2025.11.13	05:21:00	1.15877	1.15877	1.15874	1.15876	15.30
2025.11.13	05:22:00	1.15877	1.15879	1.15871	1.15872	11.70
2025.11.13	05:23:00	1.15873	1.15874	1.15872	1.15872	9.90
2025.11.13	05:24:00	1.15872	1.15875	1.15869	1.15875	22.05
2025.11.13	05:25:00	1.15875	1.15879	1.15869	1.15871	38.34
2025.11.13	05:26:00	1.15871	1.15873	1.15859	1.15863	32.03
2025.11.13	05:27:00	1.15863	1.15863	1.15857	1.15857	21.60
2025.11.13	05:29:00	1.15856	1.15858	1.15855	1.15858	16.20
2025.11.13	05:30:00	1.15858	1.15867	1.15858	1.15865	10.35
2025.11.13	05:31:00	1.15865	1.15865	1.15858	1.15863	45.00
2025.11.13	05:32:00	1.15863	1.15864	1.15862	1.15862	5.40
2025.11.13	05:33:00	1.15863	1.15864	1.15858	1.15858	17.10
2025.11.13	05:34:00	1.15858	1.15859	1.15852	1.15854	28.80
2025.11.13	05:35:00	1.15854	1.15854	1.15850	1.15850	15.07
2025.11.13	05:36:00	1.15850	1.15850	1.15838	1.15839	17.09
2025.11.13	05:37:00	1.15837	1.15843	1.15836	1.15843	23.94
2025.11.13	05:38:00	1.15843	1.15848	1.15843	1.15844	8.10
2025.11.13	05:39:00	1.15841	1.15848	1.15841	1.15848	18.45
2025.11.13	05:40:00	1.15848	1.15849	1.15842	1.15842	10.12
2025.11.13	05:41:00	1.15841	1.15843	1.15841	1.15843	9.00
2025.11.13	05:42:00	1.15841	1.15841	1.15829	1.15834	37.89
2025.11.13	05:43:00	1.15835	1.15840	1.15832	1.15832	12.60
2025.11.13	05:44:00	1.15833	1.15833	1.15833	1.15833	0.90
2025.11.13	05:45:00	1.15836	1.15838	1.15836	1.15836	9.30
2025.11.13	05:46:00	1.15836	1.15836	1.15829	1.15832	12.01
2025.11.13	05:47:00	1.15831	1.15838	1.15831	1.15837	9.90
2025.11.13	05:48:00	1.15835	1.15835	1.15830	1.15831	6.30
2025.11.13	05:49:00	1.15832	1.15836	1.15831	1.15833	8.10
2025.11.13	05:50:00	1.15832	1.15832	1.15821	1.15823	10.44
2025.11.13	05:51:00	1.15824	1.15824	1.15818	1.15818	13.74
2025.11.13	05:52:00	1.15816	1.15823	1.15816	1.15822	24.30
2025.11.13	05:53:00	1.15820	1.15822	1.15817	1.15818	17.10
2025.11.13	05:54:00	1.15817	1.15818	1.15814	1.15815	17.64
2025.11.13	05:55:00	1.15815	1.15821	1.15809	1.15821	29.25
2025.11.13	05:56:00	1.15821	1.15823	1.15819	1.15819	9.90
2025.11.13	05:57:00	1.15817	1.15817	1.15803	1.15809	72.93
2025.11.13	05:58:00	1.15809	1.15813	1.15800	1.15809	127.80
2025.11.13	05:59:00	1.15807	1.15822	1.15806	1.15816	80.50
2025.11.13	06:00:00	1.15816	1.15825	1.15813	1.15822	119.52
2025.11.13	06:01:00	1.15825	1.15826	1.15814	1.15815	80.66
2025.11.13	06:02:00	1.15815	1.15833	1.15815	1.15831	38.43
2025.11.13	06:03:00	1.15833	1.15834	1.15830	1.15832	69.93
2025.11.13	06:04:00	1.15834	1.15838	1.15832	1.15835	23.50
2025.11.13	06:05:00	1.15834	1.15842	1.15834	1.15837	39.51
2025.11.13	06:06:00	1.15835	1.15837	1.15830	1.15833	28.96
2025.11.13	06:07:00	1.15834	1.15843	1.15829	1.15843	21.96
2025.11.13	06:08:00	1.15842	1.15844	1.15842	1.15842	14.35
2025.11.13	06:09:00	1.15844	1.15844	1.15842	1.15842	18.00
2025.11.13	06:10:00	1.15841	1.15842	1.15840	1.15842	6.84
2025.11.13	06:11:00	1.15840	1.15842	1.15833	1.15836	77.39
2025.11.13	06:12:00	1.15836	1.15837	1.15820	1.15822	71.88
2025.11.13	06:13:00	1.15822	1.15826	1.15817	1.15817	31.05
2025.11.13	06:14:00	1.15818	1.15825	1.15817	1.15825	33.30
2025.11.13	06:15:00	1.15822	1.15833	1.15822	1.15833	32.49
2025.11.13	06:16:00	1.15829	1.15831	1.15825	1.15830	35.41
2025.11.13	06:17:00	1.15828	1.15830	1.15827	1.15829	25.20
2025.11.13	06:18:00	1.15832	1.15837	1.15830	1.15833	17.55
2025.11.13	06:19:00	1.15830	1.15840	1.15830	1.15840	7.87
2025.11.13	06:20:00	1.15838	1.15841	1.15836	1.15839	13.50
2025.11.13	06:21:00	1.15840	1.15849	1.15838	1.15847	31.94
2025.11.13	06:22:00	1.15849	1.15851	1.15839	1.15847	25.86
2025.11.13	06:23:00	1.15847	1.15849	1.15845	1.15846	21.15
2025.11.13	06:24:00	1.15844	1.15847	1.15840	1.15844	20.56
2025.11.13	06:25:00	1.15846	1.15846	1.15834	1.15836	18.94
2025.11.13	06:26:00	1.15839	1.15842	1.15838	1.15842	11.70
2025.11.13	06:27:00	1.15840	1.15844	1.15837	1.15844	12.37
2025.11.13	06:28:00	1.15842	1.15845	1.15839	1.15839	7.38
2025.11.13	06:29:00	1.15838	1.15838	1.15832	1.15832	6.30
2025.11.13	06:30:00	1.15829	1.15834	1.15824	1.15827	30.14
2025.11.13	06:31:00	1.15826	1.15829	1.15824	1.15829	6.30
2025.11.13	06:32:00	1.15830	1.15830	1.15828	1.15828	4.50
2025.11.13	06:33:00	1.15826	1.15833	1.15822	1.15824	40.17
2025.11.13	06:34:00	1.15824	1.15824	1.15812	1.15813	46.84
2025.11.13	06:35:00	1.15812	1.15822	1.15812	1.15819	46.08
2025.11.13	06:36:00	1.15817	1.15823	1.15816	1.15818	41.20
2025.11.13	06:37:00	1.15819	1.15819	1.15812	1.15819	36.90
2025.11.13	06:38:00	1.15817	1.15820	1.15811	1.15815	31.50
2025.11.13	06:39:00	1.15815	1.15821	1.15812	1.15819	64.12
2025.11.13	06:40:00	1.15823	1.15830	1.15821	1.15828	33.75
2025.11.13	06:41:00	1.15829	1.15831	1.15826	1.15828	21.60
2025.11.13	06:42:00	1.15829	1.15840	1.15828	1.15834	45.81
2025.11.13	06:43:00	1.15836	1.15841	1.15834	1.15838	21.82
2025.11.13	06:44:00	1.15836	1.15837	1.15833	1.15835	24.07
2025.11.13	06:45:00	1.15836	1.15836	1.15822	1.15829	18.00
2025.11.13	06:46:00	1.15829	1.15835	1.15829	1.15832	10.80
2025.11.13	06:47:00	1.15831	1.15834	1.15831	1.15834	30.06
2025.11.13	06:48:00	1.15834	1.15834	1.15825	1.15825	53.29
2025.11.13	06:49:00	1.15822	1.15824	1.15820	1.15824	52.20
2025.11.13	06:50:00	1.15823	1.15832	1.15822	1.15823	35.28
2025.11.13	06:51:00	1.15823	1.15835	1.15823	1.15835	58.95
2025.11.13	06:52:00	1.15833	1.15844	1.15830	1.15842	37.89
2025.11.13	06:53:00	1.15841	1.15841	1.15838	1.15838	4.72
2025.11.13	06:54:00	1.15838	1.15838	1.15835	1.15836	6.30
2025.11.13	06:55:00	1.15838	1.15841	1.15836	1.15840	8.64
2025.11.13	06:56:00	1.15840	1.15842	1.15840	1.15840	9.00
2025.11.13	06:57:00	1.15838	1.15848	1.15836	1.15844	55.45
2025.11.13	06:58:00	1.15844	1.15850	1.15842	1.15850	21.93
2025.11.13	06:59:00	1.15850	1.15856	1.15850	1.15855	31.06
2025.11.13	07:00:00	1.15854	1.15854	1.15830	1.15840	137.76
2025.11.13	07:01:00	1.15837	1.15848	1.15834	1.15848	46.55
2025.11.13	07:02:00	1.15849	1.15855	1.15848	1.15852	30.46
2025.11.13	07:03:00	1.15854	1.15871	1.15854	1.15870	78.42
2025.11.13	07:04:00	1.15869	1.15869	1.15862	1.15862	67.95
2025.11.13	07:05:00	1.15864	1.15865	1.15854	1.15862	104.62
2025.11.13	07:06:00	1.15860	1.15865	1.15855	1.15856	65.07
2025.11.13	07:07:00	1.15855	1.15858	1.15850	1.15851	36.45
2025.11.13	07:08:00	1.15853	1.15865	1.15852	1.15858	41.37
2025.11.13	07:09:00	1.15857	1.15858	1.15846	1.15850	33.30
2025.11.13	07:10:00	1.15848	1.15870	1.15848	1.15868	68.40
2025.11.13	07:11:00	1.15865	1.15873	1.15862	1.15872	37.80
2025.11.13	07:12:00	1.15869	1.15870	1.15861	1.15866	61.20
2025.11.13	07:13:00	1.15866	1.15868	1.15864	1.15868	35.91
2025.11.13	07:14:00	1.15867	1.15883	1.15867	1.15873	79.19
2025.11.13	07:15:00	1.15873	1.15878	1.15873	1.15875	19.80
2025.11.13	07:16:00	1.15878	1.15880	1.15875	1.15875	27.90
2025.11.13	07:17:00	1.15876	1.15893	1.15876	1.15893	38.70
2025.11.13	07:18:00	1.15893	1.15900	1.15889	1.15889	40.05
2025.11.13	07:19:00	1.15885	1.15887	1.15878	1.15886	34.64
2025.11.13	07:20:00	1.15889	1.15889	1.15883	1.15884	23.40
2025.11.13	07:21:00	1.15887	1.15907	1.15885	1.15907	57.60
2025.11.13	07:22:00	1.15908	1.15909	1.15901	1.15903	47.70
2025.11.13	07:23:00	1.15904	1.15914	1.15902	1.15914	29.47
2025.11.13	07:24:00	1.15917	1.15918	1.15902	1.15903	87.52
2025.11.13	07:25:00	1.15903	1.15909	1.15901	1.15904	42.30
2025.11.13	07:26:00	1.15902	1.15911	1.15901	1.15903	49.72
2025.11.13	07:27:00	1.15905	1.15912	1.15899	1.15902	53.55
2025.11.13	07:28:00	1.15905	1.15922	1.15903	1.15920	63.42
2025.11.13	07:29:00	1.15921	1.15934	1.15921	1.15931	63.45
2025.11.13	07:30:00	1.15930	1.15941	1.15930	1.15937	48.15
2025.11.13	07:31:00	1.15941	1.15951	1.15937	1.15951	57.24
2025.11.13	07:32:00	1.15952	1.15982	1.15952	1.15966	127.92
2025.11.13	07:33:00	1.15967	1.15976	1.15958	1.15973	63.28
2025.11.13	07:34:00	1.15974	1.15978	1.15964	1.15969	55.80
2025.11.13	07:35:00	1.15966	1.15977	1.15962	1.15962	106.60
2025.11.13	07:36:00	1.15961	1.15969	1.15952	1.15969	70.77
2025.11.13	07:37:00	1.15968	1.15983	1.15966	1.15977	40.26
2025.11.13	07:38:00	1.15977	1.15989	1.15975	1.15979	34.96
2025.11.13	07:39:00	1.15976	1.16017	1.15976	1.16017	51.72
2025.11.13	07:40:00	1.16020	1.16039	1.16019	1.16037	105.34
2025.11.13	07:41:00	1.16037	1.16040	1.16029	1.16031	104.67
2025.11.13	07:42:00	1.16026	1.16038	1.16020	1.16034	181.71
2025.11.13	07:43:00	1.16033	1.16041	1.16033	1.16039	44.55
2025.11.13	07:44:00	1.16040	1.16040	1.16026	1.16027	78.07
2025.11.13	07:45:00	1.16028	1.16038	1.16028	1.16037	41.34
2025.11.13	07:46:00	1.16038	1.16056	1.16031	1.16052	128.97
2025.11.13	07:47:00	1.16052	1.16058	1.16041	1.16046	117.45
2025.11.13	07:48:00	1.16047	1.16060	1.16047	1.16054	96.07
2025.11.13	07:49:00	1.16053	1.16059	1.16049	1.16056	142.29
2025.11.13	07:50:00	1.16054	1.16089	1.16054	1.16089	68.82
2025.11.13	07:51:00	1.16087	1.16111	1.16087	1.16102	135.71
2025.11.13	07:52:00	1.16101	1.16105	1.16093	1.16093	55.96
2025.11.13	07:53:00	1.16093	1.16097	1.16069	1.16070	118.92
2025.11.13	07:54:00	1.16071	1.16074	1.16066	1.16073	104.23
2025.11.13	07:55:00	1.16072	1.16091	1.16070	1.16086	82.81
2025.11.13	07:56:00	1.16087	1.16102	1.16086	1.16095	73.92
2025.11.13	07:57:00	1.16095	1.16099	1.16092	1.16098	40.81
2025.11.13	07:58:00	1.16098	1.16110	1.16094	1.16107	69.61
2025.11.13	07:59:00	1.16110	1.16121	1.16110	1.16111	75.62
2025.11.13	08:00:00	1.16113	1.16135	1.16108	1.16135	195.98
2025.11.13	08:01:00	1.16136	1.16146	1.16121	1.16124	160.73
2025.11.13	08:02:00	1.16124	1.16134	1.16123	1.16132	51.49
2025.11.13	08:03:00	1.16135	1.16155	1.16134	1.16148	103.16
2025.11.13	08:04:00	1.16148	1.16148	1.16134	1.16136	125.15
2025.11.13	08:05:00	1.16135	1.16136	1.16127	1.16127	60.87
2025.11.13	08:06:00	1.16125	1.16127	1.16119	1.16121	44.29
2025.11.13	08:07:00	1.16121	1.16144	1.16121	1.16144	70.21
2025.11.13	08:08:00	1.16146	1.16160	1.16145	1.16158	106.45
2025.11.13	08:09:00	1.16159	1.16192	1.16159	1.16171	153.76
2025.11.13	08:10:00	1.16173	1.16177	1.16169	1.16173	54.83
2025.11.13	08:11:00	1.16172	1.16184	1.16171	1.16176	62.79
2025.11.13	08:12:00	1.16177	1.16192	1.16177	1.16185	74.53
2025.11.13	08:13:00	1.16187	1.16187	1.16181	1.16183	20.44
2025.11.13	08:14:00	1.16187	1.16192	1.16183	1.16189	36.22
2025.11.13	08:15:00	1.16192	1.16192	1.16175	1.16177	52.20
2025.11.13	08:16:00	1.16176	1.16178	1.16161	1.16161	64.54
2025.11.13	08:17:00	1.16161	1.16164	1.16142	1.16157	177.94
2025.11.13	08:18:00	1.16155	1.16167	1.16150	1.16155	137.66
2025.11.13	08:19:00	1.16157	1.16157	1.16142	1.16144	72.04
2025.11.13	08:20:00	1.16147	1.16156	1.16141	1.16150	157.36
2025.11.13	08:21:00	1.16151	1.16151	1.16132	1.16132	113.01
2025.11.13	08:22:00	1.16134	1.16143	1.16129	1.16136	70.37
2025.11.13	08:23:00	1.16136	1.16145	1.16121	1.16125	90.14
2025.11.13	08:24:00	1.16127	1.16137	1.16117	1.16132	158.31
2025.11.13	08:25:00	1.16132	1.16143	1.16131	1.16142	98.01
2025.11.13	08:26:00	1.16143	1.16160	1.16142	1.16158	42.49
2025.11.13	08:27:00	1.16159	1.16159	1.16148	1.16149	42.75
2025.11.13	08:28:00	1.16150	1.16150	1.16128	1.16131	110.05
2025.11.13	08:29:00	1.16131	1.16137	1.16131	1.16133	77.12
2025.11.13	08:30:00	1.16134	1.16156	1.16134	1.16149	112.88
2025.11.13	08:31:00	1.16151	1.16160	1.16144	1.16152	107.69
2025.11.13	08:32:00	1.16153	1.16163	1.16143	1.16153	186.76
2025.11.13	08:33:00	1.16151	1.16154	1.16143	1.16151	155.87
2025.11.13	08:34:00	1.16149	1.16166	1.16143	1.16155	99.59
2025.11.13	08:35:00	1.16156	1.16157	1.16139	1.16146	105.83
2025.11.13	08:36:00	1.16146	1.16149	1.16131	1.16135	116.42
2025.11.13	08:37:00	1.16135	1.16138	1.16121	1.16121	104.52
2025.11.13	08:38:00	1.16122	1.16126	1.16105	1.16109	119.80
2025.11.13	08:39:00	1.16108	1.16108	1.16100	1.16103	34.25
2025.11.13	08:40:00	1.16102	1.16118	1.16101	1.16103	76.60
2025.11.13	08:41:00	1.16103	1.16117	1.16102	1.16106	52.60
2025.11.13	08:42:00	1.16106	1.16121	1.16106	1.16120	45.19
2025.11.13	08:43:00	1.16119	1.16124	1.16118	1.16122	33.49
2025.11.13	08:44:00	1.16118	1.16119	1.16110	1.16116	35.48
2025.11.13	08:45:00	1.16117	1.16137	1.16111	1.16132	99.85
2025.11.13	08:46:00	1.16132	1.16134	1.16120	1.16121	35.43
2025.11.13	08:47:00	1.16120	1.16132	1.16120	1.16131	35.74
2025.11.13	08:48:00	1.16132	1.16134	1.16127	1.16130	35.99
2025.11.13	08:49:00	1.16128	1.16139	1.16126	1.16137	87.81
2025.11.13	08:50:00	1.16137	1.16146	1.16116	1.16146	95.64
2025.11.13	08:51:00	1.16148	1.16173	1.16146	1.16173	107.81
2025.11.13	08:52:00	1.16171	1.16202	1.16170	1.16198	112.69
2025.11.13	08:53:00	1.16199	1.16221	1.16197	1.16211	157.15
2025.11.13	08:54:00	1.16212	1.16213	1.16195	1.16207	114.66
2025.11.13	08:55:00	1.16207	1.16233	1.16207	1.16226	101.23
2025.11.13	08:56:00	1.16228	1.16257	1.16227	1.16252	129.80
2025.11.13	08:57:00	1.16253	1.16281	1.16252	1.16264	208.10
2025.11.13	08:58:00	1.16266	1.16274	1.16257	1.16260	123.30
2025.11.13	08:59:00	1.16261	1.16294	1.16260	1.16278	156.55
2025.11.13	09:00:00	1.16277	1.16283	1.16261	1.16280	195.14
2025.11.13	09:01:00	1.16278	1.16288	1.16267	1.16267	172.69
2025.11.13	09:02:00	1.16265	1.16279	1.16257	1.16278	125.57
2025.11.13	09:03:00	1.16277	1.16279	1.16254	1.16255	141.99
2025.11.13	09:04:00	1.16257	1.16257	1.16233	1.16233	210.66
2025.11.13	09:05:00	1.16235	1.16248	1.16234	1.16242	57.15
2025.11.13	09:06:00	1.16241	1.16275	1.16241	1.16274	158.71
2025.11.13	09:07:00	1.16272	1.16300	1.16272	1.16292	161.08
2025.11.13	09:08:00	1.16292	1.16303	1.16283	1.16301	163.01
2025.11.13	09:09:00	1.16303	1.16338	1.16298	1.16332	132.04
2025.11.13	09:10:00	1.16330	1.16335	1.16325	1.16332	184.95
2025.11.13	09:11:00	1.16333	1.16345	1.16332	1.16343	141.67
2025.11.13	09:12:00	1.16343	1.16346	1.16325	1.16326	123.63
2025.11.13	09:13:00	1.16325	1.16347	1.16325	1.16342	197.15
2025.11.13	09:14:00	1.16344	1.16344	1.16311	1.16316	142.99
2025.11.13	09:15:00	1.16317	1.16332	1.16313	1.16331	86.10
2025.11.13	09:16:00	1.16330	1.16333	1.16316	1.16317	100.43
2025.11.13	09:17:00	1.16315	1.16321	1.16306	1.16309	50.39
2025.11.13	09:18:00	1.16312	1.16318	1.16307	1.16312	74.99
2025.11.13	09:19:00	1.16312	1.16316	1.16298	1.16299	175.81
2025.11.13	09:20:00	1.16299	1.16302	1.16289	1.16290	87.82
2025.11.13	09:21:00	1.16291	1.16295	1.16285	1.16288	67.24
2025.11.13	09:22:00	1.16288	1.16303	1.16286	1.16300	67.45
2025.11.13	09:23:00	1.16302	1.16308	1.16292	1.16298	61.15
2025.11.13	09:24:00	1.16298	1.16298	1.16286	1.16292	51.50
2025.11.13	09:25:00	1.16293	1.16307	1.16293	1.16307	61.89
2025.11.13	09:26:00	1.16308	1.16321	1.16306	1.16318	39.34
2025.11.13	09:27:00	1.16316	1.16323	1.16305	1.16306	57.35
2025.11.13	09:28:00	1.16307	1.16313	1.16299	1.16306	82.45
2025.11.13	09:29:00	1.16303	1.16307	1.16296	1.16302	50.95
2025.11.13	09:30:00	1.16304	1.16337	1.16274	1.16276	133.25
2025.11.13	09:31:00	1.16277	1.16288	1.16264	1.16264	126.55
2025.11.13	09:32:00	1.16266	1.16273	1.16254	1.16256	100.19
2025.11.13	09:33:00	1.16255	1.16255	1.16228	1.16228	45.45
2025.11.13	09:34:00	1.16224	1.16233	1.16222	1.16229	72.61
2025.11.13	09:35:00	1.16233	1.16233	1.16181	1.16183	113.30
2025.11.13	09:36:00	1.16183	1.16191	1.16172	1.16172	94.88
2025.11.13	09:37:00	1.16173	1.16178	1.16152	1.16153	104.10
2025.11.13	09:38:00	1.16153	1.16165	1.16150	1.16152	79.28
2025.11.13	09:39:00	1.16144	1.16147	1.16107	1.16127	233.81
2025.11.13	09:40:00	1.16129	1.16140	1.16121	1.16138	132.87
2025.11.13	09:41:00	1.16134	1.16134	1.16112	1.16113	142.51
2025.11.13	09:42:00	1.16114	1.16114	1.16105	1.16112	112.38
2025.11.13	09:43:00	1.16113	1.16137	1.16108	1.16131	166.26
2025.11.13	09:44:00	1.16132	1.16138	1.16130	1.16132	160.31
2025.11.13	09:45:00	1.16134	1.16156	1.16131	1.16156	81.78
2025.11.13	09:46:00	1.16156	1.16179	1.16155	1.16176	93.46
2025.11.13	09:47:00	1.16178	1.16182	1.16168	1.16181	104.58
2025.11.13	09:48:00	1.16181	1.16188	1.16179	1.16182	76.42
2025.11.13	09:49:00	1.16180	1.16200	1.16176	1.16196	109.47
2025.11.13	09:50:00	1.16196	1.16201	1.16192	1.16201	78.86
2025.11.13	09:51:00	1.16201	1.16205	1.16167	1.16176	165.54
2025.11.13	09:52:00	1.16175	1.16175	1.16157	1.16161	60.61
2025.11.13	09:53:00	1.16161	1.16177	1.16159	1.16177	91.17
2025.11.13	09:54:00	1.16176	1.16213	1.16173	1.16210	89.32
2025.11.13	09:55:00	1.16206	1.16206	1.16196	1.16197	66.02
2025.11.13	09:56:00	1.16198	1.16200	1.16181	1.16181	73.47
2025.11.13	09:57:00	1.16183	1.16185	1.16177	1.16182	42.30
2025.11.13	09:58:00	1.16180	1.16182	1.16170	1.16170	39.11
2025.11.13	09:59:00	1.16171	1.16174	1.16164	1.16164	41.00
2025.11.13	10:00:00	1.16165	1.16165	1.16153	1.16162	51.44
2025.11.13	10:01:00	1.16163	1.16166	1.16152	1.16152	44.98
2025.11.13	10:02:00	1.16153	1.16159	1.16148	1.16151	79.28
2025.11.13	10:03:00	1.16151	1.16165	1.16148	1.16163	75.88
2025.11.13	10:04:00	1.16162	1.16167	1.16159	1.16162	33.10
2025.11.13	10:05:00	1.16165	1.16168	1.16158	1.16163	41.02
2025.11.13	10:06:00	1.16161	1.16168	1.16160	1.16160	53.12
2025.11.13	10:07:00	1.16159	1.16162	1.16145	1.16148	117.79
2025.11.13	10:08:00	1.16148	1.16153	1.16137	1.16138	59.48
2025.11.13	10:09:00	1.16140	1.16141	1.16127	1.16134	63.79
2025.11.13	10:10:00	1.16136	1.16163	1.16136	1.16153	53.25
2025.11.13	10:11:00	1.16157	1.16176	1.16157	1.16174	39.46
2025.11.13	10:12:00	1.16172	1.16174	1.16161	1.16169	83.43
2025.11.13	10:13:00	1.16168	1.16168	1.16156	1.16158	54.98
2025.11.13	10:14:00	1.16158	1.16163	1.16150	1.16160	55.65
2025.11.13	10:15:00	1.16161	1.16161	1.16141	1.16143	57.57
2025.11.13	10:16:00	1.16141	1.16160	1.16133	1.16160	50.09
2025.11.13	10:17:00	1.16159	1.16169	1.16156	1.16169	31.43
2025.11.13	10:18:00	1.16170	1.16208	1.16170	1.16207	74.20
2025.11.13	10:19:00	1.16208	1.16208	1.16200	1.16208	46.44
2025.11.13	10:20:00	1.16213	1.16219	1.16212	1.16219	42.75
2025.11.13	10:21:00	1.16218	1.16218	1.16203	1.16214	86.42
2025.11.13	10:22:00	1.16216	1.16234	1.16212	1.16231	72.40
2025.11.13	10:23:00	1.16232	1.16233	1.16214	1.16215	75.57
2025.11.13	10:24:00	1.16214	1.16220	1.16201	1.16217	57.46
2025.11.13	10:25:00	1.16218	1.16218	1.16193	1.16193	44.85
2025.11.13	10:26:00	1.16192	1.16192	1.16171	1.16172	87.45
2025.11.13	10:27:00	1.16172	1.16181	1.16171	1.16171	55.54
2025.11.13	10:28:00	1.16171	1.16180	1.16165	1.16177	109.22
2025.11.13	10:29:00	1.16175	1.16177	1.16167	1.16177	67.91
2025.11.13	10:30:00	1.16176	1.16178	1.16166	1.16169	73.58
2025.11.13	10:31:00	1.16169	1.16170	1.16159	1.16166	67.04
2025.11.13	10:32:00	1.16168	1.16179	1.16165	1.16178	34.65
2025.11.13	10:33:00	1.16177	1.16181	1.16170	1.16176	76.24
2025.11.13	10:34:00	1.16174	1.16179	1.16174	1.16175	45.83
2025.11.13	10:35:00	1.16174	1.16174	1.16162	1.16165	40.17
2025.11.13	10:36:00	1.16164	1.16180	1.16164	1.16176	76.45
2025.11.13	10:37:00	1.16175	1.16175	1.16161	1.16168	53.72
2025.11.13	10:38:00	1.16169	1.16172	1.16141	1.16143	69.76
2025.11.13	10:39:00	1.16141	1.16144	1.16132	1.16132	69.86
2025.11.13	10:40:00	1.16134	1.16150	1.16127	1.16146	72.07
2025.11.13	10:41:00	1.16147	1.16153	1.16140	1.16143	55.65
2025.11.13	10:42:00	1.16142	1.16146	1.16141	1.16146	59.07
2025.11.13	10:43:00	1.16146	1.16147	1.16125	1.16126	107.88
2025.11.13	10:44:00	1.16125	1.16128	1.16119	1.16123	154.73
2025.11.13	10:45:00	1.16123	1.16126	1.16116	1.16123	72.15
2025.11.13	10:46:00	1.16119	1.16130	1.16113	1.16128	78.63
2025.11.13	10:47:00	1.16129	1.16133	1.16124	1.16130	57.15
2025.11.13	10:48:00	1.16129	1.16133	1.16115	1.16118	36.90
2025.11.13	10:49:00	1.16119	1.16130	1.16119	1.16128	36.90
2025.11.13	10:50:00	1.16131	1.16131	1.16120	1.16122	82.44
2025.11.13	10:51:00	1.16121	1.16125	1.16113	1.16117	24.94
2025.11.13	10:52:00	1.16118	1.16133	1.16118	1.16133	19.80
2025.11.13	10:53:00	1.16131	1.16139	1.16121	1.16133	55.47
2025.11.13	10:54:00	1.16134	1.16144	1.16132	1.16143	13.50
2025.11.13	10:55:00	1.16146	1.16160	1.16142	1.16160	60.61
2025.11.13	10:56:00	1.16157	1.16168	1.16153	1.16167	66.73
2025.11.13	10:57:00	1.16169	1.16169	1.16160	1.16163	29.20
2025.11.13	10:58:00	1.16161	1.16164	1.16158	1.16158	35.07
2025.11.13	10:59:00	1.16155	1.16159	1.16146	1.16158	24.69
2025.11.13	11:00:00	1.16157	1.16164	1.16131	1.16133	71.77
2025.11.13	11:01:00	1.16136	1.16156	1.16135	1.16156	67.86
2025.11.13	11:02:00	1.16157	1.16173	1.16157	1.16172	65.82
2025.11.13	11:03:00	1.16172	1.16181	1.16160	1.16166	74.30
2025.11.13	11:04:00	1.16163	1.16174	1.16163	1.16174	35.86
2025.11.13	11:05:00	1.16172	1.16183	1.16172	1.16177	57.77
2025.11.13	11:06:00	1.16178	1.16187	1.16176	1.16181	36.90
2025.11.13	11:07:00	1.16182	1.16190	1.16182	1.16186	60.98
2025.11.13	11:08:00	1.16186	1.16186	1.16175	1.16181	37.45
2025.11.13	11:09:00	1.16178	1.16183	1.16175	1.16183	21.79
2025.11.13	11:10:00	1.16183	1.16183	1.16177	1.16177	11.25
2025.11.13	11:11:00	1.16178	1.16181	1.16173	1.16173	16.42
2025.11.13	11:12:00	1.16173	1.16185	1.16167	1.16182	24.39
2025.11.13	11:13:00	1.16181	1.16184	1.16170	1.16174	68.48
2025.11.13	11:14:00	1.16171	1.16176	1.16157	1.16157	54.92
2025.11.13	11:15:00	1.16154	1.16165	1.16154	1.16162	38.66
2025.11.13	11:16:00	1.16162	1.16162	1.16144	1.16145	86.37
2025.11.13	11:17:00	1.16145	1.16146	1.16133	1.16145	49.27
2025.11.13	11:18:00	1.16143	1.16144	1.16138	1.16139	36.19
2025.11.13	11:19:00	1.16139	1.16147	1.16131	1.16133	49.14
2025.11.13	11:20:00	1.16131	1.16142	1.16127	1.16135	50.10
2025.11.13	11:21:00	1.16137	1.16137	1.16122	1.16122	21.15
2025.11.13	11:22:00	1.16125	1.16131	1.16123	1.16128	69.30
2025.11.13	11:23:00	1.16128	1.16134	1.16122	1.16131	27.19
2025.11.13	11:24:00	1.16129	1.16133	1.16119	1.16130	35.93
2025.11.13	11:25:00	1.16133	1.16138	1.16131	1.16138	28.09
2025.11.13	11:26:00	1.16139	1.16140	1.16138	1.16140	8.10
2025.11.13	11:27:00	1.16138	1.16142	1.16136	1.16141	35.48
2025.11.13	11:28:00	1.16139	1.16151	1.16138	1.16148	54.83
2025.11.13	11:29:00	1.16149	1.16150	1.16144	1.16147	41.80
2025.11.13	11:30:00	1.16149	1.16153	1.16142	1.16142	23.97
2025.11.13	11:31:00	1.16142	1.16146	1.16133	1.16136	41.97
2025.11.13	11:32:00	1.16136	1.16145	1.16134	1.16144	28.50
2025.11.13	11:33:00	1.16147	1.16156	1.16146	1.16154	41.94
2025.11.13	11:34:00	1.16153	1.16174	1.16153	1.16172	86.64
2025.11.13	11:35:00	1.16172	1.16202	1.16172	1.16201	62.24
2025.11.13	11:36:00	1.16202	1.16202	1.16186	1.16187	60.45
2025.11.13	11:37:00	1.16186	1.16186	1.16175	1.16180	120.09
2025.11.13	11:38:00	1.16181	1.16182	1.16158	1.16166	92.97
2025.11.13	11:39:00	1.16165	1.16168	1.16161	1.16162	77.79
2025.11.13	11:40:00	1.16161	1.16165	1.16151	1.16156	97.58
2025.11.13	11:41:00	1.16155	1.16168	1.16145	1.16154	102.08
2025.11.13	11:42:00	1.16152	1.16163	1.16152	1.16157	87.03
2025.11.13	11:43:00	1.16158	1.16159	1.16132	1.16137	100.22
2025.11.13	11:44:00	1.16138	1.16142	1.16131	1.16131	132.13
2025.11.13	11:45:00	1.16131	1.16131	1.16108	1.16110	126.73
2025.11.13	11:46:00	1.16110	1.16128	1.16109	1.16113	94.52
2025.11.13	11:47:00	1.16113	1.16113	1.16086	1.16093	153.63
2025.11.13	11:48:00	1.16093	1.16093	1.16075	1.16088	121.90
2025.11.13	11:49:00	1.16088	1.16088	1.16068	1.16070	156.12
2025.11.13	11:50:00	1.16069	1.16073	1.16056	1.16056	93.70
2025.11.13	11:51:00	1.16056	1.16072	1.16056	1.16070	62.72
2025.11.13	11:52:00	1.16072	1.16101	1.16070	1.16082	107.77
2025.11.13	11:53:00	1.16081	1.16083	1.16067	1.16073	99.66
2025.11.13	11:54:00	1.16072	1.16074	1.16055	1.16055	244.08
2025.11.13	11:55:00	1.16055	1.16058	1.16049	1.16054	152.68
2025.11.13	11:56:00	1.16054	1.16078	1.16046	1.16078	114.73
2025.11.13	11:57:00	1.16077	1.16085	1.16070	1.16082	115.92
2025.11.13	11:58:00	1.16083	1.16083	1.16049	1.16049	112.22
2025.11.13	11:59:00	1.16050	1.16069	1.16047	1.16063	95.57
2025.11.13	12:00:00	1.16063	1.16078	1.16063	1.16076	64.81
2025.11.13	12:01:00	1.16074	1.16074	1.16058	1.16062	59.50
2025.11.13	12:02:00	1.16060	1.16073	1.16056	1.16070	50.59
2025.11.13	12:03:00	1.16069	1.16087	1.16068	1.16086	57.22
2025.11.13	12:04:00	1.16087	1.16099	1.16085	1.16093	102.99
2025.11.13	12:05:00	1.16092	1.16094	1.16085	1.16085	31.27
2025.11.13	12:06:00	1.16087	1.16089	1.16080	1.16086	34.57
2025.11.13	12:07:00	1.16087	1.16102	1.16085	1.16100	31.50
2025.11.13	12:08:00	1.16100	1.16100	1.16079	1.16085	67.09
2025.11.13	12:09:00	1.16087	1.16097	1.16084	1.16093	74.02
2025.11.13	12:10:00	1.16091	1.16099	1.16091	1.16096	37.65
2025.11.13	12:11:00	1.16098	1.16098	1.16091	1.16091	36.83
2025.11.13	12:12:00	1.16094	1.16101	1.16090	1.16097	49.33
2025.11.13	12:13:00	1.16098	1.16107	1.16096	1.16106	30.69
2025.11.13	12:14:00	1.16111	1.16116	1.16105	1.16112	54.83
2025.11.13	12:15:00	1.16112	1.16120	1.16110	1.16111	69.07
2025.11.13	12:16:00	1.16112	1.16117	1.16109	1.16114	82.54
2025.11.13	12:17:00	1.16116	1.16125	1.16112	1.16117	35.86
2025.11.13	12:18:00	1.16116	1.16118	1.16103	1.16118	74.67
2025.11.13	12:19:00	1.16120	1.16130	1.16120	1.16122	53.34
2025.11.13	12:20:00	1.16123	1.16132	1.16121	1.16124	46.91
2025.11.13	12:21:00	1.16123	1.16125	1.16108	1.16122	56.99
2025.11.13	12:22:00	1.16119	1.16132	1.16115	1.16131	53.44
2025.11.13	12:23:00	1.16133	1.16135	1.16131	1.16131	38.25
2025.11.13	12:24:00	1.16133	1.16145	1.16130	1.16145	42.73
2025.11.13	12:25:00	1.16143	1.16143	1.16126	1.16131	95.42
2025.11.13	12:26:00	1.16130	1.16133	1.16126	1.16131	80.19
2025.11.13	12:27:00	1.16133	1.16145	1.16130	1.16142	92.70
2025.11.13	12:28:00	1.16145	1.16150	1.16139	1.16150	134.48
2025.11.13	12:29:00	1.16151	1.16152	1.16140	1.16142	130.19
2025.11.13	12:30:00	1.16140	1.16151	1.16140	1.16149	96.52
2025.11.13	12:31:00	1.16149	1.16157	1.16146	1.16157	42.84
2025.11.13	12:32:00	1.16155	1.16156	1.16151	1.16153	33.49
2025.11.13	12:33:00	1.16154	1.16164	1.16145	1.16146	140.35
2025.11.13	12:34:00	1.16147	1.16150	1.16134	1.16148	125.55
2025.11.13	12:35:00	1.16149	1.16167	1.16142	1.16167	155.72
2025.11.13	12:36:00	1.16168	1.16185	1.16168	1.16185	164.23
2025.11.13	12:37:00	1.16185	1.16188	1.16170	1.16179	175.64
2025.11.13	12:38:00	1.16182	1.16202	1.16177	1.16197	131.04
2025.11.13	12:39:00	1.16197	1.16198	1.16182	1.16187	212.50
2025.11.13	12:40:00	1.16186	1.16187	1.16157	1.16163	218.50
2025.11.13	12:41:00	1.16163	1.16164	1.16150	1.16151	146.28
2025.11.13	12:42:00	1.16152	1.16178	1.16150	1.16168	207.13
2025.11.13	12:43:00	1.16167	1.16174	1.16154	1.16157	94.20
2025.11.13	12:44:00	1.16157	1.16182	1.16156	1.16181	85.84
2025.11.13	12:45:00	1.16183	1.16188	1.16172	1.16178	98.96
2025.11.13	12:46:00	1.16179	1.16191	1.16172	1.16191	92.63
2025.11.13	12:47:00	1.16192	1.16200	1.16192	1.16192	87.03
2025.11.13	12:48:00	1.16189	1.16191	1.16175	1.16180	104.23
2025.11.13	12:49:00	1.16178	1.16185	1.16177	1.16185	32.33
2025.11.13	12:50:00	1.16187	1.16193	1.16185	1.16193	87.42
2025.11.13	12:51:00	1.16192	1.16208	1.16192	1.16199	102.60
2025.11.13	12:52:00	1.16201	1.16224	1.16200	1.16222	96.42
2025.11.13	12:53:00	1.16223	1.16223	1.16208	1.16209	118.85
2025.11.13	12:54:00	1.16208	1.16216	1.16208	1.16213	74.33
2025.11.13	12:55:00	1.16211	1.16211	1.16185	1.16185	137.93
2025.11.13	12:56:00	1.16184	1.16193	1.16177	1.16187	100.57
2025.11.13	12:57:00	1.16189	1.16222	1.16189	1.16219	158.64
2025.11.13	12:58:00	1.16221	1.16228	1.16211	1.16223	200.33
2025.11.13	12:59:00	1.16224	1.16229	1.16216	1.16227	176.28
2025.11.13	13:00:00	1.16229	1.16249	1.16216	1.16223	287.54
2025.11.13	13:01:00	1.16223	1.16231	1.16213	1.16213	160.44
2025.11.13	13:02:00	1.16215	1.16218	1.16205	1.16210	95.40
2025.11.13	13:03:00	1.16212	1.16218	1.16207	1.16210	89.46
2025.11.13	13:04:00	1.16211	1.16211	1.16205	1.16206	225.82
2025.11.13	13:05:00	1.16207	1.16215	1.16198	1.16200	75.56
2025.11.13	13:06:00	1.16199	1.16203	1.16189	1.16192	62.22
2025.11.13	13:07:00	1.16194	1.16210	1.16187	1.16210	59.26
2025.11.13	13:08:00	1.16211	1.16214	1.16198	1.16203	84.58
2025.11.13	13:09:00	1.16202	1.16205	1.16186	1.16188	69.80
2025.11.13	13:10:00	1.16188	1.16188	1.16172	1.16175	80.32
2025.11.13	13:11:00	1.16174	1.16188	1.16166	1.16186	72.62
2025.11.13	13:12:00	1.16186	1.16200	1.16186	1.16191	142.79
2025.11.13	13:13:00	1.16192	1.16201	1.16190	1.16198	59.00
2025.11.13	13:14:00	1.16197	1.16204	1.16193	1.16203	33.68
2025.11.13	13:15:00	1.16204	1.16207	1.16200	1.16207	55.12
2025.11.13	13:16:00	1.16210	1.16233	1.16210	1.16229	83.16
2025.11.13	13:17:00	1.16227	1.16230	1.16225	1.16227	28.73
2025.11.13	13:18:00	1.16228	1.16238	1.16227	1.16227	45.50
2025.11.13	13:19:00	1.16227	1.16232	1.16209	1.16212	58.35
2025.11.13	13:20:00	1.16214	1.16214	1.16190	1.16190	62.65
2025.11.13	13:21:00	1.16188	1.16190	1.16181	1.16186	41.42
2025.11.13	13:22:00	1.16185	1.16197	1.16182	1.16195	33.15
2025.11.13	13:23:00	1.16195	1.16203	1.16192	1.16203	32.16
2025.11.13	13:24:00	1.16206	1.16213	1.16202	1.16202	53.72
2025.11.13	13:25:00	1.16204	1.16213	1.16179	1.16179	105.42
2025.11.13	13:26:00	1.16179	1.16180	1.16174	1.16179	24.94
2025.11.13	13:27:00	1.16180	1.16180	1.16168	1.16169	67.90
2025.11.13	13:28:00	1.16169	1.16181	1.16166	1.16166	25.58
2025.11.13	13:29:00	1.16163	1.16164	1.16151	1.16152	75.86
2025.11.13	13:30:00	1.16151	1.16155	1.16147	1.16149	81.57
2025.11.13	13:31:00	1.16153	1.16154	1.16132	1.16143	26.74
2025.11.13	13:32:00	1.16144	1.16166	1.16144	1.16162	43.25
2025.11.13	13:33:00	1.16161	1.16164	1.16142	1.16142	59.89
2025.11.13	13:34:00	1.16142	1.16157	1.16126	1.16157	134.27
2025.11.13	13:35:00	1.16156	1.16160	1.16140	1.16152	170.12
2025.11.13	13:36:00	1.16151	1.16160	1.16139	1.16154	86.85
2025.11.13	13:37:00	1.16153	1.16154	1.16140	1.16148	103.98
2025.11.13	13:38:00	1.16146	1.16149	1.16140	1.16141	59.05
2025.11.13	13:39:00	1.16142	1.16148	1.16131	1.16139	61.98
2025.11.13	13:40:00	1.16140	1.16153	1.16124	1.16128	105.53
2025.11.13	13:41:00	1.16131	1.16132	1.16116	1.16119	102.32
2025.11.13	13:42:00	1.16117	1.16128	1.16117	1.16128	82.74
2025.11.13	13:43:00	1.16133	1.16144	1.16132	1.16141	75.47
2025.11.13	13:44:00	1.16142	1.16144	1.16133	1.16142	243.70
2025.11.13	13:45:00	1.16140	1.16163	1.16139	1.16156	130.66
2025.11.13	13:46:00	1.16155	1.16155	1.16132	1.16139	106.77
2025.11.13	13:47:00	1.16139	1.16143	1.16131	1.16133	113.54
2025.11.13	13:48:00	1.16131	1.16143	1.16131	1.16143	55.09
2025.11.13	13:49:00	1.16141	1.16162	1.16140	1.16154	84.09
2025.11.13	13:50:00	1.16152	1.16158	1.16137	1.16156	83.85
2025.11.13	13:51:00	1.16155	1.16164	1.16153	1.16155	94.59
2025.11.13	13:52:00	1.16154	1.16167	1.16154	1.16166	142.16
2025.11.13	13:53:00	1.16167	1.16172	1.16160	1.16160	105.81
2025.11.13	13:54:00	1.16162	1.16174	1.16160	1.16166	60.81
2025.11.13	13:55:00	1.16168	1.16177	1.16167	1.16175	45.11
2025.11.13	13:56:00	1.16176	1.16197	1.16176	1.16181	92.00
2025.11.13	13:57:00	1.16184	1.16193	1.16181	1.16193	55.88
2025.11.13	13:58:00	1.16190	1.16199	1.16190	1.16197	57.90
2025.11.13	13:59:00	1.16198	1.16205	1.16188	1.16204	56.98
2025.11.13	14:00:00	1.16207	1.16232	1.16204	1.16229	111.08
2025.11.13	14:01:00	1.16229	1.16230	1.16205	1.16211	80.06
2025.11.13	14:02:00	1.16212	1.16217	1.16196	1.16203	72.38
2025.11.13	14:03:00	1.16200	1.16218	1.16196	1.16212	86.18
2025.11.13	14:04:00	1.16212	1.16232	1.16212	1.16220	161.37
2025.11.13	14:05:00	1.16224	1.16228	1.16205	1.16205	161.14
2025.11.13	14:06:00	1.16204	1.16217	1.16203	1.16210	128.33
2025.11.13	14:07:00	1.16212	1.16212	1.16186	1.16198	118.77
2025.11.13	14:08:00	1.16199	1.16200	1.16189	1.16190	108.20
2025.11.13	14:09:00	1.16190	1.16200	1.16190	1.16194	75.98
2025.11.13	14:10:00	1.16192	1.16192	1.16173	1.16183	116.42
2025.11.13	14:11:00	1.16183	1.16200	1.16183	1.16194	91.58
2025.11.13	14:12:00	1.16196	1.16213	1.16194	1.16194	85.44
2025.11.13	14:13:00	1.16197	1.16197	1.16189	1.16190	30.22
2025.11.13	14:14:00	1.16190	1.16191	1.16182	1.16186	50.48
2025.11.13	14:15:00	1.16186	1.16201	1.16186	1.16190	80.77
2025.11.13	14:16:00	1.16189	1.16197	1.16185	1.16195	165.58
2025.11.13	14:17:00	1.16192	1.16194	1.16186	1.16192	67.69
2025.11.13	14:18:00	1.16192	1.16207	1.16191	1.16197	93.10
2025.11.13	14:19:00	1.16198	1.16203	1.16194	1.16202	96.73
2025.11.13	14:20:00	1.16200	1.16208	1.16186	1.16197	214.18
2025.11.13	14:21:00	1.16197	1.16198	1.16183	1.16189	235.77
2025.11.13	14:22:00	1.16189	1.16197	1.16185	1.16190	81.90
2025.11.13	14:23:00	1.16188	1.16197	1.16176	1.16179	101.34
2025.11.13	14:24:00	1.16177	1.16183	1.16171	1.16174	116.73
2025.11.13	14:25:00	1.16175	1.16191	1.16174	1.16185	167.76
2025.11.13	14:26:00	1.16187	1.16188	1.16167	1.16184	211.69
2025.11.13	14:27:00	1.16185	1.16187	1.16173	1.16176	94.80
2025.11.13	14:28:00	1.16177	1.16188	1.16177	1.16186	47.10
2025.11.13	14:29:00	1.16187	1.16190	1.16185	1.16185	49.24
2025.11.13	14:30:00	1.16184	1.16196	1.16183	1.16193	318.23
2025.11.13	14:31:00	1.16195	1.16209	1.16189	1.16205	124.56
2025.11.13	14:32:00	1.16205	1.16206	1.16189	1.16203	98.77
2025.11.13	14:33:00	1.16202	1.16230	1.16191	1.16226	167.21
2025.11.13	14:34:00	1.16226	1.16240	1.16226	1.16234	97.70
2025.11.13	14:35:00	1.16237	1.16281	1.16237	1.16281	183.33
2025.11.13	14:36:00	1.16281	1.16293	1.16272	1.16284	188.75
2025.11.13	14:37:00	1.16285	1.16285	1.16254	1.16254	148.57
2025.11.13	14:38:00	1.16254	1.16275	1.16254	1.16269	191.69
2025.11.13	14:39:00	1.16269	1.16292	1.16269	1.16272	196.79
2025.11.13	14:40:00	1.16272	1.16296	1.16270	1.16291	80.06
2025.11.13	14:41:00	1.16292	1.16296	1.16276	1.16276	74.92
2025.11.13	14:42:00	1.16277	1.16279	1.16259	1.16262	80.51
2025.11.13	14:43:00	1.16262	1.16267	1.16246	1.16267	126.33
2025.11.13	14:44:00	1.16268	1.16280	1.16253	1.16280	254.28
2025.11.13	14:45:00	1.16282	1.16310	1.16282	1.16307	260.33
2025.11.13	14:46:00	1.16307	1.16308	1.16268	1.16269	317.89
2025.11.13	14:47:00	1.16268	1.16291	1.16249	1.16291	398.97
2025.11.13	14:48:00	1.16290	1.16291	1.16261	1.16271	427.45
2025.11.13	14:49:00	1.16269	1.16279	1.16268	1.16274	267.45
2025.11.13	14:50:00	1.16274	1.16283	1.16271	1.16276	184.88
2025.11.13	14:51:00	1.16277	1.16288	1.16270	1.16275	238.11
2025.11.13	14:52:00	1.16276	1.16282	1.16271	1.16276	227.80
2025.11.13	14:53:00	1.16275	1.16276	1.16241	1.16246	153.66
2025.11.13	14:54:00	1.16245	1.16268	1.16245	1.16263	211.30
2025.11.13	14:55:00	1.16263	1.16284	1.16262	1.16280	234.76
2025.11.13	14:56:00	1.16280	1.16284	1.16269	1.16282	264.47
2025.11.13	14:57:00	1.16282	1.16283	1.16244	1.16262	213.01
2025.11.13	14:58:00	1.16261	1.16264	1.16256	1.16259	289.74
2025.11.13	14:59:00	1.16258	1.16280	1.16255	1.16278	287.10
2025.11.13	15:00:00	1.16278	1.16278	1.16252	1.16257	331.87
2025.11.13	15:01:00	1.16256	1.16261	1.16242	1.16246	375.93
2025.11.13	15:02:00	1.16248	1.16268	1.16245	1.16265	313.25
2025.11.13	15:03:00	1.16267	1.16270	1.16254	1.16259	272.09
2025.11.13	15:04:00	1.16258	1.16291	1.16252	1.16290	326.34
2025.11.13	15:05:00	1.16291	1.16293	1.16258	1.16278	364.96
2025.11.13	15:06:00	1.16277	1.16284	1.16253	1.16262	346.43
2025.11.13	15:07:00	1.16264	1.16265	1.16239	1.16243	208.71
2025.11.13	15:08:00	1.16241	1.16251	1.16239	1.16248	339.42
2025.11.13	15:09:00	1.16247	1.16255	1.16241	1.16245	253.17
2025.11.13	15:10:00	1.16246	1.16267	1.16244	1.16267	244.44
2025.11.13	15:11:00	1.16267	1.16298	1.16266	1.16289	152.28
2025.11.13	15:12:00	1.16289	1.16291	1.16272	1.16276	253.94
2025.11.13	15:13:00	1.16277	1.16277	1.16264	1.16265	167.59
2025.11.13	15:14:00	1.16265	1.16273	1.16259	1.16259	155.89
2025.11.13	15:15:00	1.16260	1.16262	1.16243	1.16244	345.98
2025.11.13	15:16:00	1.16244	1.16246	1.16233	1.16241	231.30
2025.11.13	15:17:00	1.16241	1.16246	1.16229	1.16233	189.40
2025.11.13	15:18:00	1.16231	1.16265	1.16231	1.16261	273.55
2025.11.13	15:19:00	1.16261	1.16270	1.16255	1.16268	286.34
2025.11.13	15:20:00	1.16268	1.16268	1.16258	1.16264	212.17
2025.11.13	15:21:00	1.16264	1.16282	1.16257	1.16273	301.87
2025.11.13	15:22:00	1.16274	1.16285	1.16274	1.16280	265.03
2025.11.13	15:23:00	1.16279	1.16282	1.16269	1.16270	128.94
2025.11.13	15:24:00	1.16270	1.16293	1.16268	1.16292	180.37
2025.11.13	15:25:00	1.16292	1.16297	1.16277	1.16281	145.06
2025.11.13	15:26:00	1.16280	1.16282	1.16267	1.16271	151.79
2025.11.13	15:27:00	1.16270	1.16282	1.16269	1.16276	157.69
2025.11.13	15:28:00	1.16275	1.16297	1.16274	1.16297	159.31
2025.11.13	15:29:00	1.16296	1.16309	1.16295	1.16307	146.45
2025.11.13	15:30:00	1.16307	1.16337	1.16307	1.16326	145.15
2025.11.13	15:31:00	1.16325	1.16334	1.16324	1.16330	90.43
2025.11.13	15:32:00	1.16331	1.16337	1.16329	1.16332	71.19
2025.11.13	15:33:00	1.16331	1.16343	1.16330	1.16337	98.32
2025.11.13	15:34:00	1.16335	1.16356	1.16333	1.16352	130.29
2025.11.13	15:35:00	1.16351	1.16366	1.16339	1.16365	274.69
2025.11.13	15:36:00	1.16365	1.16378	1.16365	1.16368	141.25
2025.11.13	15:37:00	1.16367	1.16372	1.16343	1.16371	88.46
2025.11.13	15:38:00	1.16374	1.16387	1.16369	1.16380	182.63
2025.11.13	15:39:00	1.16380	1.16404	1.16379	1.16401	146.51
2025.11.13	15:40:00	1.16404	1.16426	1.16398	1.16413	202.28
2025.11.13	15:41:00	1.16411	1.16416	1.16389	1.16400	135.75
2025.11.13	15:42:00	1.16402	1.16411	1.16392	1.16399	96.39
2025.11.13	15:43:00	1.16400	1.16422	1.16400	1.16412	107.10
2025.11.13	15:44:00	1.16411	1.16414	1.16403	1.16411	82.08
2025.11.13	15:45:00	1.16414	1.16430	1.16414	1.16429	211.60
2025.11.13	15:46:00	1.16427	1.16427	1.16379	1.16397	149.95
2025.11.13	15:47:00	1.16397	1.16402	1.16369	1.16379	139.23
2025.11.13	15:48:00	1.16378	1.16381	1.16363	1.16374	122.37
2025.11.13	15:49:00	1.16373	1.16389	1.16371	1.16374	108.39
2025.11.13	15:50:00	1.16375	1.16379	1.16370	1.16377	87.07
2025.11.13	15:51:00	1.16378	1.16406	1.16371	1.16398	117.66
2025.11.13	15:52:00	1.16400	1.16417	1.16395	1.16402	87.88
2025.11.13	15:53:00	1.16402	1.16414	1.16401	1.16403	57.87
2025.11.13	15:54:00	1.16402	1.16402	1.16386	1.16390	95.74
2025.11.13	15:55:00	1.16392	1.16416	1.16384	1.16395	121.66
2025.11.13	15:56:00	1.16394	1.16426	1.16394	1.16412	163.52
2025.11.13	15:57:00	1.16411	1.16422	1.16401	1.16402	156.82
2025.11.13	15:58:00	1.16402	1.16409	1.16399	1.16401	73.87
2025.11.13	15:59:00	1.16400	1.16400	1.16389	1.16391	124.78
2025.11.13	16:00:00	1.16390	1.16392	1.16374	1.16376	174.47
2025.11.13	16:01:00	1.16378	1.16383	1.16372	1.16377	149.94
2025.11.13	16:02:00	1.16377	1.16380	1.16368	1.16370	260.01
2025.11.13	16:03:00	1.16372	1.16396	1.16365	1.16385	129.19
2025.11.13	16:04:00	1.16387	1.16413	1.16387	1.16406	91.87
2025.11.13	16:05:00	1.16409	1.16420	1.16408	1.16419	47.34
2025.11.13	16:06:00	1.16419	1.16424	1.16410	1.16419	77.19
2025.11.13	16:07:00	1.16421	1.16424	1.16390	1.16390	111.03
2025.11.13	16:08:00	1.16391	1.16401	1.16391	1.16396	119.37
2025.11.13	16:09:00	1.16395	1.16408	1.16395	1.16404	90.98
2025.11.13	16:10:00	1.16405	1.16412	1.16399	1.16407	175.71
2025.11.13	16:11:00	1.16410	1.16418	1.16395	1.16401	74.97
2025.11.13	16:12:00	1.16403	1.16414	1.16394	1.16413	79.08
2025.11.13	16:13:00	1.16416	1.16429	1.16403	1.16406	97.63
2025.11.13	16:14:00	1.16407	1.16427	1.16405	1.16427	92.07
2025.11.13	16:15:00	1.16425	1.16427	1.16404	1.16405	140.50
2025.11.13	16:16:00	1.16406	1.16408	1.16397	1.16401	86.85
2025.11.13	16:17:00	1.16401	1.16427	1.16401	1.16425	86.40
2025.11.13	16:18:00	1.16428	1.16429	1.16419	1.16425	138.13
2025.11.13	16:19:00	1.16424	1.16426	1.16407	1.16409	129.46
2025.11.13	16:20:00	1.16411	1.16428	1.16409	1.16426	122.58
2025.11.13	16:21:00	1.16427	1.16430	1.16414	1.16421	122.87
2025.11.13	16:22:00	1.16420	1.16425	1.16418	1.16420	62.49
2025.11.13	16:23:00	1.16420	1.16420	1.16404	1.16416	111.83
2025.11.13	16:24:00	1.16416	1.16416	1.16409	1.16410	95.36
2025.11.13	16:25:00	1.16408	1.16415	1.16404	1.16410	146.35
2025.11.13	16:26:00	1.16411	1.16429	1.16403	1.16427	150.96
2025.11.13	16:27:00	1.16429	1.16446	1.16428	1.16441	135.27
2025.11.13	16:28:00	1.16442	1.16446	1.16413	1.16425	180.63
2025.11.13	16:29:00	1.16426	1.16440	1.16424	1.16436	87.52
2025.11.13	16:30:00	1.16435	1.16448	1.16431	1.16437	120.04
2025.11.13	16:31:00	1.16438	1.16448	1.16438	1.16440	71.14
2025.11.13	16:32:00	1.16443	1.16464	1.16440	1.16462	107.52
2025.11.13	16:33:00	1.16461	1.16461	1.16453	1.16456	88.15
2025.11.13	16:34:00	1.16456	1.16460	1.16452	1.16452	75.81
2025.11.13	16:35:00	1.16454	1.16477	1.16454	1.16470	171.99
2025.11.13	16:36:00	1.16470	1.16479	1.16468	1.16470	75.27
2025.11.13	16:37:00	1.16472	1.16475	1.16460	1.16465	96.06
2025.11.13	16:38:00	1.16466	1.16470	1.16459	1.16466	91.12
2025.11.13	16:39:00	1.16465	1.16467	1.16450	1.16457	101.47
2025.11.13	16:40:00	1.16456	1.16457	1.16440	1.16448	105.68
2025.11.13	16:41:00	1.16448	1.16451	1.16432	1.16432	150.41
2025.11.13	16:42:00	1.16432	1.16453	1.16432	1.16446	107.30
2025.11.13	16:43:00	1.16444	1.16458	1.16443	1.16454	83.13
2025.11.13	16:44:00	1.16454	1.16466	1.16454	1.16465	61.68
2025.11.13	16:45:00	1.16465	1.16471	1.16463	1.16463	88.64
2025.11.13	16:46:00	1.16461	1.16469	1.16450	1.16452	90.39
2025.11.13	16:47:00	1.16451	1.16457	1.16422	1.16427	74.36
2025.11.13	16:48:00	1.16425	1.16454	1.16425	1.16445	110.20
2025.11.13	16:49:00	1.16447	1.16468	1.16446	1.16453	204.58
2025.11.13	16:50:00	1.16451	1.16457	1.16447	1.16448	136.09
2025.11.13	16:51:00	1.16444	1.16446	1.16425	1.16425	177.37
2025.11.13	16:52:00	1.16426	1.16434	1.16425	1.16428	137.19
2025.11.13	16:53:00	1.16430	1.16450	1.16425	1.16445	71.64
2025.11.13	16:54:00	1.16445	1.16447	1.16430	1.16430	117.19
2025.11.13	16:55:00	1.16432	1.16447	1.16431	1.16447	158.94
2025.11.13	16:56:00	1.16446	1.16451	1.16443	1.16451	149.80
2025.11.13	16:57:00	1.16457	1.16476	1.16457	1.16472	165.48
2025.11.13	16:58:00	1.16472	1.16480	1.16464	1.16477	181.38
2025.11.13	16:59:00	1.16476	1.16488	1.16474	1.16487	91.32
2025.11.13	17:00:00	1.16486	1.16488	1.16480	1.16483	86.75
2025.11.13	17:01:00	1.16485	1.16493	1.16480	1.16490	152.97
2025.11.13	17:02:00	1.16490	1.16491	1.16480	1.16485	152.44
2025.11.13	17:03:00	1.16484	1.16487	1.16477	1.16482	94.01
2025.11.13	17:04:00	1.16482	1.16486	1.16477	1.16485	104.81
2025.11.13	17:05:00	1.16484	1.16487	1.16470	1.16470	90.89
2025.11.13	17:06:00	1.16472	1.16486	1.16472	1.16485	32.85
2025.11.13	17:07:00	1.16489	1.16499	1.16487	1.16494	204.66
2025.11.13	17:08:00	1.16497	1.16499	1.16495	1.16496	40.17
2025.11.13	17:09:00	1.16495	1.16509	1.16494	1.16500	100.84
2025.11.13	17:10:00	1.16499	1.16508	1.16498	1.16499	143.67
2025.11.13	17:11:00	1.16499	1.16500	1.16488	1.16489	71.32
2025.11.13	17:12:00	1.16489	1.16493	1.16480	1.16491	80.38
2025.11.13	17:13:00	1.16489	1.16490	1.16481	1.16490	61.68
2025.11.13	17:14:00	1.16489	1.16491	1.16480	1.16483	35.89
2025.11.13	17:15:00	1.16485	1.16494	1.16484	1.16491	87.49
2025.11.13	17:16:00	1.16492	1.16505	1.16492	1.16498	157.78
2025.11.13	17:17:00	1.16497	1.16508	1.16496	1.16505	148.05
2025.11.13	17:18:00	1.16505	1.16520	1.16504	1.16515	118.39
2025.11.13	17:19:00	1.16516	1.16525	1.16511	1.16522	104.68
2025.11.13	17:20:00	1.16521	1.16525	1.16517	1.16520	50.65
2025.11.13	17:21:00	1.16520	1.16521	1.16505	1.16508	109.36
2025.11.13	17:22:00	1.16510	1.16515	1.16508	1.16510	65.47
2025.11.13	17:23:00	1.16511	1.16514	1.16504	1.16512	61.16
2025.11.13	17:24:00	1.16512	1.16528	1.16512	1.16525	103.96
2025.11.13	17:25:00	1.16526	1.16537	1.16525	1.16537	94.90
2025.11.13	17:26:00	1.16534	1.16542	1.16534	1.16542	24.94
2025.11.13	17:27:00	1.16540	1.16546	1.16530	1.16540	108.92
2025.11.13	17:28:00	1.16539	1.16544	1.16528	1.16531	49.65
2025.11.13	17:29:00	1.16531	1.16542	1.16530	1.16540	76.35
2025.11.13	17:30:00	1.16540	1.16547	1.16539	1.16543	95.79
2025.11.13	17:31:00	1.16544	1.16551	1.16543	1.16549	88.60
2025.11.13	17:32:00	1.16548	1.16554	1.16532	1.16532	65.00
2025.11.13	17:33:00	1.16535	1.16544	1.16517	1.16524	102.79
2025.11.13	17:34:00	1.16526	1.16526	1.16489	1.16491	163.11
2025.11.13	17:35:00	1.16490	1.16494	1.16482	1.16484	53.78
2025.11.13	17:36:00	1.16483	1.16497	1.16478	1.16496	43.40
2025.11.13	17:37:00	1.16498	1.16507	1.16494	1.16496	70.60
2025.11.13	17:38:00	1.16496	1.16496	1.16468	1.16474	106.04
2025.11.13	17:39:00	1.16476	1.16479	1.16458	1.16479	131.22
2025.11.13	17:40:00	1.16478	1.16488	1.16478	1.16483	54.08
2025.11.13	17:41:00	1.16483	1.16492	1.16479	1.16491	66.84
2025.11.13	17:42:00	1.16490	1.16496	1.16484	1.16496	73.62
2025.11.13	17:43:00	1.16496	1.16510	1.16496	1.16509	67.24
2025.11.13	17:44:00	1.16511	1.16530	1.16511	1.16530	67.41
2025.11.13	17:45:00	1.16529	1.16534	1.16526	1.16528	117.43
2025.11.13	17:46:00	1.16528	1.16545	1.16525	1.16542	126.60
2025.11.13	17:47:00	1.16542	1.16547	1.16536	1.16546	80.94
2025.11.13	17:48:00	1.16546	1.16546	1.16529	1.16538	131.42
2025.11.13	17:49:00	1.16538	1.16549	1.16538	1.16541	80.73
2025.11.13	17:50:00	1.16540	1.16559	1.16526	1.16537	182.39
2025.11.13	17:51:00	1.16535	1.16538	1.16499	1.16526	302.43
2025.11.13	17:52:00	1.16529	1.16535	1.16508	1.16520	190.07
2025.11.13	17:53:00	1.16524	1.16530	1.16513	1.16514	169.27
2025.11.13	17:54:00	1.16515	1.16521	1.16508	1.16521	141.77
2025.11.13	17:55:00	1.16521	1.16521	1.16511	1.16511	168.27
2025.11.13	17:56:00	1.16511	1.16520	1.16504	1.16507	97.38
2025.11.13	17:57:00	1.16506	1.16511	1.16499	1.16505	181.41
2025.11.13	17:58:00	1.16507	1.16514	1.16501	1.16514	74.50
2025.11.13	17:59:00	1.16514	1.16514	1.16505	1.16512	64.07
2025.11.13	18:00:00	1.16511	1.16517	1.16505	1.16515	61.82
2025.11.13	18:01:00	1.16516	1.16517	1.16512	1.16515	40.49
2025.11.13	18:02:00	1.16517	1.16518	1.16476	1.16482	196.38
2025.11.13	18:03:00	1.16481	1.16488	1.16474	1.16481	84.02
2025.11.13	18:04:00	1.16486	1.16491	1.16480	1.16484	107.93
2025.11.13	18:05:00	1.16488	1.16503	1.16470	1.16470	85.81
2025.11.13	18:06:00	1.16469	1.16478	1.16464	1.16476	50.19
2025.11.13	18:07:00	1.16476	1.16476	1.16453	1.16461	82.08
2025.11.13	18:08:00	1.16462	1.16463	1.16452	1.16460	65.91
2025.11.13	18:09:00	1.16461	1.16462	1.16452	1.16452	42.86
2025.11.13	18:10:00	1.16451	1.16451	1.16439	1.16449	186.96
2025.11.13	18:11:00	1.16448	1.16451	1.16441	1.16451	65.65
2025.11.13	18:12:00	1.16451	1.16459	1.16440	1.16440	63.76
2025.11.13	18:13:00	1.16440	1.16468	1.16439	1.16461	68.18
2025.11.13	18:14:00	1.16460	1.16481	1.16460	1.16478	49.57
2025.11.13	18:15:00	1.16477	1.16482	1.16477	1.16482	30.15
2025.11.13	18:16:00	1.16480	1.16487	1.16480	1.16486	24.30
2025.11.13	18:17:00	1.16487	1.16493	1.16481	1.16481	49.01
2025.11.13	18:18:00	1.16482	1.16491	1.16480	1.16486	75.52
2025.11.13	18:19:00	1.16485	1.16498	1.16484	1.16497	29.70
2025.11.13	18:20:00	1.16495	1.16508	1.16495	1.16506	41.15
2025.11.13	18:21:00	1.16505	1.16517	1.16504	1.16508	62.93
2025.11.13	18:22:00	1.16507	1.16511	1.16502	1.16502	27.64
2025.11.13	18:23:00	1.16501	1.16502	1.16493	1.16500	33.93
2025.11.13	18:24:00	1.16499	1.16503	1.16495	1.16496	42.42
2025.11.13	18:25:00	1.16492	1.16492	1.16484	1.16489	67.23
2025.11.13	18:26:00	1.16487	1.16496	1.16477	1.16480	71.11
2025.11.13	18:27:00	1.16480	1.16484	1.16480	1.16481	34.20
2025.11.13	18:28:00	1.16478	1.16491	1.16476	1.16480	56.92
2025.11.13	18:29:00	1.16479	1.16480	1.16473	1.16479	43.32
2025.11.13	18:30:00	1.16480	1.16480	1.16462	1.16469	56.47
2025.11.13	18:31:00	1.16469	1.16476	1.16465	1.16469	128.68
2025.11.13	18:32:00	1.16469	1.16471	1.16460	1.16470	121.10
2025.11.13	18:33:00	1.16472	1.16475	1.16466	1.16469	66.39
2025.11.13	18:34:00	1.16467	1.16475	1.16464	1.16472	113.63
2025.11.13	18:35:00	1.16471	1.16478	1.16465	1.16467	118.52
2025.11.13	18:36:00	1.16466	1.16471	1.16445	1.16451	190.74
2025.11.13	18:37:00	1.16449	1.16450	1.16437	1.16447	92.44
2025.11.13	18:38:00	1.16448	1.16461	1.16439	1.16439	83.65
2025.11.13	18:39:00	1.16442	1.16443	1.16432	1.16435	181.41
2025.11.13	18:40:00	1.16438	1.16441	1.16417	1.16419	142.72
2025.11.13	18:41:00	1.16418	1.16423	1.16405	1.16421	116.88
2025.11.13	18:42:00	1.16421	1.16425	1.16412	1.16417	91.00
2025.11.13	18:43:00	1.16415	1.16422	1.16414	1.16421	43.86
2025.11.13	18:44:00	1.16419	1.16421	1.16412	1.16420	62.63
2025.11.13	18:45:00	1.16422	1.16432	1.16420	1.16424	86.24
2025.11.13	18:46:00	1.16423	1.16424	1.16410	1.16410	93.94
2025.11.13	18:47:00	1.16411	1.16411	1.16404	1.16409	88.47
2025.11.13	18:48:00	1.16408	1.16416	1.16408	1.16412	83.26
2025.11.13	18:49:00	1.16414	1.16414	1.16388	1.16390	181.06
2025.11.13	18:50:00	1.16388	1.16392	1.16379	1.16391	102.45
2025.11.13	18:51:00	1.16392	1.16396	1.16388	1.16389	136.10
2025.11.13	18:52:00	1.16388	1.16390	1.16383	1.16384	63.07
2025.11.13	18:53:00	1.16384	1.16384	1.16378	1.16380	58.25
2025.11.13	18:54:00	1.16380	1.16380	1.16365	1.16368	128.72
2025.11.13	18:55:00	1.16366	1.16375	1.16366	1.16372	100.39
2025.11.13	18:56:00	1.16374	1.16378	1.16373	1.16375	109.28
2025.11.13	18:57:00	1.16375	1.16376	1.16368	1.16371	81.99
2025.11.13	18:58:00	1.16370	1.16386	1.16370	1.16385	133.96
2025.11.13	18:59:00	1.16385	1.16387	1.16380	1.16381	117.42
2025.11.13	19:00:00	1.16379	1.16382	1.16369	1.16370	62.14
2025.11.13	19:01:00	1.16368	1.16373	1.16368	1.16370	88.69
2025.11.13	19:02:00	1.16370	1.16374	1.16363	1.16365	136.73
2025.11.13	19:03:00	1.16366	1.16376	1.16363	1.16374	153.04
2025.11.13	19:04:00	1.16373	1.16375	1.16367	1.16368	89.85
2025.11.13	19:05:00	1.16368	1.16380	1.16368	1.16380	112.36
2025.11.13	19:06:00	1.16384	1.16389	1.16384	1.16385	61.31
2025.11.13	19:07:00	1.16388	1.16389	1.16379	1.16381	57.76
2025.11.13	19:08:00	1.16383	1.16389	1.16379	1.16387	60.09
2025.11.13	19:09:00	1.16387	1.16389	1.16381	1.16387	32.72
2025.11.13	19:10:00	1.16388	1.16402	1.16385	1.16400	48.19
2025.11.13	19:11:00	1.16402	1.16403	1.16395	1.16398	55.19
2025.11.13	19:12:00	1.16401	1.16409	1.16401	1.16401	76.25
2025.11.13	19:13:00	1.16401	1.16405	1.16400	1.16403	19.94
2025.11.13	19:14:00	1.16403	1.16409	1.16399	1.16401	30.37
2025.11.13	19:15:00	1.16402	1.16406	1.16402	1.16402	23.23
2025.11.13	19:16:00	1.16405	1.16408	1.16401	1.16403	34.03
2025.11.13	19:17:00	1.16400	1.16406	1.16400	1.16401	58.77
2025.11.13	19:18:00	1.16400	1.16403	1.16395	1.16402	55.02
2025.11.13	19:19:00	1.16402	1.16410	1.16402	1.16408	44.17
2025.11.13	19:20:00	1.16407	1.16412	1.16405	1.16406	33.30
2025.11.13	19:21:00	1.16406	1.16407	1.16393	1.16397	49.05
2025.11.13	19:22:00	1.16395	1.16398	1.16389	1.16391	28.09
2025.11.13	19:23:00	1.16391	1.16398	1.16391	1.16391	24.87
2025.11.13	19:24:00	1.16391	1.16397	1.16391	1.16396	23.22
2025.11.13	19:25:00	1.16397	1.16399	1.16395	1.16397	14.85
2025.11.13	19:26:00	1.16397	1.16397	1.16390	1.16392	61.58
2025.11.13	19:27:00	1.16391	1.16392	1.16377	1.16377	34.07
2025.11.13	19:28:00	1.16374	1.16383	1.16374	1.16382	52.39
2025.11.13	19:29:00	1.16383	1.16383	1.16373	1.16377	62.86
2025.11.13	19:30:00	1.16375	1.16387	1.16367	1.16385	45.31
2025.11.13	19:31:00	1.16385	1.16387	1.16380	1.16380	49.29
2025.11.13	19:32:00	1.16379	1.16383	1.16378	1.16381	61.83
2025.11.13	19:33:00	1.16381	1.16383	1.16375	1.16381	75.08
2025.11.13	19:34:00	1.16380	1.16399	1.16380	1.16397	34.94
2025.11.13	19:35:00	1.16396	1.16399	1.16396	1.16396	48.27
2025.11.13	19:36:00	1.16396	1.16408	1.16395	1.16408	81.38
2025.11.13	19:37:00	1.16407	1.16408	1.16400	1.16407	141.32
2025.11.13	19:38:00	1.16407	1.16410	1.16404	1.16406	72.19
2025.11.13	19:39:00	1.16405	1.16406	1.16398	1.16400	62.33
2025.11.13	19:40:00	1.16400	1.16400	1.16393	1.16395	48.39
2025.11.13	19:41:00	1.16396	1.16397	1.16393	1.16397	19.66
2025.11.13	19:42:00	1.16397	1.16398	1.16388	1.16390	43.56
2025.11.13	19:43:00	1.16392	1.16393	1.16390	1.16391	38.04
2025.11.13	19:44:00	1.16392	1.16397	1.16390	1.16394	33.87
2025.11.13	19:45:00	1.16392	1.16409	1.16392	1.16402	47.75
2025.11.13	19:46:00	1.16403	1.16406	1.16398	1.16401	35.60
2025.11.13	19:47:00	1.16401	1.16401	1.16386	1.16386	40.13
2025.11.13	19:48:00	1.16389	1.16391	1.16385	1.16386	30.08
2025.11.13	19:49:00	1.16385	1.16385	1.16378	1.16381	45.73
2025.11.13	19:50:00	1.16381	1.16385	1.16380	1.16382	113.32
2025.11.13	19:51:00	1.16383	1.16388	1.16382	1.16387	37.57
2025.11.13	19:52:00	1.16387	1.16398	1.16386	1.16398	33.35
2025.11.13	19:53:00	1.16397	1.16400	1.16390	1.16397	46.59
2025.11.13	19:54:00	1.16399	1.16401	1.16397	1.16398	42.80
2025.11.13	19:55:00	1.16397	1.16397	1.16381	1.16385	132.66
2025.11.13	19:56:00	1.16384	1.16389	1.16369	1.16372	80.19
2025.11.13	19:57:00	1.16369	1.16373	1.16368	1.16372	51.99
2025.11.13	19:58:00	1.16370	1.16372	1.16350	1.16357	95.72
2025.11.13	19:59:00	1.16356	1.16358	1.16354	1.16355	78.54
2025.11.13	20:00:00	1.16354	1.16359	1.16345	1.16355	145.96
2025.11.13	20:01:00	1.16353	1.16353	1.16342	1.16352	86.67
2025.11.13	20:02:00	1.16350	1.16365	1.16350	1.16353	93.21
2025.11.13	20:03:00	1.16355	1.16355	1.16341	1.16342	45.38
2025.11.13	20:04:00	1.16341	1.16350	1.16341	1.16346	35.10
2025.11.13	20:05:00	1.16345	1.16346	1.16334	1.16334	37.02
2025.11.13	20:06:00	1.16336	1.16337	1.16335	1.16336	4.50
2025.11.13	20:07:00	1.16332	1.16335	1.16331	1.16332	42.35
2025.11.13	20:08:00	1.16332	1.16337	1.16330	1.16335	22.95
2025.11.13	20:09:00	1.16336	1.16344	1.16336	1.16344	29.70
2025.11.13	20:10:00	1.16342	1.16348	1.16342	1.16342	20.34
2025.11.13	20:11:00	1.16342	1.16346	1.16337	1.16345	27.45
2025.11.13	20:12:00	1.16347	1.16348	1.16340	1.16341	41.81
2025.11.13	20:13:00	1.16344	1.16345	1.16341	1.16345	26.48
2025.11.13	20:14:00	1.16347	1.16347	1.16337	1.16337	54.12
2025.11.13	20:15:00	1.16335	1.16343	1.16335	1.16341	44.29
2025.11.13	20:16:00	1.16343	1.16354	1.16343	1.16352	66.51
2025.11.13	20:17:00	1.16353	1.16356	1.16350	1.16355	121.69
2025.11.13	20:18:00	1.16353	1.16357	1.16351	1.16356	40.36
2025.11.13	20:19:00	1.16356	1.16357	1.16348	1.16350	50.48
2025.11.13	20:20:00	1.16352	1.16356	1.16351	1.16356	15.49
2025.11.13	20:21:00	1.16357	1.16363	1.16355	1.16363	48.79
2025.11.13	20:22:00	1.16362	1.16367	1.16361	1.16366	43.20
2025.11.13	20:23:00	1.16365	1.16378	1.16365	1.16369	57.55
2025.11.13	20:24:00	1.16372	1.16373	1.16369	1.16371	24.30
2025.11.13	20:25:00	1.16370	1.16378	1.16370	1.16374	26.55
2025.11.13	20:26:00	1.16375	1.16382	1.16375	1.16380	19.99
2025.11.13	20:27:00	1.16379	1.16379	1.16374	1.16377	85.74
2025.11.13	20:28:00	1.16376	1.16376	1.16366	1.16369	48.53
2025.11.13	20:29:00	1.16370	1.16370	1.16364	1.16366	13.88
2025.11.13	20:30:00	1.16368	1.16371	1.16360	1.16371	47.09
2025.11.13	20:31:00	1.16372	1.16372	1.16371	1.16372	21.70
2025.11.13	20:32:00	1.16373	1.16374	1.16364	1.16369	36.12
2025.11.13	20:33:00	1.16368	1.16369	1.16365	1.16365	18.08
2025.11.13	20:34:00	1.16367	1.16367	1.16361	1.16365	18.90
2025.11.13	20:35:00	1.16363	1.16372	1.16360	1.16363	33.04
2025.11.13	20:36:00	1.16364	1.16367	1.16362	1.16366	27.45
2025.11.13	20:37:00	1.16365	1.16379	1.16365	1.16377	29.53
2025.11.13	20:38:00	1.16376	1.16376	1.16370	1.16370	22.37
2025.11.13	20:39:00	1.16370	1.16377	1.16370	1.16376	19.11
2025.11.13	20:40:00	1.16375	1.16390	1.16375	1.16390	42.90
2025.11.13	20:41:00	1.16390	1.16391	1.16385	1.16385	21.42
2025.11.13	20:42:00	1.16385	1.16393	1.16384	1.16385	32.85
2025.11.13	20:43:00	1.16386	1.16388	1.16378	1.16378	26.54
2025.11.13	20:44:00	1.16378	1.16380	1.16366	1.16366	63.76
2025.11.13	20:45:00	1.16367	1.16370	1.16364	1.16367	18.99
2025.11.13	20:46:00	1.16369	1.16370	1.16368	1.16370	8.64
2025.11.13	20:47:00	1.16371	1.16375	1.16371	1.16371	36.30
2025.11.13	20:48:00	1.16370	1.16370	1.16362	1.16364	36.21
2025.11.13	20:49:00	1.16366	1.16366	1.16359	1.16359	14.04
2025.11.13	20:50:00	1.16361	1.16364	1.16359	1.16363	16.20
2025.11.13	20:51:00	1.16365	1.16369	1.16363	1.16364	15.75
2025.11.13	20:52:00	1.16367	1.16370	1.16360	1.16362	32.14
2025.11.13	20:53:00	1.16363	1.16365	1.16361	1.16365	21.53
2025.11.13	20:54:00	1.16364	1.16364	1.16355	1.16355	9.83
2025.11.13	20:55:00	1.16354	1.16354	1.16342	1.16346	56.37
2025.11.13	20:56:00	1.16346	1.16346	1.16336	1.16336	33.99
2025.11.13	20:57:00	1.16336	1.16337	1.16328	1.16329	38.40
2025.11.13	20:58:00	1.16330	1.16331	1.16326	1.16327	62.27
2025.11.13	20:59:00	1.16327	1.16330	1.16324	1.16329	64.63
2025.11.13	21:00:00	1.16329	1.16329	1.16316	1.16320	130.73
2025.11.13	21:01:00	1.16319	1.16320	1.16310	1.16310	116.74
2025.11.13	21:02:00	1.16311	1.16315	1.16311	1.16314	11.25
2025.11.13	21:03:00	1.16314	1.16317	1.16312	1.16315	56.46
2025.11.13	21:04:00	1.16315	1.16316	1.16310	1.16312	42.52
2025.11.13	21:05:00	1.16311	1.16311	1.16305	1.16309	20.70
2025.11.13	21:06:00	1.16310	1.16311	1.16308	1.16310	21.15
2025.11.13	21:07:00	1.16309	1.16310	1.16306	1.16307	18.55
2025.11.13	21:08:00	1.16308	1.16315	1.16308	1.16315	3.24
2025.11.13	21:09:00	1.16317	1.16318	1.16315	1.16315	6.69
2025.11.13	21:10:00	1.16314	1.16315	1.16313	1.16315	12.90
2025.11.13	21:11:00	1.16315	1.16315	1.16314	1.16314	14.52
2025.11.13	21:12:00	1.16313	1.16322	1.16313	1.16322	18.30
2025.11.13	21:13:00	1.16320	1.16321	1.16316	1.16319	11.40
2025.11.13	21:14:00	1.16320	1.16332	1.16320	1.16327	27.03
2025.11.13	21:15:00	1.16326	1.16330	1.16325	1.16329	21.60
2025.11.13	21:16:00	1.16329	1.16329	1.16327	1.16329	11.25
2025.11.13	21:17:00	1.16330	1.16330	1.16325	1.16325	5.85
2025.11.13	21:18:00	1.16325	1.16326	1.16325	1.16326	1.80
2025.11.13	21:19:00	1.16326	1.16331	1.16326	1.16329	13.95
2025.11.13	21:20:00	1.16328	1.16333	1.16327	1.16333	17.10
2025.11.13	21:21:00	1.16332	1.16335	1.16332	1.16333	15.75
2025.11.13	21:22:00	1.16335	1.16335	1.16332	1.16332	4.05
2025.11.13	21:23:00	1.16332	1.16333	1.16327	1.16328	17.77
2025.11.13	21:24:00	1.16329	1.16330	1.16318	1.16320	23.40
2025.11.13	21:25:00	1.16319	1.16322	1.16317	1.16322	29.79
2025.11.13	21:26:00	1.16324	1.16328	1.16319	1.16319	11.70
2025.11.13	21:28:00	1.16320	1.16325	1.16319	1.16324	15.75
2025.11.13	21:29:00	1.16321	1.16329	1.16320	1.16327	54.00
2025.11.13	21:30:00	1.16326	1.16333	1.16325	1.16332	18.00
2025.11.13	21:31:00	1.16332	1.16334	1.16332	1.16334	6.30
2025.11.13	21:32:00	1.16336	1.16338	1.16336	1.16337	3.60
2025.11.13	21:33:00	1.16338	1.16341	1.16338	1.16341	4.50
2025.11.13	21:34:00	1.16342	1.16344	1.16341	1.16343	16.29
2025.11.13	21:35:00	1.16343	1.16345	1.16341	1.16345	4.50
2025.11.13	21:36:00	1.16343	1.16345	1.16343	1.16343	2.70
2025.11.13	21:37:00	1.16345	1.16346	1.16345	1.16346	1.80
2025.11.13	21:38:00	1.16344	1.16344	1.16331	1.16331	10.21
2025.11.13	21:39:00	1.16330	1.16362	1.16329	1.16349	37.15
2025.11.13	21:40:00	1.16348	1.16354	1.16345	1.16352	29.11
2025.11.13	21:41:00	1.16351	1.16352	1.16347	1.16350	28.80
2025.11.13	21:42:00	1.16352	1.16353	1.16351	1.16351	3.15
2025.11.13	21:43:00	1.16352	1.16356	1.16350	1.16355	14.40
2025.11.13	21:44:00	1.16355	1.16355	1.16349	1.16351	45.00
2025.11.13	21:45:00	1.16352	1.16352	1.16351	1.16352	6.30
2025.11.13	21:46:00	1.16351	1.16358	1.16351	1.16356	15.30
2025.11.13	21:47:00	1.16357	1.16370	1.16357	1.16368	52.87
2025.11.13	21:48:00	1.16369	1.16369	1.16359	1.16363	58.95
2025.11.13	21:49:00	1.16363	1.16365	1.16357	1.16358	36.22
2025.11.13	21:50:00	1.16359	1.16360	1.16358	1.16358	8.10
2025.11.13	21:51:00	1.16359	1.16364	1.16358	1.16363	17.55
2025.11.13	21:52:00	1.16365	1.16370	1.16365	1.16368	15.30
2025.11.13	21:53:00	1.16369	1.16369	1.16368	1.16369	20.25
2025.11.13	21:54:00	1.16370	1.16373	1.16368	1.16372	36.63
2025.11.13	21:55:00	1.16374	1.16376	1.16370	1.16370	31.17
2025.11.13	21:56:00	1.16370	1.16375	1.16369	1.16372	30.15
2025.11.13	21:57:00	1.16373	1.16373	1.16333	1.16346	213.84
2025.11.13	21:58:00	1.16347	1.16348	1.16337	1.16341	345.90
2025.11.13	21:59:00	1.16340	1.16346	1.16324	1.16324	204.75
2025.11.13	22:00:00	1.16323	1.16323	1.16310	1.16310	61.65
2025.11.13	22:02:00	1.16300	1.16300	1.16300	1.16300	4.50
2025.11.13	22:04:00	1.16327	1.16352	1.16321	1.16352	72.00
2025.11.13	22:05:00	1.16352	1.16365	1.16331	1.16346	90.65
2025.11.13	22:06:00	1.16346	1.16363	1.16339	1.16344	59.39
2025.11.13	22:07:00	1.16346	1.16356	1.16340	1.16342	31.05
2025.11.13	22:08:00	1.16347	1.16360	1.16347	1.16357	98.50
2025.11.13	22:09:00	1.16360	1.16363	1.16356	1.16356	17.55
2025.11.13	22:10:00	1.16357	1.16361	1.16349	1.16361	27.00
2025.11.13	22:11:00	1.16361	1.16364	1.16360	1.16363	13.95
2025.11.13	22:12:00	1.16360	1.16362	1.16358	1.16361	10.80
2025.11.13	22:13:00	1.16363	1.16368	1.16362	1.16366	9.45
2025.11.13	22:14:00	1.16366	1.16368	1.16346	1.16346	14.85
2025.11.13	22:15:00	1.16348	1.16350	1.16348	1.16349	5.85
2025.11.13	22:16:00	1.16341	1.16345	1.16337	1.16345	23.85
2025.11.13	22:17:00	1.16344	1.16345	1.16338	1.16338	2.25
2025.11.13	22:18:00	1.16338	1.16339	1.16338	1.16339	4.50
2025.11.13	22:19:00	1.16339	1.16341	1.16339	1.16341	3.15
2025.11.13	22:20:00	1.16340	1.16341	1.16330	1.16332	13.95
2025.11.13	22:21:00	1.16331	1.16349	1.16331	1.16348	6.30
2025.11.13	22:22:00	1.16345	1.16349	1.16345	1.16348	2.70
2025.11.13	22:23:00	1.16348	1.16349	1.16348	1.16348	2.70
2025.11.13	22:24:00	1.16348	1.16349	1.16348	1.16349	1.80
2025.11.13	22:25:00	1.16348	1.16348	1.16348	1.16348	1.80
2025.11.13	22:26:00	1.16348	1.16348	1.16348	1.16348	0.90
2025.11.13	22:27:00	1.16347	1.16347	1.16347	1.16347	0.90
2025.11.13	22:28:00	1.16348	1.16348	1.16347	1.16347	2.70
2025.11.13	22:30:00	1.16348	1.16349	1.16348	1.16348	15.26
2025.11.13	22:31:00	1.16348	1.16349	1.16348	1.16348	11.69
2025.11.13	22:32:00	1.16348	1.16349	1.16348	1.16349	3.60
2025.11.13	22:33:00	1.16348	1.16369	1.16344	1.16349	34.38
2025.11.13	22:34:00	1.16348	1.16371	1.16348	1.16348	37.70
2025.11.13	22:35:00	1.16348	1.16359	1.16348	1.16358	7.65
2025.11.13	22:36:00	1.16359	1.16359	1.16358	1.16358	3.06
2025.11.13	22:37:00	1.16359	1.16359	1.16358	1.16358	2.61
2025.11.13	22:38:00	1.16358	1.16361	1.16356	1.16361	6.21
2025.11.13	22:39:00	1.16361	1.16364	1.16361	1.16363	3.78
2025.11.13	22:40:00	1.16363	1.16371	1.16363	1.16369	12.87
2025.11.13	22:41:00	1.16369	1.16373	1.16369	1.16371	17.10
2025.11.13	22:42:00	1.16372	1.16377	1.16371	1.16377	12.69
2025.11.13	22:43:00	1.16377	1.16377	1.16373	1.16373	7.74
2025.11.13	22:44:00	1.16374	1.16374	1.16368	1.16371	8.90
2025.11.13	22:45:00	1.16372	1.16372	1.16372	1.16372	0.18
2025.11.13	22:46:00	1.16372	1.16374	1.16370	1.16372	1.26
2025.11.13	22:47:00	1.16373	1.16373	1.16348	1.16348	29.16
2025.11.13	22:48:00	1.16348	1.16351	1.16348	1.16349	27.00
2025.11.13	22:49:00	1.16349	1.16353	1.16348	1.16350	20.25
2025.11.13	22:50:00	1.16350	1.16352	1.16348	1.16349	18.45
2025.11.13	22:51:00	1.16350	1.16355	1.16349	1.16353	15.75
2025.11.13	22:52:00	1.16352	1.16356	1.16352	1.16356	6.75
2025.11.13	22:53:00	1.16354	1.16357	1.16350	1.16350	15.30
2025.11.13	22:54:00	1.16351	1.16360	1.16351	1.16357	36.00
2025.11.13	22:55:00	1.16357	1.16358	1.16349	1.16353	32.40
2025.11.13	22:56:00	1.16354	1.16365	1.16352	1.16359	51.30
2025.11.13	22:57:00	1.16360	1.16363	1.16349	1.16350	41.40
2025.11.13	22:58:00	1.16350	1.16369	1.16350	1.16357	64.80
2025.11.13	22:59:00	1.16358	1.16372	1.16354	1.16362	44.55
2025.11.13	23:00:00	1.16363	1.16369	1.16313	1.16313	281.88
2025.11.13	23:01:00	1.16312	1.16330	1.16312	1.16315	83.23
2025.11.13	23:02:00	1.16314	1.16314	1.16290	1.16290	72.27
2025.11.13	23:03:00	1.16289	1.16293	1.16288	1.16290	42.09
2025.11.13	23:04:00	1.16290	1.16300	1.16290	1.16295	21.99
2025.11.13	23:05:00	1.16296	1.16308	1.16296	1.16307	23.08
2025.11.13	23:06:00	1.16308	1.16308	1.16295	1.16295	26.28
2025.11.13	23:07:00	1.16296	1.16298	1.16295	1.16298	12.15
2025.11.13	23:08:00	1.16300	1.16301	1.16295	1.16298	7.44
2025.11.13	23:09:00	1.16295	1.16295	1.16287	1.16291	22.50
2025.11.13	23:10:00	1.16289	1.16292	1.16258	1.16260	100.01
2025.11.13	23:11:00	1.16260	1.16263	1.16260	1.16262	21.06
2025.11.13	23:12:00	1.16263	1.16263	1.16250	1.16255	62.01
2025.11.13	23:13:00	1.16254	1.16262	1.16253	1.16260	27.71
2025.11.13	23:14:00	1.16262	1.16269	1.16262	1.16266	73.66
2025.11.13	23:15:00	1.16267	1.16270	1.16265	1.16266	41.75
2025.11.13	23:16:00	1.16267	1.16267	1.16252	1.16252	43.07
2025.11.13	23:17:00	1.16255	1.16258	1.16253	1.16253	11.82
2025.11.13	23:18:00	1.16255	1.16257	1.16253	1.16256	100.02
2025.11.13	23:19:00	1.16259	1.16267	1.16258	1.16258	53.73
2025.11.13	23:20:00	1.16257	1.16260	1.16256	1.16256	24.40
2025.11.13	23:21:00	1.16258	1.16258	1.16257	1.16257	9.28
2025.11.13	23:22:00	1.16256	1.16256	1.16236	1.16238	54.10
2025.11.13	23:23:00	1.16237	1.16257	1.16233	1.16257	34.53
2025.11.13	23:24:00	1.16257	1.16262	1.16252	1.16260	26.37
2025.11.13	23:25:00	1.16261	1.16270	1.16261	1.16270	19.89
2025.11.13	23:26:00	1.16268	1.16268	1.16263	1.16263	13.05
2025.11.13	23:27:00	1.16263	1.16266	1.16263	1.16266	4.59
2025.11.13	23:28:00	1.16266	1.16266	1.16263	1.16263	2.25
2025.11.13	23:29:00	1.16264	1.16268	1.16263	1.16263	11.44
2025.11.13	23:30:00	1.16262	1.16262	1.16239	1.16239	37.20
2025.11.13	23:31:00	1.16243	1.16257	1.16243	1.16256	16.33
2025.11.13	23:32:00	1.16258	1.16266	1.16258	1.16265	20.84
2025.11.13	23:33:00	1.16265	1.16266	1.16262	1.16263	15.63
2025.11.13	23:34:00	1.16262	1.16273	1.16261	1.16270	22.09
2025.11.13	23:35:00	1.16270	1.16281	1.16262	1.16281	51.14
2025.11.13	23:36:00	1.16281	1.16281	1.16267	1.16268	58.66
2025.11.13	23:37:00	1.16267	1.16274	1.16262	1.16272	52.79
2025.11.13	23:38:00	1.16272	1.16274	1.16272	1.16274	3.79
2025.11.13	23:39:00	1.16273	1.16286	1.16273	1.16286	22.84
2025.11.13	23:40:00	1.16287	1.16292	1.16285	1.16290	32.43
2025.11.13	23:41:00	1.16290	1.16290	1.16286	1.16289	29.42
2025.11.13	23:42:00	1.16289	1.16292	1.16287	1.16292	8.48
2025.11.13	23:43:00	1.16293	1.16293	1.16276	1.16278	61.37
2025.11.13	23:44:00	1.16276	1.16278	1.16275	1.16276	32.42
2025.11.13	23:45:00	1.16277	1.16284	1.16276	1.16278	35.71
2025.11.13	23:46:00	1.16279	1.16283	1.16279	1.16281	29.97
2025.11.13	23:47:00	1.16283	1.16292	1.16283	1.16292	24.80
2025.11.13	23:48:00	1.16290	1.16294	1.16283	1.16283	57.53
2025.11.13	23:49:00	1.16283	1.16283	1.16281	1.16281	25.68
2025.11.13	23:50:00	1.16282	1.16288	1.16282	1.16288	19.04
2025.11.13	23:51:00	1.16288	1.16292	1.16287	1.16290	22.67
2025.11.13	23:52:00	1.16292	1.16292	1.16289	1.16291	14.83
2025.11.13	23:53:00	1.16291	1.16292	1.16286	1.16286	12.39
2025.11.13	23:54:00	1.16287	1.16287	1.16282	1.16283	16.07
2025.11.13	23:55:00	1.16285	1.16297	1.16285	1.16297	21.91
2025.11.13	23:56:00	1.16295	1.16295	1.16290	1.16293	16.78
2025.11.13	23:57:00	1.16294	1.16294	1.16291	1.16293	6.42
2025.11.13	23:58:00	1.16295	1.16299	1.16293	1.16299	5.76
2025.11.13	23:59:00	1.16298	1.16302	1.16296	1.16300	7.02
2025.11.14	00:00:00	1.16300	1.16307	1.16293	1.16301	72.47
2025.11.14	00:01:00	1.16303	1.16303	1.16281	1.16288	47.58
2025.11.14	00:02:00	1.16287	1.16287	1.16276	1.16284	30.17
2025.11.14	00:03:00	1.16283	1.16283	1.16269	1.16277	40.03
2025.11.14	00:04:00	1.16275	1.16280	1.16271	1.16271	34.13
2025.11.14	00:05:00	1.16272	1.16282	1.16272	1.16278	18.90
2025.11.14	00:06:00	1.16277	1.16288	1.16276	1.16284	22.59
2025.11.14	00:07:00	1.16283	1.16288	1.16281	1.16286	14.13
2025.11.14	00:08:00	1.16286	1.16289	1.16286	1.16289	7.20
2025.11.14	00:09:00	1.16292	1.16293	1.16291	1.16293	22.86
2025.11.14	00:10:00	1.16297	1.16298	1.16290	1.16297	18.63
2025.11.14	00:11:00	1.16298	1.16302	1.16292	1.16294	34.91
2025.11.14	00:12:00	1.16298	1.16299	1.16297	1.16298	6.75
2025.11.14	00:13:00	1.16298	1.16298	1.16282	1.16282	49.43
2025.11.14	00:14:00	1.16283	1.16293	1.16283	1.16293	9.90
2025.11.14	00:15:00	1.16290	1.16291	1.16283	1.16286	19.28
2025.11.14	00:16:00	1.16287	1.16301	1.16286	1.16301	20.70
2025.11.14	00:17:00	1.16303	1.16307	1.16302	1.16305	17.55
2025.11.14	00:18:00	1.16307	1.16313	1.16306	1.16308	24.68
2025.11.14	00:19:00	1.16311	1.16316	1.16308	1.16315	71.27
2025.11.14	00:20:00	1.16314	1.16329	1.16308	1.16329	33.40
2025.11.14	00:21:00	1.16328	1.16329	1.16321	1.16323	71.78
2025.11.14	00:22:00	1.16320	1.16322	1.16312	1.16312	99.11
2025.11.14	00:23:00	1.16311	1.16311	1.16309	1.16309	8.10
2025.11.14	00:24:00	1.16310	1.16310	1.16301	1.16308	24.54
2025.11.14	00:25:00	1.16307	1.16311	1.16304	1.16309	23.41
2025.11.14	00:26:00	1.16309	1.16313	1.16309	1.16311	9.35
2025.11.14	00:27:00	1.16312	1.16317	1.16312	1.16317	27.31
2025.11.14	00:28:00	1.16317	1.16326	1.16317	1.16322	18.28
2025.11.14	00:29:00	1.16320	1.16337	1.16320	1.16329	64.85
2025.11.14	00:30:00	1.16329	1.16329	1.16313	1.16314	61.21
2025.11.14	00:31:00	1.16315	1.16318	1.16306	1.16315	69.73
2025.11.14	00:32:00	1.16314	1.16315	1.16306	1.16309	28.92
2025.11.14	00:33:00	1.16308	1.16308	1.16291	1.16296	40.57
2025.11.14	00:34:00	1.16296	1.16316	1.16296	1.16310	55.29
2025.11.14	00:35:00	1.16313	1.16314	1.16297	1.16298	54.50
2025.11.14	00:36:00	1.16296	1.16296	1.16280	1.16290	78.63
2025.11.14	00:37:00	1.16293	1.16295	1.16291	1.16293	23.78
2025.11.14	00:38:00	1.16291	1.16301	1.16291	1.16301	37.54
2025.11.14	00:39:00	1.16298	1.16309	1.16296	1.16309	42.98
2025.11.14	00:40:00	1.16308	1.16310	1.16303	1.16307	39.46
2025.11.14	00:41:00	1.16308	1.16319	1.16305	1.16318	49.43
2025.11.14	00:42:00	1.16317	1.16320	1.16307	1.16307	45.51
2025.11.14	00:43:00	1.16311	1.16311	1.16297	1.16299	64.25
2025.11.14	00:44:00	1.16301	1.16303	1.16297	1.16300	67.99
2025.11.14	00:45:00	1.16302	1.16303	1.16287	1.16287	50.59
2025.11.14	00:46:00	1.16288	1.16288	1.16276	1.16282	84.55
2025.11.14	00:47:00	1.16281	1.16283	1.16271	1.16281	115.01
2025.11.14	00:48:00	1.16281	1.16284	1.16276	1.16284	31.90
2025.11.14	00:49:00	1.16282	1.16286	1.16275	1.16282	46.28
2025.11.14	00:50:00	1.16283	1.16291	1.16277	1.16288	60.16
2025.11.14	00:51:00	1.16286	1.16291	1.16286	1.16291	34.32
2025.11.14	00:52:00	1.16291	1.16296	1.16289	1.16292	42.61
2025.11.14	00:53:00	1.16291	1.16313	1.16291	1.16312	84.75
2025.11.14	00:54:00	1.16313	1.16323	1.16301	1.16305	154.54
2025.11.14	00:55:00	1.16303	1.16309	1.16289	1.16306	150.56
2025.11.14	00:56:00	1.16308	1.16323	1.16303	1.16323	146.12
2025.11.14	00:57:00	1.16323	1.16328	1.16317	1.16327	62.52
2025.11.14	00:58:00	1.16329	1.16330	1.16320	1.16321	34.25
2025.11.14	00:59:00	1.16321	1.16330	1.16314	1.16329	46.92
2025.11.14	01:00:00	1.16328	1.16330	1.16318	1.16325	55.58
2025.11.14	01:01:00	1.16325	1.16326	1.16315	1.16322	55.26
2025.11.14	01:02:00	1.16323	1.16340	1.16322	1.16332	67.79
2025.11.14	01:03:00	1.16330	1.16343	1.16330	1.16338	97.04
2025.11.14	01:04:00	1.16338	1.16344	1.16324	1.16325	76.19
2025.11.14	01:05:00	1.16326	1.16328	1.16306	1.16310	96.64
2025.11.14	01:06:00	1.16310	1.16313	1.16299	1.16302	82.91
2025.11.14	01:07:00	1.16301	1.16317	1.16298	1.16317	93.71
2025.11.14	01:08:00	1.16317	1.16317	1.16312	1.16315	25.17
2025.11.14	01:09:00	1.16313	1.16318	1.16312	1.16316	34.65
2025.11.14	01:10:00	1.16316	1.16317	1.16306	1.16306	86.13
2025.11.14	01:11:00	1.16308	1.16326	1.16308	1.16324	78.65
2025.11.14	01:12:00	1.16324	1.16324	1.16309	1.16312	62.34
2025.11.14	01:13:00	1.16310	1.16323	1.16310	1.16321	118.14
2025.11.14	01:14:00	1.16320	1.16335	1.16317	1.16333	67.10
2025.11.14	01:15:00	1.16331	1.16332	1.16323	1.16332	73.49
2025.11.14	01:16:00	1.16331	1.16335	1.16329	1.16334	25.65
2025.11.14	01:17:00	1.16335	1.16338	1.16332	1.16338	30.60
2025.11.14	01:18:00	1.16337	1.16345	1.16335	1.16345	64.89
2025.11.14	01:19:00	1.16345	1.16347	1.16342	1.16347	40.69
2025.11.14	01:20:00	1.16346	1.16346	1.16327	1.16337	66.78
2025.11.14	01:21:00	1.16339	1.16339	1.16306	1.16312	94.85
2025.11.14	01:22:00	1.16310	1.16310	1.16303	1.16309	22.50
2025.11.14	01:23:00	1.16309	1.16322	1.16309	1.16322	42.48
2025.11.14	01:24:00	1.16323	1.16334	1.16323	1.16328	26.19
2025.11.14	01:25:00	1.16330	1.16333	1.16327	1.16333	21.79
2025.11.14	01:26:00	1.16335	1.16338	1.16332	1.16332	39.53
2025.11.14	01:27:00	1.16333	1.16375	1.16325	1.16341	149.52
2025.11.14	01:28:00	1.16340	1.16343	1.16329	1.16333	151.64
2025.11.14	01:29:00	1.16332	1.16332	1.16319	1.16323	76.41
2025.11.14	01:30:00	1.16321	1.16324	1.16310	1.16312	84.40
2025.11.14	01:31:00	1.16313	1.16328	1.16311	1.16328	32.35
2025.11.14	01:32:00	1.16332	1.16344	1.16323	1.16325	92.97
2025.11.14	01:33:00	1.16324	1.16331	1.16316	1.16319	135.27
2025.11.14	01:34:00	1.16318	1.16324	1.16313	1.16323	64.26
2025.11.14	01:35:00	1.16325	1.16325	1.16311	1.16315	72.40
2025.11.14	01:36:00	1.16315	1.16337	1.16314	1.16333	86.55
2025.11.14	01:37:00	1.16333	1.16333	1.16322	1.16329	51.81
2025.11.14	01:38:00	1.16329	1.16329	1.16315	1.16320	50.46
2025.11.14	01:39:00	1.16320	1.16336	1.16316	1.16336	83.21
2025.11.14	01:40:00	1.16338	1.16346	1.16332	1.16334	81.86
2025.11.14	01:41:00	1.16332	1.16341	1.16328	1.16341	38.80
2025.11.14	01:42:00	1.16351	1.16362	1.16344	1.16344	29.42
2025.11.14	01:43:00	1.16345	1.16361	1.16344	1.16360	92.13
2025.11.14	01:44:00	1.16365	1.16368	1.16355	1.16362	84.73
2025.11.14	01:45:00	1.16360	1.16377	1.16360	1.16373	59.14
2025.11.14	01:46:00	1.16374	1.16377	1.16373	1.16377	46.80
2025.11.14	01:47:00	1.16377	1.16383	1.16375	1.16383	43.48
2025.11.14	01:48:00	1.16382	1.16391	1.16366	1.16382	102.18
2025.11.14	01:49:00	1.16381	1.16381	1.16369	1.16370	111.77
2025.11.14	01:50:00	1.16370	1.16370	1.16356	1.16358	52.28
2025.11.14	01:51:00	1.16356	1.16365	1.16356	1.16363	27.05
2025.11.14	01:52:00	1.16361	1.16364	1.16359	1.16363	53.28
2025.11.14	01:53:00	1.16363	1.16371	1.16361	1.16371	28.37
2025.11.14	01:54:00	1.16370	1.16370	1.16349	1.16349	59.13
2025.11.14	01:55:00	1.16349	1.16355	1.16345	1.16353	56.80
2025.11.14	01:56:00	1.16353	1.16353	1.16345	1.16347	31.27
2025.11.14	01:57:00	1.16346	1.16348	1.16339	1.16343	50.82
2025.11.14	01:58:00	1.16342	1.16344	1.16332	1.16334	81.46
2025.11.14	01:59:00	1.16335	1.16339	1.16331	1.16331	38.50
2025.11.14	02:00:00	1.16331	1.16334	1.16325	1.16332	35.84
2025.11.14	02:01:00	1.16333	1.16348	1.16331	1.16348	30.74
2025.11.14	02:02:00	1.16346	1.16355	1.16345	1.16353	40.09
2025.11.14	02:03:00	1.16355	1.16359	1.16351	1.16353	67.54
2025.11.14	02:04:00	1.16354	1.16354	1.16345	1.16347	61.96
2025.11.14	02:05:00	1.16345	1.16345	1.16329	1.16329	41.14
2025.11.14	02:06:00	1.16328	1.16328	1.16316	1.16317	21.15
2025.11.14	02:07:00	1.16315	1.16323	1.16315	1.16323	28.12
2025.11.14	02:08:00	1.16323	1.16323	1.16316	1.16317	27.00
2025.11.14	02:09:00	1.16317	1.16319	1.16306	1.16307	24.49
2025.11.14	02:10:00	1.16307	1.16318	1.16307	1.16318	29.70
2025.11.14	02:11:00	1.16317	1.16318	1.16298	1.16298	39.79
2025.11.14	02:12:00	1.16298	1.16306	1.16297	1.16302	32.85
2025.11.14	02:13:00	1.16304	1.16323	1.16301	1.16323	57.24
2025.11.14	02:14:00	1.16322	1.16330	1.16322	1.16328	50.56
2025.11.14	02:15:00	1.16327	1.16341	1.16320	1.16340	43.94
2025.11.14	02:16:00	1.16342	1.16346	1.16330	1.16338	66.74
2025.11.14	02:17:00	1.16340	1.16345	1.16337	1.16345	55.44
2025.11.14	02:18:00	1.16343	1.16343	1.16334	1.16342	29.74
2025.11.14	02:19:00	1.16345	1.16351	1.16341	1.16342	19.80
2025.11.14	02:20:00	1.16344	1.16354	1.16343	1.16352	25.74
2025.11.14	02:21:00	1.16353	1.16359	1.16353	1.16358	10.44
2025.11.14	02:22:00	1.16359	1.16360	1.16356	1.16359	8.19
2025.11.14	02:23:00	1.16354	1.16365	1.16354	1.16364	23.62
2025.11.14	02:24:00	1.16364	1.16364	1.16355	1.16359	43.16
2025.11.14	02:25:00	1.16358	1.16362	1.16342	1.16362	56.87
2025.11.14	02:26:00	1.16361	1.16371	1.16356	1.16368	30.36
2025.11.14	02:27:00	1.16370	1.16374	1.16365	1.16365	28.62
2025.11.14	02:28:00	1.16361	1.16363	1.16347	1.16349	62.72
2025.11.14	02:29:00	1.16349	1.16349	1.16337	1.16345	27.12
2025.11.14	02:30:00	1.16344	1.16347	1.16332	1.16332	52.75
2025.11.14	02:31:00	1.16333	1.16339	1.16328	1.16328	27.53
2025.11.14	02:32:00	1.16327	1.16330	1.16323	1.16326	39.37
2025.11.14	02:33:00	1.16323	1.16329	1.16322	1.16327	17.22
2025.11.14	02:34:00	1.16327	1.16334	1.16326	1.16329	19.66
2025.11.14	02:35:00	1.16329	1.16333	1.16323	1.16324	31.24
2025.11.14	02:36:00	1.16323	1.16323	1.16317	1.16319	24.16
2025.11.14	02:37:00	1.16318	1.16321	1.16317	1.16321	6.49
2025.11.14	02:38:00	1.16323	1.16341	1.16322	1.16337	34.09
2025.11.14	02:39:00	1.16337	1.16345	1.16335	1.16340	26.13
2025.11.14	02:40:00	1.16342	1.16344	1.16339	1.16341	27.64
2025.11.14	02:41:00	1.16341	1.16349	1.16337	1.16340	72.67
2025.11.14	02:42:00	1.16342	1.16347	1.16339	1.16346	40.04
2025.11.14	02:43:00	1.16344	1.16349	1.16340	1.16344	33.26
2025.11.14	02:44:00	1.16342	1.16345	1.16342	1.16344	7.20
2025.11.14	02:45:00	1.16347	1.16353	1.16344	1.16345	25.09
2025.11.14	02:46:00	1.16346	1.16346	1.16340	1.16346	25.51
2025.11.14	02:47:00	1.16345	1.16347	1.16344	1.16345	27.81
2025.11.14	02:48:00	1.16345	1.16346	1.16335	1.16338	44.30
2025.11.14	02:49:00	1.16340	1.16350	1.16340	1.16342	79.70
2025.11.14	02:50:00	1.16341	1.16352	1.16341	1.16352	25.58
2025.11.14	02:51:00	1.16353	1.16361	1.16353	1.16359	14.40
2025.11.14	02:52:00	1.16360	1.16363	1.16354	1.16354	28.92
2025.11.14	02:53:00	1.16354	1.16354	1.16347	1.16353	34.30
2025.11.14	02:54:00	1.16351	1.16358	1.16348	1.16353	31.03
2025.11.14	02:55:00	1.16352	1.16352	1.16342	1.16346	38.33
2025.11.14	02:56:00	1.16348	1.16350	1.16345	1.16347	39.42
2025.11.14	02:57:00	1.16347	1.16352	1.16340	1.16350	79.86
2025.11.14	02:58:00	1.16351	1.16357	1.16350	1.16357	52.88
2025.11.14	02:59:00	1.16356	1.16357	1.16352	1.16357	25.70
2025.11.14	03:00:00	1.16356	1.16362	1.16353	1.16362	86.63
2025.11.14	03:01:00	1.16360	1.16371	1.16360	1.16371	97.48
2025.11.14	03:02:00	1.16369	1.16378	1.16368	1.16377	50.17
2025.11.14	03:03:00	1.16374	1.16374	1.16370	1.16371	28.09
2025.11.14	03:04:00	1.16373	1.16377	1.16372	1.16373	14.14
2025.11.14	03:05:00	1.16373	1.16374	1.16371	1.16371	25.06
2025.11.14	03:06:00	1.16374	1.16374	1.16366	1.16371	35.89
2025.11.14	03:07:00	1.16372	1.16372	1.16370	1.16370	54.79
2025.11.14	03:08:00	1.16371	1.16374	1.16369	1.16373	39.17
2025.11.14	03:09:00	1.16373	1.16374	1.16371	1.16374	4.59
2025.11.14	03:10:00	1.16375	1.16384	1.16374	1.16384	24.35
2025.11.14	03:11:00	1.16386	1.16386	1.16377	1.16377	16.51
2025.11.14	03:12:00	1.16378	1.16379	1.16374	1.16377	12.34
2025.11.14	03:13:00	1.16377	1.16377	1.16372	1.16372	8.29
2025.11.14	03:14:00	1.16369	1.16373	1.16368	1.16369	14.78
2025.11.14	03:15:00	1.16370	1.16372	1.16367	1.16368	12.79
2025.11.14	03:16:00	1.16368	1.16383	1.16368	1.16383	26.48
2025.11.14	03:17:00	1.16382	1.16384	1.16381	1.16381	2.92
2025.11.14	03:18:00	1.16384	1.16389	1.16384	1.16387	19.66
2025.11.14	03:19:00	1.16386	1.16392	1.16382	1.16390	35.60
2025.11.14	03:20:00	1.16391	1.16398	1.16391	1.16393	35.88
2025.11.14	03:21:00	1.16393	1.16394	1.16385	1.16386	20.56
2025.11.14	03:22:00	1.16390	1.16394	1.16389	1.16392	17.86
2025.11.14	03:23:00	1.16393	1.16396	1.16392	1.16394	22.88
2025.11.14	03:24:00	1.16394	1.16397	1.16392	1.16392	20.56
2025.11.14	03:25:00	1.16392	1.16393	1.16390	1.16392	15.62
2025.11.14	03:26:00	1.16391	1.16397	1.16390	1.16396	15.12
2025.11.14	03:27:00	1.16396	1.16397	1.16395	1.16396	18.31
2025.11.14	03:28:00	1.16397	1.16405	1.16396	1.16405	106.81
2025.11.14	03:29:00	1.16403	1.16406	1.16403	1.16405	25.77
2025.11.14	03:30:00	1.16406	1.16413	1.16406	1.16406	32.40
2025.11.14	03:31:00	1.16408	1.16423	1.16406	1.16421	56.92
2025.11.14	03:32:00	1.16423	1.16442	1.16421	1.16439	67.50
2025.11.14	03:33:00	1.16439	1.16447	1.16438	1.16443	24.49
2025.11.14	03:34:00	1.16447	1.16448	1.16441	1.16442	25.39
2025.11.14	03:35:00	1.16435	1.16436	1.16431	1.16432	33.52
2025.11.14	03:36:00	1.16433	1.16433	1.16420	1.16428	54.99
2025.11.14	03:37:00	1.16428	1.16433	1.16426	1.16433	24.30
2025.11.14	03:38:00	1.16431	1.16432	1.16429	1.16432	37.80
2025.11.14	03:39:00	1.16430	1.16433	1.16424	1.16427	34.64
2025.11.14	03:40:00	1.16427	1.16428	1.16422	1.16427	31.69
2025.11.14	03:41:00	1.16429	1.16437	1.16426	1.16433	39.88
2025.11.14	03:42:00	1.16434	1.16438	1.16434	1.16434	31.50
2025.11.14	03:43:00	1.16437	1.16437	1.16432	1.16434	12.91
2025.11.14	03:44:00	1.16435	1.16436	1.16433	1.16433	29.70
2025.11.14	03:45:00	1.16433	1.16435	1.16432	1.16433	10.59
2025.11.14	03:46:00	1.16432	1.16435	1.16429	1.16429	56.75
2025.11.14	03:47:00	1.16431	1.16431	1.16421	1.16422	70.58
2025.11.14	03:48:00	1.16422	1.16425	1.16408	1.16408	128.12
2025.11.14	03:49:00	1.16407	1.16411	1.16406	1.16406	93.38
2025.11.14	03:50:00	1.16406	1.16406	1.16398	1.16401	43.14
2025.11.14	03:51:00	1.16401	1.16412	1.16401	1.16408	55.71
2025.11.14	03:52:00	1.16405	1.16407	1.16401	1.16402	30.32
2025.11.14	03:53:00	1.16403	1.16403	1.16397	1.16400	56.11
2025.11.14	03:54:00	1.16402	1.16402	1.16392	1.16394	72.73
2025.11.14	03:55:00	1.16394	1.16395	1.16389	1.16392	55.25
2025.11.14	03:56:00	1.16393	1.16398	1.16387	1.16393	41.00
2025.11.14	03:57:00	1.16393	1.16395	1.16388	1.16391	33.40
2025.11.14	03:58:00	1.16391	1.16392	1.16381	1.16382	50.06
2025.11.14	03:59:00	1.16381	1.16384	1.16379	1.16383	54.30
2025.11.14	04:00:00	1.16382	1.16383	1.16378	1.16379	89.69
2025.11.14	04:01:00	1.16379	1.16389	1.16375	1.16386	39.69
2025.11.14	04:02:00	1.16387	1.16398	1.16386	1.16397	47.20
2025.11.14	04:03:00	1.16396	1.16396	1.16389	1.16395	71.90
2025.11.14	04:04:00	1.16399	1.16407	1.16396	1.16406	29.28
2025.11.14	04:05:00	1.16407	1.16409	1.16405	1.16409	42.73
2025.11.14	04:06:00	1.16408	1.16409	1.16404	1.16406	141.45
2025.11.14	04:07:00	1.16405	1.16417	1.16404	1.16416	87.83
2025.11.14	04:08:00	1.16415	1.16417	1.16414	1.16414	28.64
2025.11.14	04:09:00	1.16414	1.16416	1.16410	1.16416	50.86
2025.11.14	04:10:00	1.16415	1.16425	1.16415	1.16425	76.02
2025.11.14	04:11:00	1.16425	1.16427	1.16420	1.16420	64.27
2025.11.14	04:12:00	1.16420	1.16420	1.16413	1.16416	71.32
2025.11.14	04:13:00	1.16414	1.16416	1.16408	1.16411	71.25
2025.11.14	04:14:00	1.16411	1.16413	1.16410	1.16411	23.40
2025.11.14	04:15:00	1.16409	1.16413	1.16404	1.16404	89.98
2025.11.14	04:16:00	1.16406	1.16411	1.16403	1.16407	48.34
2025.11.14	04:17:00	1.16405	1.16407	1.16399	1.16404	53.10
2025.11.14	04:18:00	1.16401	1.16403	1.16400	1.16402	18.28
2025.11.14	04:19:00	1.16402	1.16403	1.16399	1.16401	24.75
2025.11.14	04:20:00	1.16401	1.16410	1.16401	1.16406	86.13
2025.11.14	04:21:00	1.16406	1.16414	1.16406	1.16410	47.70
2025.11.14	04:22:00	1.16409	1.16413	1.16409	1.16410	79.38
2025.11.14	04:23:00	1.16411	1.16416	1.16410	1.16412	24.23
2025.11.14	04:24:00	1.16411	1.16413	1.16408	1.16410	53.22
2025.11.14	04:25:00	1.16411	1.16413	1.16404	1.16404	30.46
2025.11.14	04:26:00	1.16405	1.16405	1.16399	1.16401	72.01
2025.11.14	04:27:00	1.16400	1.16402	1.16399	1.16400	55.53
2025.11.14	04:28:00	1.16400	1.16405	1.16399	1.16401	51.49
2025.11.14	04:29:00	1.16401	1.16402	1.16400	1.16401	25.65
2025.11.14	04:30:00	1.16402	1.16402	1.16391	1.16393	44.24
2025.11.14	04:31:00	1.16394	1.16395	1.16389	1.16390	31.41
2025.11.14	04:32:00	1.16391	1.16391	1.16385	1.16385	75.38
2025.11.14	04:33:00	1.16385	1.16387	1.16380	1.16381	40.67
2025.11.14	04:34:00	1.16382	1.16388	1.16381	1.16386	18.45
2025.11.14	04:35:00	1.16387	1.16402	1.16387	1.16392	59.97
2025.11.14	04:36:00	1.16393	1.16395	1.16389	1.16393	56.12
2025.11.14	04:37:00	1.16395	1.16395	1.16391	1.16393	29.01
2025.11.14	04:38:00	1.16393	1.16396	1.16393	1.16394	34.29
2025.11.14	04:39:00	1.16394	1.16410	1.16394	1.16408	71.64
2025.11.14	04:40:00	1.16409	1.16409	1.16402	1.16407	38.79
2025.11.14	04:41:00	1.16409	1.16413	1.16408	1.16411	48.90
2025.11.14	04:42:00	1.16413	1.16413	1.16405	1.16406	25.21
2025.11.14	04:43:00	1.16407	1.16409	1.16405	1.16408	49.48
2025.11.14	04:44:00	1.16406	1.16408	1.16405	1.16408	28.80
2025.11.14	04:45:00	1.16406	1.16407	1.16402	1.16403	45.49
2025.11.14	04:46:00	1.16402	1.16404	1.16402	1.16403	35.38
2025.11.14	04:47:00	1.16403	1.16404	1.16402	1.16402	36.99
2025.11.14	04:48:00	1.16403	1.16406	1.16397	1.16403	40.62
2025.11.14	04:49:00	1.16403	1.16403	1.16393	1.16394	56.52
2025.11.14	04:50:00	1.16396	1.16396	1.16389	1.16390	50.38
2025.11.14	04:51:00	1.16392	1.16392	1.16382	1.16383	61.17
2025.11.14	04:52:00	1.16384	1.16388	1.16381	1.16383	62.98
2025.11.14	04:53:00	1.16383	1.16388	1.16378	1.16388	42.45
2025.11.14	04:54:00	1.16385	1.16398	1.16378	1.16397	74.28
2025.11.14	04:55:00	1.16396	1.16398	1.16395	1.16397	29.47
2025.11.14	04:56:00	1.16396	1.16399	1.16392	1.16396	75.65
2025.11.14	04:57:00	1.16397	1.16407	1.16397	1.16407	68.88
2025.11.14	04:58:00	1.16407	1.16419	1.16407	1.16418	70.52
2025.11.14	04:59:00	1.16417	1.16422	1.16417	1.16417	105.46
2025.11.14	05:00:00	1.16417	1.16425	1.16414	1.16423	103.62
2025.11.14	05:01:00	1.16423	1.16438	1.16423	1.16431	66.43
2025.11.14	05:02:00	1.16432	1.16433	1.16415	1.16416	57.00
2025.11.14	05:03:00	1.16421	1.16424	1.16419	1.16422	76.65
2025.11.14	05:04:00	1.16421	1.16422	1.16420	1.16421	47.40
2025.11.14	05:05:00	1.16420	1.16422	1.16418	1.16419	58.98
2025.11.14	05:06:00	1.16421	1.16421	1.16415	1.16420	83.72
2025.11.14	05:07:00	1.16421	1.16421	1.16410	1.16411	94.38
2025.11.14	05:08:00	1.16411	1.16418	1.16411	1.16412	53.13
2025.11.14	05:09:00	1.16411	1.16414	1.16411	1.16413	50.13
2025.11.14	05:10:00	1.16412	1.16414	1.16411	1.16411	20.56
2025.11.14	05:11:00	1.16412	1.16412	1.16405	1.16410	68.21
2025.11.14	05:12:00	1.16411	1.16414	1.16406	1.16411	56.37
2025.11.14	05:13:00	1.16409	1.16418	1.16408	1.16417	49.86
2025.11.14	05:14:00	1.16416	1.16425	1.16415	1.16422	53.30
2025.11.14	05:15:00	1.16420	1.16434	1.16420	1.16434	51.75
2025.11.14	05:16:00	1.16433	1.16437	1.16433	1.16437	64.80
2025.11.14	05:17:00	1.16436	1.16442	1.16436	1.16437	55.35
2025.11.14	05:18:00	1.16438	1.16451	1.16438	1.16447	49.32
2025.11.14	05:19:00	1.16446	1.16448	1.16441	1.16441	28.87
2025.11.14	05:20:00	1.16441	1.16441	1.16423	1.16424	77.03
2025.11.14	05:21:00	1.16426	1.16430	1.16424	1.16430	21.60
2025.11.14	05:22:00	1.16432	1.16433	1.16429	1.16429	9.99
2025.11.14	05:23:00	1.16427	1.16427	1.16425	1.16426	11.89
2025.11.14	05:24:00	1.16426	1.16432	1.16426	1.16430	16.39
2025.11.14	05:25:00	1.16431	1.16434	1.16427	1.16428	18.19
2025.11.14	05:26:00	1.16427	1.16429	1.16426	1.16426	15.49
2025.11.14	05:27:00	1.16427	1.16430	1.16417	1.16422	31.20
2025.11.14	05:28:00	1.16422	1.16429	1.16421	1.16424	26.67
2025.11.14	05:29:00	1.16426	1.16428	1.16423	1.16426	21.46
2025.11.14	05:30:00	1.16423	1.16437	1.16423	1.16436	26.67
2025.11.14	05:31:00	1.16436	1.16436	1.16433	1.16435	9.83
2025.11.14	05:32:00	1.16435	1.16444	1.16435	1.16444	22.69
2025.11.14	05:33:00	1.16443	1.16444	1.16438	1.16443	20.45
2025.11.14	05:34:00	1.16443	1.16444	1.16438	1.16438	13.14
2025.11.14	05:35:00	1.16437	1.16445	1.16437	1.16441	25.47
2025.11.14	05:36:00	1.16444	1.16449	1.16443	1.16449	9.00
2025.11.14	05:37:00	1.16449	1.16450	1.16447	1.16447	17.55
2025.11.14	05:38:00	1.16449	1.16449	1.16439	1.16439	12.60
2025.11.14	05:39:00	1.16438	1.16447	1.16437	1.16447	18.28
2025.11.14	05:40:00	1.16445	1.16449	1.16432	1.16432	30.34
2025.11.14	05:41:00	1.16432	1.16441	1.16432	1.16439	18.46
2025.11.14	05:42:00	1.16437	1.16438	1.16430	1.16430	22.77
2025.11.14	05:43:00	1.16431	1.16433	1.16430	1.16432	11.08
2025.11.14	05:44:00	1.16435	1.16435	1.16429	1.16430	12.82
2025.11.14	05:45:00	1.16432	1.16437	1.16432	1.16435	14.40
2025.11.14	05:46:00	1.16436	1.16436	1.16422	1.16422	28.28
2025.11.14	05:47:00	1.16425	1.16425	1.16417	1.16417	31.81
2025.11.14	05:48:00	1.16415	1.16415	1.16394	1.16396	132.96
2025.11.14	05:49:00	1.16397	1.16400	1.16392	1.16396	50.71
2025.11.14	05:50:00	1.16397	1.16401	1.16396	1.16401	41.17
2025.11.14	05:51:00	1.16400	1.16415	1.16400	1.16414	45.74
2025.11.14	05:52:00	1.16414	1.16433	1.16414	1.16433	38.96
2025.11.14	05:53:00	1.16431	1.16449	1.16430	1.16448	47.58
2025.11.14	05:54:00	1.16448	1.16453	1.16442	1.16450	57.09
2025.11.14	05:55:00	1.16451	1.16464	1.16451	1.16461	53.72
2025.11.14	05:56:00	1.16463	1.16468	1.16462	1.16463	36.73
2025.11.14	05:57:00	1.16463	1.16482	1.16463	1.16475	79.31
2025.11.14	05:58:00	1.16474	1.16477	1.16466	1.16467	41.77
2025.11.14	05:59:00	1.16466	1.16478	1.16465	1.16476	60.48
2025.11.14	06:00:00	1.16475	1.16483	1.16465	1.16479	82.04
2025.11.14	06:01:00	1.16477	1.16477	1.16474	1.16476	10.80
2025.11.14	06:02:00	1.16476	1.16485	1.16476	1.16482	23.68
2025.11.14	06:03:00	1.16481	1.16481	1.16468	1.16470	25.42
2025.11.14	06:04:00	1.16469	1.16470	1.16449	1.16456	82.11
2025.11.14	06:05:00	1.16456	1.16456	1.16438	1.16445	74.32
2025.11.14	06:06:00	1.16444	1.16454	1.16442	1.16452	41.34
2025.11.14	06:07:00	1.16452	1.16452	1.16445	1.16445	17.96
2025.11.14	06:08:00	1.16444	1.16447	1.16441	1.16447	17.29
2025.11.14	06:09:00	1.16446	1.16450	1.16444	1.16445	32.68
2025.11.14	06:10:00	1.16445	1.16453	1.16444	1.16448	29.27
2025.11.14	06:11:00	1.16448	1.16448	1.16434	1.16442	52.87
2025.11.14	06:12:00	1.16446	1.16453	1.16439	1.16439	40.99
2025.11.14	06:13:00	1.16439	1.16444	1.16439	1.16443	17.48
2025.11.14	06:14:00	1.16439	1.16440	1.16433	1.16436	26.89
2025.11.14	06:15:00	1.16435	1.16435	1.16424	1.16431	31.21
2025.11.14	06:16:00	1.16430	1.16433	1.16424	1.16424	21.88
2025.11.14	06:17:00	1.16426	1.16426	1.16416	1.16416	19.28
2025.11.14	06:18:00	1.16414	1.16418	1.16412	1.16413	36.31
2025.11.14	06:19:00	1.16414	1.16417	1.16413	1.16415	43.78
2025.11.14	06:20:00	1.16412	1.16413	1.16406	1.16411	42.98
2025.11.14	06:21:00	1.16411	1.16413	1.16394	1.16396	98.25
2025.11.14	06:22:00	1.16397	1.16402	1.16394	1.16402	35.42
2025.11.14	06:23:00	1.16399	1.16411	1.16399	1.16410	39.88
2025.11.14	06:24:00	1.16409	1.16410	1.16406	1.16410	82.60
2025.11.14	06:25:00	1.16410	1.16411	1.16401	1.16404	75.56
2025.11.14	06:26:00	1.16404	1.16404	1.16394	1.16395	32.34
2025.11.14	06:27:00	1.16395	1.16400	1.16394	1.16394	62.02
2025.11.14	06:28:00	1.16396	1.16399	1.16390	1.16390	36.05
2025.11.14	06:29:00	1.16391	1.16394	1.16390	1.16393	15.87
2025.11.14	06:30:00	1.16390	1.16400	1.16390	1.16400	13.05
2025.11.14	06:31:00	1.16397	1.16403	1.16396	1.16403	21.24
2025.11.14	06:32:00	1.16402	1.16406	1.16395	1.16406	34.96
2025.11.14	06:33:00	1.16406	1.16416	1.16405	1.16415	23.19
2025.11.14	06:34:00	1.16416	1.16420	1.16410	1.16415	93.76
2025.11.14	06:35:00	1.16415	1.16419	1.16410	1.16410	24.16
2025.11.14	06:36:00	1.16412	1.16415	1.16410	1.16415	6.30
2025.11.14	06:37:00	1.16417	1.16421	1.16409	1.16419	23.75
2025.11.14	06:38:00	1.16417	1.16423	1.16414	1.16422	37.55
2025.11.14	06:39:00	1.16416	1.16422	1.16415	1.16415	20.40
2025.11.14	06:40:00	1.16413	1.16419	1.16396	1.16396	54.71
2025.11.14	06:41:00	1.16397	1.16406	1.16396	1.16403	37.66
2025.11.14	06:42:00	1.16403	1.16403	1.16391	1.16392	31.62
2025.11.14	06:43:00	1.16391	1.16391	1.16380	1.16380	44.67
2025.11.14	06:44:00	1.16380	1.16385	1.16379	1.16381	26.93
2025.11.14	06:45:00	1.16378	1.16378	1.16362	1.16363	54.63
2025.11.14	06:46:00	1.16359	1.16364	1.16352	1.16354	83.85
2025.11.14	06:47:00	1.16356	1.16360	1.16346	1.16346	70.25
2025.11.14	06:48:00	1.16346	1.16353	1.16343	1.16350	36.81
2025.11.14	06:49:00	1.16348	1.16348	1.16334	1.16337	50.51
2025.11.14	06:50:00	1.16336	1.16348	1.16336	1.16345	51.30
2025.11.14	06:51:00	1.16344	1.16348	1.16332	1.16342	65.45
2025.11.14	06:52:00	1.16341	1.16354	1.16341	1.16352	51.16
2025.11.14	06:53:00	1.16352	1.16358	1.16346	1.16347	30.72
2025.11.14	06:54:00	1.16349	1.16350	1.16345	1.16346	22.24
2025.11.14	06:55:00	1.16346	1.16352	1.16346	1.16351	40.90
2025.11.14	06:56:00	1.16352	1.16369	1.16350	1.16366	61.98
2025.11.14	06:57:00	1.16367	1.16374	1.16367	1.16372	19.99
2025.11.14	06:58:00	1.16369	1.16374	1.16361	1.16365	30.01
2025.11.14	06:59:00	1.16363	1.16376	1.16359	1.16376	32.25
2025.11.14	07:00:00	1.16376	1.16404	1.16376	1.16403	114.59
2025.11.14	07:01:00	1.16404	1.16408	1.16400	1.16407	97.54
2025.11.14	07:02:00	1.16406	1.16408	1.16389	1.16407	87.35
2025.11.14	07:03:00	1.16405	1.16406	1.16389	1.16390	58.62
2025.11.14	07:04:00	1.16392	1.16394	1.16388	1.16391	32.78
2025.11.14	07:05:00	1.16391	1.16404	1.16385	1.16404	43.42
2025.11.14	07:06:00	1.16406	1.16411	1.16394	1.16399	44.93
2025.11.14	07:07:00	1.16401	1.16403	1.16390	1.16400	41.77
2025.11.14	07:08:00	1.16398	1.16398	1.16388	1.16396	24.80
2025.11.14	07:09:00	1.16393	1.16413	1.16392	1.16411	38.34
2025.11.14	07:10:00	1.16411	1.16420	1.16410	1.16416	41.86
2025.11.14	07:11:00	1.16418	1.16422	1.16412	1.16412	32.68
2025.11.14	07:12:00	1.16409	1.16417	1.16404	1.16412	50.33
2025.11.14	07:13:00	1.16409	1.16417	1.16406	1.16417	52.45
2025.11.14	07:14:00	1.16418	1.16428	1.16418	1.16422	47.49
2025.11.14	07:15:00	1.16423	1.16436	1.16418	1.16432	55.83
2025.11.14	07:16:00	1.16431	1.16454	1.16429	1.16454	72.81
2025.11.14	07:17:00	1.16452	1.16463	1.16440	1.16451	79.16
2025.11.14	07:18:00	1.16450	1.16451	1.16435	1.16436	49.24
2025.11.14	07:19:00	1.16438	1.16442	1.16426	1.16426	69.71
2025.11.14	07:20:00	1.16425	1.16430	1.16416	1.16418	96.17
2025.11.14	07:21:00	1.16417	1.16438	1.16411	1.16437	82.75
2025.11.14	07:22:00	1.16434	1.16436	1.16396	1.16396	110.90
2025.11.14	07:23:00	1.16395	1.16397	1.16381	1.16384	76.24
2025.11.14	07:24:00	1.16382	1.16383	1.16358	1.16366	134.79
2025.11.14	07:25:00	1.16365	1.16367	1.16351	1.16364	108.72
2025.11.14	07:26:00	1.16362	1.16368	1.16353	1.16363	72.05
2025.11.14	07:27:00	1.16361	1.16371	1.16359	1.16368	64.09
2025.11.14	07:28:00	1.16367	1.16369	1.16360	1.16360	57.17
2025.11.14	07:29:00	1.16363	1.16369	1.16362	1.16367	44.03
2025.11.14	07:30:00	1.16365	1.16369	1.16359	1.16367	177.25
2025.11.14	07:31:00	1.16365	1.16389	1.16365	1.16380	173.27
2025.11.14	07:32:00	1.16380	1.16380	1.16356	1.16361	109.22
2025.11.14	07:33:00	1.16358	1.16374	1.16357	1.16369	138.43
2025.11.14	07:34:00	1.16368	1.16404	1.16368	1.16403	181.35
2025.11.14	07:35:00	1.16405	1.16413	1.16395	1.16413	180.56
2025.11.14	07:36:00	1.16416	1.16416	1.16378	1.16381	178.68
2025.11.14	07:37:00	1.16384	1.16392	1.16379	1.16389	148.48
2025.11.14	07:38:00	1.16388	1.16389	1.16368	1.16374	133.91
2025.11.14	07:39:00	1.16375	1.16393	1.16368	1.16393	108.87
2025.11.14	07:40:00	1.16393	1.16393	1.16381	1.16382	57.97
2025.11.14	07:41:00	1.16381	1.16387	1.16371	1.16387	122.78
2025.11.14	07:42:00	1.16392	1.16401	1.16391	1.16395	128.74
2025.11.14	07:43:00	1.16394	1.16398	1.16390	1.16395	52.74
2025.11.14	07:44:00	1.16394	1.16407	1.16394	1.16407	79.47
2025.11.14	07:45:00	1.16408	1.16416	1.16405	1.16411	66.35
2025.11.14	07:46:00	1.16412	1.16417	1.16404	1.16417	43.45
2025.11.14	07:47:00	1.16416	1.16422	1.16396	1.16405	50.93
2025.11.14	07:48:00	1.16405	1.16421	1.16405	1.16418	44.67
2025.11.14	07:49:00	1.16418	1.16418	1.16402	1.16405	66.49
2025.11.14	07:50:00	1.16403	1.16403	1.16380	1.16386	83.76
2025.11.14	07:51:00	1.16384	1.16389	1.16378	1.16388	66.59
2025.11.14	07:52:00	1.16387	1.16388	1.16362	1.16365	62.36
2025.11.14	07:53:00	1.16368	1.16368	1.16348	1.16351	51.68
2025.11.14	07:54:00	1.16351	1.16353	1.16341	1.16349	66.53
2025.11.14	07:55:00	1.16351	1.16353	1.16332	1.16337	92.89
2025.11.14	07:56:00	1.16339	1.16347	1.16330	1.16335	61.08
2025.11.14	07:57:00	1.16338	1.16343	1.16332	1.16338	88.58
2025.11.14	07:58:00	1.16337	1.16348	1.16334	1.16338	107.24
2025.11.14	07:59:00	1.16339	1.16340	1.16316	1.16327	150.66
2025.11.14	08:00:00	1.16327	1.16355	1.16322	1.16349	257.61
2025.11.14	08:01:00	1.16348	1.16359	1.16335	1.16337	196.19
2025.11.14	08:02:00	1.16336	1.16347	1.16291	1.16294	224.29
2025.11.14	08:03:00	1.16296	1.16308	1.16289	1.16308	161.44
2025.11.14	08:04:00	1.16306	1.16323	1.16291	1.16291	195.64
2025.11.14	08:05:00	1.16288	1.16291	1.16265	1.16278	175.37
2025.11.14	08:06:00	1.16278	1.16293	1.16270	1.16272	151.95
2025.11.14	08:07:00	1.16273	1.16287	1.16265	1.16284	124.23
2025.11.14	08:08:00	1.16286	1.16293	1.16263	1.16285	106.44
2025.11.14	08:09:00	1.16285	1.16294	1.16280	1.16280	97.26
2025.11.14	08:10:00	1.16281	1.16304	1.16279	1.16304	108.68
2025.11.14	08:11:00	1.16304	1.16311	1.16297	1.16307	54.05
2025.11.14	08:12:00	1.16309	1.16317	1.16297	1.16306	64.86
2025.11.14	08:13:00	1.16305	1.16307	1.16273	1.16276	148.34
2025.11.14	08:14:00	1.16275	1.16278	1.16255	1.16258	104.17
2025.11.14	08:15:00	1.16254	1.16273	1.16244	1.16271	152.49
2025.11.14	08:16:00	1.16270	1.16277	1.16247	1.16276	164.22
2025.11.14	08:17:00	1.16278	1.16279	1.16258	1.16258	91.36
2025.11.14	08:18:00	1.16258	1.16258	1.16233	1.16247	254.85
2025.11.14	08:19:00	1.16246	1.16274	1.16246	1.16273	164.35
2025.11.14	08:20:00	1.16272	1.16273	1.16234	1.16237	154.51
2025.11.14	08:21:00	1.16237	1.16251	1.16232	1.16232	141.51
2025.11.14	08:22:00	1.16235	1.16239	1.16203	1.16204	136.46
2025.11.14	08:23:00	1.16203	1.16234	1.16202	1.16231	154.45
2025.11.14	08:24:00	1.16228	1.16250	1.16222	1.16247	137.93
2025.11.14	08:25:00	1.16247	1.16254	1.16235	1.16241	92.90
2025.11.14	08:26:00	1.16243	1.16273	1.16243	1.16273	69.96
2025.11.14	08:27:00	1.16272	1.16281	1.16250	1.16250	68.61
2025.11.14	08:28:00	1.16249	1.16255	1.16248	1.16251	58.17
2025.11.14	08:29:00	1.16253	1.16259	1.16247	1.16254	83.65
2025.11.14	08:30:00	1.16255	1.16299	1.16255	1.16299	139.70
2025.11.14	08:31:00	1.16299	1.16318	1.16293	1.16315	132.42
2025.11.14	08:32:00	1.16313	1.16327	1.16313	1.16322	129.67
2025.11.14	08:33:00	1.16325	1.16336	1.16316	1.16317	91.46
2025.11.14	08:34:00	1.16319	1.16329	1.16312	1.16327	82.11
2025.11.14	08:35:00	1.16331	1.16332	1.16318	1.16324	90.18
2025.11.14	08:36:00	1.16323	1.16331	1.16320	1.16323	87.74
2025.11.14	08:37:00	1.16322	1.16336	1.16321	1.16321	55.30
2025.11.14	08:38:00	1.16322	1.16325	1.16302	1.16303	93.73
2025.11.14	08:39:00	1.16305	1.16324	1.16301	1.16317	66.13
2025.11.14	08:40:00	1.16314	1.16328	1.16309	1.16324	55.50
2025.11.14	08:41:00	1.16323	1.16323	1.16302	1.16303	94.02
2025.11.14	08:42:00	1.16303	1.16360	1.16302	1.16338	420.39
2025.11.14	08:43:00	1.16342	1.16371	1.16322	1.16331	404.06
2025.11.14	08:44:00	1.16331	1.16356	1.16327	1.16337	277.32
2025.11.14	08:45:00	1.16334	1.16359	1.16324	1.16326	254.18
2025.11.14	08:46:00	1.16325	1.16344	1.16306	1.16312	185.63
2025.11.14	08:47:00	1.16314	1.16315	1.16293	1.16304	152.02
2025.11.14	08:48:00	1.16303	1.16330	1.16301	1.16324	174.27
2025.11.14	08:49:00	1.16324	1.16327	1.16291	1.16297	138.14
2025.11.14	08:50:00	1.16299	1.16319	1.16297	1.16318	143.01
2025.11.14	08:51:00	1.16316	1.16323	1.16307	1.16319	166.13
2025.11.14	08:52:00	1.16319	1.16332	1.16303	1.16305	194.51
2025.11.14	08:53:00	1.16303	1.16303	1.16291	1.16299	121.32
2025.11.14	08:54:00	1.16300	1.16309	1.16292	1.16308	87.51
2025.11.14	08:55:00	1.16309	1.16326	1.16304	1.16307	101.15
2025.11.14	08:56:00	1.16306	1.16307	1.16292	1.16294	73.72
2025.11.14	08:57:00	1.16294	1.16309	1.16289	1.16309	93.08
2025.11.14	08:58:00	1.16309	1.16323	1.16309	1.16313	93.29
2025.11.14	08:59:00	1.16312	1.16312	1.16290	1.16293	77.76
2025.11.14	09:00:00	1.16292	1.16293	1.16277	1.16278	128.34
2025.11.14	09:01:00	1.16278	1.16288	1.16272	1.16272	111.82
2025.11.14	09:02:00	1.16272	1.16272	1.16242	1.16248	95.59
2025.11.14	09:03:00	1.16250	1.16261	1.16244	1.16246	252.53
2025.11.14	09:04:00	1.16249	1.16259	1.16242	1.16256	143.24
2025.11.14	09:05:00	1.16255	1.16269	1.16252	1.16269	230.65
2025.11.14	09:06:00	1.16267	1.16286	1.16267	1.16284	159.43
2025.11.14	09:07:00	1.16282	1.16302	1.16280	1.16290	135.23
2025.11.14	09:08:00	1.16290	1.16294	1.16281	1.16288	99.72
2025.11.14	09:09:00	1.16287	1.16289	1.16272	1.16280	80.32
2025.11.14	09:10:00	1.16280	1.16290	1.16272	1.16281	134.29
2025.11.14	09:11:00	1.16279	1.16295	1.16278	1.16285	119.57
2025.11.14	09:12:00	1.16285	1.16289	1.16282	1.16283	76.43
2025.11.14	09:13:00	1.16283	1.16284	1.16274	1.16278	76.06
2025.11.14	09:14:00	1.16278	1.16285	1.16267	1.16279	190.11
2025.11.14	09:15:00	1.16279	1.16300	1.16279	1.16285	102.20
2025.11.14	09:16:00	1.16284	1.16296	1.16271	1.16272	136.23
2025.11.14	09:17:00	1.16271	1.16274	1.16263	1.16273	118.83
2025.11.14	09:18:00	1.16273	1.16276	1.16259	1.16271	130.69
2025.11.14	09:19:00	1.16271	1.16273	1.16242	1.16263	189.01
2025.11.14	09:20:00	1.16262	1.16272	1.16256	1.16272	123.05
2025.11.14	09:21:00	1.16273	1.16290	1.16273	1.16288	204.27
2025.11.14	09:22:00	1.16287	1.16304	1.16285	1.16304	133.17
2025.11.14	09:23:00	1.16303	1.16310	1.16301	1.16309	147.68
2025.11.14	09:24:00	1.16307	1.16311	1.16281	1.16283	211.20
2025.11.14	09:25:00	1.16282	1.16282	1.16265	1.16269	144.02
2025.11.14	09:26:00	1.16271	1.16271	1.16252	1.16254	155.77
2025.11.14	09:27:00	1.16253	1.16264	1.16250	1.16264	155.56
2025.11.14	09:28:00	1.16263	1.16275	1.16263	1.16266	148.30
2025.11.14	09:29:00	1.16267	1.16276	1.16266	1.16267	90.65
2025.11.14	09:30:00	1.16267	1.16273	1.16259	1.16262	176.59
2025.11.14	09:31:00	1.16263	1.16271	1.16260	1.16266	69.80
2025.11.14	09:32:00	1.16267	1.16275	1.16266	1.16275	120.51
2025.11.14	09:33:00	1.16274	1.16278	1.16271	1.16274	90.43
2025.11.14	09:34:00	1.16273	1.16284	1.16271	1.16278	91.50
2025.11.14	09:35:00	1.16276	1.16295	1.16272	1.16294	71.37
2025.11.14	09:36:00	1.16294	1.16297	1.16273	1.16275	134.54
2025.11.14	09:37:00	1.16273	1.16279	1.16271	1.16277	72.93
2025.11.14	09:38:00	1.16276	1.16282	1.16271	1.16282	54.70
2025.11.14	09:39:00	1.16280	1.16297	1.16280	1.16295	95.08
2025.11.14	09:40:00	1.16297	1.16302	1.16261	1.16262	129.67
2025.11.14	09:41:00	1.16263	1.16282	1.16263	1.16277	88.38
2025.11.14	09:42:00	1.16279	1.16279	1.16232	1.16235	126.03
2025.11.14	09:43:00	1.16236	1.16256	1.16236	1.16242	112.46
2025.11.14	09:44:00	1.16242	1.16248	1.16233	1.16233	126.43
2025.11.14	09:45:00	1.16236	1.16258	1.16233	1.16253	103.51
2025.11.14	09:46:00	1.16254	1.16259	1.16241	1.16242	111.38
2025.11.14	09:47:00	1.16242	1.16244	1.16227	1.16228	79.04
2025.11.14	09:48:00	1.16229	1.16230	1.16220	1.16227	76.86
2025.11.14	09:49:00	1.16230	1.16233	1.16214	1.16216	84.85
2025.11.14	09:50:00	1.16214	1.16232	1.16214	1.16228	57.44
2025.11.14	09:51:00	1.16230	1.16240	1.16229	1.16236	48.87
2025.11.14	09:52:00	1.16235	1.16235	1.16216	1.16221	55.72
2025.11.14	09:53:00	1.16222	1.16233	1.16222	1.16226	46.65
2025.11.14	09:54:00	1.16227	1.16232	1.16206	1.16209	75.73
2025.11.14	09:55:00	1.16209	1.16213	1.16203	1.16211	70.82
2025.11.14	09:56:00	1.16213	1.16214	1.16207	1.16214	35.08
2025.11.14	09:57:00	1.16215	1.16222	1.16215	1.16220	56.94
2025.11.14	09:58:00	1.16222	1.16222	1.16217	1.16222	38.18
2025.11.14	09:59:00	1.16220	1.16221	1.16213	1.16216	66.46
2025.11.14	10:00:00	1.16213	1.16217	1.16201	1.16202	144.94
2025.11.14	10:01:00	1.16204	1.16216	1.16204	1.16209	68.61
2025.11.14	10:02:00	1.16208	1.16208	1.16196	1.16203	133.71
2025.11.14	10:03:00	1.16202	1.16211	1.16175	1.16177	124.88
2025.11.14	10:04:00	1.16177	1.16183	1.16173	1.16177	105.91
2025.11.14	10:05:00	1.16178	1.16190	1.16174	1.16182	81.36
2025.11.14	10:06:00	1.16184	1.16184	1.16175	1.16181	55.45
2025.11.14	10:07:00	1.16182	1.16197	1.16182	1.16191	64.28
2025.11.14	10:08:00	1.16192	1.16204	1.16191	1.16192	51.76
2025.11.14	10:09:00	1.16191	1.16201	1.16187	1.16192	47.37
2025.11.14	10:10:00	1.16193	1.16202	1.16192	1.16202	29.53
2025.11.14	10:11:00	1.16203	1.16205	1.16194	1.16200	69.16
2025.11.14	10:12:00	1.16201	1.16203	1.16191	1.16198	39.12
2025.11.14	10:13:00	1.16197	1.16204	1.16191	1.16203	28.00
2025.11.14	10:14:00	1.16202	1.16211	1.16196	1.16208	62.08
2025.11.14	10:15:00	1.16208	1.16211	1.16193	1.16211	98.01
2025.11.14	10:16:00	1.16211	1.16212	1.16200	1.16203	53.84
2025.11.14	10:17:00	1.16199	1.16199	1.16192	1.16197	42.96
2025.11.14	10:18:00	1.16195	1.16195	1.16180	1.16180	27.41
2025.11.14	10:19:00	1.16176	1.16177	1.16169	1.16170	44.24
2025.11.14	10:20:00	1.16170	1.16174	1.16162	1.16171	49.49
2025.11.14	10:21:00	1.16172	1.16183	1.16170	1.16173	29.30
2025.11.14	10:22:00	1.16176	1.16176	1.16162	1.16165	70.74
2025.11.14	10:23:00	1.16164	1.16174	1.16164	1.16174	61.71
2025.11.14	10:24:00	1.16173	1.16173	1.16153	1.16164	49.63
2025.11.14	10:25:00	1.16163	1.16175	1.16160	1.16163	37.17
2025.11.14	10:26:00	1.16164	1.16165	1.16155	1.16155	34.77
2025.11.14	10:27:00	1.16157	1.16157	1.16138	1.16147	120.30
2025.11.14	10:28:00	1.16147	1.16155	1.16140	1.16147	137.87
2025.11.14	10:29:00	1.16149	1.16149	1.16139	1.16140	37.84
2025.11.14	10:30:00	1.16137	1.16146	1.16134	1.16144	62.57
2025.11.14	10:31:00	1.16145	1.16145	1.16143	1.16143	5.40
2025.11.14	10:32:00	1.16142	1.16149	1.16142	1.16148	39.15
2025.11.14	10:33:00	1.16144	1.16144	1.16136	1.16140	82.95
2025.11.14	10:34:00	1.16140	1.16144	1.16127	1.16132	98.15
2025.11.14	10:35:00	1.16132	1.16134	1.16126	1.16127	51.64
2025.11.14	10:36:00	1.16125	1.16138	1.16122	1.16133	94.78
2025.11.14	10:37:00	1.16133	1.16153	1.16131	1.16141	79.15
2025.11.14	10:38:00	1.16140	1.16140	1.16133	1.16133	25.77
2025.11.14	10:39:00	1.16133	1.16141	1.16131	1.16131	26.67
2025.11.14	10:40:00	1.16133	1.16146	1.16133	1.16137	39.03
2025.11.14	10:41:00	1.16137	1.16140	1.16131	1.16139	36.95
2025.11.14	10:42:00	1.16137	1.16151	1.16136	1.16144	42.12
2025.11.14	10:43:00	1.16145	1.16153	1.16137	1.16138	85.00
2025.11.14	10:44:00	1.16137	1.16148	1.16137	1.16147	108.64
2025.11.14	10:45:00	1.16148	1.16160	1.16146	1.16155	148.54
2025.11.14	10:46:00	1.16153	1.16166	1.16153	1.16165	67.45
2025.11.14	10:47:00	1.16163	1.16170	1.16163	1.16166	49.05
2025.11.14	10:48:00	1.16167	1.16169	1.16161	1.16163	76.41
2025.11.14	10:49:00	1.16164	1.16175	1.16162	1.16175	49.88
2025.11.14	10:50:00	1.16176	1.16182	1.16170	1.16177	84.70
2025.11.14	10:51:00	1.16176	1.16177	1.16164	1.16171	68.76
2025.11.14	10:52:00	1.16171	1.16171	1.16156	1.16161	80.76
2025.11.14	10:53:00	1.16160	1.16169	1.16155	1.16167	105.92
2025.11.14	10:54:00	1.16168	1.16175	1.16163	1.16167	71.42
2025.11.14	10:55:00	1.16168	1.16169	1.16161	1.16168	95.31
2025.11.14	10:56:00	1.16168	1.16172	1.16162	1.16164	89.08
2025.11.14	10:57:00	1.16164	1.16164	1.16153	1.16155	88.07
2025.11.14	10:58:00	1.16156	1.16156	1.16152	1.16154	20.70
2025.11.14	10:59:00	1.16153	1.16158	1.16131	1.16134	68.57
2025.11.14	11:00:00	1.16135	1.16137	1.16126	1.16136	65.35
2025.11.14	11:01:00	1.16137	1.16146	1.16129	1.16146	59.52
2025.11.14	11:02:00	1.16145	1.16145	1.16136	1.16141	45.43
2025.11.14	11:03:00	1.16143	1.16152	1.16143	1.16147	34.53
2025.11.14	11:04:00	1.16150	1.16156	1.16150	1.16154	28.66
2025.11.14	11:05:00	1.16156	1.16158	1.16140	1.16146	51.27
2025.11.14	11:06:00	1.16145	1.16145	1.16126	1.16126	97.04
2025.11.14	11:07:00	1.16125	1.16127	1.16120	1.16120	60.64
2025.11.14	11:08:00	1.16120	1.16125	1.16112	1.16123	94.98
2025.11.14	11:09:00	1.16122	1.16127	1.16117	1.16121	49.65
2025.11.14	11:10:00	1.16121	1.16122	1.16109	1.16113	64.42
2025.11.14	11:11:00	1.16115	1.16121	1.16111	1.16117	58.50
2025.11.14	11:12:00	1.16115	1.16120	1.16094	1.16099	154.14
2025.11.14	11:13:00	1.16100	1.16103	1.16090	1.16093	71.22
2025.11.14	11:14:00	1.16094	1.16122	1.16094	1.16111	85.06
2025.11.14	11:15:00	1.16111	1.16119	1.16106	1.16117	51.73
2025.11.14	11:16:00	1.16117	1.16117	1.16106	1.16107	67.02
2025.11.14	11:17:00	1.16104	1.16104	1.16088	1.16101	74.61
2025.11.14	11:18:00	1.16102	1.16105	1.16093	1.16094	84.47
2025.11.14	11:19:00	1.16095	1.16108	1.16092	1.16103	69.92
2025.11.14	11:20:00	1.16104	1.16105	1.16096	1.16097	41.76
2025.11.14	11:21:00	1.16097	1.16103	1.16091	1.16100	73.23
2025.11.14	11:22:00	1.16102	1.16113	1.16101	1.16107	49.48
2025.11.14	11:23:00	1.16109	1.16127	1.16107	1.16127	55.00
2025.11.14	11:24:00	1.16127	1.16127	1.16106	1.16109	80.39
2025.11.14	11:25:00	1.16108	1.16125	1.16108	1.16113	90.12
2025.11.14	11:26:00	1.16112	1.16119	1.16111	1.16113	33.35
2025.11.14	11:27:00	1.16111	1.16114	1.16097	1.16107	58.20
2025.11.14	11:28:00	1.16108	1.16113	1.16103	1.16103	52.06
2025.11.14	11:29:00	1.16105	1.16113	1.16105	1.16105	87.78
2025.11.14	11:30:00	1.16108	1.16122	1.16104	1.16105	83.92
2025.11.14	11:31:00	1.16105	1.16110	1.16105	1.16106	43.96
2025.11.14	11:32:00	1.16105	1.16114	1.16104	1.16112	70.40
2025.11.14	11:33:00	1.16112	1.16125	1.16112	1.16122	61.82
2025.11.14	11:34:00	1.16123	1.16134	1.16122	1.16133	38.63
2025.11.14	11:35:00	1.16135	1.16147	1.16128	1.16147	113.48
2025.11.14	11:36:00	1.16146	1.16153	1.16142	1.16153	61.17
2025.11.14	11:37:00	1.16151	1.16155	1.16150	1.16154	26.12
2025.11.14	11:38:00	1.16153	1.16156	1.16150	1.16150	48.93
2025.11.14	11:39:00	1.16152	1.16161	1.16151	1.16160	36.90
2025.11.14	11:40:00	1.16159	1.16168	1.16156	1.16160	81.40
2025.11.14	11:41:00	1.16162	1.16165	1.16159	1.16160	73.23
2025.11.14	11:42:00	1.16161	1.16164	1.16157	1.16162	65.89
2025.11.14	11:43:00	1.16162	1.16162	1.16147	1.16147	50.85
2025.11.14	11:44:00	1.16146	1.16149	1.16139	1.16142	65.98
2025.11.14	11:45:00	1.16143	1.16146	1.16137	1.16141	46.35
2025.11.14	11:46:00	1.16139	1.16145	1.16135	1.16137	69.15
2025.11.14	11:47:00	1.16136	1.16145	1.16136	1.16142	53.86
2025.11.14	11:48:00	1.16144	1.16145	1.16135	1.16144	60.02
2025.11.14	11:49:00	1.16142	1.16145	1.16139	1.16139	75.15
2025.11.14	11:50:00	1.16141	1.16150	1.16133	1.16135	95.10
2025.11.14	11:51:00	1.16137	1.16156	1.16137	1.16156	48.03
2025.11.14	11:52:00	1.16157	1.16164	1.16152	1.16158	47.00
2025.11.14	11:53:00	1.16156	1.16189	1.16156	1.16173	121.40
2025.11.14	11:54:00	1.16174	1.16178	1.16171	1.16173	63.99
2025.11.14	11:55:00	1.16173	1.16196	1.16168	1.16195	109.14
2025.11.14	11:56:00	1.16195	1.16195	1.16188	1.16191	97.13
2025.11.14	11:57:00	1.16190	1.16196	1.16189	1.16192	85.51
2025.11.14	11:58:00	1.16192	1.16192	1.16183	1.16189	77.07
2025.11.14	11:59:00	1.16188	1.16195	1.16188	1.16193	90.78
2025.11.14	12:00:00	1.16193	1.16198	1.16179	1.16179	124.76
2025.11.14	12:01:00	1.16180	1.16186	1.16174	1.16174	84.24
2025.11.14	12:02:00	1.16174	1.16181	1.16168	1.16174	47.66
2025.11.14	12:03:00	1.16173	1.16185	1.16171	1.16183	40.69
2025.11.14	12:04:00	1.16187	1.16198	1.16184	1.16198	52.20
2025.11.14	12:05:00	1.16196	1.16209	1.16196	1.16203	33.75
2025.11.14	12:06:00	1.16204	1.16234	1.16203	1.16231	128.77
2025.11.14	12:07:00	1.16232	1.16232	1.16219	1.16232	96.51
2025.11.14	12:08:00	1.16232	1.16235	1.16228	1.16228	52.94
2025.11.14	12:09:00	1.16229	1.16244	1.16228	1.16244	98.83
2025.11.14	12:10:00	1.16243	1.16250	1.16242	1.16249	106.65
2025.11.14	12:11:00	1.16249	1.16271	1.16247	1.16268	99.72
2025.11.14	12:12:00	1.16266	1.16277	1.16257	1.16274	86.78
2025.11.14	12:13:00	1.16275	1.16277	1.16261	1.16263	72.43
2025.11.14	12:14:00	1.16263	1.16277	1.16263	1.16275	58.87
2025.11.14	12:15:00	1.16276	1.16278	1.16262	1.16267	76.91
2025.11.14	12:16:00	1.16267	1.16270	1.16261	1.16264	40.50
2025.11.14	12:17:00	1.16262	1.16262	1.16244	1.16245	117.59
2025.11.14	12:18:00	1.16245	1.16259	1.16235	1.16255	84.01
2025.11.14	12:19:00	1.16257	1.16273	1.16254	1.16266	93.57
2025.11.14	12:20:00	1.16267	1.16285	1.16267	1.16273	100.92
2025.11.14	12:21:00	1.16275	1.16283	1.16256	1.16268	85.32
2025.11.14	12:22:00	1.16268	1.16295	1.16268	1.16289	204.01
2025.11.14	12:23:00	1.16288	1.16297	1.16284	1.16292	105.63
2025.11.14	12:24:00	1.16294	1.16295	1.16277	1.16282	110.07
2025.11.14	12:25:00	1.16281	1.16297	1.16281	1.16295	118.02
2025.11.14	12:26:00	1.16297	1.16297	1.16285	1.16290	146.04
2025.11.14	12:27:00	1.16291	1.16318	1.16291	1.16317	143.64
2025.11.14	12:28:00	1.16315	1.16319	1.16306	1.16307	153.12
2025.11.14	12:29:00	1.16305	1.16308	1.16291	1.16308	76.33
2025.11.14	12:30:00	1.16307	1.16324	1.16300	1.16323	90.54
2025.11.14	12:31:00	1.16324	1.16326	1.16313	1.16325	94.90
2025.11.14	12:32:00	1.16326	1.16328	1.16313	1.16318	78.30
2025.11.14	12:33:00	1.16317	1.16332	1.16314	1.16330	122.12
2025.11.14	12:34:00	1.16330	1.16338	1.16309	1.16311	95.58
2025.11.14	12:35:00	1.16313	1.16320	1.16301	1.16314	178.48
2025.11.14	12:36:00	1.16316	1.16318	1.16308	1.16311	121.49
2025.11.14	12:37:00	1.16311	1.16329	1.16309	1.16329	45.00
2025.11.14	12:38:00	1.16331	1.16338	1.16330	1.16330	107.68
2025.11.14	12:39:00	1.16332	1.16339	1.16320	1.16338	115.61
2025.11.14	12:40:00	1.16336	1.16372	1.16336	1.16368	129.90
2025.11.14	12:41:00	1.16366	1.16394	1.16365	1.16391	135.99
2025.11.14	12:42:00	1.16390	1.16402	1.16388	1.16396	164.43
2025.11.14	12:43:00	1.16395	1.16415	1.16394	1.16413	130.04
2025.11.14	12:44:00	1.16411	1.16419	1.16409	1.16409	75.82
2025.11.14	12:45:00	1.16409	1.16446	1.16406	1.16444	161.50
2025.11.14	12:46:00	1.16442	1.16454	1.16435	1.16449	121.69
2025.11.14	12:47:00	1.16451	1.16464	1.16448	1.16455	118.23
2025.11.14	12:48:00	1.16454	1.16458	1.16425	1.16433	122.62
2025.11.14	12:49:00	1.16433	1.16435	1.16415	1.16424	99.75
2025.11.14	12:50:00	1.16421	1.16440	1.16421	1.16434	74.82
2025.11.14	12:51:00	1.16430	1.16458	1.16430	1.16458	108.16
2025.11.14	12:52:00	1.16459	1.16469	1.16457	1.16463	97.02
2025.11.14	12:53:00	1.16465	1.16479	1.16465	1.16476	86.35
2025.11.14	12:54:00	1.16474	1.16489	1.16474	1.16481	94.25
2025.11.14	12:55:00	1.16479	1.16503	1.16479	1.16493	158.08
2025.11.14	12:56:00	1.16492	1.16522	1.16486	1.16508	152.54
2025.11.14	12:57:00	1.16509	1.16523	1.16505	1.16505	136.40
2025.11.14	12:58:00	1.16504	1.16513	1.16501	1.16505	137.97
2025.11.14	12:59:00	1.16502	1.16526	1.16500	1.16524	98.06
2025.11.14	13:00:00	1.16524	1.16536	1.16514	1.16524	245.56
2025.11.14	13:01:00	1.16522	1.16525	1.16501	1.16507	137.49
2025.11.14	13:02:00	1.16508	1.16508	1.16482	1.16488	152.11
2025.11.14	13:03:00	1.16489	1.16519	1.16473	1.16476	186.59
2025.11.14	13:04:00	1.16473	1.16475	1.16453	1.16457	155.74
2025.11.14	13:05:00	1.16456	1.16465	1.16442	1.16460	244.67
2025.11.14	13:06:00	1.16462	1.16470	1.16446	1.16458	146.36
2025.11.14	13:07:00	1.16457	1.16477	1.16456	1.16474	95.28
2025.11.14	13:08:00	1.16476	1.16483	1.16464	1.16465	105.64
2025.11.14	13:09:00	1.16466	1.16483	1.16466	1.16474	96.45
2025.11.14	13:10:00	1.16477	1.16486	1.16466	1.16470	94.69
2025.11.14	13:11:00	1.16476	1.16487	1.16461	1.16476	129.53
2025.11.14	13:12:00	1.16476	1.16488	1.16475	1.16484	126.08
2025.11.14	13:13:00	1.16483	1.16483	1.16467	1.16468	72.67
2025.11.14	13:14:00	1.16470	1.16474	1.16459	1.16466	60.42
2025.11.14	13:15:00	1.16467	1.16483	1.16465	1.16483	86.82
2025.11.14	13:16:00	1.16483	1.16496	1.16480	1.16486	87.72
2025.11.14	13:17:00	1.16488	1.16495	1.16474	1.16491	74.49
2025.11.14	13:18:00	1.16493	1.16497	1.16485	1.16488	100.36
2025.11.14	13:19:00	1.16489	1.16497	1.16487	1.16492	73.37
2025.11.14	13:20:00	1.16494	1.16522	1.16492	1.16515	146.33
2025.11.14	13:21:00	1.16518	1.16530	1.16509	1.16512	127.18
2025.11.14	13:22:00	1.16512	1.16518	1.16507	1.16510	65.24
2025.11.14	13:23:00	1.16509	1.16512	1.16499	1.16502	84.54
2025.11.14	13:24:00	1.16505	1.16506	1.16496	1.16498	118.21
2025.11.14	13:25:00	1.16495	1.16501	1.16466	1.16468	216.83
2025.11.14	13:26:00	1.16469	1.16474	1.16461	1.16461	109.01
2025.11.14	13:27:00	1.16463	1.16474	1.16463	1.16474	34.93
2025.11.14	13:28:00	1.16472	1.16473	1.16450	1.16450	51.35
2025.11.14	13:29:00	1.16450	1.16455	1.16439	1.16444	100.81
2025.11.14	13:30:00	1.16444	1.16453	1.16435	1.16440	120.86
2025.11.14	13:31:00	1.16440	1.16444	1.16421	1.16426	66.42
2025.11.14	13:32:00	1.16430	1.16433	1.16416	1.16427	63.11
2025.11.14	13:33:00	1.16429	1.16466	1.16429	1.16463	103.58
2025.11.14	13:34:00	1.16465	1.16468	1.16433	1.16435	120.56
2025.11.14	13:35:00	1.16437	1.16493	1.16437	1.16483	113.38
2025.11.14	13:36:00	1.16482	1.16496	1.16480	1.16482	74.03
2025.11.14	13:37:00	1.16480	1.16491	1.16476	1.16478	137.25
2025.11.14	13:38:00	1.16480	1.16485	1.16460	1.16469	219.45
2025.11.14	13:39:00	1.16469	1.16472	1.16444	1.16450	232.16
2025.11.14	13:40:00	1.16450	1.16451	1.16410	1.16429	182.21
2025.11.14	13:41:00	1.16432	1.16446	1.16428	1.16432	125.17
2025.11.14	13:42:00	1.16432	1.16456	1.16408	1.16441	214.94
2025.11.14	13:43:00	1.16444	1.16454	1.16422	1.16433	258.39
2025.11.14	13:44:00	1.16436	1.16436	1.16405	1.16418	174.48
2025.11.14	13:45:00	1.16418	1.16429	1.16414	1.16426	125.15
2025.11.14	13:46:00	1.16424	1.16424	1.16393	1.16411	147.08
2025.11.14	13:47:00	1.16413	1.16424	1.16396	1.16400	216.46
2025.11.14	13:48:00	1.16401	1.16402	1.16368	1.16374	206.43
2025.11.14	13:49:00	1.16375	1.16376	1.16354	1.16355	178.78
2025.11.14	13:50:00	1.16355	1.16373	1.16336	1.16366	185.73
2025.11.14	13:51:00	1.16367	1.16388	1.16345	1.16359	161.88
2025.11.14	13:52:00	1.16359	1.16369	1.16352	1.16356	99.97
2025.11.14	13:53:00	1.16354	1.16367	1.16354	1.16363	105.03
2025.11.14	13:54:00	1.16362	1.16379	1.16362	1.16377	55.61
2025.11.14	13:55:00	1.16379	1.16392	1.16375	1.16388	86.76
2025.11.14	13:56:00	1.16389	1.16405	1.16387	1.16401	57.67
2025.11.14	13:57:00	1.16402	1.16409	1.16391	1.16403	85.47
2025.11.14	13:58:00	1.16399	1.16400	1.16391	1.16398	98.07
2025.11.14	13:59:00	1.16397	1.16397	1.16376	1.16376	56.89
2025.11.14	14:00:00	1.16377	1.16381	1.16362	1.16379	137.12
2025.11.14	14:01:00	1.16378	1.16380	1.16370	1.16378	75.94
2025.11.14	14:02:00	1.16376	1.16376	1.16358	1.16373	99.38
2025.11.14	14:03:00	1.16373	1.16378	1.16352	1.16372	129.20
2025.11.14	14:04:00	1.16371	1.16378	1.16361	1.16364	134.01
2025.11.14	14:05:00	1.16367	1.16369	1.16351	1.16353	140.96
2025.11.14	14:06:00	1.16353	1.16353	1.16324	1.16324	113.05
2025.11.14	14:07:00	1.16324	1.16324	1.16293	1.16299	163.89
2025.11.14	14:08:00	1.16299	1.16309	1.16293	1.16301	90.30
2025.11.14	14:09:00	1.16301	1.16306	1.16285	1.16305	85.05
2025.11.14	14:10:00	1.16307	1.16326	1.16304	1.16324	151.31
2025.11.14	14:11:00	1.16325	1.16330	1.16316	1.16318	87.60
2025.11.14	14:12:00	1.16317	1.16338	1.16313	1.16338	102.45
2025.11.14	14:13:00	1.16335	1.16341	1.16327	1.16328	86.47
2025.11.14	14:14:00	1.16326	1.16339	1.16325	1.16331	114.76
2025.11.14	14:15:00	1.16331	1.16358	1.16326	1.16354	80.25
2025.11.14	14:16:00	1.16355	1.16363	1.16346	1.16362	122.31
2025.11.14	14:17:00	1.16359	1.16370	1.16326	1.16334	130.90
2025.11.14	14:18:00	1.16333	1.16370	1.16328	1.16368	96.20
2025.11.14	14:19:00	1.16367	1.16371	1.16346	1.16352	101.40
2025.11.14	14:20:00	1.16353	1.16359	1.16337	1.16353	87.58
2025.11.14	14:21:00	1.16351	1.16361	1.16330	1.16357	100.39
2025.11.14	14:22:00	1.16360	1.16374	1.16356	1.16359	97.33
2025.11.14	14:23:00	1.16360	1.16363	1.16324	1.16324	74.58
2025.11.14	14:24:00	1.16323	1.16341	1.16321	1.16338	71.18
2025.11.14	14:25:00	1.16339	1.16351	1.16336	1.16336	75.75
2025.11.14	14:26:00	1.16333	1.16333	1.16325	1.16328	52.89
2025.11.14	14:27:00	1.16329	1.16329	1.16313	1.16313	101.18
2025.11.14	14:28:00	1.16312	1.16328	1.16306	1.16323	121.48
2025.11.14	14:29:00	1.16321	1.16335	1.16311	1.16328	107.76
2025.11.14	14:30:00	1.16329	1.16355	1.16320	1.16351	362.92
2025.11.14	14:31:00	1.16348	1.16361	1.16341	1.16356	226.80
2025.11.14	14:32:00	1.16356	1.16370	1.16342	1.16362	297.41
2025.11.14	14:33:00	1.16361	1.16364	1.16336	1.16358	319.71
2025.11.14	14:34:00	1.16357	1.16360	1.16343	1.16360	308.22
2025.11.14	14:35:00	1.16364	1.16373	1.16337	1.16340	366.17
2025.11.14	14:36:00	1.16341	1.16347	1.16324	1.16325	468.58
2025.11.14	14:37:00	1.16324	1.16357	1.16308	1.16337	357.16
2025.11.14	14:38:00	1.16333	1.16354	1.16332	1.16352	426.53
2025.11.14	14:39:00	1.16352	1.16383	1.16345	1.16350	288.17
2025.11.14	14:40:00	1.16351	1.16359	1.16301	1.16312	282.38
2025.11.14	14:41:00	1.16310	1.16317	1.16280	1.16287	367.40
2025.11.14	14:42:00	1.16285	1.16297	1.16280	1.16290	389.19
2025.11.14	14:43:00	1.16291	1.16304	1.16285	1.16293	313.49
2025.11.14	14:44:00	1.16294	1.16310	1.16293	1.16297	216.65
2025.11.14	14:45:00	1.16296	1.16309	1.16291	1.16308	215.90
2025.11.14	14:46:00	1.16309	1.16309	1.16285	1.16285	352.18
2025.11.14	14:47:00	1.16286	1.16298	1.16252	1.16269	349.98
2025.11.14	14:48:00	1.16269	1.16282	1.16266	1.16278	263.61
2025.11.14	14:49:00	1.16279	1.16282	1.16255	1.16268	317.75
2025.11.14	14:50:00	1.16268	1.16286	1.16265	1.16271	397.30
2025.11.14	14:51:00	1.16273	1.16282	1.16264	1.16269	255.36
2025.11.14	14:52:00	1.16267	1.16273	1.16255	1.16265	273.76
2025.11.14	14:53:00	1.16266	1.16266	1.16227	1.16227	361.03
2025.11.14	14:54:00	1.16227	1.16228	1.16208	1.16222	267.99
2025.11.14	14:55:00	1.16222	1.16242	1.16222	1.16242	236.33
2025.11.14	14:56:00	1.16241	1.16242	1.16231	1.16232	150.15
2025.11.14	14:57:00	1.16230	1.16243	1.16226	1.16240	130.37
2025.11.14	14:58:00	1.16239	1.16246	1.16238	1.16242	79.83
2025.11.14	14:59:00	1.16243	1.16245	1.16229	1.16233	85.91
2025.11.14	15:00:00	1.16234	1.16234	1.16186	1.16190	170.78
2025.11.14	15:01:00	1.16189	1.16190	1.16170	1.16177	224.20
2025.11.14	15:02:00	1.16177	1.16197	1.16177	1.16186	212.62
2025.11.14	15:03:00	1.16185	1.16185	1.16166	1.16175	291.76
2025.11.14	15:04:00	1.16177	1.16201	1.16172	1.16185	241.20
2025.11.14	15:05:00	1.16184	1.16184	1.16160	1.16176	334.13
2025.11.14	15:06:00	1.16175	1.16175	1.16157	1.16160	248.48
2025.11.14	15:07:00	1.16162	1.16184	1.16157	1.16176	207.96
2025.11.14	15:08:00	1.16175	1.16181	1.16163	1.16163	256.38
2025.11.14	15:09:00	1.16164	1.16179	1.16155	1.16176	252.86
2025.11.14	15:10:00	1.16173	1.16179	1.16169	1.16176	141.20
2025.11.14	15:11:00	1.16177	1.16189	1.16171	1.16181	188.86
2025.11.14	15:12:00	1.16183	1.16222	1.16183	1.16222	239.39
2025.11.14	15:13:00	1.16220	1.16229	1.16213	1.16224	225.56
2025.11.14	15:14:00	1.16223	1.16237	1.16221	1.16237	133.47
2025.11.14	15:15:00	1.16236	1.16236	1.16222	1.16229	207.14
2025.11.14	15:16:00	1.16229	1.16230	1.16213	1.16217	188.86
2025.11.14	15:17:00	1.16217	1.16225	1.16204	1.16215	173.22
2025.11.14	15:18:00	1.16215	1.16230	1.16211	1.16223	213.05
2025.11.14	15:19:00	1.16224	1.16229	1.16217	1.16218	174.16
2025.11.14	15:20:00	1.16222	1.16254	1.16222	1.16246	310.67
2025.11.14	15:21:00	1.16245	1.16252	1.16235	1.16244	141.42
2025.11.14	15:22:00	1.16245	1.16246	1.16230	1.16245	145.89
2025.11.14	15:23:00	1.16245	1.16250	1.16221	1.16224	140.40
2025.11.14	15:24:00	1.16223	1.16235	1.16222	1.16229	217.20
2025.11.14	15:25:00	1.16230	1.16232	1.16203	1.16224	251.08
2025.11.14	15:26:00	1.16226	1.16240	1.16215	1.16215	157.23
2025.11.14	15:27:00	1.16217	1.16221	1.16192	1.16199	131.60
2025.11.14	15:28:00	1.16195	1.16210	1.16192	1.16197	141.87
2025.11.14	15:29:00	1.16198	1.16201	1.16180	1.16187	135.57
2025.11.14	15:30:00	1.16187	1.16194	1.16172	1.16187	171.75
2025.11.14	15:31:00	1.16189	1.16213	1.16186	1.16207	95.08
2025.11.14	15:32:00	1.16209	1.16218	1.16202	1.16216	173.44
2025.11.14	15:33:00	1.16214	1.16219	1.16203	1.16211	145.10
2025.11.14	15:34:00	1.16214	1.16224	1.16209	1.16209	72.15
2025.11.14	15:35:00	1.16209	1.16210	1.16184	1.16185	105.62
2025.11.14	15:36:00	1.16188	1.16190	1.16162	1.16162	123.47
2025.11.14	15:37:00	1.16162	1.16164	1.16143	1.16144	131.79
2025.11.14	15:38:00	1.16144	1.16150	1.16140	1.16147	114.87
2025.11.14	15:39:00	1.16148	1.16149	1.16124	1.16128	135.65
2025.11.14	15:40:00	1.16128	1.16128	1.16111	1.16115	193.20
2025.11.14	15:41:00	1.16115	1.16123	1.16110	1.16113	190.32
2025.11.14	15:42:00	1.16114	1.16120	1.16109	1.16114	106.89
2025.11.14	15:43:00	1.16115	1.16122	1.16110	1.16118	107.80
2025.11.14	15:44:00	1.16119	1.16124	1.16111	1.16122	82.02
2025.11.14	15:45:00	1.16123	1.16123	1.16109	1.16115	121.57
2025.11.14	15:46:00	1.16113	1.16114	1.16079	1.16100	176.79
2025.11.14	15:47:00	1.16101	1.16118	1.16100	1.16118	111.86
2025.11.14	15:48:00	1.16119	1.16124	1.16112	1.16116	152.55
2025.11.14	15:49:00	1.16116	1.16121	1.16106	1.16117	158.97
2025.11.14	15:50:00	1.16116	1.16137	1.16116	1.16122	169.44
2025.11.14	15:51:00	1.16122	1.16123	1.16089	1.16093	160.08
2025.11.14	15:52:00	1.16094	1.16099	1.16081	1.16081	125.60
2025.11.14	15:53:00	1.16080	1.16088	1.16060	1.16077	172.24
2025.11.14	15:54:00	1.16079	1.16083	1.16073	1.16078	82.66
2025.11.14	15:55:00	1.16079	1.16084	1.16063	1.16073	90.26
2025.11.14	15:56:00	1.16072	1.16102	1.16072	1.16102	120.73
2025.11.14	15:57:00	1.16102	1.16110	1.16087	1.16109	122.78
2025.11.14	15:58:00	1.16107	1.16123	1.16107	1.16120	102.49
2025.11.14	15:59:00	1.16120	1.16130	1.16118	1.16130	82.45
2025.11.14	16:00:00	1.16130	1.16133	1.16125	1.16128	41.79
2025.11.14	16:01:00	1.16129	1.16136	1.16129	1.16135	62.48
2025.11.14	16:02:00	1.16138	1.16155	1.16136	1.16152	68.12
2025.11.14	16:03:00	1.16151	1.16151	1.16134	1.16135	89.59
2025.11.14	16:04:00	1.16134	1.16135	1.16119	1.16123	106.77
2025.11.14	16:05:00	1.16125	1.16125	1.16098	1.16101	104.63
2025.11.14	16:06:00	1.16100	1.16130	1.16099	1.16121	121.21
2025.11.14	16:07:00	1.16122	1.16140	1.16119	1.16134	95.12
2025.11.14	16:08:00	1.16134	1.16153	1.16131	1.16147	111.19
2025.11.14	16:09:00	1.16147	1.16171	1.16142	1.16169	145.39
2025.11.14	16:10:00	1.16168	1.16192	1.16167	1.16170	126.77
2025.11.14	16:11:00	1.16170	1.16178	1.16164	1.16174	73.18
2025.11.14	16:12:00	1.16174	1.16184	1.16173	1.16176	90.23
2025.11.14	16:13:00	1.16176	1.16184	1.16168	1.16182	77.16
2025.11.14	16:14:00	1.16184	1.16198	1.16183	1.16198	82.11
2025.11.14	16:15:00	1.16199	1.16203	1.16182	1.16197	138.17
2025.11.14	16:16:00	1.16198	1.16199	1.16181	1.16190	86.14
2025.11.14	16:17:00	1.16191	1.16201	1.16190	1.16196	81.19
2025.11.14	16:18:00	1.16196	1.16200	1.16190	1.16196	56.98
2025.11.14	16:19:00	1.16195	1.16200	1.16193	1.16196	43.58
2025.11.14	16:20:00	1.16196	1.16201	1.16191	1.16193	43.37
2025.11.14	16:21:00	1.16197	1.16223	1.16197	1.16223	100.59
2025.11.14	16:22:00	1.16222	1.16225	1.16202	1.16202	50.77
2025.11.14	16:23:00	1.16205	1.16208	1.16197	1.16202	99.29
2025.11.14	16:24:00	1.16201	1.16201	1.16173	1.16173	75.14
2025.11.14	16:25:00	1.16174	1.16178	1.16163	1.16170	55.09
2025.11.14	16:26:00	1.16169	1.16170	1.16153	1.16155	57.94
2025.11.14	16:27:00	1.16155	1.16171	1.16153	1.16167	110.55
2025.11.14	16:28:00	1.16166	1.16169	1.16158	1.16160	70.59
2025.11.14	16:29:00	1.16161	1.16171	1.16158	1.16170	84.56
2025.11.14	16:30:00	1.16169	1.16176	1.16162	1.16176	85.92
2025.11.14	16:31:00	1.16177	1.16203	1.16177	1.16202	86.28
2025.11.14	16:32:00	1.16206	1.16206	1.16196	1.16202	95.01
2025.11.14	16:33:00	1.16202	1.16206	1.16189	1.16189	81.17
2025.11.14	16:34:00	1.16190	1.16203	1.16180	1.16191	85.88
2025.11.14	16:35:00	1.16191	1.16193	1.16170	1.16178	93.97
2025.11.14	16:36:00	1.16179	1.16185	1.16169	1.16172	50.90
2025.11.14	16:37:00	1.16173	1.16181	1.16170	1.16176	52.65
2025.11.14	16:38:00	1.16176	1.16176	1.16165	1.16174	63.64
2025.11.14	16:39:00	1.16174	1.16176	1.16157	1.16172	77.00
2025.11.14	16:40:00	1.16172	1.16173	1.16163	1.16164	39.59
2025.11.14	16:41:00	1.16164	1.16164	1.16132	1.16144	128.08
2025.11.14	16:42:00	1.16146	1.16181	1.16145	1.16181	86.78
2025.11.14	16:43:00	1.16180	1.16187	1.16172	1.16172	126.09
2025.11.14	16:44:00	1.16171	1.16183	1.16166	1.16172	109.78
2025.11.14	16:45:00	1.16171	1.16176	1.16163	1.16169	117.45
2025.11.14	16:46:00	1.16168	1.16180	1.16164	1.16176	92.04
2025.11.14	16:47:00	1.16175	1.16175	1.16158	1.16168	93.60
2025.11.14	16:48:00	1.16173	1.16191	1.16173	1.16190	130.64
2025.11.14	16:49:00	1.16190	1.16203	1.16188	1.16198	84.02
2025.11.14	16:50:00	1.16198	1.16198	1.16183	1.16185	102.74
2025.11.14	16:51:00	1.16185	1.16186	1.16172	1.16173	89.58
2025.11.14	16:52:00	1.16172	1.16187	1.16168	1.16187	86.03
2025.11.14	16:53:00	1.16188	1.16189	1.16173	1.16178	60.48
2025.11.14	16:54:00	1.16180	1.16191	1.16177	1.16180	29.98
2025.11.14	16:55:00	1.16179	1.16190	1.16174	1.16185	58.07
2025.11.14	16:56:00	1.16184	1.16188	1.16174	1.16184	91.47
2025.11.14	16:57:00	1.16184	1.16192	1.16182	1.16185	34.80
2025.11.14	16:58:00	1.16188	1.16190	1.16182	1.16185	47.50
2025.11.14	16:59:00	1.16183	1.16185	1.16162	1.16167	97.64
2025.11.14	17:00:00	1.16167	1.16170	1.16157	1.16162	107.02
2025.11.14	17:01:00	1.16164	1.16175	1.16163	1.16174	35.86
2025.11.14	17:02:00	1.16175	1.16180	1.16166	1.16178	43.61
2025.11.14	17:03:00	1.16176	1.16179	1.16163	1.16165	88.99
2025.11.14	17:04:00	1.16166	1.16169	1.16149	1.16150	128.02
2025.11.14	17:05:00	1.16149	1.16157	1.16141	1.16152	43.13
2025.11.14	17:06:00	1.16152	1.16158	1.16149	1.16149	68.96
2025.11.14	17:07:00	1.16151	1.16156	1.16143	1.16145	92.82
2025.11.14	17:08:00	1.16144	1.16152	1.16134	1.16139	58.27
2025.11.14	17:09:00	1.16139	1.16139	1.16135	1.16139	20.70
2025.11.14	17:10:00	1.16139	1.16146	1.16125	1.16130	33.90
2025.11.14	17:11:00	1.16129	1.16133	1.16125	1.16128	31.43
2025.11.14	17:12:00	1.16130	1.16133	1.16116	1.16116	36.41
2025.11.14	17:13:00	1.16118	1.16124	1.16111	1.16115	69.49
2025.11.14	17:14:00	1.16112	1.16122	1.16106	1.16110	146.06
2025.11.14	17:15:00	1.16108	1.16113	1.16100	1.16103	130.69
2025.11.14	17:16:00	1.16106	1.16120	1.16106	1.16109	62.89
2025.11.14	17:17:00	1.16109	1.16119	1.16107	1.16116	71.67
2025.11.14	17:18:00	1.16113	1.16118	1.16107	1.16112	73.13
2025.11.14	17:19:00	1.16111	1.16113	1.16093	1.16098	125.87
2025.11.14	17:20:00	1.16098	1.16098	1.16078	1.16085	125.18
2025.11.14	17:21:00	1.16085	1.16094	1.16082	1.16088	43.29
2025.11.14	17:22:00	1.16086	1.16111	1.16085	1.16108	72.81
2025.11.14	17:23:00	1.16110	1.16129	1.16108	1.16128	101.95
2025.11.14	17:24:00	1.16130	1.16130	1.16124	1.16124	53.20
2025.11.14	17:25:00	1.16125	1.16125	1.16110	1.16119	73.52
2025.11.14	17:26:00	1.16120	1.16135	1.16120	1.16132	72.80
2025.11.14	17:27:00	1.16130	1.16135	1.16127	1.16133	69.26
2025.11.14	17:28:00	1.16134	1.16147	1.16133	1.16144	128.56
2025.11.14	17:29:00	1.16144	1.16146	1.16130	1.16135	80.28
2025.11.14	17:30:00	1.16134	1.16137	1.16123	1.16136	67.07
2025.11.14	17:31:00	1.16135	1.16137	1.16119	1.16119	118.33
2025.11.14	17:32:00	1.16118	1.16120	1.16112	1.16119	54.57
2025.11.14	17:33:00	1.16119	1.16121	1.16112	1.16113	89.63
2025.11.14	17:34:00	1.16114	1.16130	1.16111	1.16130	81.50
2025.11.14	17:35:00	1.16129	1.16129	1.16113	1.16114	47.41
2025.11.14	17:36:00	1.16113	1.16124	1.16112	1.16124	39.01
2025.11.14	17:37:00	1.16121	1.16121	1.16114	1.16120	27.20
2025.11.14	17:38:00	1.16119	1.16133	1.16119	1.16129	49.54
2025.11.14	17:39:00	1.16131	1.16131	1.16122	1.16122	8.32
2025.11.14	17:40:00	1.16118	1.16118	1.16105	1.16112	57.13
2025.11.14	17:41:00	1.16113	1.16114	1.16106	1.16114	39.28
2025.11.14	17:42:00	1.16113	1.16116	1.16110	1.16114	45.65
2025.11.14	17:43:00	1.16111	1.16113	1.16099	1.16099	28.85
2025.11.14	17:44:00	1.16098	1.16102	1.16096	1.16100	24.80
2025.11.14	17:45:00	1.16102	1.16111	1.16102	1.16109	31.24
2025.11.14	17:46:00	1.16107	1.16116	1.16104	1.16110	30.98
2025.11.14	17:47:00	1.16113	1.16115	1.16111	1.16115	17.67
2025.11.14	17:48:00	1.16118	1.16121	1.16112	1.16114	22.39
2025.11.14	17:49:00	1.16113	1.16118	1.16110	1.16111	39.84
2025.11.14	17:50:00	1.16106	1.16110	1.16105	1.16107	26.29
2025.11.14	17:51:00	1.16110	1.16110	1.16102	1.16104	28.47
2025.11.14	17:52:00	1.16102	1.16125	1.16102	1.16125	49.64
2025.11.14	17:53:00	1.16124	1.16134	1.16123	1.16128	85.15
2025.11.14	17:54:00	1.16127	1.16136	1.16125	1.16129	109.97
2025.11.14	17:55:00	1.16133	1.16135	1.16130	1.16135	60.92
2025.11.14	17:56:00	1.16134	1.16134	1.16128	1.16130	34.21
2025.11.14	17:57:00	1.16131	1.16140	1.16130	1.16140	35.29
2025.11.14	17:58:00	1.16137	1.16143	1.16133	1.16143	82.43
2025.11.14	17:59:00	1.16143	1.16143	1.16134	1.16139	63.98
2025.11.14	18:00:00	1.16141	1.16146	1.16133	1.16138	73.03
2025.11.14	18:01:00	1.16136	1.16136	1.16120	1.16124	90.57
2025.11.14	18:02:00	1.16124	1.16125	1.16114	1.16125	96.92
2025.11.14	18:03:00	1.16127	1.16127	1.16117	1.16118	46.58
2025.11.14	18:04:00	1.16118	1.16120	1.16115	1.16115	38.02
2025.11.14	18:05:00	1.16114	1.16128	1.16111	1.16119	75.79
2025.11.14	18:06:00	1.16118	1.16121	1.16113	1.16118	53.95
2025.11.14	18:07:00	1.16115	1.16117	1.16107	1.16108	42.52
2025.11.14	18:08:00	1.16108	1.16112	1.16102	1.16112	89.24
2025.11.14	18:09:00	1.16114	1.16121	1.16108	1.16111	79.40
2025.11.14	18:10:00	1.16112	1.16115	1.16095	1.16099	81.41
2025.11.14	18:11:00	1.16099	1.16111	1.16099	1.16108	87.18
2025.11.14	18:12:00	1.16108	1.16114	1.16108	1.16113	26.19
2025.11.14	18:13:00	1.16111	1.16119	1.16111	1.16118	36.18
2025.11.14	18:14:00	1.16119	1.16126	1.16117	1.16124	32.42
2025.11.14	18:15:00	1.16123	1.16129	1.16123	1.16125	21.98
2025.11.14	18:16:00	1.16124	1.16130	1.16123	1.16130	25.03
2025.11.14	18:17:00	1.16131	1.16141	1.16130	1.16140	25.19
2025.11.14	18:18:00	1.16140	1.16140	1.16137	1.16139	21.82
2025.11.14	18:19:00	1.16139	1.16139	1.16117	1.16121	25.00
2025.11.14	18:20:00	1.16119	1.16122	1.16116	1.16119	30.37
2025.11.14	18:21:00	1.16121	1.16125	1.16119	1.16119	25.20
2025.11.14	18:22:00	1.16120	1.16126	1.16119	1.16126	23.07
2025.11.14	18:23:00	1.16124	1.16135	1.16124	1.16134	17.67
2025.11.14	18:24:00	1.16137	1.16142	1.16133	1.16142	13.78
2025.11.14	18:25:00	1.16142	1.16147	1.16140	1.16146	49.91
2025.11.14	18:26:00	1.16144	1.16146	1.16142	1.16146	13.52
2025.11.14	18:27:00	1.16144	1.16149	1.16144	1.16149	44.55
2025.11.14	18:28:00	1.16148	1.16155	1.16146	1.16153	45.22
2025.11.14	18:29:00	1.16155	1.16156	1.16152	1.16155	19.80
2025.11.14	18:30:00	1.16157	1.16171	1.16156	1.16167	23.71
2025.11.14	18:31:00	1.16163	1.16166	1.16157	1.16163	46.32
2025.11.14	18:32:00	1.16165	1.16175	1.16163	1.16170	28.09
2025.11.14	18:33:00	1.16171	1.16178	1.16169	1.16178	29.70
2025.11.14	18:34:00	1.16175	1.16176	1.16173	1.16173	9.00
2025.11.14	18:35:00	1.16173	1.16175	1.16169	1.16173	26.16
2025.11.14	18:36:00	1.16172	1.16173	1.16161	1.16163	31.23
2025.11.14	18:37:00	1.16162	1.16165	1.16161	1.16163	48.88
2025.11.14	18:38:00	1.16163	1.16179	1.16163	1.16179	79.86
2025.11.14	18:39:00	1.16177	1.16177	1.16172	1.16175	15.75
2025.11.14	18:40:00	1.16174	1.16178	1.16162	1.16166	38.47
2025.11.14	18:41:00	1.16164	1.16164	1.16157	1.16158	15.75
2025.11.14	18:42:00	1.16159	1.16160	1.16153	1.16159	31.01
2025.11.14	18:43:00	1.16159	1.16161	1.16156	1.16159	34.20
2025.11.14	18:44:00	1.16160	1.16165	1.16159	1.16162	20.63
2025.11.14	18:45:00	1.16162	1.16165	1.16159	1.16160	21.98
2025.11.14	18:46:00	1.16159	1.16161	1.16156	1.16158	50.00
2025.11.14	18:47:00	1.16157	1.16157	1.16150	1.16156	32.10
2025.11.14	18:48:00	1.16155	1.16155	1.16143	1.16145	56.31
2025.11.14	18:49:00	1.16146	1.16153	1.16146	1.16150	16.65
2025.11.14	18:50:00	1.16150	1.16150	1.16139	1.16145	60.48
2025.11.14	18:51:00	1.16145	1.16151	1.16144	1.16150	20.70
2025.11.14	18:52:00	1.16149	1.16160	1.16148	1.16158	57.79
2025.11.14	18:53:00	1.16160	1.16166	1.16158	1.16164	27.48
2025.11.14	18:54:00	1.16162	1.16170	1.16162	1.16170	42.97
2025.11.14	18:55:00	1.16169	1.16170	1.16165	1.16165	27.22
2025.11.14	18:56:00	1.16167	1.16170	1.16163	1.16164	15.30
2025.11.14	18:57:00	1.16164	1.16166	1.16160	1.16165	40.23
2025.11.14	18:58:00	1.16164	1.16167	1.16158	1.16166	52.58
2025.11.14	18:59:00	1.16165	1.16165	1.16161	1.16163	33.30
2025.11.14	19:00:00	1.16164	1.16170	1.16164	1.16167	77.59
2025.11.14	19:01:00	1.16168	1.16170	1.16164	1.16169	47.44
2025.11.14	19:02:00	1.16168	1.16178	1.16166	1.16178	73.54
2025.11.14	19:03:00	1.16179	1.16180	1.16178	1.16179	13.95
2025.11.14	19:04:00	1.16180	1.16180	1.16174	1.16178	32.51
2025.11.14	19:05:00	1.16178	1.16182	1.16173	1.16181	57.91
2025.11.14	19:06:00	1.16181	1.16187	1.16174	1.16178	56.88
2025.11.14	19:07:00	1.16180	1.16182	1.16178	1.16178	31.30
2025.11.14	19:08:00	1.16179	1.16186	1.16179	1.16184	38.82
2025.11.14	19:09:00	1.16183	1.16183	1.16177	1.16181	28.08
2025.11.14	19:10:00	1.16180	1.16180	1.16163	1.16168	83.96
2025.11.14	19:11:00	1.16170	1.16174	1.16166	1.16169	50.75
2025.11.14	19:12:00	1.16168	1.16184	1.16168	1.16184	30.60
2025.11.14	19:13:00	1.16183	1.16186	1.16174	1.16179	66.35
2025.11.14	19:14:00	1.16180	1.16181	1.16178	1.16180	31.45
2025.11.14	19:15:00	1.16183	1.16185	1.16182	1.16184	63.32
2025.11.14	19:16:00	1.16181	1.16183	1.16176	1.16176	74.17
2025.11.14	19:17:00	1.16175	1.16176	1.16165	1.16168	84.33
2025.11.14	19:18:00	1.16166	1.16171	1.16166	1.16171	97.01
2025.11.14	19:19:00	1.16169	1.16169	1.16163	1.16164	46.16
2025.11.14	19:20:00	1.16167	1.16179	1.16167	1.16169	44.59
2025.11.14	19:21:00	1.16169	1.16172	1.16168	1.16170	12.79
2025.11.14	19:22:00	1.16169	1.16170	1.16162	1.16165	47.92
2025.11.14	19:23:00	1.16164	1.16165	1.16158	1.16159	58.08
2025.11.14	19:24:00	1.16159	1.16165	1.16159	1.16164	28.31
2025.11.14	19:25:00	1.16165	1.16167	1.16160	1.16164	35.35
2025.11.14	19:26:00	1.16167	1.16172	1.16166	1.16169	23.24
2025.11.14	19:27:00	1.16170	1.16179	1.16170	1.16178	52.59
2025.11.14	19:28:00	1.16177	1.16179	1.16175	1.16179	42.87
2025.11.14	19:29:00	1.16179	1.16179	1.16178	1.16178	12.79
2025.11.14	19:30:00	1.16179	1.16185	1.16177	1.16177	20.90
2025.11.14	19:31:00	1.16175	1.16175	1.16164	1.16167	31.17
2025.11.14	19:32:00	1.16165	1.16167	1.16159	1.16165	25.61
2025.11.14	19:33:00	1.16167	1.16171	1.16164	1.16165	41.87
2025.11.14	19:34:00	1.16164	1.16172	1.16164	1.16172	17.55
2025.11.14	19:35:00	1.16173	1.16179	1.16172	1.16176	37.43
2025.11.14	19:36:00	1.16177	1.16177	1.16166	1.16170	37.50
2025.11.14	19:37:00	1.16173	1.16179	1.16173	1.16173	44.29
2025.11.14	19:38:00	1.16175	1.16176	1.16173	1.16176	9.39
2025.11.14	19:39:00	1.16175	1.16177	1.16171	1.16173	34.64
2025.11.14	19:40:00	1.16173	1.16174	1.16167	1.16168	141.41
2025.11.14	19:41:00	1.16170	1.16175	1.16167	1.16174	38.89
2025.11.14	19:42:00	1.16175	1.16181	1.16174	1.16180	35.16
2025.11.14	19:43:00	1.16180	1.16180	1.16170	1.16173	44.29
2025.11.14	19:44:00	1.16172	1.16172	1.16166	1.16167	21.60
2025.11.14	19:45:00	1.16167	1.16172	1.16164	1.16165	52.63
2025.11.14	19:46:00	1.16163	1.16179	1.16163	1.16179	33.30
2025.11.14	19:47:00	1.16179	1.16184	1.16177	1.16179	45.46
2025.11.14	19:48:00	1.16180	1.16180	1.16173	1.16176	33.30
2025.11.14	19:49:00	1.16174	1.16178	1.16172	1.16174	36.63
2025.11.14	19:50:00	1.16173	1.16175	1.16167	1.16175	60.02
2025.11.14	19:51:00	1.16174	1.16174	1.16166	1.16170	47.65
2025.11.14	19:52:00	1.16169	1.16180	1.16169	1.16178	67.73
2025.11.14	19:53:00	1.16179	1.16194	1.16177	1.16194	55.80
2025.11.14	19:54:00	1.16192	1.16193	1.16187	1.16190	37.37
2025.11.14	19:55:00	1.16191	1.16191	1.16187	1.16187	9.90
2025.11.14	19:56:00	1.16188	1.16190	1.16186	1.16189	33.30
2025.11.14	19:57:00	1.16189	1.16200	1.16189	1.16195	41.83
2025.11.14	19:58:00	1.16195	1.16195	1.16184	1.16184	29.24
2025.11.14	19:59:00	1.16186	1.16186	1.16178	1.16178	39.36
2025.11.14	20:00:00	1.16179	1.16186	1.16175	1.16178	46.68
2025.11.14	20:01:00	1.16178	1.16178	1.16167	1.16173	56.85
2025.11.14	20:02:00	1.16175	1.16187	1.16175	1.16187	36.67
2025.11.14	20:03:00	1.16185	1.16195	1.16185	1.16190	54.00
2025.11.14	20:04:00	1.16187	1.16189	1.16183	1.16189	12.63
2025.11.14	20:05:00	1.16190	1.16195	1.16190	1.16193	8.13
2025.11.14	20:06:00	1.16191	1.16194	1.16186	1.16192	44.44
2025.11.14	20:07:00	1.16191	1.16191	1.16188	1.16190	19.80
2025.11.14	20:08:00	1.16188	1.16191	1.16188	1.16191	14.40
2025.11.14	20:09:00	1.16190	1.16195	1.16190	1.16194	18.90
2025.11.14	20:10:00	1.16195	1.16200	1.16192	1.16196	25.39
2025.11.14	20:11:00	1.16195	1.16195	1.16188	1.16192	34.06
2025.11.14	20:12:00	1.16191	1.16201	1.16190	1.16201	13.05
2025.11.14	20:13:00	1.16199	1.16204	1.16199	1.16204	9.90
2025.11.14	20:14:00	1.16201	1.16202	1.16198	1.16199	12.86
2025.11.14	20:15:00	1.16201	1.16203	1.16189	1.16189	38.98
2025.11.14	20:16:00	1.16189	1.16202	1.16184	1.16201	52.90
2025.11.14	20:17:00	1.16200	1.16203	1.16200	1.16202	11.01
2025.11.14	20:18:00	1.16201	1.16205	1.16194	1.16198	46.83
2025.11.14	20:19:00	1.16197	1.16202	1.16197	1.16199	49.65
2025.11.14	20:20:00	1.16198	1.16199	1.16192	1.16194	27.33
2025.11.14	20:21:00	1.16196	1.16196	1.16191	1.16193	12.60
2025.11.14	20:22:00	1.16193	1.16195	1.16190	1.16190	9.93
2025.11.14	20:23:00	1.16190	1.16192	1.16186	1.16190	18.19
2025.11.14	20:24:00	1.16191	1.16191	1.16187	1.16190	10.83
2025.11.14	20:25:00	1.16192	1.16195	1.16191	1.16195	39.36
2025.11.14	20:26:00	1.16194	1.16199	1.16192	1.16196	50.31
2025.11.14	20:27:00	1.16198	1.16201	1.16198	1.16200	29.25
2025.11.14	20:28:00	1.16201	1.16201	1.16198	1.16198	33.84
2025.11.14	20:29:00	1.16199	1.16200	1.16196	1.16199	26.34
2025.11.14	20:30:00	1.16198	1.16210	1.16195	1.16209	56.79
2025.11.14	20:31:00	1.16209	1.16210	1.16208	1.16209	7.20
2025.11.14	20:32:00	1.16208	1.16214	1.16205	1.16205	52.86
2025.11.14	20:33:00	1.16202	1.16204	1.16200	1.16202	21.11
2025.11.14	20:34:00	1.16201	1.16206	1.16200	1.16204	26.32
2025.11.14	20:35:00	1.16204	1.16209	1.16203	1.16209	10.80
2025.11.14	20:36:00	1.16209	1.16213	1.16209	1.16213	16.65
2025.11.14	20:37:00	1.16214	1.16217	1.16213	1.16213	10.09
2025.11.14	20:38:00	1.16210	1.16210	1.16200	1.16200	20.12
2025.11.14	20:39:00	1.16198	1.16200	1.16196	1.16199	24.68
2025.11.14	20:40:00	1.16200	1.16200	1.16193	1.16197	22.50
2025.11.14	20:41:00	1.16197	1.16199	1.16193	1.16198	15.30
2025.11.14	20:42:00	1.16196	1.16207	1.16196	1.16207	22.50
2025.11.14	20:43:00	1.16204	1.16206	1.16202	1.16205	27.12
2025.11.14	20:44:00	1.16203	1.16209	1.16203	1.16208	29.43
2025.11.14	20:45:00	1.16209	1.16209	1.16205	1.16209	64.63
2025.11.14	20:46:00	1.16208	1.16210	1.16201	1.16201	53.16
2025.11.14	20:47:00	1.16198	1.16200	1.16198	1.16199	24.90
2025.11.14	20:48:00	1.16200	1.16213	1.16197	1.16211	52.63
2025.11.14	20:49:00	1.16211	1.16212	1.16207	1.16210	231.43
2025.11.14	20:50:00	1.16210	1.16219	1.16209	1.16219	51.11
2025.11.14	20:51:00	1.16219	1.16229	1.16219	1.16227	50.14
2025.11.14	20:52:00	1.16229	1.16229	1.16221	1.16224	62.60
2025.11.14	20:53:00	1.16225	1.16226	1.16217	1.16220	108.22
2025.11.14	20:54:00	1.16222	1.16222	1.16215	1.16220	58.12
2025.11.14	20:55:00	1.16222	1.16225	1.16212	1.16212	51.32
2025.11.14	20:56:00	1.16212	1.16214	1.16198	1.16199	185.80
2025.11.14	20:57:00	1.16199	1.16201	1.16192	1.16197	111.53
2025.11.14	20:58:00	1.16195	1.16198	1.16193	1.16197	214.03
2025.11.14	20:59:00	1.16197	1.16209	1.16197	1.16202	156.38
2025.11.14	21:00:00	1.16204	1.16205	1.16201	1.16202	114.72
2025.11.14	21:01:00	1.16203	1.16203	1.16194	1.16201	112.31
2025.11.14	21:02:00	1.16200	1.16211	1.16200	1.16209	51.21
2025.11.14	21:03:00	1.16207	1.16207	1.16201	1.16202	29.49
2025.11.14	21:04:00	1.16203	1.16204	1.16201	1.16203	35.52
2025.11.14	21:05:00	1.16202	1.16210	1.16202	1.16207	48.99
2025.11.14	21:06:00	1.16208	1.16213	1.16208	1.16213	11.88
2025.11.14	21:08:00	1.16212	1.16235	1.16212	1.16234	22.65
2025.11.14	21:09:00	1.16233	1.16233	1.16231	1.16231	3.66
2025.11.14	21:10:00	1.16232	1.16232	1.16226	1.16226	15.57
2025.11.14	21:11:00	1.16228	1.16229	1.16219	1.16219	17.04
2025.11.14	21:12:00	1.16218	1.16218	1.16208	1.16209	24.66
2025.11.14	21:13:00	1.16207	1.16208	1.16206	1.16208	7.29
2025.11.14	21:14:00	1.16208	1.16208	1.16206	1.16207	9.52
2025.11.14	21:15:00	1.16208	1.16208	1.16206	1.16206	2.73
2025.11.14	21:16:00	1.16204	1.16219	1.16204	1.16216	41.67
2025.11.14	21:17:00	1.16216	1.16217	1.16214	1.16217	66.12
2025.11.14	21:18:00	1.16215	1.16217	1.16215	1.16216	16.44
2025.11.14	21:19:00	1.16217	1.16217	1.16215	1.16217	13.39
2025.11.14	21:20:00	1.16218	1.16221	1.16218	1.16220	9.90
2025.11.14	21:21:00	1.16223	1.16223	1.16223	1.16223	0.90
2025.11.14	21:22:00	1.16222	1.16222	1.16222	1.16222	0.90
2025.11.14	21:23:00	1.16223	1.16224	1.16223	1.16224	1.80
2025.11.14	21:24:00	1.16226	1.16228	1.16226	1.16228	2.70
2025.11.14	21:25:00	1.16229	1.16229	1.16227	1.16227	11.73
2025.11.14	21:26:00	1.16229	1.16231	1.16227	1.16227	17.66
2025.11.14	21:27:00	1.16226	1.16231	1.16226	1.16230	14.40
2025.11.14	21:28:00	1.16230	1.16230	1.16223	1.16223	29.70
2025.11.14	21:29:00	1.16222	1.16224	1.16211	1.16215	56.52
2025.11.14	21:30:00	1.16213	1.16216	1.16213	1.16216	5.40
2025.11.14	21:31:00	1.16216	1.16216	1.16204	1.16204	20.06
2025.11.14	21:32:00	1.16202	1.16203	1.16202	1.16203	1.80
2025.11.14	21:33:00	1.16202	1.16204	1.16196	1.16200	10.95
2025.11.14	21:34:00	1.16197	1.16198	1.16196	1.16198	11.85
2025.11.14	21:35:00	1.16197	1.16197	1.16197	1.16197	0.90
2025.11.14	21:36:00	1.16196	1.16196	1.16184	1.16184	30.19
2025.11.14	21:37:00	1.16187	1.16188	1.16183	1.16184	10.80
2025.11.14	21:38:00	1.16184	1.16198	1.16184	1.16198	8.10
2025.11.14	21:39:00	1.16202	1.16203	1.16194	1.16194	18.90
2025.11.14	21:40:00	1.16193	1.16210	1.16193	1.16208	41.25
2025.11.14	21:41:00	1.16208	1.16215	1.16203	1.16203	43.48
2025.11.14	21:42:00	1.16205	1.16205	1.16199	1.16199	13.98
2025.11.14	21:43:00	1.16198	1.16198	1.16193	1.16193	4.53
2025.11.14	21:44:00	1.16194	1.16202	1.16194	1.16201	6.30
2025.11.14	21:45:00	1.16202	1.16205	1.16196	1.16197	60.00
2025.11.14	21:46:00	1.16199	1.16201	1.16198	1.16200	34.50
2025.11.14	21:47:00	1.16199	1.16200	1.16191	1.16192	127.20
2025.11.14	21:48:00	1.16193	1.16201	1.16192	1.16200	41.97
2025.11.14	21:49:00	1.16200	1.16204	1.16195	1.16195	90.96
2025.11.14	21:50:00	1.16196	1.16206	1.16196	1.16202	77.94
2025.11.14	21:51:00	1.16203	1.16204	1.16199	1.16204	27.48
2025.11.14	21:52:00	1.16203	1.16220	1.16198	1.16218	53.61
2025.11.14	21:53:00	1.16223	1.16225	1.16212	1.16212	57.63
2025.11.14	21:54:00	1.16213	1.16219	1.16213	1.16217	25.38
2025.11.14	21:55:00	1.16217	1.16229	1.16216	1.16221	71.91
2025.11.14	21:56:00	1.16220	1.16226	1.16175	1.16179	126.93
2025.11.14	21:57:00	1.16181	1.16195	1.16161	1.16189	81.73
2025.11.14	21:58:00	1.16189	1.16215	1.16186	1.16207	325.02
2025.11.14	21:59:00	1.16198	1.16206	1.16172	1.16172	51.27
