<DATE>	<TIME>	<OPEN>	<HIGH>	<LOW>	<CLOSE>	<TICKVOL>
2025.11.02	23:00:00	3983.49800	3990.34800	3978.02500	3984.04800	0.05
2025.11.02	23:01:00	3983.74800	3990.84800	3983.29800	3990.54800	0.05
2025.11.02	23:02:00	3990.40500	3992.34800	3989.04800	3991.94800	0.05
2025.11.02	23:03:00	3991.55500	3997.59800	3991.54800	3995.62500	0.05
2025.11.02	23:04:00	3995.89800	3996.49800	3989.39800	3994.49800	0.03
2025.11.02	23:05:00	3995.34800	3996.39800	3991.18500	3993.19800	0.03
2025.11.02	23:06:00	3993.07500	3994.39800	3990.71500	3991.44800	0.02
2025.11.02	23:07:00	3991.44800	3992.04900	3989.54800	3991.22500	0.03
2025.11.02	23:08:00	3991.36900	3992.76500	3991.07900	3992.76500	0.03
2025.11.02	23:09:00	3992.79500	3995.18500	3990.45500	3991.89800	0.03
2025.11.02	23:10:00	3991.69800	3994.19500	3990.78500	3994.19500	0.02
2025.11.02	23:11:00	3994.27500	3994.87500	3992.88500	3994.09500	0.01
2025.11.02	23:12:00	3994.15500	3995.78500	3993.21500	3994.40500	0.01
2025.11.02	23:13:00	3994.38500	3995.59500	3994.08500	3995.03500	0.02
2025.11.02	23:14:00	3995.20500	3995.89800	3994.56500	3995.70500	0.01
2025.11.02	23:15:00	3995.73500	3996.19800	3994.31500	3994.40500	0.01
2025.11.02	23:16:00	3994.43500	3996.19500	3993.93500	3995.45500	0.01
2025.11.02	23:17:00	3995.51500	3998.62500	3995.50500	3997.53500	0.02
2025.11.02	23:18:00	3997.65500	3997.93500	3992.01500	3992.12500	0.02
2025.11.02	23:19:00	3992.30500	3995.22500	3991.94800	3993.48500	0.02
2025.11.02	23:20:00	3993.83500	3993.92500	3990.04500	3990.55500	0.02
2025.11.02	23:21:00	3990.22500	3990.59500	3987.91500	3990.22500	0.02
2025.11.02	23:22:00	3990.26500	3993.06500	3989.62500	3992.23500	0.02
2025.11.02	23:23:00	3992.22500	3993.97500	3992.09500	3992.21500	0.01
2025.11.02	23:24:00	3992.23500	3994.11500	3992.23500	3993.24500	0.01
2025.11.02	23:25:00	3993.30500	3995.50500	3993.30500	3995.33500	0.01
2025.11.02	23:26:00	3995.34500	3995.59500	3994.46500	3995.19500	0.01
2025.11.02	23:27:00	3995.21500	3995.33500	3994.52500	3994.97500	0.01
2025.11.02	23:28:00	3994.54800	3995.44800	3994.54800	3995.34500	0.00
2025.11.02	23:29:00	3995.32500	3995.32500	3993.34500	3994.19800	0.02
2025.11.02	23:30:00	3993.59800	3995.09800	3993.39800	3993.39800	0.03
2025.11.02	23:31:00	3993.39800	3994.69800	3993.29800	3993.69800	0.02
2025.11.02	23:32:00	3993.69800	3994.82500	3993.69800	3994.82500	0.01
2025.11.02	23:33:00	3994.81500	3995.42500	3994.67500	3994.67500	0.01
2025.11.02	23:34:00	3994.70500	3994.88500	3990.06500	3990.85500	0.04
2025.11.02	23:35:00	3990.83500	3991.98500	3987.99800	3988.06800	0.05
2025.11.02	23:36:00	3988.09800	3988.34800	3986.80500	3987.40800	0.04
2025.11.02	23:37:00	3987.46800	3987.46800	3986.52800	3986.59800	0.02
2025.11.02	23:38:00	3986.61800	3987.39800	3983.24800	3983.76500	0.04
2025.11.02	23:39:00	3983.71800	3987.69500	3983.71800	3987.16500	0.03
2025.11.02	23:40:00	3987.13500	3987.24500	3985.77500	3986.18500	0.01
2025.11.02	23:41:00	3986.13500	3986.50500	3983.81500	3984.40500	0.02
2025.11.02	23:42:00	3984.42500	3984.67500	3983.22500	3983.22500	0.01
2025.11.02	23:43:00	3983.25500	3983.91500	3977.49800	3980.15500	0.06
2025.11.02	23:44:00	3980.17500	3982.74500	3978.32500	3978.56500	0.03
2025.11.02	23:45:00	3978.62500	3980.14800	3977.49800	3978.79500	0.03
2025.11.02	23:46:00	3978.76500	3979.87500	3977.75500	3978.66500	0.02
2025.11.02	23:47:00	3978.04500	3979.14500	3977.76500	3977.92500	0.01
2025.11.02	23:48:00	3977.81500	3980.03500	3977.81500	3979.67500	0.01
2025.11.02	23:49:00	3979.13500	3981.24500	3978.85500	3980.69800	0.01
2025.11.02	23:50:00	3980.69800	3982.36500	3979.39800	3982.32500	0.03
2025.11.02	23:51:00	3982.29500	3984.79800	3981.03500	3981.31500	0.04
2025.11.02	23:52:00	3981.31500	3982.51500	3977.88500	3978.24800	0.04
2025.11.02	23:53:00	3978.24800	3981.20500	3977.41500	3980.66500	0.03
2025.11.02	23:54:00	3980.74500	3981.55500	3979.86500	3980.55500	0.01
2025.11.02	23:55:00	3980.51500	3982.90500	3979.68500	3982.18500	0.01
2025.11.02	23:56:00	3982.18500	3982.48500	3978.68500	3979.15500	0.02
2025.11.02	23:57:00	3979.07500	3979.39500	3978.04500	3978.07500	0.01
2025.11.02	23:58:00	3978.10500	3979.27500	3977.85500	3978.68500	0.01
2025.11.02	23:59:00	3978.70500	3980.22500	3978.70500	3979.43500	0.01
2025.11.03	00:00:00	3979.28500	3981.85500	3977.86500	3981.83500	0.02
2025.11.03	00:01:00	3981.99500	3987.54500	3980.94500	3985.33500	0.05
2025.11.03	00:02:00	3985.29500	3986.55500	3980.35500	3982.24500	0.03
2025.11.03	00:03:00	3982.23500	3982.50500	3978.68500	3979.83500	0.02
2025.11.03	00:04:00	3979.87500	3980.37500	3978.24500	3979.50500	0.01
2025.11.03	00:05:00	3979.54500	3980.10500	3977.98500	3979.65500	0.02
2025.11.03	00:06:00	3979.68500	3980.05500	3978.43500	3979.09500	0.02
2025.11.03	00:07:00	3979.05500	3979.43500	3977.94500	3978.36500	0.01
2025.11.03	00:08:00	3978.34500	3979.01500	3977.91500	3978.47500	0.01
2025.11.03	00:09:00	3978.46500	3978.97500	3977.91500	3977.93500	0.01
2025.11.03	00:10:00	3978.13500	3978.92500	3977.85500	3978.74500	0.02
2025.11.03	00:11:00	3978.79500	3979.17500	3977.95500	3979.17500	0.02
2025.11.03	00:12:00	3979.14500	3979.74500	3978.38500	3979.38500	0.02
2025.11.03	00:13:00	3979.30500	3979.30500	3973.61500	3973.98500	0.01
2025.11.03	00:14:00	3973.93500	3974.99500	3966.08900	3967.97500	0.06
2025.11.03	00:15:00	3967.95500	3968.98500	3963.72500	3968.39500	0.08
2025.11.03	00:16:00	3968.34500	3969.66500	3964.62500	3965.08500	0.04
2025.11.03	00:17:00	3965.11500	3965.32500	3962.63500	3963.29500	0.03
2025.11.03	00:18:00	3963.38500	3965.99500	3962.76500	3965.75500	0.03
2025.11.03	00:19:00	3965.74500	3965.77500	3962.95500	3963.16500	0.02
2025.11.03	00:20:00	3963.14500	3965.06500	3962.32500	3964.99500	0.03
2025.11.03	00:21:00	3964.83500	3965.97500	3963.12500	3963.47500	0.03
2025.11.03	00:22:00	3963.50500	3969.69500	3963.50500	3969.68500	0.03
2025.11.03	00:23:00	3969.66500	3972.71500	3969.20500	3972.71500	0.03
2025.11.03	00:24:00	3972.71500	3972.91500	3969.71500	3971.07500	0.03
2025.11.03	00:25:00	3971.10500	3971.82500	3969.46500	3971.18500	0.02
2025.11.03	00:26:00	3971.20500	3972.55500	3970.74500	3970.89500	0.02
2025.11.03	00:27:00	3970.92500	3971.66500	3969.74500	3971.45500	0.01
2025.11.03	00:28:00	3971.44500	3972.18500	3970.38500	3970.88500	0.01
2025.11.03	00:29:00	3970.92500	3971.12500	3970.00500	3970.48500	0.01
2025.11.03	00:30:00	3970.46500	3970.48500	3963.84800	3964.15800	0.03
2025.11.03	00:31:00	3964.35800	3965.33500	3962.91800	3965.14500	0.04
2025.11.03	00:32:00	3965.02500	3965.40500	3963.51500	3965.40500	0.01
2025.11.03	00:33:00	3965.31500	3965.75800	3964.96500	3964.98500	0.01
2025.11.03	00:34:00	3965.13500	3966.50500	3964.82500	3966.50500	0.01
2025.11.03	00:35:00	3966.52500	3968.48500	3966.24500	3968.46500	0.02
2025.11.03	00:36:00	3968.44500	3970.55500	3968.21500	3970.50500	0.02
2025.11.03	00:37:00	3970.48500	3971.86500	3969.82500	3971.58500	0.03
2025.11.03	00:38:00	3971.56500	3973.30500	3971.47500	3973.15500	0.03
2025.11.03	00:39:00	3973.15500	3973.93500	3971.93500	3973.40500	0.04
2025.11.03	00:40:00	3973.38500	3974.90500	3973.24500	3974.61500	0.04
2025.11.03	00:41:00	3974.68500	3976.85500	3973.74500	3976.85500	0.03
2025.11.03	00:42:00	3976.85500	3977.49500	3973.32500	3974.14500	0.05
2025.11.03	00:43:00	3974.06500	3974.75500	3971.81500	3971.96500	0.03
2025.11.03	00:44:00	3971.96500	3972.74500	3971.55500	3972.45500	0.02
2025.11.03	00:45:00	3972.42500	3973.24500	3971.85500	3972.64500	0.02
2025.11.03	00:46:00	3972.67500	3973.88500	3971.11500	3973.59500	0.03
2025.11.03	00:47:00	3973.57500	3976.58500	3972.65500	3974.23500	0.03
2025.11.03	00:48:00	3974.23500	3974.95500	3972.65500	3973.34500	0.03
2025.11.03	00:49:00	3973.68500	3974.31500	3973.50500	3973.73500	0.02
2025.11.03	00:50:00	3973.70500	3975.35500	3973.16500	3975.35500	0.02
2025.11.03	00:51:00	3975.34500	3975.40500	3972.25500	3973.24500	0.03
2025.11.03	00:52:00	3973.26500	3975.32500	3972.50800	3973.17500	0.03
2025.11.03	00:53:00	3973.25500	3974.40500	3973.00800	3973.14800	0.02
2025.11.03	00:54:00	3973.24800	3973.94800	3967.66900	3968.13900	0.09
2025.11.03	00:55:00	3968.13900	3970.67800	3967.42800	3970.43800	0.07
2025.11.03	00:56:00	3970.53500	3971.37500	3969.31500	3971.29500	0.02
2025.11.03	00:57:00	3971.32500	3972.19500	3969.92500	3970.20500	0.04
2025.11.03	00:58:00	3970.09500	3970.50500	3967.97500	3969.11500	0.04
2025.11.03	00:59:00	3969.88500	3971.54800	3968.71500	3970.40500	0.04
2025.11.03	01:00:00	3970.39500	3971.94800	3966.45500	3968.43900	0.10
2025.11.03	01:01:00	3968.52900	3970.71500	3965.30500	3968.17500	0.10
2025.11.03	01:02:00	3968.19500	3971.80500	3965.41500	3971.75500	0.05
2025.11.03	01:03:00	3971.72500	3973.80500	3969.38500	3970.53500	0.05
2025.11.03	01:04:00	3970.33500	3970.99500	3966.98500	3969.85500	0.05
2025.11.03	01:05:00	3969.81500	3977.26500	3968.73500	3977.04500	0.06
2025.11.03	01:06:00	3977.11500	3980.64500	3976.73500	3979.61500	0.05
2025.11.03	01:07:00	3980.09500	3982.13500	3978.15500	3978.77500	0.05
2025.11.03	01:08:00	3978.79500	3982.72500	3977.01900	3982.72500	0.04
2025.11.03	01:09:00	3982.66500	3986.07500	3981.85500	3984.28500	0.06
2025.11.03	01:10:00	3984.29500	3986.89500	3982.14500	3986.79500	0.06
2025.11.03	01:11:00	3986.46500	3987.81500	3985.23500	3985.24500	0.05
2025.11.03	01:12:00	3985.17500	3988.03500	3984.73500	3985.00500	0.05
2025.11.03	01:13:00	3985.16500	3988.74500	3985.13500	3987.51500	0.04
2025.11.03	01:14:00	3987.60500	3987.75500	3985.59500	3986.24500	0.03
2025.11.03	01:15:00	3986.27500	3989.74500	3986.17500	3989.46500	0.03
2025.11.03	01:16:00	3989.55500	3990.82500	3988.62500	3989.52500	0.04
2025.11.03	01:17:00	3989.56500	3991.41800	3989.05500	3990.56500	0.04
2025.11.03	01:18:00	3990.59500	3992.62500	3990.23500	3992.48500	0.04
2025.11.03	01:19:00	3992.38500	3993.42500	3991.77500	3993.09500	0.04
2025.11.03	01:20:00	3993.09500	3993.09500	3990.58500	3991.47500	0.04
2025.11.03	01:21:00	3991.75500	3991.99500	3989.42500	3990.20500	0.04
2025.11.03	01:22:00	3990.17500	3990.65500	3987.26500	3989.80500	0.04
2025.11.03	01:23:00	3989.78500	3992.70500	3988.97500	3991.57500	0.05
2025.11.03	01:24:00	3991.56500	3991.81500	3989.96500	3991.64500	0.04
2025.11.03	01:25:00	3991.60500	3992.30500	3989.74500	3992.09500	0.03
2025.11.03	01:26:00	3992.10500	3994.14500	3991.92500	3993.83500	0.02
2025.11.03	01:27:00	3993.85500	3999.30500	3993.85500	3997.61500	0.05
2025.11.03	01:28:00	3997.58500	3998.14500	3994.57500	3995.11500	0.04
2025.11.03	01:29:00	3995.33500	3998.58500	3995.32500	3998.58500	0.03
2025.11.03	01:30:00	3998.44500	3999.86500	3997.20500	3999.84500	0.03
2025.11.03	01:31:00	3999.77500	4001.47500	3999.06500	4001.47500	0.04
2025.11.03	01:32:00	4001.53500	4001.55500	3999.63500	4001.42500	0.03
2025.11.03	01:33:00	4001.48500	4001.54500	3999.42500	3999.78500	0.02
2025.11.03	01:34:00	4000.04500	4000.27500	3998.60500	3999.54500	0.03
2025.11.03	01:35:00	3999.58500	3999.58500	3997.24500	3998.98500	0.03
2025.11.03	01:36:00	3999.00500	4000.43500	3998.24500	3998.71500	0.02
2025.11.03	01:37:00	3998.69500	4000.04500	3998.43500	3998.77500	0.02
2025.11.03	01:38:00	3998.74500	3998.74500	3996.89500	3997.46500	0.03
2025.11.03	01:39:00	3997.40500	3997.98500	3994.54500	3995.84500	0.04
2025.11.03	01:40:00	3995.87500	3995.95500	3993.23500	3993.25500	0.03
2025.11.03	01:41:00	3993.28500	3993.94500	3992.19500	3992.45500	0.03
2025.11.03	01:42:00	3992.47500	3995.46500	3991.39500	3991.39500	0.03
2025.11.03	01:43:00	3991.41500	3991.88500	3990.48500	3991.16500	0.03
2025.11.03	01:44:00	3991.13500	3992.69500	3989.96500	3991.78500	0.04
2025.11.03	01:45:00	3991.78500	3992.13500	3990.45500	3992.13500	0.03
2025.11.03	01:46:00	3992.10500	3993.29500	3991.22500	3991.83500	0.03
2025.11.03	01:47:00	3991.85500	3993.44500	3989.93500	3993.37500	0.08
2025.11.03	01:48:00	3993.34500	3995.59500	3991.87500	3995.16500	0.04
2025.11.03	01:49:00	3995.14500	3995.16500	3992.64500	3992.64500	0.03
2025.11.03	01:50:00	3992.66500	3993.89500	3992.60500	3992.94500	0.03
2025.11.03	01:51:00	3992.97500	3993.81500	3992.37500	3993.70500	0.02
2025.11.03	01:52:00	3993.72500	3996.81500	3993.72500	3995.11500	0.03
2025.11.03	01:53:00	3995.08500	3995.49500	3993.61500	3994.10500	0.02
2025.11.03	01:54:00	3994.13500	3996.22500	3994.03500	3996.00500	0.02
2025.11.03	01:55:00	3996.18500	3999.22500	3996.09500	3999.02500	0.03
2025.11.03	01:56:00	3998.95500	3999.74500	3997.85500	3999.35500	0.03
2025.11.03	01:57:00	3999.36500	3999.88500	3999.24800	3999.44800	0.02
2025.11.03	01:58:00	3999.54800	3999.54800	3997.28500	3997.77500	0.02
2025.11.03	01:59:00	3997.80500	3998.43500	3995.70500	3995.70500	0.02
2025.11.03	02:00:00	3995.68500	3997.75500	3995.48500	3996.53500	0.03
2025.11.03	02:01:00	3996.57500	3996.77500	3995.54500	3996.59500	0.02
2025.11.03	02:02:00	3996.62500	3998.47500	3995.47500	3995.52500	0.03
2025.11.03	02:03:00	3995.56500	3996.21500	3993.71500	3994.13500	0.03
2025.11.03	02:04:00	3994.10500	3994.62500	3992.16800	3992.78500	0.03
2025.11.03	02:05:00	3992.83500	3993.37500	3991.70500	3991.91500	0.02
2025.11.03	02:06:00	3991.75500	3992.26500	3990.55500	3991.72500	0.03
2025.11.03	02:07:00	3991.70500	3992.29500	3990.03500	3990.56500	0.03
2025.11.03	02:08:00	3990.43500	3991.34500	3990.39500	3990.66500	0.02
2025.11.03	02:09:00	3990.69500	3992.23500	3990.69500	3991.51500	0.02
2025.11.03	02:10:00	3991.47500	3992.39500	3990.40500	3990.62500	0.04
2025.11.03	02:11:00	3990.43500	3994.31500	3990.43500	3994.21500	0.04
2025.11.03	02:12:00	3994.18500	3994.47500	3991.83500	3993.02500	0.03
2025.11.03	02:13:00	3993.04500	3994.89500	3992.90500	3994.18500	0.03
2025.11.03	02:14:00	3994.21500	3995.77500	3994.07500	3994.71500	0.02
2025.11.03	02:15:00	3994.69500	3995.70500	3994.56500	3995.48500	0.01
2025.11.03	02:16:00	3995.51500	3996.10500	3995.22500	3995.91500	0.02
2025.11.03	02:17:00	3995.95500	3997.04500	3995.72500	3996.73500	0.02
2025.11.03	02:18:00	3996.71500	3997.74800	3996.25500	3997.66500	0.03
2025.11.03	02:19:00	3997.64800	3999.32500	3997.64800	3999.32500	0.02
2025.11.03	02:20:00	3999.11500	4001.08500	3998.35500	4000.87500	0.03
2025.11.03	02:21:00	4000.90500	4006.10500	4000.90500	4005.51500	0.07
2025.11.03	02:22:00	4005.43500	4006.25500	4002.87500	4003.41800	0.05
2025.11.03	02:23:00	4003.41800	4003.86500	3999.91800	3999.92800	0.04
2025.11.03	02:24:00	3999.92800	3999.97500	3997.95500	3998.21500	0.10
2025.11.03	02:25:00	3998.22500	3998.91500	3996.16500	3997.50900	0.14
2025.11.03	02:26:00	3997.50900	3998.28900	3995.66500	3996.05800	0.07
2025.11.03	02:27:00	3996.07800	3996.33500	3995.17500	3995.68500	0.02
2025.11.03	02:28:00	3995.70500	3997.72500	3995.65500	3997.06500	0.03
2025.11.03	02:29:00	3997.03500	3997.15500	3995.27500	3995.40500	0.01
2025.11.03	02:30:00	3995.34500	3996.21500	3994.81500	3994.94500	0.03
2025.11.03	02:31:00	3995.28500	3997.72500	3995.28500	3996.52500	0.03
2025.11.03	02:32:00	3996.53500	3996.83500	3995.19500	3995.99500	0.03
2025.11.03	02:33:00	3996.02500	4000.86500	3996.02500	4000.16500	0.03
2025.11.03	02:34:00	4000.19500	4000.54500	3997.86500	3998.47500	0.03
2025.11.03	02:35:00	3998.51500	3999.71500	3997.15500	3997.25500	0.03
2025.11.03	02:36:00	3997.21500	3999.19500	3996.75500	3998.57500	0.03
2025.11.03	02:37:00	3998.91500	3999.87500	3998.42500	3999.56500	0.02
2025.11.03	02:38:00	3999.59500	4000.30500	3999.18500	3999.58500	0.02
2025.11.03	02:39:00	3999.60500	4000.41500	3998.51500	4000.41500	0.02
2025.11.03	02:40:00	4000.54500	4004.70500	4000.08500	4004.13500	0.04
2025.11.03	02:41:00	4004.04500	4005.41500	4003.82500	4004.62500	0.03
2025.11.03	02:42:00	4004.65500	4005.13500	4002.83500	4004.81500	0.02
2025.11.03	02:43:00	4004.89500	4005.96500	4002.07500	4002.30500	0.03
2025.11.03	02:44:00	4002.44500	4003.54500	4001.16500	4001.28500	0.03
2025.11.03	02:45:00	4001.52500	4003.34800	4001.52500	4001.94800	0.03
2025.11.03	02:46:00	4001.94800	4002.34800	3999.17500	4000.58500	0.03
2025.11.03	02:47:00	4000.56500	4002.79800	4000.56500	4002.19800	0.03
2025.11.03	02:48:00	4002.16500	4003.44800	4000.99800	4000.99800	0.03
2025.11.03	02:49:00	4001.00500	4001.46800	3998.64800	3999.24800	0.04
2025.11.03	02:50:00	3999.13500	3999.35500	3997.70500	3998.10500	0.04
2025.11.03	02:51:00	3998.08500	3999.48500	3997.59500	3998.31500	0.02
2025.11.03	02:52:00	3998.28500	3999.66500	3997.85500	3999.39500	0.02
2025.11.03	02:53:00	3999.45500	3999.71500	3998.54500	3998.59500	0.02
2025.11.03	02:54:00	3998.61500	4000.93500	3998.61500	4000.17500	0.02
2025.11.03	02:55:00	4000.20500	4000.67500	3998.71500	3998.94500	0.02
2025.11.03	02:56:00	3998.95500	4000.13500	3998.59500	3999.90500	0.02
2025.11.03	02:57:00	3999.94500	4001.76500	3999.87500	4001.02500	0.02
2025.11.03	02:58:00	4001.08500	4002.25500	4001.01500	4002.20500	0.01
2025.11.03	02:59:00	4002.29800	4006.01500	4002.19800	4003.79500	0.04
2025.11.03	03:00:00	4003.86500	4004.87500	4001.92500	4003.15500	0.03
2025.11.03	03:01:00	4003.55500	4008.49800	4003.36500	4006.59500	0.07
2025.11.03	03:02:00	4006.96500	4011.23500	4006.71500	4008.25500	0.05
2025.11.03	03:03:00	4007.63800	4009.97500	4006.12500	4007.72500	0.04
2025.11.03	03:04:00	4007.69500	4008.27500	4006.88500	4007.32500	0.02
2025.11.03	03:05:00	4007.34500	4008.46500	4005.04500	4006.31900	0.12
2025.11.03	03:06:00	4006.33500	4007.44500	4004.36500	4005.25500	0.12
2025.11.03	03:07:00	4005.04500	4005.56500	4003.90800	4004.00500	0.06
2025.11.03	03:08:00	4003.93500	4005.37500	4003.07500	4003.49500	0.03
2025.11.03	03:09:00	4003.29500	4005.85500	4003.29500	4005.59500	0.02
2025.11.03	03:10:00	4005.59500	4007.38500	4005.33500	4006.82500	0.02
2025.11.03	03:11:00	4006.93500	4009.43500	4006.82500	4009.32500	0.04
2025.11.03	03:12:00	4009.31500	4010.01500	4008.41500	4008.47500	0.02
2025.11.03	03:13:00	4008.48500	4008.48500	4005.94500	4007.42500	0.03
2025.11.03	03:14:00	4007.42500	4008.27500	4006.38500	4007.36500	0.03
2025.11.03	03:15:00	4007.39500	4009.09500	4007.28500	4008.89500	0.03
2025.11.03	03:16:00	4008.92500	4010.10500	4008.87500	4009.58500	0.02
2025.11.03	03:17:00	4009.62500	4009.91500	4007.91500	4008.65500	0.02
2025.11.03	03:18:00	4008.64500	4009.57500	4008.17500	4008.95500	0.02
2025.11.03	03:19:00	4008.96500	4008.96500	4007.50500	4008.12500	0.02
2025.11.03	03:20:00	4008.15500	4008.65500	4007.24500	4008.63500	0.03
2025.11.03	03:21:00	4008.66500	4008.73500	4007.01500	4007.11500	0.02
2025.11.03	03:22:00	4007.26500	4008.24500	4006.83500	4007.70500	0.02
2025.11.03	03:23:00	4007.73500	4009.30500	4007.73500	4009.21500	0.02
2025.11.03	03:24:00	4009.25500	4010.03500	4007.89500	4008.38500	0.02
2025.11.03	03:25:00	4008.42500	4009.35500	4007.90500	4008.02500	0.02
2025.11.03	03:26:00	4008.06500	4008.06500	4006.40500	4006.75500	0.03
2025.11.03	03:27:00	4006.78500	4007.51500	4005.92500	4007.33500	0.03
2025.11.03	03:28:00	4007.36500	4007.61500	4005.61500	4005.61500	0.02
2025.11.03	03:29:00	4005.63500	4006.52500	4005.32500	4005.90500	0.02
2025.11.03	03:30:00	4005.91500	4006.84500	4005.28500	4006.83500	0.02
2025.11.03	03:31:00	4007.39500	4007.39500	4005.37800	4006.58500	0.02
2025.11.03	03:32:00	4006.11500	4007.57500	4005.98500	4007.57500	0.02
2025.11.03	03:33:00	4007.66500	4009.22500	4006.95500	4008.85500	0.03
2025.11.03	03:34:00	4008.81500	4009.96500	4008.39500	4009.89500	0.02
2025.11.03	03:35:00	4009.94500	4011.05500	4008.14800	4008.71500	0.02
2025.11.03	03:36:00	4008.77500	4009.63500	4008.52500	4009.59500	0.01
2025.11.03	03:37:00	4009.64500	4011.68500	4009.61500	4011.09500	0.02
2025.11.03	03:38:00	4011.13500	4012.99500	4010.70500	4012.14800	0.02
2025.11.03	03:39:00	4012.10500	4012.42500	4011.24800	4011.82500	0.02
2025.11.03	03:40:00	4011.67500	4012.96500	4011.54500	4012.74500	0.02
2025.11.03	03:41:00	4012.73500	4012.78500	4011.95500	4012.11500	0.01
2025.11.03	03:42:00	4012.11500	4012.18500	4011.12500	4011.73500	0.02
2025.11.03	03:43:00	4011.70500	4011.70500	4010.56500	4010.56500	0.01
2025.11.03	03:44:00	4010.58500	4010.73500	4010.35500	4010.54500	0.01
2025.11.03	03:45:00	4010.57500	4011.68500	4010.57500	4011.66500	0.01
2025.11.03	03:46:00	4011.64500	4012.30500	4011.37500	4011.40500	0.01
2025.11.03	03:47:00	4011.38500	4012.69500	4011.13500	4012.13500	0.01
2025.11.03	03:48:00	4012.10500	4012.43500	4011.82500	4012.11500	0.01
2025.11.03	03:49:00	4012.13500	4012.81500	4012.11500	4012.75500	0.01
2025.11.03	03:50:00	4012.34500	4013.34500	4012.33500	4012.92500	0.01
2025.11.03	03:51:00	4012.90500	4013.05500	4012.57500	4012.87500	0.01
2025.11.03	03:52:00	4012.85500	4012.85500	4011.40500	4011.40500	0.01
2025.11.03	03:53:00	4011.38500	4012.57500	4011.13500	4012.06500	0.01
2025.11.03	03:54:00	4012.08500	4013.73500	4012.00500	4013.30500	0.02
2025.11.03	03:55:00	4013.33500	4013.33500	4012.20500	4012.88500	0.02
2025.11.03	03:56:00	4012.86500	4014.23500	4012.74500	4014.15500	0.02
2025.11.03	03:57:00	4014.19500	4015.14500	4013.41500	4013.99500	0.04
2025.11.03	03:58:00	4013.83500	4014.03500	4013.04500	4013.43500	0.04
2025.11.03	03:59:00	4013.46500	4013.80500	4011.06500	4011.06500	0.02
2025.11.03	04:00:00	4011.05500	4013.03500	4009.57500	4012.62500	0.02
2025.11.03	04:01:00	4012.60500	4013.17500	4011.88500	4012.05500	0.02
2025.11.03	04:02:00	4012.01500	4012.37500	4011.12500	4011.74500	0.01
2025.11.03	04:03:00	4011.72500	4011.72500	4009.32500	4009.40500	0.02
2025.11.03	04:04:00	4009.37500	4009.49500	4007.15500	4007.62500	0.02
2025.11.03	04:05:00	4007.74500	4008.51500	4006.57500	4006.79500	0.03
2025.11.03	04:06:00	4006.85500	4008.07500	4006.85500	4007.72500	0.02
2025.11.03	04:07:00	4007.74500	4011.53500	4007.74500	4011.44500	0.03
2025.11.03	04:08:00	4011.47500	4011.93500	4009.99500	4011.64500	0.02
2025.11.03	04:09:00	4011.66500	4014.11500	4011.22500	4013.04500	0.04
2025.11.03	04:10:00	4013.01500	4013.79500	4011.22500	4011.56500	0.03
2025.11.03	04:11:00	4011.50500	4011.63500	4010.18500	4010.52500	0.02
2025.11.03	04:12:00	4010.49500	4010.78500	4009.10500	4009.27500	0.02
2025.11.03	04:13:00	4009.24500	4010.24500	4009.24500	4009.65500	0.01
2025.11.03	04:14:00	4009.67500	4009.71500	4009.04500	4009.43500	0.01
2025.11.03	04:15:00	4009.38500	4009.57500	4007.95500	4008.20500	0.02
2025.11.03	04:16:00	4008.18500	4008.53500	4007.68500	4007.85500	0.01
2025.11.03	04:17:00	4007.81500	4008.09500	4006.82500	4006.86500	0.02
2025.11.03	04:18:00	4006.91500	4007.26500	4005.50500	4005.77500	0.02
2025.11.03	04:19:00	4005.81500	4005.89500	4004.76500	4005.11500	0.02
2025.11.03	04:20:00	4005.14500	4006.44500	4005.12500	4006.20500	0.02
2025.11.03	04:21:00	4006.31500	4007.06500	4006.25500	4006.33500	0.01
2025.11.03	04:22:00	4006.30500	4006.76500	4005.04500	4005.22500	0.03
2025.11.03	04:23:00	4005.26500	4005.68500	4004.76500	4004.94500	0.02
2025.11.03	04:24:00	4004.99500	4004.99500	4003.03500	4003.80500	0.03
2025.11.03	04:25:00	4003.79500	4004.43500	4002.91500	4003.31500	0.01
2025.11.03	04:26:00	4003.34500	4003.65500	4002.65500	4002.94500	0.01
2025.11.03	04:27:00	4002.86500	4002.86500	4001.61500	4001.98500	0.04
2025.11.03	04:28:00	4001.98500	4004.39500	4001.81500	4003.93500	0.02
2025.11.03	04:29:00	4003.97500	4005.42500	4003.90500	4005.23500	0.02
2025.11.03	04:30:00	4005.20500	4005.52500	4004.04500	4004.07500	0.02
2025.11.03	04:31:00	4004.36500	4004.98500	4002.34500	4003.74500	0.01
2025.11.03	04:32:00	4003.67500	4005.09500	4003.67500	4005.06500	0.02
2025.11.03	04:33:00	4005.07800	4005.58500	4004.63500	4005.48500	0.02
2025.11.03	04:34:00	4005.44500	4005.44500	4004.07500	4004.82800	0.01
2025.11.03	04:35:00	4005.09500	4005.66500	4004.82500	4005.32500	0.01
2025.11.03	04:36:00	4005.30500	4005.50500	4004.16500	4004.37500	0.01
2025.11.03	04:37:00	4004.34500	4004.43500	4003.22500	4003.90500	0.01
2025.11.03	04:38:00	4003.87500	4004.48500	4003.84500	4004.37500	0.01
2025.11.03	04:39:00	4004.47500	4005.89500	4004.47500	4005.57800	0.01
2025.11.03	04:40:00	4005.19500	4007.40500	4004.85500	4006.20500	0.03
2025.11.03	04:41:00	4006.18500	4006.79500	4005.65500	4005.71500	0.02
2025.11.03	04:42:00	4005.68500	4007.32500	4005.42500	4007.14500	0.02
2025.11.03	04:43:00	4007.06500	4007.36500	4006.83500	4007.12500	0.01
2025.11.03	04:44:00	4007.11500	4007.15500	4005.97500	4006.60500	0.02
2025.11.03	04:45:00	4006.57500	4006.86500	4006.11500	4006.37500	0.02
2025.11.03	04:46:00	4006.36500	4006.39500	4005.29800	4005.59500	0.04
2025.11.03	04:47:00	4005.63500	4006.91800	4004.71800	4006.90800	0.02
2025.11.03	04:48:00	4006.91800	4007.28800	4005.19500	4005.42800	0.02
2025.11.03	04:49:00	4005.42800	4005.65800	4004.25800	4005.05800	0.04
2025.11.03	04:50:00	4005.05800	4005.60800	4004.78500	4004.85800	0.03
2025.11.03	04:51:00	4004.84800	4004.87800	4002.66500	4003.67800	0.06
2025.11.03	04:52:00	4003.89500	4004.88800	4003.75800	4003.83800	0.02
2025.11.03	04:53:00	4003.73800	4006.03800	4003.73800	4005.59500	0.03
2025.11.03	04:54:00	4005.61500	4005.88500	4005.09800	4005.16500	0.02
2025.11.03	04:55:00	4005.16500	4005.34800	4004.76800	4004.79800	0.01
2025.11.03	04:56:00	4004.80800	4004.88800	4004.08500	4004.15800	0.01
2025.11.03	04:57:00	4004.17800	4004.36500	4003.82800	4004.08800	0.01
2025.11.03	04:58:00	4004.09500	4004.40500	4003.33800	4003.33800	0.01
2025.11.03	04:59:00	4003.33800	4004.11500	4002.44800	4003.36800	0.05
2025.11.03	05:00:00	4003.37800	4003.99800	4003.35500	4003.50500	0.01
2025.11.03	05:01:00	4003.51500	4003.78500	4002.77500	4003.74500	0.02
2025.11.03	05:02:00	4003.66500	4003.73500	4002.58500	4002.65500	0.01
2025.11.03	05:03:00	4002.72800	4002.87500	4000.56500	4002.01500	0.08
2025.11.03	05:04:00	4001.98500	4002.11500	3997.70800	3999.29800	0.09
2025.11.03	05:05:00	3999.29800	3999.86500	3997.47900	3999.15500	0.06
2025.11.03	05:06:00	3999.15800	4001.19500	3997.98500	4001.16500	0.04
2025.11.03	05:07:00	4001.13500	4002.54500	4000.94500	4001.50500	0.02
2025.11.03	05:08:00	4001.52500	4006.04500	4001.52500	4005.54500	0.03
2025.11.03	05:09:00	4005.51500	4007.86500	4004.02500	4007.77500	0.03
2025.11.03	05:10:00	4007.76500	4007.78500	4006.31500	4006.97500	0.03
2025.11.03	05:11:00	4007.00500	4009.79800	4007.00500	4008.67500	0.03
2025.11.03	05:12:00	4008.66500	4009.11500	4007.25500	4009.04800	0.03
2025.11.03	05:13:00	4009.00500	4009.82500	4007.36500	4007.47500	0.03
2025.11.03	05:14:00	4007.44900	4007.56500	4005.74800	4006.66500	0.03
2025.11.03	05:15:00	4006.70500	4006.82500	4004.66500	4006.17800	0.02
2025.11.03	05:16:00	4006.17800	4007.48500	4005.36800	4007.10500	0.03
2025.11.03	05:17:00	4007.08800	4007.81500	4005.92500	4005.94500	0.02
2025.11.03	05:18:00	4005.92500	4006.26500	4005.31500	4005.48500	0.01
2025.11.03	05:19:00	4005.51500	4006.69500	4005.48500	4006.40800	0.01
2025.11.03	05:20:00	4006.38800	4006.59500	4005.80500	4005.80500	0.01
2025.11.03	05:21:00	4005.82500	4006.53500	4005.30800	4005.33500	0.01
2025.11.03	05:22:00	4005.39800	4006.00500	4005.29500	4005.61500	0.01
2025.11.03	05:23:00	4005.60800	4006.29500	4004.78500	4006.29500	0.01
2025.11.03	05:24:00	4006.31500	4007.50500	4006.07500	4007.42500	0.01
2025.11.03	05:25:00	4007.57500	4008.88500	4007.53500	4008.88500	0.01
2025.11.03	05:26:00	4008.93500	4010.98500	4008.93500	4010.84800	0.02
2025.11.03	05:27:00	4010.94800	4012.56500	4010.58500	4010.68500	0.03
2025.11.03	05:28:00	4010.71500	4010.74500	4009.54800	4010.65500	0.01
2025.11.03	05:29:00	4010.68500	4011.80500	4010.52500	4011.73500	0.01
2025.11.03	05:30:00	4011.71500	4014.59500	4011.71500	4014.27500	0.04
2025.11.03	05:31:00	4014.25500	4017.19800	4014.01500	4016.20500	0.05
2025.11.03	05:32:00	4016.18500	4018.07500	4014.94800	4015.52500	0.04
2025.11.03	05:33:00	4015.49500	4016.11500	4014.13500	4014.73500	0.03
2025.11.03	05:34:00	4014.74800	4015.42500	4013.30500	4014.05500	0.03
2025.11.03	05:35:00	4013.99500	4014.05500	4011.62500	4012.11500	0.02
2025.11.03	05:36:00	4012.14500	4014.02500	4012.14500	4013.31800	0.03
2025.11.03	05:37:00	4013.31800	4014.01800	4011.91500	4014.01800	0.03
2025.11.03	05:38:00	4014.01800	4014.99800	4013.69800	4014.01500	0.03
2025.11.03	05:39:00	4013.98500	4014.33500	4013.09500	4013.99500	0.02
2025.11.03	05:40:00	4014.02500	4016.05500	4013.99500	4015.44500	0.03
2025.11.03	05:41:00	4015.47500	4015.85800	4014.15500	4014.44800	0.03
2025.11.03	05:42:00	4014.45500	4016.30500	4014.14800	4015.70500	0.02
2025.11.03	05:43:00	4015.68500	4016.12500	4015.31500	4015.48500	0.02
2025.11.03	05:44:00	4015.50500	4015.68500	4014.15500	4014.54500	0.01
2025.11.03	05:45:00	4014.68500	4014.93500	4013.31500	4013.54800	0.02
2025.11.03	05:46:00	4013.49500	4014.31500	4013.22500	4013.43800	0.01
2025.11.03	05:47:00	4013.44800	4014.44800	4013.44800	4014.11800	0.02
2025.11.03	05:48:00	4014.11800	4014.54800	4013.06500	4013.53800	0.02
2025.11.03	05:49:00	4013.54800	4014.85800	4012.66500	4014.81800	0.03
2025.11.03	05:50:00	4014.53500	4016.55500	4014.17800	4016.08800	0.03
2025.11.03	05:51:00	4016.08800	4016.08800	4014.29800	4014.31500	0.02
2025.11.03	05:52:00	4014.29500	4014.90800	4013.79500	4014.84800	0.02
2025.11.03	05:53:00	4014.84800	4015.25800	4014.15800	4015.05800	0.02
2025.11.03	05:54:00	4015.06800	4015.83500	4014.46500	4015.73800	0.03
2025.11.03	05:55:00	4015.73800	4015.94800	4014.26800	4014.29800	0.02
2025.11.03	05:56:00	4014.22500	4014.39800	4011.49800	4012.29800	0.04
2025.11.03	05:57:00	4012.30800	4012.84800	4010.99800	4011.18500	0.06
2025.11.03	05:58:00	4011.17800	4012.59800	4011.02800	4012.21500	0.05
2025.11.03	05:59:00	4012.25500	4013.79800	4012.25500	4013.61500	0.03
2025.11.03	06:00:00	4013.69800	4015.49800	4013.65500	4014.49500	0.03
2025.11.03	06:01:00	4014.58500	4016.49800	4014.24800	4014.55500	0.04
2025.11.03	06:02:00	4014.44500	4014.88500	4012.60500	4013.76500	0.03
2025.11.03	06:03:00	4013.94800	4016.05500	4012.99500	4014.09500	0.03
2025.11.03	06:04:00	4014.13500	4014.44500	4012.52500	4013.54500	0.03
2025.11.03	06:05:00	4013.48500	4013.48500	4010.70500	4012.17800	0.03
2025.11.03	06:06:00	4012.25800	4012.83800	4010.29500	4010.72800	0.03
2025.11.03	06:07:00	4010.77800	4011.87500	4009.82500	4011.72800	0.03
2025.11.03	06:08:00	4011.82500	4014.54500	4011.73500	4014.39500	0.03
2025.11.03	06:09:00	4014.41500	4015.29500	4014.21500	4014.81500	0.02
2025.11.03	06:10:00	4014.83500	4015.51500	4014.46500	4015.17500	0.02
2025.11.03	06:11:00	4015.15500	4015.86800	4014.72500	4014.75500	0.02
2025.11.03	06:12:00	4014.77500	4015.74500	4014.60500	4014.90500	0.02
2025.11.03	06:13:00	4015.29500	4015.32500	4013.86500	4015.08500	0.02
2025.11.03	06:14:00	4015.12500	4015.50500	4013.87500	4014.34800	0.02
2025.11.03	06:15:00	4014.33800	4014.73500	4013.06800	4014.01500	0.02
2025.11.03	06:16:00	4013.99500	4015.19500	4013.47500	4014.85500	0.03
2025.11.03	06:17:00	4014.87500	4015.55500	4014.12500	4014.25500	0.02
2025.11.03	06:18:00	4014.22500	4015.74500	4014.20500	4015.40500	0.02
2025.11.03	06:19:00	4015.42500	4017.89500	4015.39500	4016.88500	0.02
2025.11.03	06:20:00	4016.90500	4016.90500	4014.99500	4015.50500	0.03
2025.11.03	06:21:00	4015.48500	4015.48500	4013.30500	4015.04500	0.02
2025.11.03	06:22:00	4015.05500	4015.42500	4013.97500	4014.70500	0.01
2025.11.03	06:23:00	4014.62500	4017.01500	4014.18500	4016.93500	0.02
2025.11.03	06:24:00	4016.99500	4018.33500	4016.70500	4017.48500	0.03
2025.11.03	06:25:00	4017.14500	4018.24800	4016.16500	4016.34800	0.02
2025.11.03	06:26:00	4016.34800	4016.36500	4014.44500	4015.36500	0.02
2025.11.03	06:27:00	4015.02500	4015.35500	4013.51500	4015.14500	0.02
2025.11.03	06:28:00	4015.11500	4016.68500	4014.80500	4016.32500	0.02
2025.11.03	06:29:00	4016.35500	4016.59500	4015.50500	4016.13500	0.03
2025.11.03	06:30:00	4016.14800	4016.32500	4014.63500	4014.65800	0.01
2025.11.03	06:31:00	4014.62500	4014.97500	4013.61500	4014.70500	0.02
2025.11.03	06:32:00	4014.72500	4014.91500	4012.83500	4014.57800	0.02
2025.11.03	06:33:00	4014.59500	4014.63500	4013.52500	4013.91800	0.01
2025.11.03	06:34:00	4013.93500	4014.99500	4013.93500	4014.62800	0.09
2025.11.03	06:35:00	4014.62800	4015.16500	4013.84500	4014.53500	0.07
2025.11.03	06:36:00	4014.50500	4015.05500	4013.81500	4013.88500	0.02
2025.11.03	06:37:00	4013.86500	4015.90500	4013.59500	4015.08500	0.01
2025.11.03	06:38:00	4015.05500	4015.56500	4013.95500	4014.34500	0.02
2025.11.03	06:39:00	4014.30500	4016.59500	4014.30500	4015.92500	0.02
2025.11.03	06:40:00	4015.94500	4016.78500	4015.49500	4016.73500	0.04
2025.11.03	06:41:00	4016.77500	4017.34800	4015.78500	4015.78500	0.02
2025.11.03	06:42:00	4015.81500	4016.78500	4015.77500	4016.57500	0.01
2025.11.03	06:43:00	4016.58500	4017.69500	4016.58500	4017.29500	0.02
2025.11.03	06:44:00	4017.25500	4017.54500	4015.19500	4015.25500	0.02
2025.11.03	06:45:00	4015.23500	4016.21500	4014.34500	4014.38500	0.02
2025.11.03	06:46:00	4014.36500	4015.05500	4013.71500	4014.17500	0.02
2025.11.03	06:47:00	4014.13500	4014.94500	4013.58500	4014.94500	0.02
2025.11.03	06:48:00	4014.99500	4015.77500	4014.94500	4015.77500	0.01
2025.11.03	06:49:00	4016.14500	4016.59500	4014.50500	4016.54500	0.02
2025.11.03	06:50:00	4016.57500	4017.25500	4015.33500	4015.61500	0.01
2025.11.03	06:51:00	4015.57500	4016.81500	4015.24500	4016.61500	0.01
2025.11.03	06:52:00	4016.65500	4018.27500	4016.65500	4017.81500	0.02
2025.11.03	06:53:00	4017.92500	4018.02500	4016.79500	4016.79500	0.02
2025.11.03	06:54:00	4016.85500	4017.17500	4016.34500	4016.92500	0.02
2025.11.03	06:55:00	4016.90500	4016.90500	4015.04500	4015.06500	0.01
2025.11.03	06:56:00	4015.03500	4015.87500	4014.02500	4015.37500	0.04
2025.11.03	06:57:00	4015.34500	4017.33500	4015.11500	4017.21500	0.02
2025.11.03	06:58:00	4017.26500	4018.30500	4016.93500	4017.40500	0.02
2025.11.03	06:59:00	4017.37500	4017.72500	4016.29500	4017.20500	0.02
2025.11.03	07:00:00	4017.22500	4017.47500	4015.60500	4016.91500	0.03
2025.11.03	07:01:00	4016.92500	4021.01800	4016.91500	4020.90800	0.04
2025.11.03	07:02:00	4020.92800	4022.21500	4018.11500	4020.62500	0.05
2025.11.03	07:03:00	4020.62500	4023.17500	4020.62500	4021.68500	0.05
2025.11.03	07:04:00	4021.70500	4023.25500	4021.16500	4021.66500	0.04
2025.11.03	07:05:00	4021.49500	4022.03800	4019.95500	4020.25800	0.02
2025.11.03	07:06:00	4020.26800	4020.70500	4019.71500	4020.32800	0.02
2025.11.03	07:07:00	4020.25500	4020.86800	4019.06800	4019.97800	0.04
2025.11.03	07:08:00	4019.90500	4020.27500	4018.09500	4018.81500	0.06
2025.11.03	07:09:00	4018.78500	4020.28500	4017.36500	4019.89500	0.03
2025.11.03	07:10:00	4019.86500	4019.91800	4018.70800	4019.01800	0.02
2025.11.03	07:11:00	4019.01800	4019.20500	4017.13500	4017.32800	0.03
2025.11.03	07:12:00	4017.32800	4017.51500	4015.41500	4015.97500	0.05
2025.11.03	07:13:00	4015.95500	4016.73500	4014.79500	4015.31500	0.05
2025.11.03	07:14:00	4015.42500	4015.80500	4014.79500	4014.89500	0.03
2025.11.03	07:15:00	4014.92500	4015.57500	4014.73500	4015.12500	0.02
2025.11.03	07:16:00	4015.99500	4016.27500	4014.14500	4014.80500	0.03
2025.11.03	07:17:00	4014.85500	4015.39500	4013.27500	4013.53500	0.02
2025.11.03	07:18:00	4013.47500	4016.08500	4013.47500	4015.64500	0.02
2025.11.03	07:19:00	4015.62500	4016.05500	4014.92500	4014.95500	0.01
2025.11.03	07:20:00	4014.98500	4015.92500	4014.64500	4014.88500	0.01
2025.11.03	07:21:00	4014.86500	4017.08500	4014.79500	4016.93500	0.02
2025.11.03	07:22:00	4017.00500	4017.89500	4015.62500	4015.68500	0.03
2025.11.03	07:23:00	4015.72500	4016.12500	4014.93500	4015.38500	0.01
2025.11.03	07:24:00	4015.40500	4016.45500	4015.25500	4015.63500	0.02
2025.11.03	07:25:00	4015.67500	4018.99500	4015.57500	4018.67500	0.03
2025.11.03	07:26:00	4018.71500	4020.27500	4018.41500	4019.34500	0.04
2025.11.03	07:27:00	4019.34500	4019.56500	4018.37500	4018.84500	0.01
2025.11.03	07:28:00	4019.24500	4020.19800	4019.05500	4019.77500	0.01
2025.11.03	07:29:00	4019.82500	4020.17500	4018.70500	4018.79500	0.01
2025.11.03	07:30:00	4018.57800	4019.61500	4017.98500	4018.87500	0.02
2025.11.03	07:31:00	4018.94800	4019.87500	4016.62500	4017.06500	0.01
2025.11.03	07:32:00	4017.04500	4017.12500	4015.86500	4016.13500	0.01
2025.11.03	07:33:00	4016.18500	4017.74500	4015.68500	4017.48500	0.02
2025.11.03	07:34:00	4017.18500	4017.34500	4016.51500	4017.28500	0.02
2025.11.03	07:35:00	4017.32500	4018.57900	4017.32500	4018.51500	0.03
2025.11.03	07:36:00	4018.51500	4021.74800	4018.46500	4021.74800	0.04
2025.11.03	07:37:00	4021.84800	4022.86500	4021.44800	4022.12500	0.04
2025.11.03	07:38:00	4022.09800	4022.89800	4019.54500	4019.59500	0.04
2025.11.03	07:39:00	4019.55500	4020.88500	4019.43500	4020.48500	0.02
2025.11.03	07:40:00	4020.50900	4022.20900	4020.34500	4021.98500	0.05
2025.11.03	07:41:00	4021.79500	4023.00500	4021.34500	4021.40500	0.02
2025.11.03	07:42:00	4021.43500	4022.74500	4020.84500	4021.00500	0.03
2025.11.03	07:43:00	4021.03500	4021.59500	4020.57500	4021.16500	0.02
2025.11.03	07:44:00	4021.18500	4022.48500	4020.84500	4021.93500	0.02
2025.11.03	07:45:00	4021.92500	4022.69800	4021.50500	4022.27500	0.02
2025.11.03	07:46:00	4022.29500	4022.53500	4020.77500	4020.87500	0.03
2025.11.03	07:47:00	4020.84500	4022.26500	4020.27500	4020.28500	0.03
2025.11.03	07:48:00	4020.25900	4022.18500	4020.25900	4021.63500	0.02
2025.11.03	07:49:00	4021.60500	4022.68500	4021.23500	4022.18500	0.02
2025.11.03	07:50:00	4022.14500	4025.62500	4022.13500	4025.53500	0.03
2025.11.03	07:51:00	4025.56500	4025.56500	4023.57500	4024.96500	0.03
2025.11.03	07:52:00	4024.98500	4025.35500	4023.50500	4025.29500	0.03
2025.11.03	07:53:00	4025.26500	4025.59500	4024.49500	4025.20500	0.05
2025.11.03	07:54:00	4025.17500	4025.32500	4022.78500	4023.01500	0.05
2025.11.03	07:55:00	4022.99500	4024.12500	4021.84500	4024.11500	0.03
2025.11.03	07:56:00	4024.04500	4024.44500	4023.31500	4023.67500	0.04
2025.11.03	07:57:00	4023.59500	4024.75500	4023.14500	4024.73500	0.04
2025.11.03	07:58:00	4024.76500	4025.40500	4023.99800	4024.42500	0.03
2025.11.03	07:59:00	4024.43500	4025.39500	4024.26500	4025.07800	0.05
2025.11.03	08:00:00	4025.07800	4026.78500	4024.97500	4025.86500	0.04
2025.11.03	08:01:00	4025.88500	4026.54800	4024.94800	4025.44800	0.04
2025.11.03	08:02:00	4025.44800	4027.04500	4025.13500	4026.23500	0.02
2025.11.03	08:03:00	4026.25500	4026.82500	4025.37500	4026.03500	0.02
2025.11.03	08:04:00	4026.01500	4026.91500	4025.95500	4026.64800	0.02
2025.11.03	08:05:00	4026.64800	4027.86500	4026.10500	4027.70500	0.03
2025.11.03	08:06:00	4027.65500	4027.65500	4023.83500	4023.90500	0.03
2025.11.03	08:07:00	4024.48800	4025.60500	4023.83900	4024.88500	0.03
2025.11.03	08:08:00	4024.53500	4025.40500	4024.50500	4024.60500	0.02
2025.11.03	08:09:00	4024.49800	4025.53500	4024.07500	4025.29800	0.03
2025.11.03	08:10:00	4025.27500	4026.34500	4024.63500	4025.29800	0.04
2025.11.03	08:11:00	4025.29800	4026.70500	4024.88500	4026.17500	0.02
2025.11.03	08:12:00	4026.22500	4026.65500	4024.49500	4024.52500	0.02
2025.11.03	08:13:00	4024.49500	4024.49500	4022.55500	4023.46500	0.03
2025.11.03	08:14:00	4023.44900	4023.69800	4020.35500	4021.34500	0.03
2025.11.03	08:15:00	4021.33500	4021.33500	4018.86500	4019.14500	0.02
2025.11.03	08:16:00	4019.18500	4022.67500	4019.18500	4021.73500	0.04
2025.11.03	08:17:00	4021.87500	4023.31500	4021.64500	4022.99500	0.02
2025.11.03	08:18:00	4023.00500	4023.00500	4020.35500	4020.55800	0.02
2025.11.03	08:19:00	4019.98500	4019.98500	4018.48500	4019.36500	0.03
2025.11.03	08:20:00	4019.34500	4020.06500	4018.67500	4018.90500	0.01
2025.11.03	08:21:00	4018.86500	4019.27500	4016.90500	4017.14500	0.02
2025.11.03	08:22:00	4017.17500	4018.48500	4016.60500	4017.82900	0.04
2025.11.03	08:23:00	4017.82500	4018.38900	4016.53500	4016.66500	0.03
2025.11.03	08:24:00	4016.68500	4017.31500	4015.47500	4015.82500	0.02
2025.11.03	08:25:00	4015.88500	4016.07500	4013.20500	4014.02500	0.04
2025.11.03	08:26:00	4014.05500	4014.24500	4010.90500	4011.55500	0.04
2025.11.03	08:27:00	4011.66500	4014.02500	4011.36500	4012.55500	0.04
2025.11.03	08:28:00	4012.52500	4016.13500	4012.25500	4015.99500	0.03
2025.11.03	08:29:00	4015.98500	4016.34500	4014.12500	4014.19800	0.03
2025.11.03	08:30:00	4014.20500	4016.19800	4014.20500	4015.08500	0.03
2025.11.03	08:31:00	4015.11500	4016.03500	4014.04800	4014.04800	0.03
2025.11.03	08:32:00	4014.12500	4014.52500	4011.74500	4011.94500	0.10
2025.11.03	08:33:00	4012.01900	4014.04800	4011.95500	4013.49500	0.06
2025.11.03	08:34:00	4013.49500	4013.90500	4012.52500	4013.33500	0.03
2025.11.03	08:35:00	4013.30500	4016.24800	4013.23500	4013.94800	0.03
2025.11.03	08:36:00	4013.94800	4015.64800	4013.77500	4015.44800	0.03
2025.11.03	08:37:00	4015.44800	4016.31500	4014.29500	4015.65500	0.03
2025.11.03	08:38:00	4015.49800	4016.07500	4014.09500	4015.71500	0.04
2025.11.03	08:39:00	4015.64500	4015.79500	4013.57500	4014.25500	0.03
2025.11.03	08:40:00	4014.27500	4016.36500	4012.29500	4015.89800	0.03
2025.11.03	08:41:00	4015.89800	4015.89800	4012.94500	4014.24500	0.06
2025.11.03	08:42:00	4014.03500	4016.44500	4014.00500	4015.51800	0.05
2025.11.03	08:43:00	4015.51800	4017.30500	4015.23500	4017.02500	0.03
2025.11.03	08:44:00	4016.99500	4017.04500	4015.76500	4016.39500	0.03
2025.11.03	08:45:00	4016.38500	4016.38500	4013.88500	4016.13800	0.04
2025.11.03	08:46:00	4016.13800	4016.20500	4013.74500	4014.51800	0.08
2025.11.03	08:47:00	4014.30500	4014.42500	4012.62500	4014.06500	0.08
2025.11.03	08:48:00	4014.07500	4016.14500	4013.65500	4015.79500	0.05
2025.11.03	08:49:00	4015.89500	4016.84500	4015.13500	4016.83500	0.04
2025.11.03	08:50:00	4016.81500	4017.11500	4015.51500	4016.77500	0.03
2025.11.03	08:51:00	4016.79500	4017.62500	4015.30500	4015.30500	0.04
2025.11.03	08:52:00	4015.26500	4016.75500	4014.72500	4015.66500	0.03
2025.11.03	08:53:00	4015.78500	4018.05500	4015.57500	4016.69800	0.03
2025.11.03	08:54:00	4016.69800	4016.70500	4014.36500	4015.37500	0.03
2025.11.03	08:55:00	4015.40500	4016.81500	4015.14500	4015.63800	0.02
2025.11.03	08:56:00	4015.63800	4016.69500	4015.33500	4015.55500	0.04
2025.11.03	08:57:00	4015.58500	4016.15500	4015.26800	4015.64500	0.03
2025.11.03	08:58:00	4015.64500	4017.33500	4015.61500	4017.30500	0.02
2025.11.03	08:59:00	4017.33500	4020.51500	4017.29500	4019.39500	0.04
2025.11.03	09:00:00	4019.64500	4020.35500	4018.27500	4019.81500	0.06
2025.11.03	09:01:00	4019.81500	4020.02500	4016.75500	4017.34500	0.03
2025.11.03	09:02:00	4017.34500	4017.66500	4016.76500	4017.03500	0.02
2025.11.03	09:03:00	4016.96500	4017.82500	4016.36500	4017.82500	0.02
2025.11.03	09:04:00	4017.78500	4019.72500	4017.65500	4019.26500	0.01
2025.11.03	09:05:00	4019.18500	4021.01500	4018.95500	4020.41500	0.03
2025.11.03	09:06:00	4020.39500	4021.23800	4019.49800	4021.23800	0.02
2025.11.03	09:07:00	4021.19500	4022.62500	4021.07500	4021.84800	0.02
2025.11.03	09:08:00	4021.84800	4024.74500	4021.61800	4024.54500	0.04
2025.11.03	09:09:00	4024.57500	4025.75500	4024.55500	4025.25500	0.04
2025.11.03	09:10:00	4025.25500	4025.51500	4023.54500	4023.58500	0.05
2025.11.03	09:11:00	4023.53500	4023.99500	4022.14800	4022.30900	0.05
2025.11.03	09:12:00	4022.28500	4022.94800	4021.44800	4022.04800	0.09
2025.11.03	09:13:00	4022.04800	4023.20500	4021.89800	4022.44800	0.07
2025.11.03	09:14:00	4022.30500	4023.24800	4021.27900	4021.33800	0.05
2025.11.03	09:15:00	4021.34800	4021.83800	4017.88500	4017.91500	0.06
2025.11.03	09:16:00	4017.88500	4018.98500	4015.81800	4016.30500	0.15
2025.11.03	09:17:00	4016.30900	4016.97500	4015.73500	4016.53500	0.06
2025.11.03	09:18:00	4016.57500	4017.53500	4016.27500	4017.51500	0.02
2025.11.03	09:19:00	4017.49500	4018.56500	4016.65500	4017.08500	0.02
2025.11.03	09:20:00	4017.06500	4019.59800	4016.46500	4018.90500	0.03
2025.11.03	09:21:00	4019.00500	4019.40500	4017.31500	4017.59800	0.06
2025.11.03	09:22:00	4017.36500	4019.03500	4015.78500	4017.60500	0.04
2025.11.03	09:23:00	4017.54800	4018.11500	4015.94500	4016.35500	0.03
2025.11.03	09:24:00	4016.40500	4016.40500	4014.13500	4014.62500	0.02
2025.11.03	09:25:00	4014.62500	4014.62500	4010.85500	4012.53500	0.03
2025.11.03	09:26:00	4012.52800	4012.58500	4009.61800	4009.64800	0.03
2025.11.03	09:27:00	4009.64800	4009.64800	4004.89800	4007.50500	0.05
2025.11.03	09:28:00	4007.54500	4007.74500	4005.96500	4007.50500	0.03
2025.11.03	09:29:00	4007.53500	4008.50500	4005.46500	4006.87500	0.02
2025.11.03	09:30:00	4006.86500	4007.74500	4004.89800	4005.00500	0.03
2025.11.03	09:31:00	4005.00500	4005.26500	4001.36500	4005.13500	0.05
2025.11.03	09:32:00	4005.13500	4006.00500	4001.22500	4001.49500	0.05
2025.11.03	09:33:00	4001.52500	4002.87500	4000.64800	4001.13500	0.04
2025.11.03	09:34:00	4001.17500	4003.34500	4000.71500	4002.98500	0.05
2025.11.03	09:35:00	4002.95500	4003.96500	4002.62500	4003.96500	0.03
2025.11.03	09:36:00	4003.99500	4004.58500	4002.39800	4002.61800	0.05
2025.11.03	09:37:00	4002.61800	4005.01500	4002.15500	4004.12500	0.05
2025.11.03	09:38:00	4004.06500	4004.98500	4003.56500	4004.62500	0.03
2025.11.03	09:39:00	4004.59500	4004.59500	4003.01800	4003.03800	0.02
2025.11.03	09:40:00	4002.88500	4003.42500	4001.64500	4001.75800	0.04
2025.11.03	09:41:00	4000.86500	4000.99800	3997.66800	3999.32500	0.08
2025.11.03	09:42:00	3999.35500	4000.03500	3998.03500	3999.43500	0.04
2025.11.03	09:43:00	3999.39500	3999.83500	3997.47500	3997.51500	0.02
2025.11.03	09:44:00	3997.54500	3998.43500	3996.08500	3996.93500	0.03
2025.11.03	09:45:00	3996.86500	3996.86500	3995.05800	3995.40500	0.04
2025.11.03	09:46:00	3995.12500	3996.98500	3992.87500	3996.90500	0.06
2025.11.03	09:47:00	3997.20500	3998.56500	3995.62500	3995.93500	0.04
2025.11.03	09:48:00	3995.94500	3996.86500	3994.93500	3996.80500	0.02
2025.11.03	09:49:00	3996.85500	4000.87500	3996.84500	4000.44500	0.04
2025.11.03	09:50:00	4000.40500	4003.16500	4000.08500	4003.16500	0.04
2025.11.03	09:51:00	4003.10500	4003.19500	3999.79500	4002.19500	0.05
2025.11.03	09:52:00	4002.23500	4004.97500	4000.98500	4004.42500	0.04
2025.11.03	09:53:00	4004.45500	4004.60500	4001.41500	4002.11500	0.03
2025.11.03	09:54:00	4002.08500	4002.77500	4000.95500	4002.44500	0.03
2025.11.03	09:55:00	4002.39500	4003.20500	4002.08500	4002.08500	0.02
2025.11.03	09:56:00	4002.01500	4003.41500	4001.88500	4002.54500	0.02
2025.11.03	09:57:00	4002.52500	4003.45500	4002.16500	4002.79500	0.02
2025.11.03	09:58:00	4002.78500	4002.82500	4001.30500	4002.02800	0.03
2025.11.03	09:59:00	4002.10500	4002.10500	3999.99500	4000.16500	0.03
2025.11.03	10:00:00	4000.35500	4004.49500	3999.21500	4004.11500	0.04
2025.11.03	10:01:00	4004.11500	4004.61500	4001.68500	4001.90500	0.02
2025.11.03	10:02:00	4001.81500	4001.81500	3998.97500	3998.97500	0.03
2025.11.03	10:03:00	3998.94500	4000.70500	3998.59500	3998.88500	0.02
2025.11.03	10:04:00	3999.10500	3999.75500	3996.53500	3996.53800	0.03
2025.11.03	10:05:00	3996.55500	3996.55500	3994.18500	3995.29500	0.04
2025.11.03	10:06:00	3995.28800	3996.44500	3994.75500	3995.54500	0.03
2025.11.03	10:07:00	3995.57500	3996.75500	3994.94500	3996.44500	0.03
2025.11.03	10:08:00	3996.46500	3997.91500	3995.84500	3996.93800	0.05
2025.11.03	10:09:00	3996.93800	3997.25500	3995.79500	3996.10500	0.05
2025.11.03	10:10:00	3996.08500	3998.14500	3995.45500	3997.39500	0.04
2025.11.03	10:11:00	3997.24500	3998.84500	3996.09500	3998.21500	0.02
2025.11.03	10:12:00	3998.24500	3999.13500	3998.09500	3998.49500	0.02
2025.11.03	10:13:00	3998.45500	3999.25500	3996.50500	3996.61500	0.02
2025.11.03	10:14:00	3996.64500	3998.34500	3996.10500	3997.20500	0.02
2025.11.03	10:15:00	3996.91500	3998.37500	3996.36500	3997.47500	0.03
2025.11.03	10:16:00	3997.25500	3998.47500	3996.50500	3998.47500	0.02
2025.11.03	10:17:00	3998.64500	3998.83500	3996.75500	3996.94500	0.02
2025.11.03	10:18:00	3996.92500	3998.29500	3996.92500	3997.16500	0.02
2025.11.03	10:19:00	3997.18500	3998.98500	3997.18500	3997.77500	0.02
2025.11.03	10:20:00	3997.71500	3998.26500	3995.65800	3997.24500	0.02
2025.11.03	10:21:00	3997.19500	3998.51500	3996.71500	3997.73500	0.02
2025.11.03	10:22:00	3997.71800	3998.14500	3996.59500	3997.75500	0.02
2025.11.03	10:23:00	3997.77500	3998.13500	3997.17500	3997.62500	0.01
2025.11.03	10:24:00	3997.66500	3998.03500	3995.41800	3996.59500	0.03
2025.11.03	10:25:00	3996.57500	3999.34800	3996.51500	3998.57800	0.06
2025.11.03	10:26:00	3998.49500	3998.87800	3997.51800	3998.57500	0.04
2025.11.03	10:27:00	3998.64800	3998.85500	3997.11500	3998.59500	0.02
2025.11.03	10:28:00	3998.67500	4000.44800	3998.30500	3999.05800	0.04
2025.11.03	10:29:00	3999.07500	4000.28500	3997.54500	3997.57500	0.02
2025.11.03	10:30:00	3997.53500	3997.53500	3994.51500	3996.77500	0.04
2025.11.03	10:31:00	3996.80500	3996.83500	3994.40500	3994.90500	0.03
2025.11.03	10:32:00	3994.92500	3997.68500	3994.15500	3996.54500	0.04
2025.11.03	10:33:00	3996.52500	3998.04800	3995.64500	3998.04800	0.05
2025.11.03	10:34:00	3997.94800	3998.14800	3997.09800	3997.99800	0.05
2025.11.03	10:35:00	3997.99800	4000.70500	3997.89800	3998.29800	0.04
2025.11.03	10:36:00	3998.29800	3999.03500	3997.36500	3998.40500	0.02
2025.11.03	10:37:00	3998.38500	4000.16500	3998.38500	3999.86500	0.02
2025.11.03	10:38:00	3999.88500	4000.94800	3999.52500	3999.61500	0.02
2025.11.03	10:39:00	3999.55500	3999.99500	3998.47500	3998.49500	0.01
2025.11.03	10:40:00	3998.47500	3999.19800	3997.75800	3999.03500	0.02
2025.11.03	10:41:00	3999.05500	3999.89500	3998.63500	3999.24800	0.03
2025.11.03	10:42:00	3999.24800	3999.24800	3998.14500	3998.91500	0.02
2025.11.03	10:43:00	3998.81500	3999.17500	3997.17500	3997.47500	0.02
2025.11.03	10:44:00	3997.49500	3997.90500	3997.13500	3997.71500	0.01
2025.11.03	10:45:00	3997.69500	3997.69500	3995.54500	3995.74500	0.02
2025.11.03	10:46:00	3995.74500	3998.23500	3995.30500	3997.31500	0.04
2025.11.03	10:47:00	3997.29500	3997.68500	3995.00500	3995.86500	0.04
2025.11.03	10:48:00	3995.83500	3996.67500	3994.43500	3995.68500	0.03
2025.11.03	10:49:00	3995.66500	3996.89500	3995.43500	3995.85500	0.02
2025.11.03	10:50:00	3996.16500	3997.23500	3995.42500	3997.05500	0.02
2025.11.03	10:51:00	3997.02500	3997.26500	3996.18500	3997.22500	0.01
2025.11.03	10:52:00	3997.20500	3997.65500	3996.84800	3997.48500	0.02
2025.11.03	10:53:00	3997.23500	3998.37500	3996.94800	3997.44800	0.02
2025.11.03	10:54:00	3997.44800	3997.44800	3996.15500	3996.55800	0.05
2025.11.03	10:55:00	3996.52500	3998.00500	3996.37500	3997.56500	0.03
2025.11.03	10:56:00	3997.54500	3998.92500	3997.14900	3998.74500	0.03
2025.11.03	10:57:00	3998.77500	3998.82900	3997.51900	3998.32500	0.03
2025.11.03	10:58:00	3998.35500	3998.57500	3998.13500	3998.31500	0.02
2025.11.03	10:59:00	3998.29800	3998.74800	3998.22800	3998.37500	0.02
2025.11.03	11:00:00	3998.35800	3999.33500	3997.70500	3998.95800	0.02
2025.11.03	11:01:00	3998.95800	3999.39800	3996.89500	3997.23500	0.03
2025.11.03	11:02:00	3997.20500	3997.49500	3996.43500	3996.71800	0.02
2025.11.03	11:03:00	3996.47500	3996.67800	3994.45800	3994.68500	0.04
2025.11.03	11:04:00	3994.70500	3998.39500	3994.09800	3998.29500	0.03
2025.11.03	11:05:00	3998.32500	4000.18500	3998.00500	3999.74500	0.04
2025.11.03	11:06:00	3999.78500	3999.90500	3996.83500	3996.91500	0.03
2025.11.03	11:07:00	3996.89500	3998.51500	3996.68500	3998.51500	0.02
2025.11.03	11:08:00	3998.79500	3999.14800	3998.54500	3998.54800	0.02
2025.11.03	11:09:00	3998.59500	4000.11500	3998.59500	3999.30500	0.03
2025.11.03	11:10:00	3999.28500	3999.52500	3998.49800	3999.27500	0.02
2025.11.03	11:11:00	3999.27500	4001.77500	3999.27500	4001.12500	0.04
2025.11.03	11:12:00	4001.12500	4002.11500	4001.12500	4001.92500	0.02
2025.11.03	11:13:00	4001.95500	4002.07500	3999.52500	4000.54500	0.03
2025.11.03	11:14:00	4000.50500	4001.09800	3999.88500	4000.24500	0.01
2025.11.03	11:15:00	4000.22500	4000.31500	3998.61500	3999.00500	0.02
2025.11.03	11:16:00	3999.01500	4000.96500	3998.72500	4000.12500	0.03
2025.11.03	11:17:00	4000.08500	4001.01500	3999.68500	4000.97500	0.02
2025.11.03	11:18:00	4001.08500	4003.54800	4000.89800	4003.37500	0.03
2025.11.03	11:19:00	4003.34800	4004.18500	4001.47500	4002.29500	0.04
2025.11.03	11:20:00	4002.35500	4002.75500	4000.13800	4000.86500	0.03
2025.11.03	11:21:00	4000.82500	4001.58500	4000.49500	4000.49500	0.02
2025.11.03	11:22:00	4000.56500	4001.49500	4000.55500	4001.06500	0.01
2025.11.03	11:23:00	4001.02500	4003.74500	4001.02500	4003.27500	0.02
2025.11.03	11:24:00	4003.33500	4004.59500	4002.73500	4004.37500	0.03
2025.11.03	11:25:00	4004.41500	4004.41500	4003.27500	4003.37500	0.02
2025.11.03	11:26:00	4003.31500	4006.07500	4003.31500	4003.89500	0.04
2025.11.03	11:27:00	4003.87500	4006.08500	4003.63500	4005.92500	0.03
2025.11.03	11:28:00	4005.92500	4006.73500	4005.68500	4006.14500	0.03
2025.11.03	11:29:00	4006.17500	4006.43500	4005.71500	4006.34500	0.02
2025.11.03	11:30:00	4006.34500	4006.80500	4005.23500	4005.69500	0.03
2025.11.03	11:31:00	4005.69500	4006.02500	4004.84500	4005.32500	0.02
2025.11.03	11:32:00	4005.28500	4005.28500	4003.49500	4003.78500	0.02
2025.11.03	11:33:00	4003.76500	4004.36500	4003.15500	4003.67500	0.03
2025.11.03	11:34:00	4003.67500	4003.96500	4002.95500	4003.49500	0.02
2025.11.03	11:35:00	4003.47500	4004.33500	4003.18500	4003.66500	0.02
2025.11.03	11:36:00	4003.59500	4003.86500	4002.73500	4003.00500	0.02
2025.11.03	11:37:00	4003.00500	4003.65500	4002.96800	4003.60800	0.04
2025.11.03	11:38:00	4003.46500	4006.37500	4003.04800	4006.35800	0.08
2025.11.03	11:39:00	4006.37800	4006.40500	4002.78800	4004.73800	0.05
2025.11.03	11:40:00	4004.73500	4004.99800	4003.26500	4003.57500	0.03
2025.11.03	11:41:00	4003.59500	4003.70500	4002.81500	4003.17500	0.02
2025.11.03	11:42:00	4003.15500	4003.94500	4002.89500	4003.23500	0.02
2025.11.03	11:43:00	4003.24500	4004.07500	4003.05800	4003.42500	0.02
2025.11.03	11:44:00	4003.39500	4005.87500	4003.14800	4005.01500	0.02
2025.11.03	11:45:00	4005.03500	4005.27500	4004.18500	4004.84500	0.01
2025.11.03	11:46:00	4004.81500	4005.23500	4004.39500	4004.97500	0.01
2025.11.03	11:47:00	4004.94500	4006.12500	4004.89500	4006.07500	0.02
2025.11.03	11:48:00	4006.04500	4008.10500	4006.04500	4006.88500	0.04
2025.11.03	11:49:00	4006.88500	4007.06500	4006.13500	4006.48500	0.02
2025.11.03	11:50:00	4006.55500	4007.27500	4006.18500	4007.00500	0.01
2025.11.03	11:51:00	4006.98500	4007.34500	4006.57500	4006.90500	0.02
2025.11.03	11:52:00	4006.87500	4008.40500	4006.71500	4007.96500	0.02
2025.11.03	11:53:00	4007.96500	4008.36500	4006.98500	4007.14500	0.04
2025.11.03	11:54:00	4007.14500	4007.47500	4005.79500	4006.36500	0.03
2025.11.03	11:55:00	4006.56500	4007.14800	4005.65500	4006.75500	0.03
2025.11.03	11:56:00	4006.74800	4006.84800	4005.67500	4006.25500	0.02
2025.11.03	11:57:00	4006.28500	4006.38500	4005.16500	4005.61500	0.01
2025.11.03	11:58:00	4005.61500	4006.97500	4005.14800	4006.94800	0.03
2025.11.03	11:59:00	4006.97500	4007.44800	4006.59500	4007.36500	0.02
2025.11.03	12:00:00	4007.40500	4008.29800	4007.29500	4007.65500	0.03
2025.11.03	12:01:00	4007.62500	4007.95500	4006.12500	4006.50500	0.03
2025.11.03	12:02:00	4006.53500	4006.53500	4004.72800	4004.80500	0.03
2025.11.03	12:03:00	4004.82500	4006.52500	4004.74500	4005.47500	0.03
2025.11.03	12:04:00	4005.50500	4005.95500	4004.57500	4005.10500	0.01
2025.11.03	12:05:00	4004.83800	4005.60500	4004.59500	4004.64500	0.02
2025.11.03	12:06:00	4004.82500	4005.47500	4004.49500	4004.99500	0.03
2025.11.03	12:07:00	4005.02500	4005.47500	4004.59800	4005.06500	0.02
2025.11.03	12:08:00	4005.03800	4006.90500	4005.00500	4006.69500	0.02
2025.11.03	12:09:00	4006.67500	4006.81500	4005.75500	4006.00500	0.02
2025.11.03	12:10:00	4006.05500	4007.70500	4005.96500	4006.09500	0.03
2025.11.03	12:11:00	4006.12500	4007.28500	4006.04500	4007.18500	0.02
2025.11.03	12:12:00	4007.18500	4008.44500	4007.18500	4007.59500	0.03
2025.11.03	12:13:00	4007.59500	4008.25500	4006.82500	4007.44500	0.03
2025.11.03	12:14:00	4007.42500	4007.66500	4006.76500	4006.85500	0.01
2025.11.03	12:15:00	4006.81500	4006.84500	4006.02500	4006.37500	0.01
2025.11.03	12:16:00	4006.34500	4006.37500	4005.83800	4006.01500	0.01
2025.11.03	12:17:00	4005.99500	4006.69500	4005.91500	4006.34500	0.01
2025.11.03	12:18:00	4006.32500	4007.43500	4006.02500	4006.77500	0.01
2025.11.03	12:19:00	4006.40500	4006.84500	4005.90900	4006.37500	0.02
2025.11.03	12:20:00	4006.32500	4006.45500	4005.26500	4005.60500	0.01
2025.11.03	12:21:00	4005.57500	4005.84500	4001.56500	4002.90500	0.02
2025.11.03	12:22:00	4002.88800	4005.47500	4002.68500	4004.92500	0.03
2025.11.03	12:23:00	4004.94500	4006.48500	4004.51500	4005.10500	0.03
2025.11.03	12:24:00	4005.15500	4006.24500	4004.22500	4006.06500	0.04
2025.11.03	12:25:00	4006.09500	4006.40500	4004.10500	4005.56500	0.02
2025.11.03	12:26:00	4005.70500	4005.99500	4004.47500	4005.10500	0.02
2025.11.03	12:27:00	4005.24500	4006.17500	4004.83500	4006.00500	0.02
2025.11.03	12:28:00	4006.03500	4006.03500	4005.16500	4005.38500	0.02
2025.11.03	12:29:00	4005.32500	4005.45500	4004.35500	4004.92500	0.02
2025.11.03	12:30:00	4004.90500	4005.66500	4004.13500	4004.25500	0.02
2025.11.03	12:31:00	4004.27500	4004.87500	4003.62500	4004.09500	0.03
2025.11.03	12:32:00	4004.07500	4006.14500	4003.52500	4006.00500	0.03
2025.11.03	12:33:00	4006.37500	4008.95500	4006.37500	4008.65500	0.03
2025.11.03	12:34:00	4008.67500	4010.73500	4008.52500	4009.22500	0.06
2025.11.03	12:35:00	4009.18500	4009.22500	4007.53500	4008.19800	0.03
2025.11.03	12:36:00	4008.19800	4010.42500	4008.08500	4009.88500	0.03
2025.11.03	12:37:00	4009.88500	4010.48500	4009.25500	4010.26500	0.03
2025.11.03	12:38:00	4010.30500	4010.58500	4009.31500	4010.50500	0.03
2025.11.03	12:39:00	4010.47500	4010.52500	4008.65500	4009.51500	0.02
2025.11.03	12:40:00	4009.55500	4009.62500	4008.30500	4008.37500	0.01
2025.11.03	12:41:00	4008.40500	4009.60500	4008.16500	4009.44500	0.02
2025.11.03	12:42:00	4009.48500	4009.51500	4008.65500	4008.71500	0.01
2025.11.03	12:43:00	4008.67500	4009.39500	4008.67500	4008.97500	0.01
2025.11.03	12:44:00	4009.01500	4009.16500	4007.62500	4007.96500	0.02
2025.11.03	12:45:00	4007.98500	4008.93500	4007.73500	4008.43500	0.03
2025.11.03	12:46:00	4008.53500	4010.80500	4008.43500	4010.05500	0.03
2025.11.03	12:47:00	4010.11500	4010.94500	4009.70500	4010.88500	0.02
2025.11.03	12:48:00	4010.92500	4012.64500	4009.78500	4011.58500	0.03
2025.11.03	12:49:00	4011.72500	4012.14500	4011.48500	4011.76500	0.04
2025.11.03	12:50:00	4011.79500	4012.39500	4010.93500	4011.08500	0.03
2025.11.03	12:51:00	4011.10500	4011.18500	4009.95500	4010.14500	0.03
2025.11.03	12:52:00	4010.10500	4010.22500	4009.30500	4010.11500	0.03
2025.11.03	12:53:00	4010.24500	4010.70500	4009.77500	4010.38500	0.02
2025.11.03	12:54:00	4010.33500	4011.24500	4010.28500	4011.24500	0.03
2025.11.03	12:55:00	4011.24500	4012.24500	4011.24500	4011.88500	0.02
2025.11.03	12:56:00	4011.85500	4012.71500	4011.41500	4011.97500	0.04
2025.11.03	12:57:00	4011.95500	4013.08500	4011.05500	4011.08500	0.03
2025.11.03	12:58:00	4011.10500	4011.67500	4010.45500	4011.63500	0.03
2025.11.03	12:59:00	4011.67500	4013.36500	4011.29500	4013.23500	0.03
2025.11.03	13:00:00	4013.23500	4014.49500	4011.86500	4012.65500	0.07
2025.11.03	13:01:00	4012.63500	4014.13500	4012.20500	4013.67500	0.05
2025.11.03	13:02:00	4013.64500	4015.86500	4013.16500	4015.77500	0.04
2025.11.03	13:03:00	4015.76500	4017.43500	4015.29800	4016.32500	0.05
2025.11.03	13:04:00	4016.19800	4017.19500	4014.42500	4014.44500	0.04
2025.11.03	13:05:00	4014.28500	4015.20500	4013.59500	4013.94500	0.04
2025.11.03	13:06:00	4013.91500	4015.06500	4012.32800	4012.47800	0.13
2025.11.03	13:07:00	4012.45500	4013.56500	4012.22500	4012.81500	0.11
2025.11.03	13:08:00	4012.76500	4013.81500	4012.15500	4013.79500	0.05
2025.11.03	13:09:00	4013.77500	4014.14500	4012.16500	4013.55800	0.07
2025.11.03	13:10:00	4013.55800	4014.90800	4013.17800	4014.32800	0.05
2025.11.03	13:11:00	4014.30600	4016.66500	4013.20500	4016.34800	0.10
2025.11.03	13:12:00	4016.44800	4017.79800	4014.98500	4016.94800	0.06
2025.11.03	13:13:00	4016.94800	4017.79500	4015.41500	4016.86500	0.11
2025.11.03	13:14:00	4016.81500	4018.16500	4015.01500	4015.38500	0.05
2025.11.03	13:15:00	4015.40500	4016.81500	4014.96500	4015.41500	0.04
2025.11.03	13:16:00	4015.37500	4016.49500	4014.60500	4016.20500	0.03
2025.11.03	13:17:00	4016.18500	4018.14800	4016.18500	4016.71500	0.05
2025.11.03	13:18:00	4016.68500	4017.54500	4015.15500	4016.85500	0.04
2025.11.03	13:19:00	4016.81500	4018.01500	4015.48500	4018.01500	0.04
2025.11.03	13:20:00	4018.04500	4019.40500	4015.38500	4016.86500	0.05
2025.11.03	13:21:00	4016.84500	4019.40500	4016.46500	4018.27500	0.04
2025.11.03	13:22:00	4018.30500	4018.30500	4015.81500	4016.96500	0.05
2025.11.03	13:23:00	4016.98500	4017.50500	4015.67500	4016.43500	0.06
2025.11.03	13:24:00	4016.45500	4017.23500	4015.03500	4015.66500	0.11
2025.11.03	13:25:00	4015.66500	4016.70500	4015.09500	4015.54500	0.12
2025.11.03	13:26:00	4015.49500	4017.41500	4015.36500	4016.32500	0.07
2025.11.03	13:27:00	4016.30500	4016.30500	4014.18500	4014.85500	0.07
2025.11.03	13:28:00	4014.88500	4016.17500	4014.63500	4014.78500	0.06
2025.11.03	13:29:00	4014.76500	4015.60500	4013.74500	4014.18500	0.05
2025.11.03	13:30:00	4014.15500	4014.61500	4012.22500	4012.72500	0.06
2025.11.03	13:31:00	4012.70500	4013.32500	4010.52500	4013.32500	0.05
2025.11.03	13:32:00	4013.34500	4015.08500	4013.32500	4015.02500	0.05
2025.11.03	13:33:00	4015.04500	4015.95500	4012.69500	4013.81500	0.04
2025.11.03	13:34:00	4013.83500	4015.92500	4013.44500	4015.41500	0.04
2025.11.03	13:35:00	4015.46500	4017.45500	4015.41500	4016.59800	0.05
2025.11.03	13:36:00	4016.63500	4019.95500	4016.59800	4019.55500	0.04
2025.11.03	13:37:00	4019.55500	4020.19500	4018.52500	4019.63500	0.05
2025.11.03	13:38:00	4019.65500	4019.84800	4017.85500	4018.94500	0.03
2025.11.03	13:39:00	4018.96500	4019.83500	4017.95500	4018.03500	0.03
2025.11.03	13:40:00	4018.00500	4018.92500	4017.06500	4017.67500	0.06
2025.11.03	13:41:00	4017.89500	4018.66500	4017.54500	4017.64500	0.03
2025.11.03	13:42:00	4017.64500	4018.35500	4016.28500	4016.68500	0.03
2025.11.03	13:43:00	4016.65500	4017.30500	4015.79500	4016.87500	0.05
2025.11.03	13:44:00	4016.82500	4018.80500	4016.71500	4017.09500	0.05
2025.11.03	13:45:00	4017.09500	4017.91500	4015.91500	4016.48500	0.04
2025.11.03	13:46:00	4016.39500	4017.73500	4015.78500	4016.48500	0.04
2025.11.03	13:47:00	4016.51500	4017.22500	4015.34500	4015.34500	0.05
2025.11.03	13:48:00	4015.37500	4016.90500	4015.37500	4015.79500	0.04
2025.11.03	13:49:00	4015.77500	4016.49800	4015.17500	4016.27500	0.03
2025.11.03	13:50:00	4016.29500	4016.29500	4015.15500	4016.15500	0.03
2025.11.03	13:51:00	4016.22500	4016.42500	4015.14500	4015.50500	0.02
2025.11.03	13:52:00	4015.47500	4016.94800	4015.19800	4016.07500	0.05
2025.11.03	13:53:00	4016.04500	4017.34800	4015.54500	4015.65500	0.06
2025.11.03	13:54:00	4015.69500	4016.83500	4015.64500	4016.46500	0.04
2025.11.03	13:55:00	4016.49500	4017.59800	4016.34800	4016.86500	0.04
2025.11.03	13:56:00	4016.84500	4016.85500	4014.38500	4016.24500	0.04
2025.11.03	13:57:00	4016.18500	4016.23500	4015.16500	4015.42500	0.03
2025.11.03	13:58:00	4015.44500	4016.26500	4015.06500	4016.09500	0.03
2025.11.03	13:59:00	4016.06500	4016.11500	4015.33500	4015.74500	0.03
2025.11.03	14:00:00	4015.76500	4016.38500	4014.69800	4015.71500	0.07
2025.11.03	14:01:00	4015.73500	4017.20500	4015.73500	4016.79500	0.05
2025.11.03	14:02:00	4016.94500	4018.61500	4016.35500	4018.06500	0.04
2025.11.03	14:03:00	4018.45500	4020.53500	4017.13800	4017.19500	0.08
2025.11.03	14:04:00	4017.20500	4019.11500	4015.89500	4016.52500	0.07
2025.11.03	14:05:00	4016.52500	4018.13500	4014.80500	4015.70500	0.08
2025.11.03	14:06:00	4015.68500	4016.93500	4014.46500	4016.58500	0.07
2025.11.03	14:07:00	4016.54500	4017.62500	4015.03500	4015.19500	0.03
2025.11.03	14:08:00	4015.11500	4016.52500	4014.21500	4014.37500	0.04
2025.11.03	14:09:00	4014.39500	4014.51500	4012.38500	4013.23500	0.06
2025.11.03	14:10:00	4013.21500	4014.03500	4012.52500	4013.23500	0.04
2025.11.03	14:11:00	4013.23500	4014.25500	4012.78500	4013.27500	0.03
2025.11.03	14:12:00	4013.29500	4014.66500	4013.03800	4014.59500	0.03
2025.11.03	14:13:00	4014.54500	4016.32500	4014.54500	4016.19500	0.04
2025.11.03	14:14:00	4016.16500	4016.56500	4015.83500	4015.83500	0.03
2025.11.03	14:15:00	4015.82500	4017.04800	4015.53500	4016.33500	0.04
2025.11.03	14:16:00	4016.36500	4017.34500	4014.54500	4015.22500	0.03
2025.11.03	14:17:00	4015.20500	4015.47500	4014.31800	4014.81500	0.03
2025.11.03	14:18:00	4014.79800	4016.37500	4014.44800	4016.14500	0.04
2025.11.03	14:19:00	4016.16500	4017.94800	4014.89800	4015.45800	0.06
2025.11.03	14:20:00	4015.45800	4017.19800	4014.95500	4017.19800	0.07
2025.11.03	14:21:00	4017.19800	4020.04800	4016.64800	4018.84800	0.07
2025.11.03	14:22:00	4018.84800	4020.21800	4018.19800	4019.41800	0.06
2025.11.03	14:23:00	4019.41800	4019.49800	4017.30500	4017.53800	0.06
2025.11.03	14:24:00	4017.48500	4018.27500	4016.00500	4016.01800	0.04
2025.11.03	14:25:00	4016.43500	4017.44500	4015.84500	4015.93500	0.03
2025.11.03	14:26:00	4015.90500	4015.93500	4014.62800	4014.72500	0.02
2025.11.03	14:27:00	4014.77500	4014.77500	4012.03800	4012.09800	0.06
2025.11.03	14:28:00	4012.09800	4012.23800	4009.31800	4009.31800	0.09
2025.11.03	14:29:00	4009.31800	4010.27500	4009.06800	4009.85500	0.06
2025.11.03	14:30:00	4009.85500	4010.82500	4007.63500	4010.77500	0.07
2025.11.03	14:31:00	4010.79500	4011.51500	4005.63500	4005.67800	0.07
2025.11.03	14:32:00	4005.69800	4007.50500	4003.18500	4003.84500	0.08
2025.11.03	14:33:00	4003.62500	4005.39500	4001.41500	4005.10500	0.06
2025.11.03	14:34:00	4005.19500	4008.71500	4004.45500	4008.61500	0.06
2025.11.03	14:35:00	4008.68500	4010.71500	4007.68500	4010.39500	0.06
2025.11.03	14:36:00	4010.37500	4013.30500	4009.36500	4009.50500	0.09
2025.11.03	14:37:00	4009.48500	4010.62500	4006.61500	4007.65500	0.06
2025.11.03	14:38:00	4007.73500	4010.24500	4007.50500	4008.84500	0.06
2025.11.03	14:39:00	4008.86500	4010.69500	4008.75500	4009.74500	0.05
2025.11.03	14:40:00	4009.71500	4011.99500	4008.94500	4011.28500	0.06
2025.11.03	14:41:00	4011.25500	4012.00500	4009.12500	4009.12500	0.06
2025.11.03	14:42:00	4009.14500	4012.07500	4008.72500	4010.28500	0.05
2025.11.03	14:43:00	4010.30500	4011.65500	4009.36500	4009.83500	0.05
2025.11.03	14:44:00	4010.09500	4012.82500	4009.77500	4012.16500	0.05
2025.11.03	14:45:00	4012.16500	4016.35500	4012.03500	4016.35500	0.05
2025.11.03	14:46:00	4016.26500	4018.04800	4014.75500	4017.84800	0.05
2025.11.03	14:47:00	4017.84800	4020.24800	4016.72500	4019.59800	0.10
2025.11.03	14:48:00	4019.65500	4022.09800	4019.59800	4021.97900	0.12
2025.11.03	14:49:00	4021.96500	4024.25800	4020.12500	4020.34800	0.14
2025.11.03	14:50:00	4020.34800	4022.24800	4019.96500	4020.70900	0.12
2025.11.03	14:51:00	4021.16500	4024.64800	4021.12500	4023.73500	0.11
2025.11.03	14:52:00	4023.71800	4024.10500	4021.67800	4022.65800	0.06
2025.11.03	14:53:00	4022.65800	4024.10500	4022.39500	4023.59500	0.05
2025.11.03	14:54:00	4023.54500	4025.82500	4023.51500	4024.01500	0.07
2025.11.03	14:55:00	4023.99500	4025.73800	4023.51500	4024.63800	0.09
2025.11.03	14:56:00	4024.63800	4025.16500	4023.56500	4024.46500	0.07
2025.11.03	14:57:00	4024.44500	4024.70500	4023.50500	4024.24500	0.04
2025.11.03	14:58:00	4024.29500	4024.33500	4022.26800	4022.47800	0.04
2025.11.03	14:59:00	4022.47800	4023.70500	4021.69500	4022.08500	0.03
2025.11.03	15:00:00	4023.72600	4029.91500	4023.13500	4025.99800	0.07
2025.11.03	15:01:00	4025.99800	4027.65500	4024.10500	4024.68500	0.07
2025.11.03	15:02:00	4024.66800	4027.59800	4024.32500	4025.45500	0.07
2025.11.03	15:03:00	4025.53500	4028.29800	4025.44500	4028.06500	0.06
2025.11.03	15:04:00	4028.03500	4029.21500	4024.60500	4026.28500	0.07
2025.11.03	15:05:00	4026.33500	4027.27500	4023.15500	4025.01500	0.06
2025.11.03	15:06:00	4024.98500	4026.00500	4024.01800	4024.87500	0.05
2025.11.03	15:07:00	4024.79500	4025.11500	4023.23500	4024.44800	0.07
2025.11.03	15:08:00	4024.44800	4024.97500	4023.08500	4024.12500	0.05
2025.11.03	15:09:00	4024.15500	4025.89800	4023.34600	4025.44800	0.05
2025.11.03	15:10:00	4025.33500	4026.31500	4023.49500	4025.24800	0.09
2025.11.03	15:11:00	4025.24800	4026.45500	4023.74500	4025.99800	0.08
2025.11.03	15:12:00	4025.99800	4027.28500	4024.09500	4026.08500	0.06
2025.11.03	15:13:00	4026.12500	4027.63500	4025.21500	4027.23500	0.07
2025.11.03	15:14:00	4027.26500	4030.38500	4026.28800	4026.28800	0.06
2025.11.03	15:15:00	4026.28800	4028.13500	4024.31500	4026.10500	0.08
2025.11.03	15:16:00	4026.08500	4028.55500	4024.48900	4026.16900	0.08
2025.11.03	15:17:00	4026.16900	4026.85900	4025.25500	4025.88900	0.09
2025.11.03	15:18:00	4025.88900	4027.69900	4025.57800	4026.05500	0.08
2025.11.03	15:19:00	4026.09900	4028.20900	4025.84500	4027.51800	0.09
2025.11.03	15:20:00	4027.51800	4027.70900	4024.88900	4025.72500	0.10
2025.11.03	15:21:00	4025.76900	4026.62900	4025.53500	4025.88500	0.08
2025.11.03	15:22:00	4025.92900	4026.87900	4024.73900	4024.89500	0.07
2025.11.03	15:23:00	4024.92500	4025.07900	4020.93900	4021.49500	0.08
2025.11.03	15:24:00	4021.53500	4021.53500	4017.54900	4017.54900	0.10
2025.11.03	15:25:00	4017.52500	4017.55900	4015.34500	4017.26500	0.11
2025.11.03	15:26:00	4017.28500	4019.40500	4017.25500	4017.82900	0.07
2025.11.03	15:27:00	4017.79900	4017.85500	4010.78500	4011.23500	0.12
2025.11.03	15:28:00	4011.30500	4012.89500	4009.29500	4010.77500	0.11
2025.11.03	15:29:00	4010.79500	4012.54900	4008.29500	4011.15500	0.11
2025.11.03	15:30:00	4011.22900	4013.41500	4009.54500	4010.24500	0.10
2025.11.03	15:31:00	4010.28900	4011.50900	4009.16500	4011.17900	0.15
2025.11.03	15:32:00	4011.22900	4013.20900	4010.90500	4011.90900	0.10
2025.11.03	15:33:00	4011.92500	4012.71900	4009.63500	4011.81500	0.09
2025.11.03	15:34:00	4011.85900	4014.94500	4011.85900	4012.55500	0.11
2025.11.03	15:35:00	4012.56900	4013.27800	4008.71500	4009.41500	0.10
2025.11.03	15:36:00	4008.80500	4009.11900	4005.11500	4008.41500	0.13
2025.11.03	15:37:00	4008.44500	4011.04900	4007.01500	4010.93900	0.07
2025.11.03	15:38:00	4010.93900	4015.62500	4010.86900	4015.46500	0.10
2025.11.03	15:39:00	4015.44500	4018.43500	4014.96500	4017.14900	0.09
2025.11.03	15:40:00	4017.12900	4017.12900	4015.30500	4015.50900	0.07
2025.11.03	15:41:00	4015.49900	4016.33900	4015.00500	4015.89800	0.08
2025.11.03	15:42:00	4015.86500	4019.44800	4015.86500	4018.02500	0.09
2025.11.03	15:43:00	4018.02500	4021.00900	4018.02500	4020.62900	0.08
2025.11.03	15:44:00	4020.61900	4022.22900	4020.61500	4021.49800	0.10
2025.11.03	15:45:00	4021.49800	4023.49900	4017.49900	4017.99900	0.12
2025.11.03	15:46:00	4017.99800	4020.98900	4017.78800	4020.43900	0.10
2025.11.03	15:47:00	4020.31900	4021.10900	4019.45500	4019.86800	0.07
2025.11.03	15:48:00	4019.86800	4021.13500	4017.56500	4017.69500	0.06
2025.11.03	15:49:00	4017.71500	4019.49500	4017.71500	4019.04500	0.06
2025.11.03	15:50:00	4019.21500	4019.50500	4016.84500	4017.39900	0.06
2025.11.03	15:51:00	4017.43900	4017.47500	4014.28500	4015.19500	0.08
2025.11.03	15:52:00	4015.19900	4015.19900	4011.24900	4011.78500	0.10
2025.11.03	15:53:00	4011.80900	4012.96500	4011.28500	4012.45500	0.06
2025.11.03	15:54:00	4012.48500	4012.64500	4009.51900	4009.71900	0.07
2025.11.03	15:55:00	4009.67900	4012.66900	4009.66900	4010.78500	0.07
2025.11.03	15:56:00	4010.80500	4012.13500	4009.14500	4009.87500	0.07
2025.11.03	15:57:00	4009.84900	4009.84900	4005.13500	4005.83900	0.10
2025.11.03	15:58:00	4005.78900	4007.16500	4002.94500	4005.74900	0.12
2025.11.03	15:59:00	4005.72500	4008.31500	4005.09500	4008.30500	0.09
2025.11.03	16:00:00	4008.17900	4010.65500	4006.95500	4008.68500	0.07
2025.11.03	16:01:00	4008.64900	4011.70900	4008.29500	4011.34800	0.10
2025.11.03	16:02:00	4011.34800	4011.93900	4008.88500	4009.35500	0.07
2025.11.03	16:03:00	4009.70500	4012.58500	4009.59500	4012.32500	0.06
2025.11.03	16:04:00	4012.32500	4013.20900	4010.85500	4011.49800	0.06
2025.11.03	16:05:00	4011.49800	4012.55900	4010.76500	4010.83500	0.06
2025.11.03	16:06:00	4010.80500	4011.38500	4007.78500	4008.73500	0.06
2025.11.03	16:07:00	4008.76500	4009.41500	4005.17500	4005.43900	0.08
2025.11.03	16:08:00	4005.49900	4005.74500	4003.22500	4004.32500	0.08
2025.11.03	16:09:00	4004.30500	4006.97500	4002.92500	4006.87500	0.09
2025.11.03	16:10:00	4006.85900	4007.69800	4004.32500	4004.98500	0.08
2025.11.03	16:11:00	4004.94900	4006.73900	4003.99800	4006.59800	0.07
2025.11.03	16:12:00	4006.48500	4007.53500	4003.86500	4004.30500	0.08
2025.11.03	16:13:00	4004.26500	4005.29900	4001.54500	4005.06900	0.09
2025.11.03	16:14:00	4005.00900	4005.36900	4003.51500	4004.39900	0.07
2025.11.03	16:15:00	4004.39900	4004.93900	4001.71500	4003.17500	0.07
2025.11.03	16:16:00	4003.19900	4003.19900	3999.71500	3999.92500	0.09
2025.11.03	16:17:00	3999.97900	4000.85800	3998.09500	3998.81900	0.10
2025.11.03	16:18:00	3998.88500	3999.53900	3995.42900	3995.52900	0.14
2025.11.03	16:19:00	3995.56900	3999.79900	3994.98900	3999.49900	0.13
2025.11.03	16:20:00	3999.50900	4002.06500	3999.29800	4001.84500	0.11
2025.11.03	16:21:00	4001.84900	4004.57500	4001.77900	4002.82900	0.10
2025.11.03	16:22:00	4002.85900	4003.72900	4001.63900	4002.47800	0.10
2025.11.03	16:23:00	4002.45900	4003.62900	4000.42900	4000.48900	0.08
2025.11.03	16:24:00	4000.44900	4000.46900	3997.34800	3997.70900	0.08
2025.11.03	16:25:00	3997.70900	3999.98500	3996.57900	3999.56500	0.07
2025.11.03	16:26:00	3999.58500	4001.26500	3999.11500	4000.16500	0.05
2025.11.03	16:27:00	4000.16500	4000.16500	3997.74500	3998.52500	0.05
2025.11.03	16:28:00	3998.58500	3999.91500	3997.69500	3998.09500	0.04
2025.11.03	16:29:00	3998.09500	3998.62500	3997.42500	3997.81500	0.04
2025.11.03	16:30:00	3997.81500	3998.44900	3995.95500	3997.97500	0.07
2025.11.03	16:31:00	3997.89800	3999.55500	3996.75500	3996.79500	0.06
2025.11.03	16:32:00	3996.84500	3999.11500	3996.76500	3998.41500	0.06
2025.11.03	16:33:00	3998.28500	3998.93500	3997.39500	3997.48500	0.05
2025.11.03	16:34:00	3997.48500	3998.02500	3996.02500	3996.25500	0.06
2025.11.03	16:35:00	3996.25500	3999.51500	3996.18500	3999.36500	0.06
2025.11.03	16:36:00	3999.34500	4001.50500	3999.15500	4000.08900	0.06
2025.11.03	16:37:00	4000.14900	4000.43900	3998.00500	3998.12900	0.06
2025.11.03	16:38:00	3998.13900	4002.74900	3997.52500	4002.72900	0.08
2025.11.03	16:39:00	4002.77900	4003.93500	4002.02900	4002.05900	0.07
2025.11.03	16:40:00	4002.09900	4003.78500	4001.95500	4003.32800	0.06
2025.11.03	16:41:00	4003.32800	4003.99500	4002.68900	4003.53500	0.05
2025.11.03	16:42:00	4003.53500	4004.12500	4002.94500	4002.94500	0.04
2025.11.03	16:43:00	4002.94500	4004.18800	4002.68500	4004.18800	0.05
2025.11.03	16:44:00	4004.17800	4004.19500	4003.30500	4003.42900	0.04
2025.11.03	16:45:00	4003.37500	4003.73500	4002.04500	4002.59500	0.04
2025.11.03	16:46:00	4002.57500	4004.21500	4001.59500	4004.20500	0.04
2025.11.03	16:47:00	4004.26800	4005.99500	4004.06500	4005.66500	0.04
2025.11.03	16:48:00	4005.63500	4008.31500	4005.46500	4006.71500	0.06
2025.11.03	16:49:00	4006.79500	4008.73900	4006.79500	4008.32500	0.07
2025.11.03	16:50:00	4008.32900	4008.58500	4007.41900	4007.49900	0.06
2025.11.03	16:51:00	4007.48500	4008.11500	4007.36500	4007.91500	0.05
2025.11.03	16:52:00	4007.96900	4009.04900	4007.73500	4007.73500	0.06
2025.11.03	16:53:00	4007.73900	4008.37500	4006.54500	4008.37500	0.04
2025.11.03	16:54:00	4008.39500	4008.89500	4007.97500	4008.71500	0.03
2025.11.03	16:55:00	4008.64900	4009.47500	4007.55500	4008.26500	0.04
2025.11.03	16:56:00	4008.24900	4008.94500	4007.49500	4008.48500	0.04
2025.11.03	16:57:00	4008.48500	4008.87500	4006.59500	4006.67500	0.05
2025.11.03	16:58:00	4006.67500	4007.72500	4006.62500	4007.51500	0.05
2025.11.03	16:59:00	4007.51500	4008.40500	4006.09500	4008.09500	0.05
2025.11.03	17:00:00	4008.11500	4008.89500	4006.76500	4008.83500	0.05
2025.11.03	17:01:00	4008.81500	4008.94500	4007.59500	4008.62500	0.04
2025.11.03	17:02:00	4008.58500	4009.61500	4007.49500	4008.21500	0.04
2025.11.03	17:03:00	4008.21500	4008.72500	4007.15500	4007.96500	0.04
2025.11.03	17:04:00	4007.98500	4008.48500	4006.10500	4006.17500	0.04
2025.11.03	17:05:00	4006.16900	4007.93500	4006.15500	4007.10500	0.04
2025.11.03	17:06:00	4006.82500	4008.09500	4006.27500	4006.44500	0.04
2025.11.03	17:07:00	4006.49500	4006.61500	4005.46500	4006.23500	0.04
2025.11.03	17:08:00	4006.20500	4006.23500	4004.74500	4004.84500	0.04
2025.11.03	17:09:00	4004.86500	4005.93500	4003.56500	4004.44500	0.05
2025.11.03	17:10:00	4004.48500	4006.17500	4003.21500	4006.09500	0.05
2025.11.03	17:11:00	4006.09500	4006.85500	4005.24500	4006.18900	0.05
2025.11.03	17:12:00	4006.21900	4008.05500	4006.10900	4008.01900	0.04
2025.11.03	17:13:00	4007.95500	4009.45900	4007.94800	4008.39500	0.06
2025.11.03	17:14:00	4008.38900	4009.23900	4007.70500	4008.18900	0.07
2025.11.03	17:15:00	4008.17900	4008.81500	4006.57900	4006.57900	0.08
2025.11.03	17:16:00	4006.57900	4009.04900	4006.25500	4008.69800	0.10
2025.11.03	17:17:00	4008.69800	4008.84500	4007.08500	4007.78900	0.06
2025.11.03	17:18:00	4007.80500	4008.23500	4007.11500	4007.51900	0.06
2025.11.03	17:19:00	4007.49500	4009.25900	4007.49500	4009.09900	0.06
2025.11.03	17:20:00	4009.15500	4011.64800	4008.98500	4010.94800	0.06
2025.11.03	17:21:00	4010.97500	4011.91500	4009.51900	4010.79500	0.07
2025.11.03	17:22:00	4010.81500	4011.52500	4009.97500	4011.40500	0.04
2025.11.03	17:23:00	4011.40500	4011.78500	4010.52500	4010.74500	0.04
2025.11.03	17:24:00	4010.77500	4010.88500	4009.74800	4009.86900	0.06
2025.11.03	17:25:00	4009.81500	4010.42500	4008.51500	4008.83900	0.07
2025.11.03	17:26:00	4008.82900	4008.85900	4007.43900	4008.03900	0.06
2025.11.03	17:27:00	4008.05900	4008.45900	4006.78500	4007.62500	0.09
2025.11.03	17:28:00	4007.63900	4007.85500	4007.09500	4007.15900	0.04
2025.11.03	17:29:00	4007.13900	4007.41900	4006.33500	4006.73500	0.05
2025.11.03	17:30:00	4006.69500	4006.77900	4005.54500	4005.88500	0.05
2025.11.03	17:31:00	4005.91900	4006.78900	4004.53500	4006.52900	0.06
2025.11.03	17:32:00	4006.55900	4007.13500	4005.93800	4005.94800	0.05
2025.11.03	17:33:00	4005.94800	4006.94900	4005.39900	4005.81900	0.05
2025.11.03	17:34:00	4005.83900	4006.95900	4005.49500	4005.87900	0.05
2025.11.03	17:35:00	4005.87900	4006.11900	4005.05500	4005.58900	0.05
2025.11.03	17:36:00	4005.55900	4007.01500	4005.26500	4006.59500	0.05
2025.11.03	17:37:00	4006.60900	4006.72500	4005.76500	4006.15500	0.03
2025.11.03	17:38:00	4006.15500	4006.25500	4005.38500	4006.22900	0.05
2025.11.03	17:39:00	4006.28500	4006.66900	4005.22500	4005.38500	0.04
2025.11.03	17:40:00	4005.38500	4006.18500	4005.23500	4005.91500	0.05
2025.11.03	17:41:00	4005.91500	4006.08500	4005.18500	4006.08500	0.03
2025.11.03	17:42:00	4006.08500	4006.47500	4005.55900	4005.77500	0.03
2025.11.03	17:43:00	4005.77500	4006.08500	4005.56500	4005.78900	0.03
2025.11.03	17:44:00	4005.81900	4006.27500	4004.15500	4005.57500	0.07
2025.11.03	17:45:00	4005.53500	4005.97500	4004.86500	4005.21900	0.04
2025.11.03	17:46:00	4005.22500	4007.37500	4005.03500	4007.26500	0.04
2025.11.03	17:47:00	4007.24500	4007.33500	4006.16500	4006.57500	0.04
2025.11.03	17:48:00	4006.59500	4007.21500	4006.24900	4006.75500	0.03
2025.11.03	17:49:00	4006.75500	4006.80500	4006.06500	4006.28500	0.04
2025.11.03	17:50:00	4006.33500	4006.75500	4006.17900	4006.52900	0.03
2025.11.03	17:51:00	4006.54500	4006.97500	4006.14900	4006.17500	0.03
2025.11.03	17:52:00	4006.17500	4006.88500	4005.92900	4006.24800	0.03
2025.11.03	17:53:00	4006.24800	4006.58800	4005.27500	4006.16900	0.04
2025.11.03	17:54:00	4006.16500	4007.04900	4006.16500	4006.45800	0.03
2025.11.03	17:55:00	4006.48900	4006.86800	4005.88900	4006.57900	0.05
2025.11.03	17:56:00	4006.54900	4006.72900	4005.85800	4006.24900	0.03
2025.11.03	17:57:00	4006.28500	4006.59500	4005.91800	4006.04900	0.04
2025.11.03	17:58:00	4006.01900	4006.57900	4005.83800	4006.29900	0.04
2025.11.03	17:59:00	4006.34500	4006.68800	4005.84900	4005.84900	0.03
2025.11.03	18:00:00	4005.88900	4006.48800	4005.79500	4006.17900	0.04
2025.11.03	18:01:00	4006.19900	4006.60900	4006.09800	4006.21800	0.04
2025.11.03	18:02:00	4006.21900	4006.32800	4004.38500	4004.42900	0.05
2025.11.03	18:03:00	4004.51900	4005.43900	4004.51900	4004.68900	0.05
2025.11.03	18:04:00	4004.68500	4004.94500	4003.64500	4004.19900	0.05
2025.11.03	18:05:00	4004.20900	4004.80500	4003.84900	4004.09900	0.05
2025.11.03	18:06:00	4004.14500	4006.26900	4004.00500	4005.20900	0.07
2025.11.03	18:07:00	4005.24900	4005.24900	4003.87500	4004.20500	0.05
2025.11.03	18:08:00	4004.18900	4004.71500	4004.18900	4004.34900	0.04
2025.11.03	18:09:00	4004.34900	4004.43900	4003.19500	4004.17900	0.05
2025.11.03	18:10:00	4004.17900	4004.49900	4002.57800	4003.25800	0.07
2025.11.03	18:11:00	4003.47900	4003.74900	4002.92800	4002.98800	0.05
2025.11.03	18:12:00	4003.02800	4003.02800	4001.55800	4002.05900	0.07
2025.11.03	18:13:00	4002.03900	4002.24900	4001.44900	4002.16900	0.06
2025.11.03	18:14:00	4002.15900	4003.51900	4001.91800	4002.56900	0.09
2025.11.03	18:15:00	4002.54900	4002.70900	4000.97500	4001.25900	0.06
2025.11.03	18:16:00	4001.29900	4002.51900	4000.92500	4001.81900	0.06
2025.11.03	18:17:00	4001.75500	4003.46900	4001.64800	4003.33900	0.06
2025.11.03	18:18:00	4003.36900	4003.62900	4002.23800	4002.97800	0.06
2025.11.03	18:19:00	4002.88800	4003.05900	4000.90900	4001.34900	0.07
2025.11.03	18:20:00	4001.39900	4002.34900	4001.39900	4002.02900	0.04
2025.11.03	18:21:00	4002.03800	4002.04800	4000.71900	4000.76900	0.04
2025.11.03	18:22:00	4000.76900	4000.81500	3999.28500	3999.55500	0.06
2025.11.03	18:23:00	3999.51500	4001.18500	3999.21500	4000.83900	0.05
2025.11.03	18:24:00	4000.75800	4001.40900	4000.47500	4001.22900	0.05
2025.11.03	18:25:00	4001.32900	4002.09900	3999.51800	3999.69500	0.08
2025.11.03	18:26:00	3999.69800	4000.01800	3999.26900	3999.73900	0.06
2025.11.03	18:27:00	3999.67900	4001.81900	3999.65900	4001.80500	0.06
2025.11.03	18:28:00	4001.83500	4002.40900	4001.34500	4002.11500	0.06
2025.11.03	18:29:00	4002.08900	4002.29500	4000.92500	4001.12500	0.07
2025.11.03	18:30:00	4001.13500	4002.51900	4000.82500	4002.29900	0.04
2025.11.03	18:31:00	4002.36500	4004.05500	4002.00500	4003.87500	0.04
2025.11.03	18:32:00	4003.83500	4005.08500	4002.65500	4005.08500	0.04
2025.11.03	18:33:00	4005.08500	4006.69500	4004.78500	4006.69500	0.05
2025.11.03	18:34:00	4006.72500	4009.09500	4006.72500	4008.92500	0.04
2025.11.03	18:35:00	4008.88500	4009.21500	4006.37500	4006.80900	0.04
2025.11.03	18:36:00	4006.79900	4007.36900	4006.34500	4006.68900	0.04
2025.11.03	18:37:00	4006.70500	4007.78500	4006.66500	4007.25500	0.03
2025.11.03	18:38:00	4007.26900	4007.57900	4006.68900	4007.28500	0.03
2025.11.03	18:39:00	4007.32800	4007.69900	4006.73500	4007.31500	0.03
2025.11.03	18:40:00	4007.36500	4008.24500	4006.85500	4007.77500	0.03
2025.11.03	18:41:00	4007.77500	4008.55500	4006.83500	4008.19500	0.03
2025.11.03	18:42:00	4008.25500	4009.33500	4008.04500	4008.63500	0.03
2025.11.03	18:43:00	4008.63500	4008.72500	4007.66500	4007.90500	0.03
2025.11.03	18:44:00	4007.95500	4008.28500	4007.46800	4008.00500	0.03
2025.11.03	18:45:00	4008.15900	4008.21900	4007.30500	4007.34900	0.03
2025.11.03	18:46:00	4007.23500	4007.82900	4006.70800	4007.18900	0.03
2025.11.03	18:47:00	4007.20900	4007.24900	4006.43500	4006.76900	0.03
2025.11.03	18:48:00	4006.77900	4006.78900	4003.88500	4004.40500	0.04
2025.11.03	18:49:00	4004.40500	4005.37500	4004.24500	4004.90900	0.04
2025.11.03	18:50:00	4004.98500	4004.98500	4003.20900	4004.89900	0.06
2025.11.03	18:51:00	4004.91500	4005.62500	4004.25500	4005.36900	0.05
2025.11.03	18:52:00	4005.34500	4005.38500	4003.91500	4004.31500	0.05
2025.11.03	18:53:00	4004.28500	4004.44900	4003.69500	4003.86500	0.03
2025.11.03	18:54:00	4003.93900	4005.03500	4003.62900	4004.85900	0.06
2025.11.03	18:55:00	4004.91900	4006.19500	4004.28500	4006.19500	0.04
2025.11.03	18:56:00	4006.16500	4006.20500	4004.90500	4006.01500	0.05
2025.11.03	18:57:00	4006.04900	4007.16500	4006.04900	4006.56500	0.03
2025.11.03	18:58:00	4006.56500	4006.86900	4006.14500	4006.70900	0.03
2025.11.03	18:59:00	4006.74900	4007.19500	4005.86500	4006.12500	0.03
2025.11.03	19:00:00	4006.08900	4007.96500	4005.49500	4006.28800	0.05
2025.11.03	19:01:00	4006.28800	4006.28800	4001.91500	4002.45900	0.04
2025.11.03	19:02:00	4002.37500	4002.68500	4000.25500	4000.44500	0.05
2025.11.03	19:03:00	4000.24500	4000.80900	3996.03500	3996.07900	0.07
2025.11.03	19:04:00	3996.12500	3998.71500	3995.93900	3997.50500	0.06
2025.11.03	19:05:00	3997.50500	3997.50500	3995.07500	3997.05900	0.06
2025.11.03	19:06:00	3997.05900	4000.04500	3996.07500	3999.88500	0.07
2025.11.03	19:07:00	3999.88900	4001.94500	3999.34500	4001.23500	0.08
2025.11.03	19:08:00	4001.27500	4002.38500	4000.78500	4001.45900	0.06
2025.11.03	19:09:00	4001.44900	4002.11900	3999.62500	4000.17900	0.07
2025.11.03	19:10:00	4000.12500	4001.83900	3999.89500	4001.66500	0.07
2025.11.03	19:11:00	4001.66900	4001.75500	4001.16500	4001.46900	0.05
2025.11.03	19:12:00	4001.47900	4001.84500	4000.99500	4001.58500	0.05
2025.11.03	19:13:00	4001.78500	4003.54900	4001.69900	4002.64500	0.05
2025.11.03	19:14:00	4002.71900	4003.28900	4002.44500	4003.13900	0.05
2025.11.03	19:15:00	4003.12900	4005.54500	4003.12900	4004.88900	0.06
2025.11.03	19:16:00	4004.89900	4004.94500	4003.12500	4003.37900	0.07
2025.11.03	19:17:00	4003.70500	4004.31500	4002.78500	4003.18900	0.08
2025.11.03	19:18:00	4003.17900	4003.53900	4001.42500	4001.73500	0.07
2025.11.03	19:19:00	4001.71500	4002.99900	4001.45500	4002.42500	0.05
2025.11.03	19:20:00	4002.51500	4004.12900	4002.51500	4003.35500	0.05
2025.11.03	19:21:00	4003.33500	4005.31500	4002.77500	4005.26900	0.07
2025.11.03	19:22:00	4005.25500	4005.71500	4003.62500	4003.79500	0.06
2025.11.03	19:23:00	4003.65900	4004.47900	4003.32900	4004.09500	0.06
2025.11.03	19:24:00	4004.09500	4004.60900	4003.79500	4004.20500	0.05
2025.11.03	19:25:00	4004.17500	4004.95500	4003.61900	4004.72500	0.04
2025.11.03	19:26:00	4004.73900	4004.84500	4003.98900	4004.29900	0.05
2025.11.03	19:27:00	4004.28900	4004.45900	4003.45500	4003.62500	0.04
2025.11.03	19:28:00	4003.62500	4003.95900	4003.28500	4003.57500	0.06
2025.11.03	19:29:00	4003.57900	4004.02500	4003.01900	4003.89500	0.04
2025.11.03	19:30:00	4003.88500	4004.81900	4003.52900	4004.14500	0.05
2025.11.03	19:31:00	4004.10500	4004.52900	4002.49500	4003.27900	0.05
2025.11.03	19:32:00	4003.33500	4004.11500	4002.24500	4002.58900	0.04
2025.11.03	19:33:00	4002.64900	4003.38900	4001.80500	4002.66900	0.04
2025.11.03	19:34:00	4002.65900	4003.40900	4002.26500	4002.32500	0.05
2025.11.03	19:35:00	4002.33900	4002.39900	4001.76500	4002.34900	0.06
2025.11.03	19:36:00	4002.33900	4002.60500	4001.08900	4001.09900	0.05
2025.11.03	19:37:00	4001.11900	4001.58500	4000.49500	4001.24500	0.06
2025.11.03	19:38:00	4001.20500	4002.06500	4000.89500	4001.58500	0.02
2025.11.03	19:39:00	4001.63500	4002.58500	4001.32500	4002.46500	0.04
2025.11.03	19:40:00	4002.47500	4002.85500	4001.35500	4001.35500	0.03
2025.11.03	19:41:00	4001.37500	4001.55500	4000.94500	4001.16500	0.05
2025.11.03	19:42:00	4001.13500	4001.45500	4000.66500	4000.92500	0.03
2025.11.03	19:43:00	4000.96500	4001.76500	4000.88500	4001.29500	0.05
2025.11.03	19:44:00	4001.28500	4001.32500	4000.35500	4000.35500	0.04
2025.11.03	19:45:00	4000.33500	4001.06900	3999.43500	4000.55500	0.03
2025.11.03	19:46:00	4000.57500	4000.92500	3999.84500	4000.74500	0.04
2025.11.03	19:47:00	4000.76500	4001.40500	4000.44500	4000.98500	0.03
2025.11.03	19:48:00	4000.98500	4002.23500	4000.93500	4002.15500	0.04
2025.11.03	19:49:00	4002.13500	4003.09500	4002.05500	4003.09500	0.07
2025.11.03	19:50:00	4003.09500	4003.58500	4002.43500	4002.71900	0.05
2025.11.03	19:51:00	4002.67900	4004.06500	4002.12500	4003.94500	0.07
2025.11.03	19:52:00	4003.98500	4004.53500	4003.16500	4004.33500	0.05
2025.11.03	19:53:00	4004.39500	4006.20500	4004.18500	4006.10500	0.05
2025.11.03	19:54:00	4006.06500	4007.25500	4005.94800	4007.20500	0.08
2025.11.03	19:55:00	4007.24800	4007.31500	4006.00500	4006.16500	0.07
2025.11.03	19:56:00	4006.22500	4006.22500	4004.75500	4005.88500	0.06
2025.11.03	19:57:00	4005.95500	4005.95500	4004.29500	4004.53500	0.11
2025.11.03	19:58:00	4004.56500	4004.72900	4003.36500	4003.36500	0.13
2025.11.03	19:59:00	4003.36500	4004.51500	4003.02500	4004.39500	0.11
2025.11.03	20:00:00	4004.39500	4005.95500	4004.33500	4005.82500	0.04
2025.11.03	20:01:00	4005.94500	4006.20500	4005.15500	4006.20500	0.04
2025.11.03	20:02:00	4006.19800	4008.84800	4006.19800	4008.84800	0.04
2025.11.03	20:03:00	4008.84800	4009.38500	4007.94800	4009.14800	0.07
2025.11.03	20:04:00	4009.04800	4010.19500	4008.65500	4010.17500	0.07
2025.11.03	20:05:00	4010.10500	4012.09800	4010.10500	4011.00500	0.06
2025.11.03	20:06:00	4010.96500	4010.96500	4009.88500	4010.25500	0.05
2025.11.03	20:07:00	4010.21500	4010.63500	4009.14500	4009.18500	0.06
2025.11.03	20:08:00	4009.14500	4009.34500	4007.61500	4008.19500	0.09
2025.11.03	20:09:00	4008.21500	4008.70500	4007.78500	4008.21500	0.05
2025.11.03	20:10:00	4008.18500	4008.89500	4007.79500	4008.82500	0.06
2025.11.03	20:11:00	4008.79500	4009.78800	4008.77500	4008.92500	0.08
2025.11.03	20:12:00	4008.95500	4009.69500	4008.88500	4009.28500	0.05
2025.11.03	20:13:00	4009.26500	4009.75500	4009.18500	4009.38500	0.04
2025.11.03	20:14:00	4009.40500	4010.01500	4008.88500	4009.94500	0.03
2025.11.03	20:15:00	4010.05500	4010.72500	4009.70500	4009.96500	0.05
2025.11.03	20:16:00	4009.96500	4010.96500	4009.96500	4010.72500	0.05
2025.11.03	20:17:00	4010.69500	4011.60500	4010.46500	4011.56500	0.05
2025.11.03	20:18:00	4011.56500	4012.18800	4010.37500	4011.22500	0.06
2025.11.03	20:19:00	4011.27500	4012.36500	4011.08500	4011.24500	0.05
2025.11.03	20:20:00	4011.15500	4014.06500	4011.04500	4013.95500	0.05
2025.11.03	20:21:00	4013.93500	4014.69500	4013.07500	4013.10500	0.06
2025.11.03	20:22:00	4013.14500	4013.38500	4012.66500	4012.99500	0.03
2025.11.03	20:23:00	4012.97500	4012.97500	4012.05500	4012.45500	0.02
2025.11.03	20:24:00	4012.48500	4012.61500	4010.78500	4010.97500	0.02
2025.11.03	20:25:00	4010.99500	4011.96500	4010.77500	4010.92500	0.03
2025.11.03	20:26:00	4010.95500	4011.08500	4009.77500	4010.10500	0.03
2025.11.03	20:27:00	4010.10500	4010.41500	4009.34500	4009.38500	0.02
2025.11.03	20:28:00	4009.85500	4010.67500	4009.85500	4010.35500	0.03
2025.11.03	20:29:00	4010.37500	4011.46500	4010.37500	4011.30500	0.06
2025.11.03	20:30:00	4011.28500	4011.28500	4010.45500	4010.82500	0.06
2025.11.03	20:31:00	4010.82500	4011.86500	4010.48500	4010.58500	0.13
2025.11.03	20:32:00	4010.58500	4010.64900	4009.69500	4010.44500	0.14
2025.11.03	20:33:00	4010.49500	4010.54500	4009.49500	4009.64500	0.07
2025.11.03	20:34:00	4009.65500	4010.20500	4009.62500	4009.64500	0.14
2025.11.03	20:35:00	4009.62500	4009.68500	4008.92500	4009.12500	0.22
2025.11.03	20:36:00	4009.15900	4009.97500	4009.15500	4009.88500	0.11
2025.11.03	20:37:00	4009.88500	4009.97500	4009.13500	4009.41500	0.07
2025.11.03	20:38:00	4009.47500	4009.91500	4009.11500	4009.35500	0.15
2025.11.03	20:39:00	4009.36500	4009.64500	4008.89500	4009.15500	0.15
2025.11.03	20:40:00	4009.14500	4010.15500	4008.99500	4009.59800	0.15
2025.11.03	20:41:00	4009.59800	4009.70500	4008.46500	4008.46500	0.10
2025.11.03	20:42:00	4008.46500	4008.46500	4006.91500	4007.06500	0.15
2025.11.03	20:43:00	4007.06500	4009.39500	4007.06500	4009.13500	0.12
2025.11.03	20:44:00	4009.20500	4009.33500	4008.35500	4008.89500	0.10
2025.11.03	20:45:00	4008.93500	4009.00500	4008.14500	4008.31500	0.11
2025.11.03	20:46:00	4008.38500	4008.72500	4007.74500	4008.29500	0.11
2025.11.03	20:47:00	4008.32500	4009.07500	4008.08500	4009.03500	0.11
2025.11.03	20:48:00	4009.02500	4009.62500	4009.02500	4009.33500	0.09
2025.11.03	20:49:00	4009.28500	4009.31500	4008.56500	4008.78500	0.11
2025.11.03	20:50:00	4008.88500	4009.88500	4008.88500	4009.24500	0.11
2025.11.03	20:51:00	4009.07500	4010.95500	4009.03500	4010.44500	0.16
2025.11.03	20:52:00	4010.38500	4010.91500	4009.91500	4010.26500	0.18
2025.11.03	20:53:00	4010.26500	4011.23500	4010.25500	4011.23500	0.15
2025.11.03	20:54:00	4011.23500	4011.96500	4010.95500	4011.35500	0.11
2025.11.03	20:55:00	4011.32500	4011.82500	4010.97500	4011.01500	0.17
2025.11.03	20:56:00	4010.99500	4011.53500	4010.09500	4010.25500	0.20
2025.11.03	20:57:00	4010.23500	4010.30500	4009.23500	4009.61500	0.17
2025.11.03	20:58:00	4009.60500	4010.18500	4008.95500	4009.42500	0.20
2025.11.03	20:59:00	4009.48500	4010.29500	4009.16500	4010.10500	0.31
2025.11.03	21:00:00	4010.10500	4010.10500	4007.33500	4007.69500	0.08
2025.11.03	21:01:00	4007.66800	4009.84500	4007.66500	4009.63500	0.09
2025.11.03	21:02:00	4009.70500	4009.79900	4008.72500	4008.72500	0.07
2025.11.03	21:03:00	4008.73500	4009.60500	4008.70500	4009.30500	0.06
2025.11.03	21:04:00	4009.29500	4009.74500	4009.11500	4009.26500	0.05
2025.11.03	21:05:00	4009.21900	4009.72500	4009.04500	4009.35500	0.04
2025.11.03	21:06:00	4009.35500	4009.39500	4008.35500	4008.52500	0.06
2025.11.03	21:07:00	4008.52500	4008.57500	4007.08500	4007.12500	0.04
2025.11.03	21:08:00	4007.14500	4007.19500	4005.02500	4005.26500	0.04
2025.11.03	21:09:00	4005.29500	4006.53500	4005.29500	4006.06500	0.03
2025.11.03	21:10:00	4006.01500	4006.22500	4005.28500	4005.33500	0.02
2025.11.03	21:11:00	4005.30500	4005.56500	4004.77500	4005.36500	0.01
2025.11.03	21:12:00	4005.40500	4005.64500	4004.83500	4005.14500	0.01
2025.11.03	21:13:00	4005.17500	4005.17500	4004.22500	4005.17500	0.01
2025.11.03	21:14:00	4005.13500	4005.18500	4004.57500	4004.57500	0.01
2025.11.03	21:15:00	4004.78500	4004.95500	4003.99800	4004.04500	0.01
2025.11.03	21:16:00	4003.98500	4005.15500	4003.94500	4005.12500	0.01
2025.11.03	21:17:00	4005.43500	4005.46500	4004.73500	4005.11500	0.01
2025.11.03	21:18:00	4005.07500	4005.07500	4004.44800	4004.69500	0.01
2025.11.03	21:19:00	4004.70500	4004.72500	4004.00500	4004.03500	0.00
2025.11.03	21:20:00	4004.07500	4004.17500	4002.74500	4002.86500	0.06
2025.11.03	21:21:00	4003.13500	4003.51500	4002.11800	4002.25500	0.05
2025.11.03	21:22:00	4002.23500	4002.47500	4001.30500	4001.89500	0.05
2025.11.03	21:23:00	4001.85500	4003.08500	4001.84500	4002.58500	0.03
2025.11.03	21:24:00	4002.64500	4003.82500	4002.42500	4003.82500	0.01
2025.11.03	21:25:00	4003.79500	4003.79500	4002.63500	4002.63500	0.01
2025.11.03	21:26:00	4002.58500	4002.58500	4001.25500	4001.80500	0.02
2025.11.03	21:27:00	4001.72500	4001.72500	4000.89500	4000.93500	0.01
2025.11.03	21:28:00	4000.97500	4001.69500	4000.97500	4001.30500	0.04
2025.11.03	21:29:00	4001.28500	4001.65500	4000.83500	4001.65500	0.04
2025.11.03	21:30:00	4001.63500	4001.94500	4000.93500	4001.71500	0.05
2025.11.03	21:31:00	4001.69500	4001.69500	4000.74500	4000.74500	0.04
2025.11.03	21:32:00	4000.75500	4001.11500	3999.95500	4000.91500	0.05
2025.11.03	21:33:00	4000.92500	4002.33500	4000.91500	4002.29500	0.03
2025.11.03	21:34:00	4002.29500	4002.29500	4001.72500	4002.00500	0.05
2025.11.03	21:35:00	4001.63500	4001.85500	4001.22500	4001.85500	0.01
2025.11.03	21:36:00	4001.75500	4001.91500	4001.62500	4001.82500	0.02
2025.11.03	21:37:00	4001.90500	4001.90500	4001.58500	4001.89500	0.02
2025.11.03	21:38:00	4001.74500	4002.17500	4001.51500	4002.16500	0.02
2025.11.03	21:39:00	4002.19500	4002.59500	4002.19500	4002.56500	0.02
2025.11.03	21:40:00	4002.53500	4002.53500	4001.62500	4001.73500	0.03
2025.11.03	21:41:00	4001.55500	4001.57500	4001.27500	4001.37500	0.01
2025.11.03	21:42:00	4001.36500	4001.56500	4001.10500	4001.51500	0.02
2025.11.03	21:43:00	4001.46500	4001.46500	4001.12500	4001.12500	0.01
2025.11.03	21:44:00	4001.15500	4001.74500	4000.97500	4000.97500	0.04
2025.11.03	21:45:00	4000.99500	4001.80500	4000.79500	4001.38500	0.03
2025.11.03	21:46:00	4001.43500	4001.54500	4001.31500	4001.37500	0.01
2025.11.03	21:47:00	4001.42500	4001.65500	4001.17500	4001.17500	0.02
2025.11.03	21:48:00	4001.13500	4001.23500	4000.54500	4001.15500	0.02
2025.11.03	21:49:00	4001.00500	4001.43500	4001.00500	4001.41500	0.01
2025.11.03	21:50:00	4001.43500	4001.43500	4001.12500	4001.40500	0.01
2025.11.03	21:51:00	4001.43500	4001.71500	4001.32500	4001.49500	0.01
2025.11.03	21:52:00	4001.53500	4001.56500	4001.38500	4001.52500	0.01
2025.11.03	21:53:00	4001.38500	4001.64500	4001.20500	4001.48500	0.01
2025.11.03	21:54:00	4001.48500	4001.65500	4001.37500	4001.52500	0.01
2025.11.03	21:55:00	4001.34900	4002.07500	4000.95500	4001.01500	0.01
2025.11.03	21:56:00	4001.01500	4001.01500	3999.69500	4000.11500	0.01
2025.11.03	21:57:00	4000.12500	4000.53500	3999.80500	4000.53500	0.03
2025.11.03	21:58:00	4000.53500	4001.11500	4000.25500	4001.08500	0.04
2025.11.03	21:59:00	4001.08500	4001.45500	4000.80500	4001.06500	0.04
2025.11.03	23:00:00	4000.89800	4002.42500	3997.74800	4002.07500	0.07
2025.11.03	23:01:00	4002.04800	4005.19500	4002.04800	4004.48500	0.07
2025.11.03	23:02:00	4004.48500	4004.95500	4003.34800	4003.69500	0.04
2025.11.03	23:03:00	4003.61500	4004.59500	4003.61500	4004.48500	0.03
2025.11.03	23:04:00	4004.65500	4005.09500	4004.36500	4004.36500	0.01
2025.11.03	23:05:00	4004.53500	4004.58500	4003.49500	4003.65500	0.02
2025.11.03	23:06:00	4003.65500	4003.70500	3996.18500	3998.51500	0.07
2025.11.03	23:07:00	3998.50500	3998.50500	3995.22500	3995.71500	0.06
2025.11.03	23:08:00	3995.44500	3998.72500	3995.32500	3998.33500	0.09
2025.11.03	23:09:00	3998.31500	3998.32500	3996.14500	3997.78500	0.06
2025.11.03	23:10:00	3997.71500	3997.71500	3996.26500	3996.49500	0.01
2025.11.03	23:11:00	3996.50500	3998.26500	3996.50500	3997.27500	0.02
2025.11.03	23:12:00	3997.26500	3997.26500	3994.54500	3994.82500	0.03
2025.11.03	23:13:00	3994.79500	3994.99500	3980.62500	3988.33500	0.05
2025.11.03	23:14:00	3988.33500	3989.85500	3984.53500	3987.77500	0.05
2025.11.03	23:15:00	3987.54500	3990.94500	3987.48500	3990.84500	0.04
2025.11.03	23:16:00	3990.82500	3991.36500	3988.14500	3988.91500	0.02
2025.11.03	23:17:00	3988.95500	3991.87500	3988.80500	3990.26500	0.02
2025.11.03	23:18:00	3990.41500	3991.67500	3989.58500	3989.58500	0.01
2025.11.03	23:19:00	3989.74500	3992.03500	3989.74500	3991.05500	0.02
2025.11.03	23:20:00	3990.99500	3991.47500	3990.11500	3991.15500	0.01
2025.11.03	23:21:00	3991.24500	3994.51500	3989.97500	3994.51500	0.03
2025.11.03	23:22:00	3994.53500	3994.79500	3992.66500	3993.05500	0.02
2025.11.03	23:23:00	3993.12500	3993.14500	3990.71500	3990.77500	0.01
2025.11.03	23:24:00	3990.80500	3995.21500	3990.75500	3994.66500	0.02
2025.11.03	23:25:00	3994.67500	3994.84500	3992.80500	3993.53500	0.01
2025.11.03	23:26:00	3993.61500	3995.43500	3993.61500	3994.93500	0.01
2025.11.03	23:27:00	3994.97500	3996.79500	3994.63800	3994.83500	0.02
2025.11.03	23:28:00	3994.96500	3995.73500	3994.63800	3994.73500	0.01
2025.11.03	23:29:00	3994.74500	3995.59500	3994.63800	3995.50500	0.02
2025.11.03	23:30:00	3995.49500	3995.98500	3994.17500	3995.70500	0.03
2025.11.03	23:31:00	3995.71500	3998.61500	3995.18500	3998.27500	0.02
2025.11.03	23:32:00	3998.64500	3999.37500	3996.84800	3997.64500	0.02
2025.11.03	23:33:00	3997.61500	3997.61500	3996.17500	3996.81500	0.02
2025.11.03	23:34:00	3996.84500	3998.88500	3996.72500	3997.91500	0.01
2025.11.03	23:35:00	3997.89500	3999.39500	3997.38500	3997.38500	0.01
2025.11.03	23:36:00	3997.34500	3998.13500	3996.46500	3997.06500	0.02
2025.11.03	23:37:00	3997.05500	3997.66500	3996.74800	3997.20500	0.01
2025.11.03	23:38:00	3997.19500	3998.17500	3996.71500	3996.74800	0.01
2025.11.03	23:39:00	3996.74800	3996.74800	3995.29500	3996.04800	0.02
2025.11.03	23:40:00	3996.14500	3997.31500	3995.03500	3995.70500	0.01
2025.11.03	23:41:00	3995.70500	3995.94800	3994.61500	3994.86500	0.02
2025.11.03	23:42:00	3994.85500	3996.28500	3994.82500	3995.29500	0.01
2025.11.03	23:43:00	3995.30500	3996.19500	3995.28500	3995.33500	0.01
2025.11.03	23:44:00	3995.30500	3997.65500	3995.26500	3997.59500	0.01
2025.11.03	23:45:00	3997.56500	3999.23500	3997.49500	3998.70500	0.02
2025.11.03	23:46:00	3998.70500	3998.70500	3995.35500	3995.37500	0.02
2025.11.03	23:47:00	3995.29500	3996.86500	3995.27500	3996.54500	0.01
2025.11.03	23:48:00	3996.52500	3998.07500	3992.34800	3993.81500	0.04
2025.11.03	23:49:00	3993.79500	3997.15500	3993.79500	3995.98500	0.02
2025.11.03	23:50:00	3995.97500	3996.97500	3995.61500	3996.15500	0.01
2025.11.03	23:51:00	3996.13500	3996.86500	3996.10500	3996.59500	0.01
2025.11.03	23:52:00	3996.61500	3998.46500	3996.30500	3996.51500	0.01
2025.11.03	23:53:00	3996.53500	3997.58500	3996.31500	3997.54500	0.01
2025.11.03	23:54:00	3997.41500	3998.02500	3997.13500	3998.02500	0.00
2025.11.03	23:55:00	3997.96500	3998.87500	3997.31500	3998.42500	0.01
2025.11.03	23:56:00	3998.38500	3999.05500	3998.32500	3998.72500	0.01
2025.11.03	23:57:00	3998.69500	3998.69500	3997.56500	3997.82500	0.01
2025.11.03	23:58:00	3997.77500	3998.14500	3997.75500	3997.96500	0.01
2025.11.03	23:59:00	3997.98500	3998.14500	3996.84500	3996.92500	0.01
2025.11.04	00:00:00	3996.97500	3998.54500	3996.42500	3996.90500	0.02
2025.11.04	00:01:00	3996.89500	3996.93500	3994.61500	3996.43500	0.02
2025.11.04	00:02:00	3996.41500	3996.41500	3993.16500	3993.68500	0.02
2025.11.04	00:03:00	3993.70500	3993.80500	3991.93500	3993.24500	0.02
2025.11.04	00:04:00	3993.18500	3993.18500	3990.62500	3991.40500	0.03
2025.11.04	00:05:00	3991.40500	3993.34500	3990.04500	3993.28500	0.03
2025.11.04	00:06:00	3993.26500	3993.66500	3991.62500	3993.29500	0.02
2025.11.04	00:07:00	3993.73500	3993.88500	3991.79500	3993.57500	0.02
2025.11.04	00:08:00	3993.59800	3995.06500	3992.67500	3995.06500	0.02
2025.11.04	00:09:00	3995.01500	3997.31500	3994.52500	3996.56500	0.03
2025.11.04	00:10:00	3996.57500	3997.14800	3995.16500	3995.46500	0.02
2025.11.04	00:11:00	3995.44500	3996.56500	3995.10500	3996.54500	0.01
2025.11.04	00:12:00	3996.59500	3997.76500	3995.56500	3996.49500	0.02
2025.11.04	00:13:00	3996.49500	3996.87500	3995.47500	3996.12500	0.01
2025.11.04	00:14:00	3996.14500	3996.14500	3993.90500	3994.48500	0.02
2025.11.04	00:15:00	3994.46500	3995.46500	3994.37500	3994.84800	0.02
2025.11.04	00:16:00	3994.84800	3997.18500	3994.61500	3997.07500	0.02
2025.11.04	00:17:00	3997.15500	3999.04500	3997.15500	3998.47500	0.03
2025.11.04	00:18:00	3998.44500	3998.66500	3996.32500	3997.12500	0.02
2025.11.04	00:19:00	3997.10500	3997.36500	3996.22500	3996.80500	0.02
2025.11.04	00:20:00	3996.80500	3997.69500	3996.52500	3997.63500	0.02
2025.11.04	00:21:00	3997.63500	3997.63500	3996.69500	3996.89500	0.02
2025.11.04	00:22:00	3996.93500	3997.22500	3996.25500	3997.13500	0.02
2025.11.04	00:23:00	3997.13500	3997.53500	3996.11500	3997.23500	0.02
2025.11.04	00:24:00	3997.28500	3997.34500	3995.93500	3996.42500	0.01
2025.11.04	00:25:00	3996.40500	3996.65500	3994.63500	3995.11500	0.01
2025.11.04	00:26:00	3995.08500	3995.08500	3992.96500	3993.04500	0.02
2025.11.04	00:27:00	3993.01500	3994.08500	3992.49500	3993.89500	0.01
2025.11.04	00:28:00	3993.92500	3993.98500	3992.36500	3992.73500	0.01
2025.11.04	00:29:00	3992.71500	3993.05500	3992.16500	3992.89500	0.01
2025.11.04	00:30:00	3992.87500	3993.61500	3991.50500	3993.19500	0.02
2025.11.04	00:31:00	3993.16500	3993.57500	3991.52500	3992.16500	0.02
2025.11.04	00:32:00	3992.10500	3992.18500	3991.23500	3991.59500	0.02
2025.11.04	00:33:00	3991.52500	3991.99500	3990.26500	3991.97500	0.02
2025.11.04	00:34:00	3992.23500	3992.38500	3990.86500	3991.38500	0.03
2025.11.04	00:35:00	3991.40500	3991.43500	3987.59800	3988.38800	0.05
2025.11.04	00:36:00	3988.38800	3988.38800	3985.64500	3987.12500	0.04
2025.11.04	00:37:00	3987.37500	3987.72500	3984.00000	3984.39500	0.06
2025.11.04	00:38:00	3984.37500	3986.92500	3984.33500	3985.46500	0.03
2025.11.04	00:39:00	3985.42500	3986.14500	3983.56500	3984.20500	0.03
2025.11.04	00:40:00	3984.17500	3984.45500	3981.68500	3982.50500	0.03
2025.11.04	00:41:00	3982.51500	3983.73500	3980.86500	3982.44500	0.04
2025.11.04	00:42:00	3982.42500	3983.16500	3979.69500	3979.69500	0.03
2025.11.04	00:43:00	3979.87500	3980.57500	3978.24500	3979.78800	0.05
2025.11.04	00:44:00	3979.81500	3980.82500	3978.25500	3979.65500	0.04
2025.11.04	00:45:00	3979.51500	3983.14800	3979.48500	3981.69800	0.05
2025.11.04	00:46:00	3981.39800	3983.83500	3979.69500	3983.83500	0.04
2025.11.04	00:47:00	3983.86500	3984.32500	3980.88500	3984.11500	0.04
2025.11.04	00:48:00	3984.07500	3985.80500	3983.43500	3985.59500	0.04
2025.11.04	00:49:00	3985.59500	3988.98500	3985.06500	3988.55500	0.04
2025.11.04	00:50:00	3988.53500	3988.63500	3985.52500	3986.09500	0.03
2025.11.04	00:51:00	3986.11500	3987.05500	3984.62500	3985.13500	0.02
2025.11.04	00:52:00	3985.77500	3987.07500	3985.09500	3986.53500	0.02
2025.11.04	00:53:00	3986.57500	3987.56500	3985.66500	3986.73500	0.02
2025.11.04	00:54:00	3986.71500	3987.02500	3985.05500	3985.58500	0.03
2025.11.04	00:55:00	3985.61500	3987.88500	3985.61500	3987.80500	0.02
2025.11.04	00:56:00	3987.83500	3988.31500	3986.64500	3987.99500	0.02
2025.11.04	00:57:00	3987.97500	3988.01500	3985.66500	3985.96500	0.02
2025.11.04	00:58:00	3986.04500	3986.64500	3985.21500	3985.23500	0.03
2025.11.04	00:59:00	3985.21500	3987.45500	3985.10500	3986.12500	0.03
2025.11.04	01:00:00	3986.15500	3987.65500	3984.24900	3987.63500	0.06
2025.11.04	01:01:00	3987.60500	3991.93500	3986.70500	3990.39500	0.06
2025.11.04	01:02:00	3990.44500	3992.41500	3989.30500	3990.31500	0.04
2025.11.04	01:03:00	3990.32500	3991.89500	3988.91500	3991.63500	0.04
2025.11.04	01:04:00	3991.61500	3992.26500	3991.04500	3991.06500	0.03
2025.11.04	01:05:00	3990.68500	3991.71500	3989.44500	3990.09500	0.04
2025.11.04	01:06:00	3990.05500	3991.89500	3989.62500	3991.14500	0.03
2025.11.04	01:07:00	3991.12500	3991.82500	3990.25500	3991.19500	0.03
2025.11.04	01:08:00	3991.21500	3991.21500	3987.58500	3989.74500	0.05
2025.11.04	01:09:00	3989.71500	3989.71500	3986.13500	3986.92500	0.04
2025.11.04	01:10:00	3986.98800	3989.13500	3986.16500	3986.18500	0.03
2025.11.04	01:11:00	3986.21500	3988.21500	3985.78500	3987.67500	0.04
2025.11.04	01:12:00	3987.64500	3989.69500	3987.48500	3988.52500	0.03
2025.11.04	01:13:00	3988.47500	3990.04500	3988.09500	3988.73500	0.02
2025.11.04	01:14:00	3988.69500	3991.20500	3988.30500	3989.78500	0.04
2025.11.04	01:15:00	3989.80500	3991.59800	3989.16500	3991.22500	0.04
2025.11.04	01:16:00	3991.24500	3992.09500	3990.94800	3991.63500	0.03
2025.11.04	01:17:00	3991.80500	3994.22500	3991.80500	3993.11500	0.03
2025.11.04	01:18:00	3993.14500	3993.62500	3991.87500	3992.75500	0.03
2025.11.04	01:19:00	3992.77500	3992.88500	3989.79500	3989.91500	0.03
2025.11.04	01:20:00	3989.89500	3990.73500	3987.84500	3988.49500	0.03
2025.11.04	01:21:00	3988.65500	3988.69500	3984.76500	3986.35500	0.04
2025.11.04	01:22:00	3986.37500	3989.01500	3986.16500	3988.47500	0.03
2025.11.04	01:23:00	3988.44500	3988.44500	3986.71500	3987.18500	0.02
2025.11.04	01:24:00	3987.29500	3987.85500	3985.72500	3986.46500	0.03
2025.11.04	01:25:00	3986.41500	3986.56500	3985.07500	3985.33500	0.02
2025.11.04	01:26:00	3985.36500	3986.00500	3981.28500	3981.54500	0.05
2025.11.04	01:27:00	3981.52500	3983.33500	3980.60500	3983.11500	0.04
2025.11.04	01:28:00	3983.04500	3984.88500	3982.67500	3983.75500	0.03
2025.11.04	01:29:00	3983.72500	3985.35500	3983.69500	3985.22500	0.04
2025.11.04	01:30:00	3985.18500	3985.18500	3981.45500	3981.78500	0.03
2025.11.04	01:31:00	3981.73500	3984.55500	3981.46500	3984.11500	0.04
2025.11.04	01:32:00	3984.08500	3984.08500	3979.39500	3980.26500	0.04
2025.11.04	01:33:00	3980.23500	3982.26500	3979.35500	3981.48500	0.04
2025.11.04	01:34:00	3981.57500	3983.59500	3980.91500	3983.17500	0.03
2025.11.04	01:35:00	3983.13500	3984.13500	3980.75500	3981.94500	0.04
2025.11.04	01:36:00	3981.90500	3982.11500	3979.19800	3980.86500	0.04
2025.11.04	01:37:00	3980.84500	3981.28500	3979.52500	3980.72500	0.03
2025.11.04	01:38:00	3980.75500	3983.79500	3980.75500	3983.56500	0.03
2025.11.04	01:39:00	3983.60500	3986.09500	3983.60500	3985.92500	0.03
2025.11.04	01:40:00	3985.95500	3986.64500	3985.56500	3986.54500	0.02
2025.11.04	01:41:00	3986.51500	3986.72500	3985.25500	3986.38500	0.02
2025.11.04	01:42:00	3986.36500	3986.85500	3985.59500	3986.20500	0.03
2025.11.04	01:43:00	3986.23500	3986.96500	3985.78500	3986.87500	0.02
2025.11.04	01:44:00	3986.85500	3987.75500	3986.49500	3987.08500	0.02
2025.11.04	01:45:00	3987.10500	3987.24500	3986.29500	3986.55500	0.02
2025.11.04	01:46:00	3986.58500	3986.73500	3985.10500	3985.10500	0.02
2025.11.04	01:47:00	3985.12500	3987.28500	3984.71500	3987.05500	0.03
2025.11.04	01:48:00	3987.04500	3987.49500	3986.43500	3986.92500	0.02
2025.11.04	01:49:00	3986.89500	3987.57500	3985.37500	3985.86500	0.02
2025.11.04	01:50:00	3985.84500	3988.39500	3985.57500	3987.14500	0.02
2025.11.04	01:51:00	3987.16500	3988.97500	3987.13500	3988.33500	0.03
2025.11.04	01:52:00	3988.35500	3989.53500	3987.94500	3989.30500	0.02
2025.11.04	01:53:00	3989.32500	3990.20500	3988.07500	3988.72500	0.02
2025.11.04	01:54:00	3989.08500	3989.58500	3988.12500	3988.77500	0.02
2025.11.04	01:55:00	3988.76500	3989.77500	3987.84500	3989.66500	0.02
2025.11.04	01:56:00	3989.71500	3989.96500	3987.97500	3988.00500	0.02
2025.11.04	01:57:00	3987.99500	3988.88500	3987.42500	3987.42500	0.02
2025.11.04	01:58:00	3987.44500	3988.88500	3987.31500	3988.43500	0.02
2025.11.04	01:59:00	3988.41500	3988.62500	3986.89500	3987.20500	0.02
2025.11.04	02:00:00	3987.19500	3987.19500	3983.77500	3984.17500	0.04
2025.11.04	02:01:00	3984.20500	3984.22500	3981.01500	3981.10500	0.05
2025.11.04	02:02:00	3981.08500	3981.99500	3979.57500	3979.75500	0.03
2025.11.04	02:03:00	3979.73500	3979.73500	3975.43500	3978.79500	0.06
2025.11.04	02:04:00	3978.83500	3979.21500	3976.37500	3978.37500	0.04
2025.11.04	02:05:00	3978.35500	3981.45500	3977.95500	3979.92500	0.04
2025.11.04	02:06:00	3979.94500	3980.97500	3977.85500	3978.33500	0.02
2025.11.04	02:07:00	3978.31500	3981.71500	3977.93500	3980.64500	0.03
2025.11.04	02:08:00	3980.66500	3982.12500	3978.95500	3979.34500	0.03
2025.11.04	02:09:00	3979.33500	3979.72500	3976.70500	3976.89500	0.03
2025.11.04	02:10:00	3977.30500	3978.05500	3976.20500	3977.27500	0.03
2025.11.04	02:11:00	3977.30500	3977.86500	3976.41500	3977.18500	0.02
2025.11.04	02:12:00	3977.31500	3978.48500	3976.13500	3976.14500	0.03
2025.11.04	02:13:00	3976.10500	3977.92500	3975.86500	3977.16500	0.03
2025.11.04	02:14:00	3977.14500	3979.30500	3976.52500	3977.01500	0.03
2025.11.04	02:15:00	3976.98500	3979.25500	3976.98500	3979.25500	0.02
2025.11.04	02:16:00	3979.28500	3980.16500	3978.38500	3979.26500	0.03
2025.11.04	02:17:00	3979.28500	3979.76500	3978.42500	3979.16500	0.02
2025.11.04	02:18:00	3979.12500	3981.74500	3979.08500	3981.18500	0.02
2025.11.04	02:19:00	3981.20500	3981.27500	3979.73500	3979.78500	0.03
2025.11.04	02:20:00	3979.78500	3980.42500	3978.12500	3979.70500	0.02
2025.11.04	02:21:00	3979.72500	3980.64500	3979.55500	3980.27500	0.01
2025.11.04	02:22:00	3980.26500	3981.81500	3980.24500	3980.65500	0.03
2025.11.04	02:23:00	3980.62500	3980.84500	3979.30500	3980.26500	0.02
2025.11.04	02:24:00	3980.24500	3980.82500	3979.54500	3980.25500	0.02
2025.11.04	02:25:00	3980.12500	3981.29500	3980.07500	3981.29500	0.02
2025.11.04	02:26:00	3981.31500	3982.21500	3981.31500	3981.92500	0.02
2025.11.04	02:27:00	3981.94500	3983.01500	3981.32500	3981.84500	0.02
2025.11.04	02:28:00	3981.88500	3982.76500	3981.49500	3982.73500	0.01
2025.11.04	02:29:00	3982.72500	3983.87500	3982.65500	3983.75500	0.02
2025.11.04	02:30:00	3983.77500	3984.92500	3982.76500	3984.88500	0.03
2025.11.04	02:31:00	3984.91500	3985.00500	3982.81500	3982.93500	0.03
2025.11.04	02:32:00	3982.89500	3983.38500	3979.75500	3981.20500	0.06
2025.11.04	02:33:00	3981.16500	3981.16500	3977.81500	3978.15500	0.06
2025.11.04	02:34:00	3978.09500	3980.33500	3976.93500	3980.28500	0.05
2025.11.04	02:35:00	3980.32500	3983.03500	3978.78500	3982.74500	0.04
2025.11.04	02:36:00	3982.70500	3983.68500	3980.96500	3981.09500	0.03
2025.11.04	02:37:00	3981.06500	3981.59500	3979.69500	3979.89500	0.03
2025.11.04	02:38:00	3979.85500	3980.70500	3978.76500	3980.63500	0.02
2025.11.04	02:39:00	3980.60500	3983.15500	3979.96500	3982.42500	0.03
2025.11.04	02:40:00	3982.45500	3982.47500	3980.63500	3980.87500	0.03
2025.11.04	02:41:00	3980.98500	3982.37500	3980.49500	3981.59500	0.02
2025.11.04	02:42:00	3981.63500	3983.73500	3980.76500	3983.65500	0.03
2025.11.04	02:43:00	3983.70500	3984.06500	3982.78500	3982.78500	0.02
2025.11.04	02:44:00	3982.82500	3983.13500	3981.86500	3983.13500	0.01
2025.11.04	02:45:00	3982.70500	3984.13500	3981.88500	3983.48500	0.02
2025.11.04	02:46:00	3983.53500	3983.83500	3980.37800	3980.93500	0.03
2025.11.04	02:47:00	3980.89500	3980.98500	3979.44800	3979.55500	0.03
2025.11.04	02:48:00	3979.57500	3980.47500	3979.20500	3980.11500	0.03
2025.11.04	02:49:00	3980.13500	3980.24500	3976.12500	3976.30500	0.05
2025.11.04	02:50:00	3976.41500	3980.17500	3975.50500	3979.12500	0.05
2025.11.04	02:51:00	3979.04500	3980.04500	3977.45500	3978.17500	0.04
2025.11.04	02:52:00	3978.20500	3980.99500	3977.54500	3980.73500	0.03
2025.11.04	02:53:00	3980.71500	3981.65500	3980.53500	3980.68500	0.03
2025.11.04	02:54:00	3980.73500	3982.24500	3980.71500	3981.65500	0.03
2025.11.04	02:55:00	3981.68500	3983.98500	3981.65500	3983.90500	0.03
2025.11.04	02:56:00	3983.94500	3984.83800	3982.43500	3984.39500	0.06
2025.11.04	02:57:00	3984.50500	3985.16500	3983.69500	3983.89800	0.02
2025.11.04	02:58:00	3983.92500	3986.14500	3983.29500	3984.04500	0.03
2025.11.04	02:59:00	3984.06500	3986.59500	3984.06500	3986.47500	0.03
2025.11.04	03:00:00	3986.51500	3988.79500	3986.51500	3987.34800	0.04
2025.11.04	03:01:00	3987.34800	3989.24800	3986.94800	3988.24800	0.04
2025.11.04	03:02:00	3988.24800	3988.80500	3986.42500	3986.49800	0.03
2025.11.04	03:03:00	3986.44500	3986.68500	3983.27500	3983.80500	0.04
2025.11.04	03:04:00	3983.77500	3984.35500	3982.26500	3983.02500	0.02
2025.11.04	03:05:00	3983.00500	3983.12500	3981.48500	3982.28500	0.03
2025.11.04	03:06:00	3982.26500	3983.67500	3982.16500	3983.15500	0.03
2025.11.04	03:07:00	3983.13500	3984.11500	3983.05500	3983.42500	0.03
2025.11.04	03:08:00	3983.38500	3985.57500	3983.38500	3985.49500	0.02
2025.11.04	03:09:00	3985.51500	3987.00500	3985.14800	3986.88500	0.02
2025.11.04	03:10:00	3986.92500	3988.28500	3986.92500	3988.03500	0.03
2025.11.04	03:11:00	3988.05500	3990.26500	3988.02800	3989.89500	0.03
2025.11.04	03:12:00	3989.74500	3990.36500	3988.24500	3988.69500	0.03
2025.11.04	03:13:00	3988.44500	3989.33500	3988.19500	3988.58800	0.02
2025.11.04	03:14:00	3988.66800	3988.69800	3988.02500	3988.08500	0.02
2025.11.04	03:15:00	3988.04500	3989.15800	3988.00500	3988.56500	0.03
2025.11.04	03:16:00	3988.58500	3988.58500	3986.49500	3986.68500	0.02
2025.11.04	03:17:00	3986.66500	3987.80500	3985.69500	3985.73500	0.02
2025.11.04	03:18:00	3985.94500	3987.07500	3985.50500	3986.37500	0.01
2025.11.04	03:19:00	3986.35500	3986.80800	3984.63500	3986.38800	0.02
2025.11.04	03:20:00	3986.39800	3988.30500	3986.26800	3987.83500	0.02
2025.11.04	03:21:00	3987.80500	3989.85800	3986.84500	3989.85800	0.03
2025.11.04	03:22:00	3989.89800	3990.10500	3987.63500	3988.40500	0.02
2025.11.04	03:23:00	3988.37500	3989.55500	3988.17500	3989.07500	0.01
2025.11.04	03:24:00	3989.04500	3991.35500	3988.88500	3990.85500	0.02
2025.11.04	03:25:00	3990.81500	3991.08500	3990.28500	3990.97500	0.03
2025.11.04	03:26:00	3990.93500	3991.25500	3990.64500	3991.08500	0.01
2025.11.04	03:27:00	3991.40500	3991.44500	3990.84500	3991.17800	0.01
2025.11.04	03:28:00	3991.13500	3993.31500	3991.07500	3993.29500	0.02
2025.11.04	03:29:00	3993.26500	3993.66500	3992.01500	3992.67500	0.01
2025.11.04	03:30:00	3992.52500	3995.70500	3992.52500	3995.47500	0.02
2025.11.04	03:31:00	3995.53500	3996.98500	3995.53500	3996.11500	0.03
2025.11.04	03:32:00	3996.14500	3997.54500	3995.90500	3996.08500	0.02
2025.11.04	03:33:00	3996.22500	3996.27500	3995.00500	3995.61500	0.04
2025.11.04	03:34:00	3995.50500	3995.81500	3995.00000	3995.17500	0.02
2025.11.04	03:35:00	3995.19500	3995.96500	3995.00000	3995.79500	0.01
2025.11.04	03:36:00	3995.81500	3996.98500	3995.55500	3996.85500	0.02
2025.11.04	03:37:00	3996.83500	3996.91500	3995.70500	3996.67500	0.02
2025.11.04	03:38:00	3996.65500	3997.88500	3996.33500	3997.78500	0.02
2025.11.04	03:39:00	3997.81500	3999.15500	3997.71500	3998.21500	0.03
2025.11.04	03:40:00	3998.19500	3998.39500	3996.36500	3996.59500	0.03
2025.11.04	03:41:00	3996.56500	3996.96500	3995.00000	3995.00000	0.02
2025.11.04	03:42:00	3995.00000	3995.00000	3991.81500	3993.20500	0.05
2025.11.04	03:43:00	3993.22500	3993.37500	3991.30500	3991.40500	0.08
2025.11.04	03:44:00	3991.47500	3993.04500	3990.70500	3992.11500	0.05
2025.11.04	03:45:00	3992.08500	3993.57500	3990.86500	3993.54500	0.03
2025.11.04	03:46:00	3993.55500	3994.41500	3992.37500	3992.51500	0.02
2025.11.04	03:47:00	3992.56500	3993.61500	3991.80500	3993.53500	0.02
2025.11.04	03:48:00	3993.49500	3993.57500	3992.07500	3992.58500	0.02
2025.11.04	03:49:00	3992.56500	3992.56500	3991.82500	3991.88500	0.01
2025.11.04	03:50:00	3991.95500	3993.97500	3991.88500	3993.68500	0.02
2025.11.04	03:51:00	3993.71500	3993.99500	3992.47500	3993.37500	0.02
2025.11.04	03:52:00	3993.35500	3994.77500	3993.35500	3994.66500	0.02
2025.11.04	03:53:00	3994.63500	3995.04500	3993.94500	3994.07500	0.02
2025.11.04	03:54:00	3994.05500	3994.67500	3993.39500	3994.61500	0.01
2025.11.04	03:55:00	3994.79500	3995.28500	3994.22500	3994.58500	0.01
2025.11.04	03:56:00	3994.51500	3994.81500	3993.26500	3993.96500	0.02
2025.11.04	03:57:00	3993.93500	3994.03500	3992.88500	3993.75500	0.02
2025.11.04	03:58:00	3993.73500	3994.88500	3993.49500	3993.73500	0.02
2025.11.04	03:59:00	3993.63500	3995.03500	3993.18500	3994.34500	0.02
2025.11.04	04:00:00	3994.33500	3994.96500	3993.06500	3993.73500	0.02
2025.11.04	04:01:00	3993.70500	3994.01500	3993.10500	3993.94500	0.02
2025.11.04	04:02:00	3993.96500	3994.05500	3992.20500	3993.17500	0.02
2025.11.04	04:03:00	3993.14500	3993.59500	3992.08500	3992.57500	0.02
2025.11.04	04:04:00	3992.54500	3992.66500	3990.84500	3991.32500	0.02
2025.11.04	04:05:00	3991.35500	3992.27500	3990.29500	3991.20500	0.02
2025.11.04	04:06:00	3991.22500	3992.88500	3990.75500	3992.85500	0.01
2025.11.04	04:07:00	3992.84500	3993.91500	3991.95500	3993.50500	0.02
2025.11.04	04:08:00	3993.47500	3993.47500	3992.10500	3992.50500	0.02
2025.11.04	04:09:00	3992.52500	3992.63500	3991.56500	3991.78500	0.01
2025.11.04	04:10:00	3991.75500	3991.80500	3990.00000	3990.00000	0.02
2025.11.04	04:11:00	3990.00000	3990.00000	3987.82500	3988.48500	0.03
2025.11.04	04:12:00	3988.39500	3990.43500	3988.19500	3989.73500	0.03
2025.11.04	04:13:00	3989.76500	3989.99500	3988.48500	3988.59500	0.01
2025.11.04	04:14:00	3988.58500	3989.42500	3988.15500	3988.57500	0.01
2025.11.04	04:15:00	3988.56500	3989.40500	3988.08500	3989.34500	0.01
2025.11.04	04:16:00	3989.32500	3989.39500	3988.29500	3988.46500	0.01
2025.11.04	04:17:00	3988.48500	3989.48500	3987.73500	3989.26500	0.01
2025.11.04	04:18:00	3989.28500	3989.67500	3988.89500	3989.67500	0.01
2025.11.04	04:19:00	3989.71500	3990.46500	3989.18500	3990.46500	0.01
2025.11.04	04:20:00	3990.49500	3991.61500	3989.99500	3991.59500	0.01
2025.11.04	04:21:00	3991.53500	3991.53500	3989.19500	3989.37500	0.01
2025.11.04	04:22:00	3989.34500	3990.85500	3989.11500	3990.63500	0.01
2025.11.04	04:23:00	3990.57500	3990.87500	3990.31500	3990.74500	0.01
2025.11.04	04:24:00	3991.10500	3991.14500	3989.46500	3990.44500	0.02
2025.11.04	04:25:00	3990.41500	3991.43500	3989.66500	3990.92500	0.02
2025.11.04	04:26:00	3990.89500	3991.75500	3990.62500	3991.42500	0.01
2025.11.04	04:27:00	3991.48500	3992.15500	3991.25500	3992.02500	0.02
2025.11.04	04:28:00	3991.99500	3992.88500	3991.81500	3992.52500	0.01
2025.11.04	04:29:00	3992.55500	3992.58500	3991.17500	3991.71500	0.01
2025.11.04	04:30:00	3991.69500	3992.72500	3991.54500	3992.68500	0.01
2025.11.04	04:31:00	3992.66500	3993.24500	3991.15500	3991.73500	0.02
2025.11.04	04:32:00	3991.77500	3993.03500	3991.73500	3992.92500	0.02
2025.11.04	04:33:00	3992.91500	3992.96500	3990.88500	3992.68500	0.03
2025.11.04	04:34:00	3992.65500	3992.83500	3991.00500	3991.00500	0.02
2025.11.04	04:35:00	3991.26500	3992.47500	3991.06500	3991.35500	0.02
2025.11.04	04:36:00	3991.30500	3992.41500	3990.85500	3990.85500	0.02
2025.11.04	04:37:00	3990.88500	3991.61500	3990.00500	3991.31500	0.02
2025.11.04	04:38:00	3991.33500	3992.15500	3990.53500	3990.91500	0.02
2025.11.04	04:39:00	3990.97500	3992.11500	3990.71500	3990.76500	0.01
2025.11.04	04:40:00	3990.74500	3990.80500	3989.91500	3990.59500	0.01
2025.11.04	04:41:00	3990.61500	3990.87500	3988.92500	3988.93500	0.02
2025.11.04	04:42:00	3988.90500	3989.39500	3988.86500	3988.90500	0.01
2025.11.04	04:43:00	3988.87500	3989.14500	3988.37500	3988.41500	0.01
2025.11.04	04:44:00	3988.39500	3988.42500	3987.87500	3988.16500	0.02
2025.11.04	04:45:00	3988.09500	3988.57500	3986.45500	3986.83500	0.03
2025.11.04	04:46:00	3986.55500	3987.04500	3985.87500	3985.99500	0.03
2025.11.04	04:47:00	3986.18500	3986.95500	3984.44800	3984.49500	0.03
2025.11.04	04:48:00	3984.47500	3985.11500	3983.86500	3984.89500	0.02
2025.11.04	04:49:00	3984.86500	3985.77500	3984.46500	3985.71500	0.03
2025.11.04	04:50:00	3985.72500	3987.41500	3985.72500	3987.01500	0.03
2025.11.04	04:51:00	3986.99500	3989.43500	3986.90500	3989.34500	0.02
2025.11.04	04:52:00	3989.31500	3990.05500	3988.20500	3988.22500	0.03
2025.11.04	04:53:00	3988.19500	3989.01500	3987.34500	3988.91500	0.02
2025.11.04	04:54:00	3988.79500	3990.24500	3988.59500	3990.24500	0.02
2025.11.04	04:55:00	3990.21500	3991.30500	3989.84500	3989.92500	0.03
2025.11.04	04:56:00	3989.96500	3990.07500	3988.98500	3989.39500	0.01
2025.11.04	04:57:00	3989.36500	3989.36500	3988.30500	3988.43500	0.02
2025.11.04	04:58:00	3988.38500	3989.45500	3985.83500	3985.90500	0.03
2025.11.04	04:59:00	3985.86500	3985.94500	3984.56500	3985.37500	0.02
2025.11.04	05:00:00	3985.33500	3986.57500	3984.71500	3985.30500	0.02
2025.11.04	05:01:00	3985.27500	3985.34500	3982.04500	3983.26500	0.02
2025.11.04	05:02:00	3983.24500	3983.95500	3982.66500	3983.02500	0.02
2025.11.04	05:03:00	3983.05500	3985.40500	3982.53500	3984.92500	0.02
2025.11.04	05:04:00	3984.88500	3984.88500	3983.83500	3984.09500	0.02
2025.11.04	05:05:00	3984.07500	3984.48500	3981.13500	3981.74500	0.03
2025.11.04	05:06:00	3981.75500	3982.70500	3981.39500	3982.06500	0.02
2025.11.04	05:07:00	3982.04500	3982.81500	3981.39500	3982.22500	0.03
2025.11.04	05:08:00	3982.24500	3982.80500	3981.83500	3981.93500	0.02
2025.11.04	05:09:00	3981.90500	3983.82500	3981.90500	3983.52500	0.02
2025.11.04	05:10:00	3983.52500	3984.90500	3983.18500	3984.27500	0.03
2025.11.04	05:11:00	3984.61500	3986.19500	3984.42500	3985.87500	0.02
2025.11.04	05:12:00	3985.85500	3986.57500	3983.91500	3984.06500	0.02
2025.11.04	05:13:00	3984.09500	3984.88500	3983.16500	3984.70500	0.02
2025.11.04	05:14:00	3984.66500	3985.14500	3983.63500	3983.73500	0.01
2025.11.04	05:15:00	3983.72500	3985.21500	3983.68500	3984.78500	0.01
2025.11.04	05:16:00	3984.76500	3984.89500	3984.23500	3984.53500	0.01
2025.11.04	05:17:00	3984.31500	3986.05500	3984.14500	3985.78500	0.02
2025.11.04	05:18:00	3985.84500	3986.31500	3985.57500	3986.11500	0.02
2025.11.04	05:19:00	3986.13500	3986.30500	3984.17500	3984.21500	0.03
2025.11.04	05:20:00	3984.23500	3985.44500	3984.20500	3984.59500	0.02
2025.11.04	05:21:00	3984.52500	3984.78500	3983.97500	3984.06500	0.02
2025.11.04	05:22:00	3984.06500	3984.28500	3983.51500	3983.58500	0.01
2025.11.04	05:23:00	3983.65500	3984.63500	3983.53500	3983.83500	0.02
2025.11.04	05:24:00	3983.87500	3985.27500	3983.45500	3984.60500	0.02
2025.11.04	05:25:00	3984.65500	3985.83500	3984.36500	3985.82500	0.02
2025.11.04	05:26:00	3985.79500	3986.86500	3985.08500	3986.75500	0.01
2025.11.04	05:27:00	3986.78500	3986.89500	3985.63500	3985.67500	0.01
2025.11.04	05:28:00	3985.39500	3986.54500	3984.58500	3985.37500	0.02
2025.11.04	05:29:00	3984.18500	3984.50500	3982.66500	3982.79500	0.02
2025.11.04	05:30:00	3982.78500	3985.22500	3980.82500	3984.35500	0.04
2025.11.04	05:31:00	3984.32500	3985.42500	3982.97500	3983.03500	0.02
2025.11.04	05:32:00	3982.87500	3982.87500	3980.12500	3980.41500	0.03
2025.11.04	05:33:00	3980.65500	3981.64500	3980.14500	3980.55500	0.02
2025.11.04	05:34:00	3980.37500	3980.37500	3978.43500	3979.15500	0.04
2025.11.04	05:35:00	3979.19500	3980.36500	3978.01500	3979.18500	0.04
2025.11.04	05:36:00	3979.26500	3981.93500	3978.51500	3981.76500	0.04
2025.11.04	05:37:00	3981.79500	3982.37500	3979.79500	3981.43500	0.04
2025.11.04	05:38:00	3981.46500	3981.78500	3979.80500	3980.96500	0.03
2025.11.04	05:39:00	3980.99500	3981.14500	3979.59500	3980.24500	0.03
2025.11.04	05:40:00	3980.30500	3981.25500	3977.59500	3977.93500	0.04
2025.11.04	05:41:00	3977.91500	3979.02500	3977.31500	3978.90500	0.04
2025.11.04	05:42:00	3978.83500	3979.29500	3976.44500	3976.54500	0.04
2025.11.04	05:43:00	3976.58500	3979.50500	3975.34500	3978.70500	0.06
2025.11.04	05:44:00	3978.67500	3978.69500	3975.56500	3976.10500	0.04
2025.11.04	05:45:00	3975.69500	3976.40500	3972.57500	3976.40500	0.06
2025.11.04	05:46:00	3976.40500	3979.02500	3976.15500	3978.71500	0.04
2025.11.04	05:47:00	3978.71500	3980.40500	3978.60500	3979.41500	0.04
2025.11.04	05:48:00	3979.41500	3981.14500	3977.84500	3980.69500	0.05
2025.11.04	05:49:00	3980.69500	3980.69500	3977.96500	3979.48500	0.04
2025.11.04	05:50:00	3979.50500	3981.20500	3978.29500	3978.69500	0.05
2025.11.04	05:51:00	3978.62500	3978.74500	3976.36500	3976.94500	0.03
2025.11.04	05:52:00	3976.97500	3978.02500	3976.43500	3977.21500	0.04
2025.11.04	05:53:00	3977.21500	3980.33500	3977.21500	3980.07500	0.04
2025.11.04	05:54:00	3980.09500	3980.66500	3978.19500	3980.36500	0.03
2025.11.04	05:55:00	3980.34500	3980.84500	3978.80500	3978.82500	0.02
2025.11.04	05:56:00	3978.79500	3980.05500	3976.64500	3976.86500	0.03
2025.11.04	05:57:00	3976.78500	3978.78500	3976.25500	3977.09500	0.03
2025.11.04	05:58:00	3977.07500	3977.23500	3973.47500	3974.66500	0.04
2025.11.04	05:59:00	3974.63500	3975.67500	3972.47500	3973.02500	0.03
2025.11.04	06:00:00	3973.04500	3973.66500	3971.05500	3972.62500	0.05
2025.11.04	06:01:00	3972.67500	3973.30500	3970.75500	3971.54500	0.04
2025.11.04	06:02:00	3971.54500	3972.29500	3970.12500	3972.29500	0.05
2025.11.04	06:03:00	3972.35500	3972.95500	3969.08500	3970.33500	0.05
2025.11.04	06:04:00	3970.29500	3971.70500	3968.96500	3971.58500	0.05
2025.11.04	06:05:00	3971.61500	3972.44500	3968.91500	3970.08500	0.04
2025.11.04	06:06:00	3970.05500	3970.97500	3968.13500	3968.32500	0.03
2025.11.04	06:07:00	3968.29500	3969.20500	3966.39500	3969.20500	0.05
2025.11.04	06:08:00	3969.17500	3973.08500	3968.54500	3973.08500	0.04
2025.11.04	06:09:00	3973.13500	3974.32500	3971.89500	3972.71500	0.03
2025.11.04	06:10:00	3972.73500	3974.51500	3972.35500	3973.12500	0.03
2025.11.04	06:11:00	3973.09500	3975.30500	3971.74500	3972.13500	0.03
2025.11.04	06:12:00	3971.95500	3971.95500	3968.95500	3969.86500	0.04
2025.11.04	06:13:00	3969.87500	3972.84500	3969.78500	3972.77500	0.03
2025.11.04	06:14:00	3972.72500	3974.54500	3972.44500	3974.35500	0.03
2025.11.04	06:15:00	3974.37500	3975.05500	3973.76500	3973.76500	0.02
2025.11.04	06:16:00	3973.71500	3975.81500	3973.13500	3975.07500	0.03
2025.11.04	06:17:00	3975.04500	3975.79500	3974.29500	3974.30500	0.02
2025.11.04	06:18:00	3974.27500	3975.46500	3972.97500	3975.46500	0.02
2025.11.04	06:19:00	3975.45500	3975.65500	3973.93500	3974.65500	0.03
2025.11.04	06:20:00	3974.63500	3974.63500	3973.35500	3973.83500	0.03
2025.11.04	06:21:00	3973.85500	3974.52500	3972.02500	3972.05500	0.05
2025.11.04	06:22:00	3972.02500	3972.38500	3970.85500	3971.58500	0.03
2025.11.04	06:23:00	3971.62500	3971.98500	3970.43500	3971.72500	0.04
2025.11.04	06:24:00	3971.76500	3972.61500	3968.24500	3969.40500	0.05
2025.11.04	06:25:00	3969.37500	3970.92500	3969.12500	3970.89500	0.04
2025.11.04	06:26:00	3970.87500	3972.25500	3970.07500	3972.22500	0.03
2025.11.04	06:27:00	3972.32500	3974.01500	3971.13500	3973.73500	0.03
2025.11.04	06:28:00	3973.69500	3975.37500	3972.88500	3975.25500	0.03
2025.11.04	06:29:00	3975.21500	3975.92500	3973.59500	3975.33500	0.04
2025.11.04	06:30:00	3975.37500	3975.64500	3973.59500	3975.07500	0.04
2025.11.04	06:31:00	3975.04500	3977.83500	3975.00500	3976.46500	0.03
2025.11.04	06:32:00	3976.42500	3978.41500	3976.42500	3977.53500	0.05
2025.11.04	06:33:00	3977.56500	3978.64500	3976.30500	3976.33500	0.04
2025.11.04	06:34:00	3976.28500	3977.93500	3976.22500	3977.03500	0.04
2025.11.04	06:35:00	3977.22500	3977.67500	3976.18500	3977.50500	0.03
2025.11.04	06:36:00	3977.54500	3978.20500	3975.73500	3976.76500	0.03
2025.11.04	06:37:00	3976.78500	3977.21500	3975.25500	3975.81500	0.03
2025.11.04	06:38:00	3975.94500	3976.54500	3975.15500	3976.51500	0.02
2025.11.04	06:39:00	3976.54500	3978.32500	3976.09500	3978.22500	0.03
2025.11.04	06:40:00	3978.21500	3979.44500	3977.91500	3978.11500	0.04
2025.11.04	06:41:00	3978.32500	3980.28500	3978.26500	3979.83500	0.03
2025.11.04	06:42:00	3979.93500	3980.78500	3978.54500	3978.61500	0.03
2025.11.04	06:43:00	3978.60500	3979.13500	3977.76500	3978.65500	0.03
2025.11.04	06:44:00	3978.61500	3979.52500	3978.55500	3979.40500	0.02
2025.11.04	06:45:00	3979.83500	3980.33500	3978.70500	3979.65500	0.03
2025.11.04	06:46:00	3979.60500	3981.39500	3979.14500	3981.35500	0.02
2025.11.04	06:47:00	3981.27500	3982.69500	3980.06500	3980.10500	0.03
2025.11.04	06:48:00	3980.13500	3980.32500	3977.91500	3977.94500	0.04
2025.11.04	06:49:00	3977.96500	3979.58500	3977.37500	3979.37500	0.03
2025.11.04	06:50:00	3979.34500	3980.34500	3979.20500	3979.92500	0.03
2025.11.04	06:51:00	3979.90500	3981.39500	3979.77500	3980.09500	0.03
2025.11.04	06:52:00	3980.07500	3981.82500	3980.01500	3980.40500	0.03
2025.11.04	06:53:00	3980.63500	3983.55500	3980.51500	3983.55500	0.03
2025.11.04	06:54:00	3983.57500	3984.94500	3982.97500	3984.46500	0.04
2025.11.04	06:55:00	3984.43500	3987.48500	3984.43500	3987.48500	0.05
2025.11.04	06:56:00	3987.51500	3987.90500	3984.37500	3984.71500	0.05
2025.11.04	06:57:00	3984.73500	3986.27500	3984.71500	3985.42500	0.03
2025.11.04	06:58:00	3985.44500	3986.43500	3985.37500	3985.95500	0.03
2025.11.04	06:59:00	3985.89500	3985.94500	3984.70500	3984.86500	0.03
2025.11.04	07:00:00	3984.88500	3985.02500	3982.22500	3982.67500	0.05
2025.11.04	07:01:00	3982.95500	3984.30500	3982.07500	3983.40500	0.03
2025.11.04	07:02:00	3983.42500	3984.96500	3983.26500	3984.07500	0.03
2025.11.04	07:03:00	3983.91500	3985.26500	3982.55500	3984.88500	0.03
2025.11.04	07:04:00	3984.90500	3985.93500	3983.69800	3985.59800	0.05
2025.11.04	07:05:00	3985.59800	3986.13800	3984.01500	3985.21500	0.03
2025.11.04	07:06:00	3985.18500	3985.62500	3984.74500	3984.96500	0.03
2025.11.04	07:07:00	3985.02500	3987.19800	3984.43500	3985.84800	0.04
2025.11.04	07:08:00	3985.94800	3986.94800	3985.74800	3985.89800	0.03
2025.11.04	07:09:00	3985.84500	3987.74800	3985.80500	3986.21500	0.05
2025.11.04	07:10:00	3986.45500	3989.14500	3985.99800	3988.70500	0.03
2025.11.04	07:11:00	3988.64500	3990.06500	3987.92500	3988.08500	0.05
2025.11.04	07:12:00	3988.04800	3989.24800	3985.99900	3986.15500	0.06
2025.11.04	07:13:00	3986.13500	3986.46500	3984.83500	3985.98500	0.03
2025.11.04	07:14:00	3985.96500	3987.29500	3985.19500	3986.78500	0.03
2025.11.04	07:15:00	3987.00500	3987.53500	3985.69500	3985.96500	0.02
2025.11.04	07:16:00	3985.94500	3989.49800	3985.89800	3988.70500	0.03
2025.11.04	07:17:00	3988.68500	3989.21500	3987.48500	3988.19500	0.04
2025.11.04	07:18:00	3988.07500	3990.38800	3987.31500	3990.28500	0.03
2025.11.04	07:19:00	3990.25500	3991.73800	3989.17500	3990.40500	0.04
2025.11.04	07:20:00	3990.38500	3996.21500	3990.38500	3993.49500	0.05
2025.11.04	07:21:00	3993.52500	3994.23500	3992.00500	3992.05500	0.03
2025.11.04	07:22:00	3991.88500	3992.71500	3991.17500	3992.08500	0.03
2025.11.04	07:23:00	3992.02500	3992.71500	3991.43500	3992.12500	0.02
2025.11.04	07:24:00	3992.09500	3992.11500	3990.07500	3990.25500	0.03
2025.11.04	07:25:00	3990.25500	3992.83500	3989.72500	3992.64500	0.03
2025.11.04	07:26:00	3992.63500	3994.13500	3991.91500	3992.44500	0.03
2025.11.04	07:27:00	3992.46500	3995.23500	3992.26500	3994.93500	0.02
2025.11.04	07:28:00	3994.96500	3994.97500	3993.43500	3994.11500	0.02
2025.11.04	07:29:00	3994.13500	3994.49500	3993.21500	3993.81500	0.02
2025.11.04	07:30:00	3993.82500	3993.94500	3992.77500	3992.95500	0.02
2025.11.04	07:31:00	3992.96500	3993.31500	3992.01500	3992.83500	0.02
2025.11.04	07:32:00	3992.86500	3993.58500	3992.10500	3993.45800	0.02
2025.11.04	07:33:00	3993.47500	3995.63500	3992.94800	3995.53500	0.03
2025.11.04	07:34:00	3995.51500	3995.84800	3992.59800	3992.72500	0.05
2025.11.04	07:35:00	3992.79800	3993.23500	3991.10500	3992.85500	0.02
2025.11.04	07:36:00	3992.82500	3992.86500	3991.09500	3992.00500	0.02
2025.11.04	07:37:00	3992.02500	3992.04500	3991.12500	3991.54500	0.01
2025.11.04	07:38:00	3991.53500	3991.92800	3991.11500	3991.17500	0.01
2025.11.04	07:39:00	3991.14500	3991.34500	3990.42500	3990.68500	0.02
2025.11.04	07:40:00	3990.65500	3992.06500	3990.16500	3991.70500	0.01
2025.11.04	07:41:00	3991.87500	3992.84800	3990.96500	3992.74800	0.02
2025.11.04	07:42:00	3992.70500	3994.18500	3992.60500	3992.80500	0.02
2025.11.04	07:43:00	3992.78500	3992.83500	3990.74800	3990.74800	0.03
2025.11.04	07:44:00	3990.64800	3991.94500	3990.64800	3991.36500	0.02
2025.11.04	07:45:00	3991.33500	3994.20500	3991.05500	3994.20500	0.02
2025.11.04	07:46:00	3994.24500	3994.30500	3992.48500	3993.16500	0.02
2025.11.04	07:47:00	3993.13500	3993.50500	3992.61500	3993.28500	0.01
2025.11.04	07:48:00	3993.05500	3994.79500	3992.71500	3994.55500	0.01
2025.11.04	07:49:00	3994.50500	3995.58500	3994.47500	3995.40500	0.02
2025.11.04	07:50:00	3995.42500	3995.87500	3995.08500	3995.76500	0.02
2025.11.04	07:51:00	3995.80500	3996.05500	3994.61500	3994.64500	0.02
2025.11.04	07:52:00	3994.60500	3994.72500	3993.87500	3994.06500	0.01
2025.11.04	07:53:00	3994.03500	3994.45500	3993.32500	3993.98500	0.01
2025.11.04	07:54:00	3993.92500	3994.42500	3993.34500	3994.33500	0.01
2025.11.04	07:55:00	3994.35500	3995.49500	3993.86500	3994.76500	0.02
2025.11.04	07:56:00	3994.58500	3994.74500	3993.66500	3993.96500	0.02
2025.11.04	07:57:00	3993.93500	3994.04500	3993.01500	3993.38500	0.01
2025.11.04	07:58:00	3993.36500	3993.86500	3992.51500	3993.79500	0.02
2025.11.04	07:59:00	3993.76500	3993.96500	3993.21500	3993.64500	0.02
2025.11.04	08:00:00	3993.98500	3994.89500	3993.00500	3994.89500	0.03
2025.11.04	08:01:00	3994.93500	3997.94500	3994.84500	3995.14800	0.04
2025.11.04	08:02:00	3995.14800	3996.48500	3994.48500	3995.07500	0.04
2025.11.04	08:03:00	3995.12500	3996.25500	3994.44500	3994.44500	0.06
2025.11.04	08:04:00	3994.14900	3997.85500	3993.62500	3997.40500	0.03
2025.11.04	08:05:00	3997.49500	3997.89500	3993.87500	3994.89500	0.05
2025.11.04	08:06:00	3994.93500	3995.89500	3994.04500	3995.14500	0.03
2025.11.04	08:07:00	3995.03500	3997.27500	3995.03500	3997.10500	0.02
2025.11.04	08:08:00	3997.07500	3999.22500	3996.71500	3998.60800	0.03
2025.11.04	08:09:00	3998.60800	3998.73500	3996.72500	3996.73500	0.03
2025.11.04	08:10:00	3996.75500	3996.83500	3993.94500	3994.47500	0.03
2025.11.04	08:11:00	3994.44500	3995.80500	3993.98500	3994.27500	0.02
2025.11.04	08:12:00	3994.31500	3994.78500	3993.53500	3993.60500	0.02
2025.11.04	08:13:00	3993.56500	3994.14500	3992.08500	3992.33500	0.03
2025.11.04	08:14:00	3992.35500	3992.35500	3991.35800	3991.46500	0.02
2025.11.04	08:15:00	3991.40500	3991.48500	3990.44500	3991.26500	0.02
2025.11.04	08:16:00	3991.20500	3993.04500	3991.06500	3992.48500	0.02
2025.11.04	08:17:00	3992.59500	3994.07500	3992.52500	3994.03500	0.02
2025.11.04	08:18:00	3994.05500	3994.49500	3993.59500	3994.14500	0.02
2025.11.04	08:19:00	3994.17500	3995.08500	3992.61500	3993.43500	0.03
2025.11.04	08:20:00	3993.42500	3995.16500	3993.24500	3993.29500	0.03
2025.11.04	08:21:00	3993.27500	3994.81500	3992.43500	3994.50500	0.04
2025.11.04	08:22:00	3994.47500	3996.93500	3992.34800	3996.93500	0.04
2025.11.04	08:23:00	3996.89500	3998.04500	3996.09500	3996.09500	0.03
2025.11.04	08:24:00	3995.92500	3995.92500	3994.55500	3995.06500	0.04
2025.11.04	08:25:00	3995.09500	3997.06500	3995.09500	3997.04500	0.03
2025.11.04	08:26:00	3997.06500	3999.70500	3996.70500	3998.74500	0.03
2025.11.04	08:27:00	3998.71500	4000.04500	3998.64500	3999.46500	0.03
2025.11.04	08:28:00	3999.41500	4000.47500	3998.86500	4000.15500	0.03
2025.11.04	08:29:00	3999.92500	4000.34500	3998.95500	3999.63500	0.02
2025.11.04	08:30:00	3999.65500	4000.18500	3996.98500	3997.25500	0.03
2025.11.04	08:31:00	3997.27500	3997.98500	3995.57800	3995.57800	0.02
2025.11.04	08:32:00	3995.58500	3996.33500	3994.67500	3996.07500	0.03
2025.11.04	08:33:00	3996.11500	3998.14500	3995.56500	3997.17500	0.02
2025.11.04	08:34:00	3997.20500	3998.89500	3996.86500	3998.51500	0.02
2025.11.04	08:35:00	3998.48500	3999.79500	3998.28500	3998.78500	0.02
2025.11.04	08:36:00	3998.83500	4000.05500	3997.97500	3999.86500	0.03
2025.11.04	08:37:00	3999.85500	4000.38500	3997.90500	3997.90500	0.02
2025.11.04	08:38:00	3997.88500	3997.90500	3996.58500	3996.77500	0.02
2025.11.04	08:39:00	3996.79500	3997.83500	3996.40500	3996.78500	0.01
2025.11.04	08:40:00	3996.81500	3997.70500	3996.77500	3997.63500	0.02
2025.11.04	08:41:00	3997.67500	3997.99500	3997.17500	3997.19500	0.02
2025.11.04	08:42:00	3997.17500	3997.98500	3997.16500	3997.58500	0.02
2025.11.04	08:43:00	3997.62500	3998.20500	3997.30500	3997.42500	0.02
2025.11.04	08:44:00	3997.44500	3999.22500	3997.44500	3998.90500	0.02
2025.11.04	08:45:00	3999.20500	3999.84500	3999.17500	3999.36500	0.02
2025.11.04	08:46:00	3999.29500	4000.14500	3998.73500	3999.19500	0.02
2025.11.04	08:47:00	3999.13500	3999.99500	3998.57500	3998.71500	0.02
2025.11.04	08:48:00	3998.73500	3999.16500	3997.36500	3997.53500	0.02
2025.11.04	08:49:00	3997.60500	3999.51500	3997.55500	3998.16500	0.03
2025.11.04	08:50:00	3998.14500	3999.60500	3997.68500	3998.29500	0.03
2025.11.04	08:51:00	3998.27500	3998.98500	3997.46500	3998.20500	0.02
2025.11.04	08:52:00	3998.18500	3998.23500	3995.92500	3996.33500	0.03
2025.11.04	08:53:00	3996.29500	3996.76500	3995.64500	3996.18500	0.03
2025.11.04	08:54:00	3996.21500	3997.49500	3995.79500	3996.54500	0.02
2025.11.04	08:55:00	3996.51500	3997.77500	3996.32500	3996.93500	0.02
2025.11.04	08:56:00	3996.91500	3997.66500	3996.21500	3996.42500	0.02
2025.11.04	08:57:00	3996.39500	3996.81500	3995.51500	3996.40500	0.03
2025.11.04	08:58:00	3996.43500	3997.43500	3996.18800	3996.61500	0.01
2025.11.04	08:59:00	3996.58500	3996.87500	3995.85500	3995.89500	0.02
2025.11.04	09:00:00	3995.91500	3996.39500	3994.79500	3995.36500	0.03
2025.11.04	09:01:00	3995.38500	3996.64500	3995.21500	3996.47500	0.02
2025.11.04	09:02:00	3996.48500	3996.62500	3995.72500	3996.01500	0.02
2025.11.04	09:03:00	3996.04500	3996.60500	3995.02500	3995.19500	0.02
2025.11.04	09:04:00	3995.15500	3997.20500	3995.03500	3995.60500	0.03
2025.11.04	09:05:00	3995.67500	3997.15500	3995.60500	3997.07500	0.02
2025.11.04	09:06:00	3997.04500	3997.44500	3996.09500	3996.33500	0.02
2025.11.04	09:07:00	3996.35500	3997.51500	3995.47500	3995.53500	0.02
2025.11.04	09:08:00	3995.55500	3995.78500	3992.03800	3992.11800	0.02
2025.11.04	09:09:00	3992.13800	3993.26500	3991.87500	3992.88500	0.03
2025.11.04	09:10:00	3992.85500	3993.73500	3991.99500	3993.19500	0.04
2025.11.04	09:11:00	3992.99500	3994.95500	3991.00800	3992.05500	0.04
2025.11.04	09:12:00	3992.07500	3994.23500	3991.98500	3993.51500	0.02
2025.11.04	09:13:00	3993.53500	3994.13500	3992.91500	3993.97500	0.01
2025.11.04	09:14:00	3993.99500	3994.14500	3991.40500	3991.44500	0.02
2025.11.04	09:15:00	3991.40500	3992.31500	3991.10500	3991.69500	0.02
2025.11.04	09:16:00	3991.66500	3993.47500	3991.04500	3993.45500	0.02
2025.11.04	09:17:00	3993.42500	3993.42500	3991.71500	3991.90500	0.02
2025.11.04	09:18:00	3991.85500	3992.63500	3991.55500	3992.16500	0.01
2025.11.04	09:19:00	3992.19500	3992.82500	3991.72500	3991.72500	0.01
2025.11.04	09:20:00	3991.70500	3994.18500	3991.52500	3994.06500	0.02
2025.11.04	09:21:00	3994.10500	3994.19500	3992.07500	3992.13500	0.02
2025.11.04	09:22:00	3992.16500	3993.46500	3992.09500	3992.28500	0.01
2025.11.04	09:23:00	3992.32500	3994.18500	3992.32500	3994.02500	0.02
2025.11.04	09:24:00	3993.99500	3993.99500	3993.00500	3993.30500	0.01
2025.11.04	09:25:00	3993.33500	3994.63500	3992.40500	3992.78500	0.03
2025.11.04	09:26:00	3992.65500	3993.16500	3992.40500	3992.47500	0.02
2025.11.04	09:27:00	3992.45500	3992.45500	3991.45500	3992.12500	0.02
2025.11.04	09:28:00	3992.14500	3993.20500	3991.74500	3993.05500	0.02
2025.11.04	09:29:00	3992.99500	3993.33500	3991.39500	3991.75500	0.02
2025.11.04	09:30:00	3991.72500	3993.21500	3991.48500	3993.04500	0.02
2025.11.04	09:31:00	3993.25500	3993.41500	3991.81500	3992.46500	0.02
2025.11.04	09:32:00	3992.48500	3993.48500	3992.21500	3993.22500	0.02
2025.11.04	09:33:00	3993.39500	3995.60500	3993.39500	3994.65500	0.04
2025.11.04	09:34:00	3994.67500	3999.19500	3994.66500	3998.44500	0.03
2025.11.04	09:35:00	3998.47500	3999.27500	3997.10500	3997.46500	0.02
2025.11.04	09:36:00	3997.44500	3999.29500	3997.32500	3998.59800	0.02
2025.11.04	09:37:00	3998.26500	3998.94500	3996.81500	3996.87500	0.04
2025.11.04	09:38:00	3996.82500	3997.20500	3996.10500	3996.99500	0.02
2025.11.04	09:39:00	3996.96500	3998.04500	3995.84500	3997.88500	0.02
2025.11.04	09:40:00	3997.81500	3998.14500	3997.52500	3997.55500	0.01
2025.11.04	09:41:00	3997.37800	3997.90500	3997.06500	3997.54500	0.01
2025.11.04	09:42:00	3997.57500	3999.16500	3996.62500	3996.72500	0.03
2025.11.04	09:43:00	3996.69500	3996.95500	3995.46500	3996.42500	0.02
2025.11.04	09:44:00	3996.84500	3997.59500	3996.37500	3997.03500	0.02
2025.11.04	09:45:00	3997.07500	3997.73500	3996.35500	3996.54500	0.03
2025.11.04	09:46:00	3996.51500	3996.51500	3993.46500	3994.20500	0.03
2025.11.04	09:47:00	3994.18500	3994.73500	3992.56500	3994.38500	0.02
2025.11.04	09:48:00	3994.50500	3994.74500	3993.03500	3994.72500	0.03
2025.11.04	09:49:00	3994.74500	3995.76500	3993.47500	3993.84500	0.02
2025.11.04	09:50:00	3993.79500	3994.60500	3993.01500	3994.28500	0.02
2025.11.04	09:51:00	3994.26500	3994.56500	3992.17500	3992.48500	0.02
2025.11.04	09:52:00	3992.50500	3993.51500	3992.50500	3992.87500	0.02
2025.11.04	09:53:00	3992.83500	3994.55500	3991.49500	3994.44500	0.03
2025.11.04	09:54:00	3994.56500	3995.20500	3992.88500	3992.88500	0.03
2025.11.04	09:55:00	3992.88500	3993.06500	3991.97500	3992.27500	0.02
2025.11.04	09:56:00	3992.25500	3992.30500	3990.40500	3990.62500	0.03
2025.11.04	09:57:00	3990.65500	3991.00500	3990.23500	3990.63500	0.02
2025.11.04	09:58:00	3990.64500	3993.28500	3990.57500	3993.11500	0.03
2025.11.04	09:59:00	3993.09500	3993.21500	3990.80500	3991.02500	0.03
2025.11.04	10:00:00	3991.00500	3991.00500	3986.74500	3987.44500	0.04
2025.11.04	10:01:00	3987.31500	3988.80500	3985.76500	3988.66500	0.05
2025.11.04	10:02:00	3988.74500	3990.71500	3988.74500	3989.10500	0.03
2025.11.04	10:03:00	3989.36500	3990.24500	3987.87500	3988.37500	0.03
2025.11.04	10:04:00	3988.54500	3988.77500	3986.69500	3988.72500	0.02
2025.11.04	10:05:00	3988.72500	3988.74500	3986.25500	3988.34500	0.04
2025.11.04	10:06:00	3988.37500	3988.47500	3985.93500	3986.07500	0.03
2025.11.04	10:07:00	3986.07500	3988.69500	3985.76500	3988.69500	0.03
2025.11.04	10:08:00	3988.69500	3988.72500	3987.36500	3987.62500	0.02
2025.11.04	10:09:00	3987.65500	3989.89500	3987.29500	3989.88500	0.02
2025.11.04	10:10:00	3989.88500	3990.94500	3989.40500	3990.59500	0.03
2025.11.04	10:11:00	3990.59500	3992.36500	3990.40500	3992.10500	0.02
2025.11.04	10:12:00	3992.10500	3992.31500	3991.05500	3992.08500	0.02
2025.11.04	10:13:00	3992.12500	3993.58500	3992.12500	3993.55500	0.02
2025.11.04	10:14:00	3993.64500	3994.58500	3992.99500	3994.39500	0.03
2025.11.04	10:15:00	3994.33500	3995.75500	3994.33500	3995.63500	0.03
2025.11.04	10:16:00	3995.64500	3996.19500	3994.43500	3996.04500	0.03
2025.11.04	10:17:00	3996.06500	3996.70500	3995.42500	3995.56500	0.02
2025.11.04	10:18:00	3995.52500	3995.69500	3993.74500	3993.84500	0.03
2025.11.04	10:19:00	3993.78500	3994.40500	3992.88500	3994.09500	0.02
2025.11.04	10:20:00	3994.11500	3994.28500	3991.92500	3992.27500	0.03
2025.11.04	10:21:00	3992.23500	3992.75500	3991.26500	3991.38500	0.02
2025.11.04	10:22:00	3991.21500	3992.73500	3991.18500	3991.78500	0.01
2025.11.04	10:23:00	3991.80500	3992.48500	3991.68500	3992.12500	0.02
2025.11.04	10:24:00	3992.05500	3992.12500	3991.34500	3991.56500	0.02
2025.11.04	10:25:00	3991.54500	3992.95500	3991.14500	3992.95500	0.02
2025.11.04	10:26:00	3992.92500	3993.01500	3991.78500	3992.45500	0.02
2025.11.04	10:27:00	3992.47500	3993.45500	3991.71500	3992.89500	0.02
2025.11.04	10:28:00	3992.85500	3993.36500	3991.45500	3992.12500	0.02
2025.11.04	10:29:00	3992.09500	3992.61500	3991.74500	3991.88500	0.02
2025.11.04	10:30:00	3991.92500	3993.28500	3990.43500	3992.40500	0.03
2025.11.04	10:31:00	3992.42500	3993.76500	3991.73500	3993.19500	0.03
2025.11.04	10:32:00	3993.21500	3994.40500	3991.77500	3994.35500	0.03
2025.11.04	10:33:00	3994.33500	3994.35500	3991.64500	3991.89500	0.02
2025.11.04	10:34:00	3991.98500	3993.06500	3991.62500	3991.93500	0.02
2025.11.04	10:35:00	3991.97500	3993.10500	3991.96500	3992.29500	0.02
2025.11.04	10:36:00	3992.32500	3992.99500	3992.02500	3992.81500	0.02
2025.11.04	10:37:00	3992.79500	3993.69500	3992.72500	3993.31500	0.02
2025.11.04	10:38:00	3993.27500	3994.54500	3993.01500	3994.40500	0.02
2025.11.04	10:39:00	3994.43500	3995.74500	3994.27500	3994.82500	0.02
2025.11.04	10:40:00	3994.65500	3996.23500	3994.49500	3995.89500	0.02
2025.11.04	10:41:00	3995.86500	3997.41500	3995.66500	3997.33500	0.02
2025.11.04	10:42:00	3997.30500	3997.30500	3994.51500	3994.55500	0.02
2025.11.04	10:43:00	3994.64800	3995.36500	3994.52500	3994.99500	0.02
2025.11.04	10:44:00	3994.97500	3995.81500	3994.41500	3995.32500	0.02
2025.11.04	10:45:00	3995.34500	3996.02500	3994.43500	3995.12800	0.03
2025.11.04	10:46:00	3995.11500	3995.40500	3994.74800	3994.97500	0.01
2025.11.04	10:47:00	3994.94500	3994.94500	3992.97500	3993.34500	0.02
2025.11.04	10:48:00	3993.31500	3993.45500	3991.69500	3991.96500	0.02
2025.11.04	10:49:00	3991.95500	3992.47500	3991.14500	3991.72500	0.02
2025.11.04	10:50:00	3991.68500	3991.75500	3990.94500	3991.36500	0.02
2025.11.04	10:51:00	3991.35500	3991.93500	3991.25500	3991.47500	0.01
2025.11.04	10:52:00	3991.43500	3993.13500	3990.94500	3992.50500	0.01
2025.11.04	10:53:00	3992.53500	3992.99500	3992.28500	3992.52500	0.01
2025.11.04	10:54:00	3992.50500	3993.38500	3991.73500	3991.88500	0.02
2025.11.04	10:55:00	3991.86500	3993.12500	3991.54500	3992.94500	0.02
2025.11.04	10:56:00	3992.89500	3993.45500	3992.24500	3992.68500	0.02
2025.11.04	10:57:00	3992.72500	3993.94500	3992.35500	3993.84500	0.02
2025.11.04	10:58:00	3993.81500	3994.15500	3993.14500	3993.30500	0.02
2025.11.04	10:59:00	3993.32500	3993.63500	3992.68500	3993.63500	0.02
2025.11.04	11:00:00	3993.80500	3995.08500	3993.77500	3993.91500	0.02
2025.11.04	11:01:00	3993.93500	3994.53500	3993.68500	3994.37500	0.01
2025.11.04	11:02:00	3994.35500	3995.23500	3994.35500	3995.23500	0.01
2025.11.04	11:03:00	3995.19500	3995.62500	3994.80800	3995.02500	0.01
2025.11.04	11:04:00	3995.10500	3995.10500	3994.40500	3994.40500	0.01
2025.11.04	11:05:00	3994.37500	3994.73500	3994.10500	3994.33500	0.01
2025.11.04	11:06:00	3994.30500	3994.44500	3993.10500	3993.10500	0.01
2025.11.04	11:07:00	3993.03500	3993.63500	3992.53500	3993.07500	0.01
2025.11.04	11:08:00	3993.04500	3993.04500	3992.04500	3992.18500	0.01
2025.11.04	11:09:00	3992.16500	3992.57500	3991.94500	3992.11500	0.01
2025.11.04	11:10:00	3992.06500	3993.41500	3991.46500	3993.33500	0.01
2025.11.04	11:11:00	3993.31500	3993.57500	3992.76500	3993.47500	0.02
2025.11.04	11:12:00	3993.48500	3993.59500	3992.84500	3993.25500	0.01
2025.11.04	11:13:00	3993.27500	3994.42500	3992.93500	3993.93500	0.01
2025.11.04	11:14:00	3993.98500	3994.42500	3993.45500	3993.69500	0.01
2025.11.04	11:15:00	3993.74500	3995.01500	3993.74500	3994.63500	0.02
2025.11.04	11:16:00	3994.65500	3995.56500	3993.86500	3993.91500	0.01
2025.11.04	11:17:00	3993.94500	3994.03500	3992.78500	3993.03500	0.01
2025.11.04	11:18:00	3993.00500	3993.70500	3992.52500	3993.34500	0.01
2025.11.04	11:19:00	3993.37500	3993.72500	3993.04500	3993.05500	0.01
2025.11.04	11:20:00	3993.02500	3993.08500	3992.54500	3992.60500	0.01
2025.11.04	11:21:00	3992.57500	3993.36500	3992.51500	3993.08500	0.01
2025.11.04	11:22:00	3993.10500	3993.18500	3992.81500	3992.99500	0.01
2025.11.04	11:23:00	3992.97500	3993.13500	3992.54500	3992.85500	0.01
2025.11.04	11:24:00	3992.93500	3993.20500	3992.69500	3993.14500	0.01
2025.11.04	11:25:00	3993.11500	3993.69500	3992.89500	3993.15500	0.02
2025.11.04	11:26:00	3993.12500	3993.99500	3993.12500	3993.92500	0.02
2025.11.04	11:27:00	3993.95500	3994.43500	3993.51500	3994.04500	0.01
2025.11.04	11:28:00	3994.02500	3994.79500	3994.00500	3994.66500	0.01
2025.11.04	11:29:00	3994.68500	3995.04500	3993.84500	3993.94500	0.01
2025.11.04	11:30:00	3993.96500	3994.64500	3993.69500	3993.94500	0.02
2025.11.04	11:31:00	3993.97500	3994.75500	3993.16500	3994.73500	0.02
2025.11.04	11:32:00	3994.76500	3995.15500	3993.80500	3994.31500	0.03
2025.11.04	11:33:00	3994.33500	3995.20500	3994.07500	3995.06500	0.02
2025.11.04	11:34:00	3995.09500	3995.51500	3994.40500	3994.52500	0.02
2025.11.04	11:35:00	3994.54500	3994.65500	3993.81500	3994.15500	0.02
2025.11.04	11:36:00	3993.85500	3994.59500	3993.72500	3993.96500	0.02
2025.11.04	11:37:00	3993.94500	3994.96500	3993.76500	3993.97500	0.03
2025.11.04	11:38:00	3993.88500	3994.16500	3993.63500	3993.85500	0.02
2025.11.04	11:39:00	3993.74800	3993.98500	3993.24800	3993.47500	0.02
2025.11.04	11:40:00	3993.52500	3994.14500	3993.16500	3993.90500	0.02
2025.11.04	11:41:00	3993.92500	3994.06500	3993.58500	3993.72500	0.01
2025.11.04	11:42:00	3993.70500	3993.77500	3992.65500	3993.73500	0.03
2025.11.04	11:43:00	3993.70500	3993.72500	3992.62500	3992.63500	0.01
2025.11.04	11:44:00	3992.65500	3992.92500	3992.09800	3992.19800	0.02
2025.11.04	11:45:00	3992.19800	3992.86500	3991.59800	3992.75500	0.02
2025.11.04	11:46:00	3993.05500	3993.63500	3992.95500	3993.52500	0.02
2025.11.04	11:47:00	3993.46500	3994.79500	3993.35500	3993.99500	0.02
2025.11.04	11:48:00	3994.06500	3996.72500	3993.80500	3996.72500	0.01
2025.11.04	11:49:00	3996.70500	3997.18500	3995.54800	3996.94800	0.03
2025.11.04	11:50:00	3996.94800	3999.94800	3996.94800	3998.99800	0.05
2025.11.04	11:51:00	3998.99800	3998.99800	3997.31500	3997.61500	0.04
2025.11.04	11:52:00	3997.57500	3997.92500	3996.04500	3996.84500	0.03
2025.11.04	11:53:00	3996.81500	3997.41500	3996.38500	3996.72500	0.03
2025.11.04	11:54:00	3996.73500	3996.79500	3994.96500	3995.74500	0.02
2025.11.04	11:55:00	3995.72500	3996.06500	3994.65500	3995.08500	0.02
2025.11.04	11:56:00	3995.11500	3995.11500	3994.52500	3994.72500	0.01
2025.11.04	11:57:00	3994.74500	3994.77500	3993.37500	3994.14500	0.02
2025.11.04	11:58:00	3994.16500	3995.88500	3994.10500	3995.50500	0.03
2025.11.04	11:59:00	3995.54500	3995.56500	3994.15500	3994.68500	0.03
2025.11.04	12:00:00	3994.73500	3994.85500	3993.47500	3993.95500	0.04
2025.11.04	12:01:00	3993.90500	3994.63500	3993.24500	3993.57500	0.02
2025.11.04	12:02:00	3993.54500	3996.30500	3993.31500	3995.38500	0.02
2025.11.04	12:03:00	3995.37500	3996.07500	3994.88500	3995.60500	0.03
2025.11.04	12:04:00	3995.64800	3995.70500	3994.40500	3994.97500	0.03
2025.11.04	12:05:00	3994.94500	3995.21500	3994.45800	3994.64800	0.02
2025.11.04	12:06:00	3994.64800	3995.37500	3994.38500	3995.02500	0.02
2025.11.04	12:07:00	3994.99500	3996.32500	3994.47500	3995.97500	0.01
2025.11.04	12:08:00	3995.83500	3996.00500	3994.95500	3995.36500	0.02
2025.11.04	12:09:00	3995.34500	3995.34500	3994.81500	3994.84500	0.01
2025.11.04	12:10:00	3994.81500	3994.96500	3993.72500	3994.17500	0.01
2025.11.04	12:11:00	3994.14500	3995.07500	3993.65500	3994.98500	0.02
2025.11.04	12:12:00	3995.02500	3995.20500	3994.64500	3994.92500	0.02
2025.11.04	12:13:00	3994.95500	3995.24500	3994.45500	3994.86500	0.02
2025.11.04	12:14:00	3994.88500	3996.53500	3994.81500	3996.44500	0.02
2025.11.04	12:15:00	3996.42500	3997.10500	3996.23500	3996.23500	0.01
2025.11.04	12:16:00	3996.27500	3996.66500	3996.10500	3996.33500	0.01
2025.11.04	12:17:00	3996.35500	3997.11500	3995.81500	3996.06500	0.01
2025.11.04	12:18:00	3996.08500	3996.91500	3996.04500	3996.90500	0.01
2025.11.04	12:19:00	3996.93500	3997.25500	3996.71500	3997.11500	0.01
2025.11.04	12:20:00	3997.13500	3997.29500	3996.52500	3996.59500	0.01
2025.11.04	12:21:00	3996.56500	3997.00500	3995.38500	3995.52500	0.02
2025.11.04	12:22:00	3995.54500	3995.61800	3993.86800	3994.30500	0.02
2025.11.04	12:23:00	3994.23500	3994.83500	3993.53500	3994.03800	0.01
2025.11.04	12:24:00	3994.03800	3994.14500	3992.56500	3992.63500	0.02
2025.11.04	12:25:00	3992.59500	3992.79500	3991.80500	3992.72500	0.02
2025.11.04	12:26:00	3992.71500	3993.28500	3990.93500	3991.42500	0.02
2025.11.04	12:27:00	3991.34500	3991.59500	3990.81500	3991.32500	0.02
2025.11.04	12:28:00	3991.32500	3991.90500	3991.10500	3991.47500	0.01
2025.11.04	12:29:00	3991.47500	3991.57500	3989.61500	3990.04500	0.03
2025.11.04	12:30:00	3990.11500	3990.27500	3988.35500	3988.88500	0.03
2025.11.04	12:31:00	3988.96500	3989.11500	3986.97500	3987.38500	0.02
2025.11.04	12:32:00	3987.35500	3987.80500	3985.80500	3985.92500	0.03
2025.11.04	12:33:00	3985.86500	3987.08500	3985.45500	3986.50500	0.04
2025.11.04	12:34:00	3986.46500	3986.55500	3984.59500	3985.48500	0.04
2025.11.04	12:35:00	3985.48500	3986.59500	3983.89500	3986.20500	0.04
2025.11.04	12:36:00	3986.11500	3987.98500	3984.96500	3987.12500	0.03
2025.11.04	12:37:00	3987.06500	3987.32500	3986.05500	3986.87500	0.03
2025.11.04	12:38:00	3986.89500	3988.72500	3986.56500	3988.68500	0.02
2025.11.04	12:39:00	3988.65500	3989.18500	3986.76500	3988.15500	0.03
2025.11.04	12:40:00	3988.17500	3988.67500	3987.24500	3987.86500	0.02
2025.11.04	12:41:00	3987.82500	3988.30500	3987.22500	3987.64500	0.02
2025.11.04	12:42:00	3987.68500	3989.73500	3987.58500	3989.32500	0.02
2025.11.04	12:43:00	3989.39500	3990.55500	3989.39500	3990.11500	0.02
2025.11.04	12:44:00	3990.12500	3990.51500	3988.74500	3990.43500	0.03
2025.11.04	12:45:00	3990.37500	3992.32500	3990.26500	3991.63500	0.03
2025.11.04	12:46:00	3991.69500	3991.89500	3989.18500	3989.83500	0.03
2025.11.04	12:47:00	3989.83500	3990.78500	3989.27500	3989.46500	0.03
2025.11.04	12:48:00	3989.53500	3989.55500	3988.01500	3988.77500	0.03
2025.11.04	12:49:00	3988.81500	3989.00500	3987.40500	3988.54500	0.02
2025.11.04	12:50:00	3988.57500	3988.74500	3986.85500	3986.98500	0.02
2025.11.04	12:51:00	3986.96500	3987.85500	3986.52500	3987.00500	0.02
2025.11.04	12:52:00	3986.97500	3988.22500	3986.16500	3986.85500	0.02
2025.11.04	12:53:00	3986.87500	3987.95500	3986.19500	3986.19500	0.02
2025.11.04	12:54:00	3986.15500	3986.43500	3984.47500	3984.54500	0.04
2025.11.04	12:55:00	3984.51500	3985.79500	3983.46500	3984.57500	0.04
2025.11.04	12:56:00	3984.59500	3985.25500	3983.82500	3984.38500	0.03
2025.11.04	12:57:00	3984.40500	3987.21500	3984.40500	3985.53500	0.03
2025.11.04	12:58:00	3985.48500	3986.18500	3985.22500	3985.36500	0.02
2025.11.04	12:59:00	3985.34500	3985.60500	3984.22500	3984.45500	0.03
2025.11.04	13:00:00	3984.47500	3985.88500	3983.49500	3985.85500	0.06
2025.11.04	13:01:00	3985.55500	3987.24800	3985.39500	3985.39500	0.03
2025.11.04	13:02:00	3985.41500	3988.29800	3985.41500	3986.93500	0.04
2025.11.04	13:03:00	3986.90500	3988.61500	3985.91800	3986.71500	0.04
2025.11.04	13:04:00	3986.75500	3988.37500	3986.32500	3987.76500	0.04
2025.11.04	13:05:00	3987.78500	3989.27500	3986.96500	3987.24500	0.05
2025.11.04	13:06:00	3987.25500	3988.99500	3987.25500	3987.83500	0.03
2025.11.04	13:07:00	3987.80500	3989.32500	3987.80500	3988.95500	0.03
2025.11.04	13:08:00	3988.92500	3990.14500	3988.55500	3990.14500	0.03
2025.11.04	13:09:00	3990.17500	3991.77500	3990.07500	3991.56500	0.04
2025.11.04	13:10:00	3991.67500	3992.76500	3990.99500	3992.05500	0.04
2025.11.04	13:11:00	3992.04800	3995.02500	3992.04800	3993.79800	0.05
2025.11.04	13:12:00	3993.79800	3995.20500	3992.88500	3994.83500	0.04
2025.11.04	13:13:00	3994.86500	3994.86500	3992.88500	3993.47500	0.04
2025.11.04	13:14:00	3993.44500	3993.98500	3992.18500	3992.92500	0.03
2025.11.04	13:15:00	3992.96500	3993.59500	3992.30500	3992.33500	0.03
2025.11.04	13:16:00	3992.30500	3994.47500	3991.57500	3994.15500	0.04
2025.11.04	13:17:00	3994.12500	3995.76500	3994.05500	3995.00500	0.03
2025.11.04	13:18:00	3994.94500	3995.13500	3992.18500	3993.86500	0.04
2025.11.04	13:19:00	3993.89500	3994.01500	3992.40500	3992.77500	0.02
2025.11.04	13:20:00	3992.80500	3992.80500	3989.76500	3990.26500	0.05
2025.11.04	13:21:00	3990.30500	3990.55500	3987.74500	3987.77500	0.04
2025.11.04	13:22:00	3987.79500	3988.16500	3985.56500	3987.55500	0.04
2025.11.04	13:23:00	3987.34500	3989.10500	3986.63500	3988.85500	0.03
2025.11.04	13:24:00	3988.84500	3990.79500	3988.82500	3989.40500	0.03
2025.11.04	13:25:00	3989.37500	3989.40500	3986.33500	3987.08500	0.06
2025.11.04	13:26:00	3987.10800	3987.43500	3984.23500	3984.78500	0.06
2025.11.04	13:27:00	3984.73500	3984.87500	3982.94500	3983.41500	0.03
2025.11.04	13:28:00	3983.39500	3984.80500	3982.70500	3984.22500	0.03
2025.11.04	13:29:00	3984.25500	3985.45500	3983.54500	3983.61500	0.03
2025.11.04	13:30:00	3983.61500	3984.74500	3982.66500	3984.28500	0.03
2025.11.04	13:31:00	3984.25500	3986.88500	3982.95500	3986.79500	0.04
2025.11.04	13:32:00	3986.72500	3987.95500	3985.98500	3986.45500	0.03
2025.11.04	13:33:00	3986.47500	3986.86500	3983.44500	3983.46500	0.03
2025.11.04	13:34:00	3983.49500	3983.57500	3979.17500	3979.68500	0.06
2025.11.04	13:35:00	3979.58500	3980.60500	3977.82500	3980.57500	0.05
2025.11.04	13:36:00	3980.60500	3982.13500	3979.91500	3981.22800	0.03
2025.11.04	13:37:00	3981.11500	3981.81500	3979.37500	3979.41500	0.03
2025.11.04	13:38:00	3979.43500	3979.45500	3975.26500	3976.04500	0.05
2025.11.04	13:39:00	3976.05500	3978.98500	3975.70500	3978.47500	0.04
2025.11.04	13:40:00	3978.50500	3981.58500	3976.83500	3981.21500	0.04
2025.11.04	13:41:00	3981.19500	3982.55500	3980.15500	3980.32500	0.04
2025.11.04	13:42:00	3980.40500	3981.09500	3978.58500	3978.60500	0.05
2025.11.04	13:43:00	3978.57500	3979.88500	3977.94500	3978.79500	0.04
2025.11.04	13:44:00	3978.78500	3980.52500	3978.62500	3980.05500	0.03
2025.11.04	13:45:00	3980.03500	3980.97500	3978.86500	3980.85500	0.03
2025.11.04	13:46:00	3980.82500	3982.12500	3979.77500	3980.12500	0.03
2025.11.04	13:47:00	3980.11500	3980.65500	3978.70500	3978.78500	0.03
2025.11.04	13:48:00	3978.76500	3978.85500	3976.37500	3977.31500	0.06
2025.11.04	13:49:00	3977.32500	3977.98500	3976.16500	3976.60500	0.05
2025.11.04	13:50:00	3976.61500	3976.72500	3974.69500	3974.83500	0.05
2025.11.04	13:51:00	3974.86500	3975.07500	3972.54800	3972.66500	0.06
2025.11.04	13:52:00	3972.74800	3976.42500	3971.64800	3974.50500	0.07
2025.11.04	13:53:00	3974.53500	3975.15500	3973.82500	3974.55500	0.04
2025.11.04	13:54:00	3974.51500	3977.14500	3973.89500	3977.03500	0.04
2025.11.04	13:55:00	3976.99500	3977.02500	3975.03500	3976.84500	0.04
2025.11.04	13:56:00	3976.69500	3977.10500	3975.53500	3976.93500	0.04
2025.11.04	13:57:00	3976.96500	3977.08500	3975.59500	3976.98500	0.03
2025.11.04	13:58:00	3976.89500	3978.37500	3975.86500	3977.16500	0.04
2025.11.04	13:59:00	3977.12500	3977.21500	3974.92500	3975.47500	0.04
2025.11.04	14:00:00	3975.48500	3975.48500	3970.16500	3972.75500	0.07
2025.11.04	14:01:00	3972.73500	3972.73500	3969.31500	3969.96500	0.04
2025.11.04	14:02:00	3970.06500	3971.85500	3969.46500	3969.64500	0.04
2025.11.04	14:03:00	3969.62500	3969.83500	3967.90500	3968.74500	0.04
2025.11.04	14:04:00	3968.71500	3970.00500	3967.55500	3968.47500	0.05
2025.11.04	14:05:00	3968.48500	3969.03500	3963.96500	3967.47500	0.05
2025.11.04	14:06:00	3967.46500	3970.95500	3966.56500	3970.69500	0.05
2025.11.04	14:07:00	3970.73500	3972.17500	3969.28500	3970.20500	0.04
2025.11.04	14:08:00	3970.36500	3970.72500	3967.23500	3968.61500	0.04
2025.11.04	14:09:00	3968.93500	3970.40500	3968.91500	3970.28500	0.03
2025.11.04	14:10:00	3970.28500	3970.48500	3967.95500	3969.14500	0.04
2025.11.04	14:11:00	3969.17500	3973.26500	3969.17500	3972.83500	0.03
2025.11.04	14:12:00	3972.80500	3975.19500	3972.17500	3974.87500	0.04
2025.11.04	14:13:00	3974.78500	3976.46500	3973.54500	3976.28500	0.04
2025.11.04	14:14:00	3976.24500	3976.24500	3974.77500	3975.58500	0.03
2025.11.04	14:15:00	3975.59500	3976.13500	3974.93500	3976.10500	0.02
2025.11.04	14:16:00	3976.09500	3976.85500	3975.65500	3976.01500	0.03
2025.11.04	14:17:00	3975.95500	3977.34500	3975.77500	3976.84500	0.02
2025.11.04	14:18:00	3976.84500	3977.49500	3974.28500	3974.31500	0.03
2025.11.04	14:19:00	3974.34500	3974.91500	3972.35500	3972.55500	0.07
2025.11.04	14:20:00	3972.57500	3973.10500	3970.30500	3972.89500	0.16
2025.11.04	14:21:00	3972.92500	3973.24500	3969.99500	3970.34500	0.07
2025.11.04	14:22:00	3970.31500	3970.72500	3968.35500	3968.41500	0.05
2025.11.04	14:23:00	3968.41500	3969.93500	3968.17500	3968.96500	0.07
2025.11.04	14:24:00	3968.87500	3969.45500	3967.67500	3968.10500	0.07
2025.11.04	14:25:00	3968.10500	3970.26500	3966.79500	3969.93500	0.18
2025.11.04	14:26:00	3969.96500	3970.02500	3968.33800	3968.60500	0.06
2025.11.04	14:27:00	3968.63500	3968.93500	3966.87500	3967.40500	0.09
2025.11.04	14:28:00	3967.42500	3968.69500	3966.71500	3967.61500	0.06
2025.11.04	14:29:00	3967.45500	3967.63500	3951.03500	3951.13500	0.10
2025.11.04	14:30:00	3951.10500	3956.48500	3951.06500	3951.14500	0.09
2025.11.04	14:31:00	3951.02500	3953.30500	3948.16500	3949.56500	0.09
2025.11.04	14:32:00	3949.61500	3950.66500	3943.65500	3944.48500	0.10
2025.11.04	14:33:00	3944.35500	3945.84500	3940.16500	3940.34500	0.10
2025.11.04	14:34:00	3940.20500	3940.72500	3933.43500	3938.14500	0.13
2025.11.04	14:35:00	3938.14500	3939.64500	3934.39500	3937.00500	0.12
2025.11.04	14:36:00	3937.00500	3939.56500	3933.41500	3938.92500	0.12
2025.11.04	14:37:00	3939.01500	3941.80500	3936.09500	3938.51500	0.11
2025.11.04	14:38:00	3938.54500	3938.54500	3933.44500	3935.66500	0.11
2025.11.04	14:39:00	3935.66500	3937.73500	3932.71500	3934.02500	0.15
2025.11.04	14:40:00	3934.02500	3936.63500	3928.47500	3931.41500	0.18
2025.11.04	14:41:00	3931.46500	3933.93500	3928.96500	3929.54500	0.23
2025.11.04	14:42:00	3929.37500	3937.81500	3928.62500	3937.76500	0.19
2025.11.04	14:43:00	3937.78500	3938.43500	3933.14800	3934.86500	0.12
2025.11.04	14:44:00	3934.82500	3936.80500	3930.62500	3930.94500	0.07
2025.11.04	14:45:00	3930.98500	3937.58500	3930.73800	3937.19800	0.09
2025.11.04	14:46:00	3937.19800	3938.92500	3935.91500	3938.89500	0.07
2025.11.04	14:47:00	3938.87500	3940.57500	3933.13500	3934.15500	0.08
2025.11.04	14:48:00	3934.10500	3937.88500	3933.92500	3937.60500	0.06
2025.11.04	14:49:00	3937.57500	3939.71500	3936.61500	3938.47500	0.06
2025.11.04	14:50:00	3938.55500	3944.18500	3937.93500	3943.41500	0.07
2025.11.04	14:51:00	3943.39500	3944.21500	3940.95500	3941.96500	0.06
2025.11.04	14:52:00	3941.96500	3944.68500	3941.96500	3942.49500	0.05
2025.11.04	14:53:00	3942.54500	3946.92500	3942.45500	3945.66500	0.06
2025.11.04	14:54:00	3945.66500	3947.64800	3944.87500	3947.32500	0.06
2025.11.04	14:55:00	3947.27500	3954.73800	3947.27500	3951.93500	0.07
2025.11.04	14:56:00	3952.01500	3954.49800	3951.84500	3952.36500	0.09
2025.11.04	14:57:00	3952.37800	3952.37800	3949.32500	3950.93500	0.06
2025.11.04	14:58:00	3951.08500	3957.11500	3950.33500	3957.09500	0.05
2025.11.04	14:59:00	3957.12500	3959.52800	3956.06500	3956.70800	0.08
2025.11.04	15:00:00	3956.72800	3958.49800	3955.72500	3956.69500	0.07
2025.11.04	15:01:00	3956.73500	3957.61500	3952.97500	3954.19500	0.06
2025.11.04	15:02:00	3954.24500	3954.45500	3950.57500	3951.29500	0.06
2025.11.04	15:03:00	3951.28500	3951.97500	3949.12500	3951.50500	0.05
2025.11.04	15:04:00	3951.55500	3953.05800	3948.56500	3948.63500	0.06
2025.11.04	15:05:00	3949.05500	3952.94500	3948.47800	3952.94500	0.06
2025.11.04	15:06:00	3953.09500	3953.76500	3951.32500	3952.44500	0.06
2025.11.04	15:07:00	3952.50500	3953.75500	3951.07500	3951.46500	0.06
2025.11.04	15:08:00	3951.36500	3953.31500	3950.48500	3952.42500	0.05
2025.11.04	15:09:00	3952.44500	3953.43500	3950.64500	3952.76500	0.05
2025.11.04	15:10:00	3952.78500	3953.88500	3950.57500	3951.98500	0.05
2025.11.04	15:11:00	3952.02500	3952.24500	3947.32800	3947.52900	0.08
2025.11.04	15:12:00	3947.69900	3948.63900	3944.19500	3946.27500	0.14
2025.11.04	15:13:00	3946.29500	3947.66500	3946.08500	3947.38500	0.04
2025.11.04	15:14:00	3947.34500	3950.57500	3946.57500	3947.04500	0.05
2025.11.04	15:15:00	3947.07500	3949.47500	3946.24500	3948.61500	0.05
2025.11.04	15:16:00	3948.60500	3951.69500	3947.75500	3951.66500	0.05
2025.11.04	15:17:00	3951.69500	3951.93500	3949.20500	3951.40500	0.04
2025.11.04	15:18:00	3951.56500	3952.79500	3946.62500	3948.63500	0.06
2025.11.04	15:19:00	3948.68500	3948.70500	3946.57500	3946.88500	0.06
2025.11.04	15:20:00	3946.88500	3947.09500	3941.00500	3942.23500	0.07
2025.11.04	15:21:00	3942.26500	3947.66500	3941.76500	3947.14500	0.06
2025.11.04	15:22:00	3947.16500	3948.74500	3946.39500	3946.93500	0.05
2025.11.04	15:23:00	3946.96500	3950.01500	3945.89500	3949.46500	0.06
2025.11.04	15:24:00	3949.38500	3950.81500	3948.99500	3949.66500	0.05
2025.11.04	15:25:00	3949.66500	3952.16500	3949.59500	3951.05500	0.06
2025.11.04	15:26:00	3951.03500	3952.23500	3948.56500	3949.35500	0.05
2025.11.04	15:27:00	3949.34500	3949.34500	3947.61500	3948.71800	0.04
2025.11.04	15:28:00	3948.84500	3949.74500	3947.88500	3948.76500	0.04
2025.11.04	15:29:00	3948.74500	3949.77500	3948.56500	3948.85500	0.04
2025.11.04	15:30:00	3948.82500	3950.77500	3947.94500	3948.37500	0.04
2025.11.04	15:31:00	3948.44500	3950.77500	3948.44500	3949.39500	0.04
2025.11.04	15:32:00	3949.35500	3954.47500	3949.35500	3954.03500	0.05
2025.11.04	15:33:00	3953.82500	3957.42500	3953.82500	3956.62500	0.04
2025.11.04	15:34:00	3957.05500	3957.92500	3954.35800	3957.23500	0.06
2025.11.04	15:35:00	3957.25500	3961.98500	3957.05500	3960.04500	0.05
2025.11.04	15:36:00	3960.06500	3962.55500	3958.11800	3958.22500	0.06
2025.11.04	15:37:00	3958.24500	3958.32500	3955.99800	3957.05500	0.04
2025.11.04	15:38:00	3957.08500	3960.79500	3956.92500	3960.79500	0.04
2025.11.04	15:39:00	3960.75500	3967.33500	3959.76500	3967.00500	0.06
2025.11.04	15:40:00	3966.95500	3967.95500	3964.62800	3965.57500	0.06
2025.11.04	15:41:00	3965.79500	3966.11500	3964.62800	3965.86500	0.05
2025.11.04	15:42:00	3965.86500	3967.24500	3964.25500	3966.58500	0.04
2025.11.04	15:43:00	3966.62500	3967.26500	3965.08800	3966.31500	0.04
2025.11.04	15:44:00	3966.40500	3966.81500	3964.08500	3965.03500	0.04
2025.11.04	15:45:00	3965.05500	3965.72500	3961.08500	3961.28500	0.04
2025.11.04	15:46:00	3961.31500	3961.76500	3960.47800	3960.51500	0.03
2025.11.04	15:47:00	3960.47800	3963.07500	3958.87500	3962.94500	0.05
2025.11.04	15:48:00	3962.96500	3962.97500	3960.68500	3960.68500	0.04
2025.11.04	15:49:00	3960.61500	3961.64500	3959.05500	3959.28500	0.03
2025.11.04	15:50:00	3959.34500	3961.06500	3958.77500	3959.92500	0.05
2025.11.04	15:51:00	3960.22500	3961.59500	3958.94500	3958.94500	0.03
2025.11.04	15:52:00	3958.97500	3960.08500	3958.50500	3959.97500	0.04
2025.11.04	15:53:00	3960.01500	3960.31500	3959.14500	3959.38500	0.03
2025.11.04	15:54:00	3959.35500	3959.64500	3957.63500	3958.84500	0.03
2025.11.04	15:55:00	3958.93500	3959.69500	3957.88800	3958.81500	0.04
2025.11.04	15:56:00	3958.81500	3958.81500	3957.45500	3957.99500	0.03
2025.11.04	15:57:00	3957.95500	3958.34500	3957.15500	3957.62500	0.02
2025.11.04	15:58:00	3957.60500	3957.83500	3957.43800	3957.43800	0.02
2025.11.04	15:59:00	3957.47500	3957.55500	3956.23500	3956.62500	0.02
2025.11.04	16:00:00	3956.66500	3959.97500	3956.51500	3959.97500	0.04
2025.11.04	16:01:00	3960.02500	3960.29500	3958.51500	3959.45500	0.04
2025.11.04	16:02:00	3959.37500	3960.02500	3958.52500	3959.85500	0.03
2025.11.04	16:03:00	3959.89500	3961.62500	3959.77500	3961.62500	0.03
2025.11.04	16:04:00	3961.54500	3961.54500	3958.48500	3959.19500	0.04
2025.11.04	16:05:00	3959.12500	3961.31500	3958.84500	3959.75500	0.03
2025.11.04	16:06:00	3959.73500	3964.21500	3959.66500	3963.53500	0.04
2025.11.04	16:07:00	3963.49500	3963.93500	3961.71500	3961.72500	0.04
2025.11.04	16:08:00	3961.79500	3963.14500	3960.90500	3963.13500	0.03
2025.11.04	16:09:00	3962.83500	3963.02500	3961.78500	3962.02500	0.03
2025.11.04	16:10:00	3962.00500	3963.04500	3961.82500	3962.24500	0.03
2025.11.04	16:11:00	3962.26500	3963.89500	3961.71500	3963.52500	0.03
2025.11.04	16:12:00	3963.55500	3965.53500	3962.29500	3965.18500	0.05
2025.11.04	16:13:00	3965.19500	3965.29500	3963.26500	3963.95500	0.03
2025.11.04	16:14:00	3963.98500	3964.11500	3962.15500	3963.40500	0.03
2025.11.04	16:15:00	3963.43500	3966.47500	3963.43500	3966.27500	0.03
2025.11.04	16:16:00	3966.24500	3967.42500	3965.62500	3966.94500	0.04
2025.11.04	16:17:00	3966.96500	3972.17500	3966.96500	3970.68500	0.06
2025.11.04	16:18:00	3970.60500	3970.79500	3968.85500	3969.47500	0.05
2025.11.04	16:19:00	3969.53500	3971.78500	3969.27500	3969.48500	0.04
2025.11.04	16:20:00	3969.58500	3972.26500	3969.07500	3972.02500	0.04
2025.11.04	16:21:00	3971.79800	3972.41500	3970.86500	3972.09500	0.04
2025.11.04	16:22:00	3972.06500	3975.40500	3971.60500	3975.04500	0.06
2025.11.04	16:23:00	3975.07500	3975.07500	3971.89800	3971.89800	0.04
2025.11.04	16:24:00	3971.79500	3975.09800	3971.72500	3974.19500	0.05
2025.11.04	16:25:00	3974.22500	3974.73500	3972.54500	3973.33500	0.04
2025.11.04	16:26:00	3973.31500	3973.70500	3972.21500	3972.74500	0.03
2025.11.04	16:27:00	3972.66500	3974.87500	3972.48500	3973.09500	0.03
2025.11.04	16:28:00	3973.13500	3974.30500	3973.13500	3973.70500	0.03
2025.11.04	16:29:00	3973.72500	3974.06500	3971.97500	3972.16500	0.04
2025.11.04	16:30:00	3972.15500	3972.44500	3969.89800	3970.03500	0.05
2025.11.04	16:31:00	3969.99500	3971.51500	3969.89800	3971.51500	0.04
2025.11.04	16:32:00	3971.61500	3972.35500	3968.91500	3968.99500	0.03
2025.11.04	16:33:00	3969.15500	3969.48500	3968.41800	3968.86500	0.04
2025.11.04	16:34:00	3968.91500	3970.50500	3968.41800	3969.55500	0.03
2025.11.04	16:35:00	3969.45500	3972.93500	3969.09500	3972.93500	0.04
2025.11.04	16:36:00	3972.96500	3973.83500	3972.37500	3972.47500	0.03
2025.11.04	16:37:00	3972.50500	3973.22500	3971.37500	3972.63500	0.03
2025.11.04	16:38:00	3972.59800	3972.65500	3970.69800	3971.02500	0.03
2025.11.04	16:39:00	3971.04500	3971.27500	3968.93500	3969.02500	0.03
2025.11.04	16:40:00	3969.05500	3969.05500	3965.83500	3966.04500	0.06
2025.11.04	16:41:00	3966.09500	3968.47500	3965.43500	3968.47500	0.04
2025.11.04	16:42:00	3968.45500	3970.58500	3968.18500	3968.88500	0.04
2025.11.04	16:43:00	3969.00500	3969.39500	3967.48500	3967.79500	0.03
2025.11.04	16:44:00	3967.82500	3969.39500	3967.49500	3969.39500	0.03
2025.11.04	16:45:00	3969.41500	3970.19500	3967.06500	3968.15500	0.03
2025.11.04	16:46:00	3968.13500	3968.49500	3967.04500	3968.46500	0.03
2025.11.04	16:47:00	3968.44500	3968.46500	3967.41500	3968.19500	0.02
2025.11.04	16:48:00	3968.16500	3968.42500	3966.04500	3966.81500	0.02
2025.11.04	16:49:00	3966.78500	3967.14500	3965.29500	3965.29500	0.02
2025.11.04	16:50:00	3965.34500	3965.60500	3963.74500	3964.19500	0.03
2025.11.04	16:51:00	3964.20500	3966.21500	3964.14500	3966.13500	0.03
2025.11.04	16:52:00	3966.16500	3966.70500	3965.29500	3966.11500	0.02
2025.11.04	16:53:00	3966.13500	3966.42500	3964.93500	3966.42500	0.03
2025.11.04	16:54:00	3966.17500	3966.25500	3965.39500	3965.39500	0.02
2025.11.04	16:55:00	3965.53500	3967.05500	3964.85800	3966.69500	0.03
2025.11.04	16:56:00	3966.78500	3968.11500	3966.53500	3967.58500	0.04
2025.11.04	16:57:00	3967.55500	3969.34500	3967.31500	3968.58500	0.05
2025.11.04	16:58:00	3968.63500	3969.24500	3967.50500	3969.21500	0.04
2025.11.04	16:59:00	3969.23500	3969.30500	3968.49500	3968.85500	0.04
2025.11.04	17:00:00	3968.94500	3969.41500	3967.74500	3967.78500	0.04
2025.11.04	17:01:00	3967.74500	3969.74500	3967.56500	3968.94500	0.03
2025.11.04	17:02:00	3968.97500	3970.64500	3968.94500	3970.03500	0.04
2025.11.04	17:03:00	3970.05500	3970.77500	3969.19500	3969.36500	0.03
2025.11.04	17:04:00	3969.38500	3970.80500	3969.24500	3970.54500	0.02
2025.11.04	17:05:00	3970.51500	3970.58500	3968.15500	3968.15500	0.03
2025.11.04	17:06:00	3968.10500	3968.39500	3965.24500	3966.04500	0.03
2025.11.04	17:07:00	3966.06500	3966.91500	3964.55500	3964.82500	0.03
2025.11.04	17:08:00	3964.79500	3964.79500	3962.99500	3963.92500	0.05
2025.11.04	17:09:00	3963.93500	3963.93500	3962.27500	3963.44500	0.05
2025.11.04	17:10:00	3963.53500	3964.59500	3963.03500	3964.19500	0.03
2025.11.04	17:11:00	3964.30500	3966.02500	3962.55500	3963.27500	0.05
2025.11.04	17:12:00	3963.30500	3963.61500	3961.56500	3963.44500	0.04
2025.11.04	17:13:00	3963.41500	3964.21500	3961.90500	3962.18500	0.03
2025.11.04	17:14:00	3962.14500	3964.17500	3961.83500	3963.89500	0.03
2025.11.04	17:15:00	3963.96500	3965.02500	3963.03500	3963.40500	0.02
2025.11.04	17:16:00	3963.45500	3963.45500	3961.67500	3962.80500	0.03
2025.11.04	17:17:00	3962.77500	3963.62500	3961.72500	3962.12500	0.03
2025.11.04	17:18:00	3962.04500	3962.89500	3961.73500	3961.87500	0.02
2025.11.04	17:19:00	3962.01500	3962.01500	3960.71500	3961.55500	0.04
2025.11.04	17:20:00	3961.52500	3962.27500	3960.99500	3961.33500	0.03
2025.11.04	17:21:00	3961.35500	3961.38500	3958.99500	3959.58500	0.04
2025.11.04	17:22:00	3959.62500	3962.04500	3959.44500	3962.00500	0.04
2025.11.04	17:23:00	3961.97500	3963.55500	3961.95500	3962.47500	0.03
2025.11.04	17:24:00	3962.50500	3963.17500	3961.86500	3962.57500	0.03
2025.11.04	17:25:00	3962.54500	3963.59500	3961.49500	3962.24500	0.03
2025.11.04	17:26:00	3962.21500	3962.56500	3961.29500	3961.96500	0.03
2025.11.04	17:27:00	3961.99500	3962.16500	3960.30500	3960.35500	0.03
2025.11.04	17:28:00	3960.33500	3960.83500	3958.86500	3959.00500	0.04
2025.11.04	17:29:00	3958.91500	3959.97500	3958.45500	3959.15500	0.04
2025.11.04	17:30:00	3959.18500	3960.99500	3958.91500	3960.01500	0.03
2025.11.04	17:31:00	3959.99500	3961.17500	3959.84500	3960.72500	0.03
2025.11.04	17:32:00	3960.82500	3962.14500	3960.28500	3961.79800	0.03
2025.11.04	17:33:00	3961.89800	3962.74800	3961.64500	3962.40500	0.03
2025.11.04	17:34:00	3962.38500	3964.66500	3961.93500	3964.12500	0.04
2025.11.04	17:35:00	3964.10500	3964.95500	3962.01500	3962.35500	0.04
2025.11.04	17:36:00	3962.36500	3962.62500	3959.58500	3959.67500	0.04
2025.11.04	17:37:00	3959.75500	3961.23500	3959.75500	3960.55500	0.03
2025.11.04	17:38:00	3960.52500	3960.93500	3960.00500	3960.60500	0.03
2025.11.04	17:39:00	3960.58500	3960.83500	3959.71500	3960.59500	0.02
2025.11.04	17:40:00	3960.66500	3960.68500	3958.99800	3959.41500	0.03
2025.11.04	17:41:00	3959.39800	3960.69800	3959.09800	3960.00500	0.03
2025.11.04	17:42:00	3960.09800	3960.85500	3959.29500	3960.79800	0.03
2025.11.04	17:43:00	3960.79800	3961.79800	3960.59800	3961.33500	0.03
2025.11.04	17:44:00	3961.31500	3961.64800	3960.27500	3960.98500	0.02
2025.11.04	17:45:00	3960.96500	3961.99800	3959.68500	3961.54800	0.04
2025.11.04	17:46:00	3961.54800	3961.94800	3960.01500	3961.25500	0.03
2025.11.04	17:47:00	3961.22500	3963.76500	3961.02500	3963.21500	0.03
2025.11.04	17:48:00	3963.12500	3964.08500	3960.73500	3961.06500	0.03
2025.11.04	17:49:00	3961.03500	3962.86500	3960.21500	3961.30500	0.04
2025.11.04	17:50:00	3961.34500	3961.75500	3957.98500	3959.72500	0.04
2025.11.04	17:51:00	3959.74500	3959.89500	3957.55500	3957.55500	0.04
2025.11.04	17:52:00	3957.57500	3958.12500	3954.64500	3955.38500	0.05
2025.11.04	17:53:00	3955.60500	3956.38500	3954.95500	3954.95500	0.03
2025.11.04	17:54:00	3955.02500	3957.96500	3954.95500	3956.62500	0.03
2025.11.04	17:55:00	3956.53500	3956.58500	3954.96500	3955.22500	0.03
2025.11.04	17:56:00	3955.26500	3955.79500	3954.84500	3955.33500	0.03
2025.11.04	17:57:00	3955.31500	3955.34500	3952.14800	3952.98500	0.05
2025.11.04	17:58:00	3953.00500	3953.92500	3952.31500	3953.77500	0.04
2025.11.04	17:59:00	3953.79500	3955.79500	3953.67500	3954.81500	0.04
2025.11.04	18:00:00	3954.65900	3956.35500	3953.88500	3956.02500	0.03
2025.11.04	18:01:00	3956.04500	3956.30500	3954.36500	3954.70500	0.03
2025.11.04	18:02:00	3954.74500	3956.40500	3954.74500	3955.25500	0.02
2025.11.04	18:03:00	3955.31500	3956.58500	3955.06500	3955.63500	0.02
2025.11.04	18:04:00	3955.68500	3955.68500	3954.24500	3954.95500	0.03
2025.11.04	18:05:00	3955.06500	3955.27500	3953.45500	3953.79500	0.02
2025.11.04	18:06:00	3953.70500	3954.22500	3952.02500	3952.41500	0.03
2025.11.04	18:07:00	3952.43500	3954.60500	3952.43500	3953.84500	0.04
2025.11.04	18:08:00	3953.90500	3954.08500	3952.56500	3952.81500	0.02
2025.11.04	18:09:00	3952.79500	3953.04500	3950.96500	3951.10500	0.03
2025.11.04	18:10:00	3951.10500	3952.88500	3950.23500	3952.78500	0.04
2025.11.04	18:11:00	3952.81500	3953.06500	3951.25500	3951.93500	0.03
2025.11.04	18:12:00	3951.98500	3953.45500	3951.17500	3952.14500	0.03
2025.11.04	18:13:00	3952.12500	3952.18500	3949.58500	3950.08500	0.04
2025.11.04	18:14:00	3950.07500	3950.87500	3949.37500	3950.32500	0.03
2025.11.04	18:15:00	3950.36500	3951.94500	3949.62500	3951.07500	0.03
2025.11.04	18:16:00	3950.90500	3952.28500	3950.65500	3951.46500	0.03
2025.11.04	18:17:00	3951.42500	3952.48500	3950.42500	3950.75500	0.03
2025.11.04	18:18:00	3950.77500	3950.82500	3949.15500	3949.23500	0.04
2025.11.04	18:19:00	3949.21500	3950.12500	3948.72500	3949.03500	0.03
2025.11.04	18:20:00	3949.00500	3950.71500	3948.72500	3949.86500	0.04
2025.11.04	18:21:00	3949.87500	3951.52500	3949.69500	3951.24500	0.03
2025.11.04	18:22:00	3951.20500	3951.61500	3950.17500	3950.87500	0.03
2025.11.04	18:23:00	3950.85500	3951.58500	3950.42500	3950.93500	0.02
2025.11.04	18:24:00	3950.64500	3951.49500	3950.36500	3950.63500	0.03
2025.11.04	18:25:00	3950.66500	3952.36500	3950.57500	3951.10500	0.03
2025.11.04	18:26:00	3951.02500	3951.89500	3946.90500	3946.90500	0.04
2025.11.04	18:27:00	3946.89500	3948.31500	3945.28500	3948.16500	0.07
2025.11.04	18:28:00	3947.80500	3948.32500	3946.04800	3947.30500	0.06
2025.11.04	18:29:00	3947.27500	3950.99800	3947.27500	3950.48500	0.08
2025.11.04	18:30:00	3950.52500	3951.25500	3949.91500	3949.91500	0.03
2025.11.04	18:31:00	3949.50500	3949.96500	3947.77500	3947.77500	0.03
2025.11.04	18:32:00	3948.02500	3948.44500	3942.63500	3943.94500	0.04
2025.11.04	18:33:00	3944.01500	3944.45500	3941.32500	3941.44500	0.04
2025.11.04	18:34:00	3941.46500	3944.71500	3941.38500	3943.47500	0.03
2025.11.04	18:35:00	3943.55500	3943.97500	3938.86500	3939.78500	0.04
2025.11.04	18:36:00	3939.77500	3941.00500	3934.69500	3935.43500	0.06
2025.11.04	18:37:00	3935.41500	3937.26500	3935.31500	3935.88500	0.04
2025.11.04	18:38:00	3935.86500	3936.37500	3933.78500	3934.89500	0.05
2025.11.04	18:39:00	3934.74500	3935.55500	3932.20500	3935.01500	0.05
2025.11.04	18:40:00	3934.99500	3936.14500	3932.80500	3936.14500	0.05
2025.11.04	18:41:00	3936.13500	3936.80500	3932.90500	3933.12500	0.05
2025.11.04	18:42:00	3933.12500	3935.52500	3931.85500	3932.99500	0.04
2025.11.04	18:43:00	3933.19500	3936.08500	3932.11500	3935.08500	0.04
2025.11.04	18:44:00	3935.04500	3938.40500	3934.89500	3938.29500	0.04
2025.11.04	18:45:00	3938.26500	3938.35500	3935.46500	3937.39500	0.04
2025.11.04	18:46:00	3937.06500	3939.23500	3936.47500	3938.09500	0.04
2025.11.04	18:47:00	3938.10500	3940.47500	3938.01500	3938.38500	0.04
2025.11.04	18:48:00	3938.41500	3940.94500	3938.26500	3939.81500	0.03
2025.11.04	18:49:00	3939.83500	3940.20500	3938.11500	3938.93500	0.04
2025.11.04	18:50:00	3938.90500	3940.20500	3938.26500	3939.07500	0.04
2025.11.04	18:51:00	3939.10500	3939.73500	3936.68500	3937.35500	0.03
2025.11.04	18:52:00	3937.33500	3938.50500	3935.43500	3938.33500	0.04
2025.11.04	18:53:00	3938.36500	3939.80500	3938.02500	3939.75500	0.04
2025.11.04	18:54:00	3939.77500	3940.85500	3939.39500	3939.75500	0.04
2025.11.04	18:55:00	3939.76500	3940.91500	3938.79500	3939.65500	0.03
2025.11.04	18:56:00	3939.68500	3940.18500	3938.37500	3939.07500	0.03
2025.11.04	18:57:00	3938.91500	3939.73500	3937.21500	3937.24500	0.03
2025.11.04	18:58:00	3937.27500	3939.04500	3937.25500	3938.62500	0.03
2025.11.04	18:59:00	3938.66500	3938.89500	3937.41500	3937.60500	0.03
2025.11.04	19:00:00	3937.63500	3937.67500	3934.40500	3934.64500	0.03
2025.11.04	19:01:00	3934.66500	3937.47500	3934.54500	3937.33500	0.04
2025.11.04	19:02:00	3937.36500	3938.82500	3937.36500	3938.11500	0.05
2025.11.04	19:03:00	3938.02500	3938.35500	3936.04500	3936.38500	0.03
2025.11.04	19:04:00	3936.36500	3937.45500	3935.70500	3936.04500	0.03
2025.11.04	19:05:00	3936.01500	3937.02500	3935.66500	3936.40500	0.03
2025.11.04	19:06:00	3936.38500	3937.91500	3936.38500	3937.52500	0.04
2025.11.04	19:07:00	3937.45500	3938.57500	3936.85500	3937.04500	0.03
2025.11.04	19:08:00	3937.04500	3937.10500	3935.85500	3936.74500	0.04
2025.11.04	19:09:00	3936.78500	3938.17500	3936.36500	3937.60500	0.04
2025.11.04	19:10:00	3937.60500	3939.41500	3936.93500	3939.39500	0.04
2025.11.04	19:11:00	3939.34500	3940.48500	3939.12500	3940.16500	0.02
2025.11.04	19:12:00	3940.13500	3942.84500	3940.05500	3942.32500	0.04
2025.11.04	19:13:00	3942.30500	3944.00500	3941.37500	3941.39500	0.05
2025.11.04	19:14:00	3941.41500	3941.51500	3939.53500	3940.04500	0.03
2025.11.04	19:15:00	3940.02500	3943.20500	3939.94500	3942.64500	0.04
2025.11.04	19:16:00	3942.60500	3943.71500	3940.77500	3941.71500	0.07
2025.11.04	19:17:00	3941.74500	3941.88500	3940.89500	3940.97500	0.02
2025.11.04	19:18:00	3940.93500	3942.32500	3940.93500	3941.99500	0.02
2025.11.04	19:19:00	3942.02500	3943.89500	3941.91500	3942.03500	0.04
2025.11.04	19:20:00	3942.02500	3942.13500	3940.89500	3941.66500	0.03
2025.11.04	19:21:00	3941.77500	3942.65500	3940.46500	3942.58500	0.04
2025.11.04	19:22:00	3942.55500	3942.82500	3941.93500	3942.07500	0.02
2025.11.04	19:23:00	3942.05500	3943.67500	3941.29500	3942.73500	0.03
2025.11.04	19:24:00	3942.70500	3943.70500	3942.39500	3943.32500	0.02
2025.11.04	19:25:00	3943.35500	3943.83500	3942.44500	3943.43500	0.02
2025.11.04	19:26:00	3943.44500	3943.58500	3941.49500	3941.77500	0.02
2025.11.04	19:27:00	3941.92500	3943.02500	3941.45500	3941.94500	0.03
2025.11.04	19:28:00	3941.91500	3942.61500	3941.91500	3942.17500	0.01
2025.11.04	19:29:00	3942.20500	3942.32500	3940.11800	3941.73500	0.03
2025.11.04	19:30:00	3941.73500	3942.50500	3939.92500	3940.32500	0.03
2025.11.04	19:31:00	3940.36500	3941.78500	3938.42500	3941.50500	0.03
2025.11.04	19:32:00	3941.43500	3942.59500	3941.22500	3941.58500	0.03
2025.11.04	19:33:00	3941.61500	3941.84500	3940.68500	3941.84500	0.03
2025.11.04	19:34:00	3941.80500	3942.51500	3940.97500	3942.37500	0.03
2025.11.04	19:35:00	3942.34500	3942.82500	3940.78500	3941.35500	0.03
2025.11.04	19:36:00	3941.33500	3942.24800	3940.74800	3942.24800	0.05
2025.11.04	19:37:00	3942.33500	3942.54800	3940.25500	3940.58500	0.03
2025.11.04	19:38:00	3940.39500	3941.42500	3939.66500	3940.47500	0.03
2025.11.04	19:39:00	3940.41500	3941.17500	3940.04500	3940.30500	0.02
2025.11.04	19:40:00	3940.27500	3941.67500	3940.17500	3941.21500	0.02
2025.11.04	19:41:00	3941.20500	3941.37500	3939.32500	3939.32500	0.03
2025.11.04	19:42:00	3939.26500	3939.92500	3938.15500	3938.21500	0.02
2025.11.04	19:43:00	3938.08500	3938.44500	3935.32500	3937.29500	0.04
2025.11.04	19:44:00	3937.32500	3938.25500	3937.19500	3937.73500	0.03
2025.11.04	19:45:00	3937.69500	3937.78500	3936.21500	3936.57500	0.03
2025.11.04	19:46:00	3936.54500	3937.47500	3935.75500	3937.42500	0.02
2025.11.04	19:47:00	3937.44500	3938.45500	3937.11500	3937.67500	0.02
2025.11.04	19:48:00	3937.64500	3938.28500	3937.07500	3937.80500	0.02
2025.11.04	19:49:00	3937.78500	3937.93500	3936.19500	3936.27500	0.02
2025.11.04	19:50:00	3936.24500	3936.95500	3935.77500	3936.76500	0.02
2025.11.04	19:51:00	3936.68500	3938.08500	3936.48500	3937.21500	0.03
2025.11.04	19:52:00	3937.20500	3937.96500	3936.37500	3936.62500	0.03
2025.11.04	19:53:00	3936.64500	3937.74500	3936.58500	3937.44500	0.02
2025.11.04	19:54:00	3937.37500	3939.57500	3936.92500	3939.34500	0.03
2025.11.04	19:55:00	3939.36500	3939.73500	3937.67500	3938.27500	0.03
2025.11.04	19:56:00	3938.29500	3939.00500	3937.60500	3938.24500	0.03
2025.11.04	19:57:00	3938.34500	3938.66500	3937.68500	3938.32500	0.02
2025.11.04	19:58:00	3938.30500	3938.30500	3937.38500	3937.82500	0.02
2025.11.04	19:59:00	3937.85500	3938.03500	3936.81500	3937.14500	0.02
2025.11.04	20:00:00	3937.19500	3939.01500	3937.03500	3937.78500	0.02
2025.11.04	20:01:00	3937.72500	3939.15500	3937.69500	3938.30500	0.02
2025.11.04	20:02:00	3938.33500	3938.42500	3935.23500	3935.34500	0.03
2025.11.04	20:03:00	3935.14500	3935.64500	3933.05500	3933.33500	0.04
2025.11.04	20:04:00	3933.35500	3933.81500	3931.25500	3931.35500	0.06
2025.11.04	20:05:00	3931.32500	3933.13500	3931.26500	3933.04500	0.04
2025.11.04	20:06:00	3933.07500	3934.58500	3932.20500	3933.41500	0.06
2025.11.04	20:07:00	3933.38500	3935.14500	3933.30500	3934.14500	0.09
2025.11.04	20:08:00	3934.07500	3934.78500	3933.57500	3934.57500	0.05
2025.11.04	20:09:00	3934.59500	3934.84500	3933.39500	3934.07500	0.03
2025.11.04	20:10:00	3934.04500	3934.41500	3933.34500	3933.92500	0.03
2025.11.04	20:11:00	3933.94500	3934.50500	3933.46500	3933.69500	0.03
2025.11.04	20:12:00	3933.63500	3933.69500	3931.41500	3932.57500	0.05
2025.11.04	20:13:00	3932.57500	3933.76500	3931.97500	3932.52500	0.03
2025.11.04	20:14:00	3932.34500	3934.28500	3932.28500	3934.01500	0.02
2025.11.04	20:15:00	3934.18500	3935.61500	3934.02500	3934.87500	0.03
2025.11.04	20:16:00	3934.94800	3936.07500	3934.68500	3935.23500	0.03
2025.11.04	20:17:00	3935.24500	3935.33500	3933.38500	3934.69500	0.03
2025.11.04	20:18:00	3934.66500	3935.27500	3934.05500	3934.26500	0.03
2025.11.04	20:19:00	3934.19500	3934.25500	3932.13500	3932.97500	0.03
2025.11.04	20:20:00	3933.06900	3933.27500	3931.66500	3932.58500	0.03
2025.11.04	20:21:00	3932.56500	3934.27500	3931.92500	3934.01500	0.03
2025.11.04	20:22:00	3934.03500	3935.11500	3933.01500	3935.11500	0.03
2025.11.04	20:23:00	3935.16500	3935.20500	3933.02500	3933.75500	0.05
2025.11.04	20:24:00	3933.73500	3934.71500	3932.99500	3934.58500	0.04
2025.11.04	20:25:00	3934.60500	3934.71500	3933.47500	3933.64500	0.04
2025.11.04	20:26:00	3933.65500	3934.59500	3933.65500	3934.14500	0.03
2025.11.04	20:27:00	3934.12500	3936.65500	3934.12500	3936.25500	0.03
2025.11.04	20:28:00	3936.27500	3936.84800	3936.02500	3936.51500	0.05
2025.11.04	20:29:00	3936.51500	3937.70500	3936.34500	3937.26500	0.14
2025.11.04	20:30:00	3937.26500	3939.35500	3937.23500	3938.17500	0.15
2025.11.04	20:31:00	3938.25500	3938.57500	3936.56500	3936.87500	0.07
2025.11.04	20:32:00	3936.86500	3938.25500	3936.74500	3937.55500	0.06
2025.11.04	20:33:00	3937.62500	3938.07500	3936.19500	3936.20500	0.09
2025.11.04	20:34:00	3936.20500	3937.10500	3935.77500	3936.21500	0.07
2025.11.04	20:35:00	3936.58500	3936.82500	3935.98500	3936.29500	0.07
2025.11.04	20:36:00	3936.25500	3938.48500	3936.24500	3937.70500	0.12
2025.11.04	20:37:00	3937.58500	3938.51500	3936.93500	3938.18500	0.12
2025.11.04	20:38:00	3938.46500	3940.51500	3938.46500	3939.25500	0.03
2025.11.04	20:39:00	3939.20500	3939.24500	3937.84500	3938.55500	0.02
2025.11.04	20:40:00	3938.50500	3939.69500	3938.31500	3939.34500	0.05
2025.11.04	20:41:00	3939.36500	3940.68500	3939.34500	3940.07500	0.03
2025.11.04	20:42:00	3940.04500	3941.11500	3940.04500	3940.57500	0.03
2025.11.04	20:43:00	3940.53500	3941.92500	3940.38500	3941.30500	0.04
2025.11.04	20:44:00	3941.24500	3941.62500	3940.09500	3940.68500	0.05
2025.11.04	20:45:00	3940.77500	3941.01500	3939.22500	3939.37500	0.04
2025.11.04	20:46:00	3939.43500	3940.14500	3938.90500	3939.39500	0.05
2025.11.04	20:47:00	3939.37500	3939.37500	3937.78500	3938.72500	0.03
2025.11.04	20:48:00	3938.71500	3940.23500	3938.37500	3939.26500	0.05
2025.11.04	20:49:00	3939.24500	3939.36500	3936.77500	3937.24500	0.04
2025.11.04	20:50:00	3937.26500	3938.49500	3936.57500	3937.57500	0.04
2025.11.04	20:51:00	3937.59500	3937.81500	3936.42500	3936.70500	0.03
2025.11.04	20:52:00	3936.71500	3938.10500	3936.67500	3937.21500	0.03
2025.11.04	20:53:00	3937.16500	3937.78500	3936.14500	3937.57500	0.04
2025.11.04	20:54:00	3937.62500	3938.02500	3936.45500	3938.00500	0.04
2025.11.04	20:55:00	3938.00500	3939.08500	3937.39500	3939.08500	0.03
2025.11.04	20:56:00	3939.05500	3939.66500	3937.34500	3938.71500	0.03
2025.11.04	20:57:00	3938.73500	3939.94500	3938.68500	3939.76500	0.03
2025.11.04	20:58:00	3939.75500	3939.75500	3938.05500	3938.06500	0.04
2025.11.04	20:59:00	3938.10500	3938.64500	3937.94500	3938.50500	0.03
2025.11.04	21:00:00	3938.65500	3938.75900	3937.25500	3937.78500	0.02
2025.11.04	21:01:00	3937.79500	3938.35500	3937.20500	3937.24500	0.01
2025.11.04	21:02:00	3937.26500	3937.26500	3934.69500	3934.93500	0.01
2025.11.04	21:03:00	3934.96500	3935.05500	3933.69500	3934.42500	0.01
2025.11.04	21:04:00	3934.40500	3934.99500	3933.52500	3934.19500	0.01
2025.11.04	21:05:00	3934.15500	3934.32500	3933.75500	3934.32500	0.01
2025.11.04	21:06:00	3934.34500	3935.21500	3934.24500	3935.21500	0.01
2025.11.04	21:07:00	3935.19500	3936.16500	3934.85500	3936.16500	0.01
2025.11.04	21:08:00	3935.77500	3936.03500	3935.66500	3935.93500	0.00
2025.11.04	21:09:00	3935.87500	3936.68500	3935.12500	3935.14500	0.01
2025.11.04	21:10:00	3935.83500	3936.63500	3935.71500	3936.53500	0.01
2025.11.04	21:11:00	3936.58500	3936.58500	3935.85500	3935.96500	0.01
2025.11.04	21:12:00	3935.99500	3936.02500	3935.61500	3935.61500	0.00
2025.11.04	21:13:00	3935.58500	3935.58500	3935.02500	3935.09500	0.00
2025.11.04	21:14:00	3935.05500	3935.05500	3933.45500	3934.00500	0.02
2025.11.04	21:15:00	3934.02500	3935.01500	3933.83500	3934.98500	0.02
2025.11.04	21:16:00	3935.02500	3935.11500	3933.59500	3933.87500	0.01
2025.11.04	21:17:00	3933.84500	3934.47500	3933.55500	3933.90500	0.01
2025.11.04	21:18:00	3933.93500	3934.46500	3933.89500	3934.46500	0.00
2025.11.04	21:19:00	3934.50500	3934.79500	3934.18500	3934.40500	0.00
2025.11.04	21:20:00	3934.43500	3934.44500	3933.42500	3933.83500	0.01
2025.11.04	21:21:00	3933.80500	3934.91500	3933.10500	3934.85500	0.01
2025.11.04	21:22:00	3934.97500	3934.99500	3933.91500	3933.97500	0.01
2025.11.04	21:23:00	3933.96500	3934.06500	3933.71500	3933.81500	0.01
2025.11.04	21:24:00	3933.79500	3934.04500	3933.66500	3933.69500	0.00
2025.11.04	21:25:00	3933.70500	3933.96500	3932.99500	3933.06500	0.01
2025.11.04	21:26:00	3933.07500	3933.08500	3931.02500	3931.02500	0.01
2025.11.04	21:27:00	3931.08500	3932.17500	3930.74500	3931.82500	0.02
2025.11.04	21:28:00	3931.85500	3933.29500	3931.85500	3933.21500	0.02
2025.11.04	21:29:00	3933.24500	3933.83500	3932.85500	3933.72500	0.01
2025.11.04	21:30:00	3933.73500	3934.62500	3933.70500	3934.29500	0.01
2025.11.04	21:31:00	3934.31500	3934.76500	3934.28500	3934.48500	0.01
2025.11.04	21:32:00	3934.51500	3934.82500	3932.87500	3933.06500	0.01
2025.11.04	21:33:00	3932.99500	3934.05500	3932.91500	3933.29500	0.01
2025.11.04	21:34:00	3933.21500	3933.41500	3932.22500	3932.29500	0.01
2025.11.04	21:35:00	3932.32500	3932.32500	3931.03500	3931.03500	0.01
2025.11.04	21:36:00	3931.06500	3931.60500	3930.64800	3930.79500	0.24
2025.11.04	21:37:00	3930.82500	3931.88500	3930.67500	3931.85500	0.02
2025.11.04	21:38:00	3931.88500	3931.99500	3930.64800	3930.64800	0.77
2025.11.04	21:39:00	3930.64800	3930.94500	3930.56500	3930.64800	0.53
2025.11.04	21:40:00	3930.88500	3931.71500	3930.64800	3930.75500	0.24
2025.11.04	21:41:00	3930.79500	3930.85500	3930.64800	3930.82500	0.45
2025.11.04	21:42:00	3930.77500	3931.64500	3930.64800	3930.81500	0.18
2025.11.04	21:43:00	3930.77500	3930.81500	3930.64800	3930.69500	0.48
2025.11.04	21:44:00	3930.66500	3930.93500	3930.56500	3930.80500	0.58
2025.11.04	21:45:00	3930.83500	3930.83500	3930.27500	3930.67500	0.73
2025.11.04	21:46:00	3930.75500	3930.89500	3930.64800	3930.80500	0.18
2025.11.04	21:47:00	3930.82500	3931.85500	3930.64800	3931.42500	0.04
2025.11.04	21:48:00	3931.47500	3932.07500	3931.04500	3931.40500	0.02
2025.11.04	21:49:00	3931.39500	3932.05500	3931.24500	3931.85500	0.01
2025.11.04	21:50:00	3931.85500	3933.89500	3931.85500	3933.12500	0.01
2025.11.04	21:51:00	3933.08500	3933.44500	3932.84500	3932.95500	0.01
2025.11.04	21:52:00	3932.98500	3932.99500	3932.62500	3932.90500	0.01
2025.11.04	21:53:00	3932.93900	3933.34500	3932.83500	3933.33500	0.01
2025.11.04	21:54:00	3933.33500	3933.41500	3932.88500	3932.88500	0.02
2025.11.04	21:55:00	3932.90500	3933.26500	3931.92500	3931.92500	0.01
2025.11.04	21:56:00	3931.96500	3932.02500	3931.53500	3931.72500	0.01
2025.11.04	21:57:00	3931.71500	3931.98500	3931.66500	3931.95500	0.01
2025.11.04	21:58:00	3931.97500	3932.19500	3931.72500	3931.73500	0.01
2025.11.04	21:59:00	3931.76500	3932.04500	3931.56500	3931.63500	0.01
2025.11.04	23:00:00	3932.76500	3933.44500	3930.69500	3933.04800	0.06
2025.11.04	23:01:00	3933.24800	3933.86500	3932.44800	3932.94800	0.02
2025.11.04	23:02:00	3933.54800	3933.84800	3933.03500	3933.74800	0.01
2025.11.04	23:03:00	3933.65500	3935.24800	3933.44800	3935.24800	0.01
2025.11.04	23:04:00	3935.14800	3937.24800	3935.14800	3936.74800	0.01
2025.11.04	23:05:00	3936.94800	3938.17500	3936.69800	3938.17500	0.03
2025.11.04	23:06:00	3938.05500	3939.98500	3935.83500	3936.44500	0.03
2025.11.04	23:07:00	3936.32500	3936.32500	3933.14500	3934.64800	0.02
2025.11.04	23:08:00	3934.64800	3937.97500	3934.40500	3936.54800	0.03
2025.11.04	23:09:00	3936.57500	3936.87500	3936.57500	3936.60500	0.02
2025.11.04	23:10:00	3936.63500	3937.45500	3936.55500	3937.20500	0.01
2025.11.04	23:11:00	3937.15500	3937.51500	3935.75500	3937.11500	0.01
2025.11.04	23:12:00	3936.88500	3936.88500	3935.54500	3936.74500	0.01
2025.11.04	23:13:00	3936.32500	3937.01500	3934.80500	3935.59500	0.01
2025.11.04	23:14:00	3935.56500	3935.80500	3935.06500	3935.36500	0.02
2025.11.04	23:15:00	3935.34500	3935.88500	3935.28500	3935.77500	0.01
2025.11.04	23:16:00	3935.79500	3936.09500	3935.34500	3935.92500	0.01
2025.11.04	23:17:00	3935.95500	3936.07500	3934.77500	3935.15500	0.01
2025.11.04	23:18:00	3935.16500	3938.71500	3935.16500	3938.44500	0.01
2025.11.04	23:19:00	3938.45500	3938.48500	3936.95500	3937.48500	0.01
2025.11.04	23:20:00	3937.51500	3938.10500	3936.97500	3937.33500	0.01
2025.11.04	23:21:00	3937.31500	3938.92500	3937.27500	3938.92500	0.01
2025.11.04	23:22:00	3939.00500	3939.37500	3937.18500	3937.18500	0.01
2025.11.04	23:23:00	3936.97500	3937.25500	3936.40500	3937.19500	0.01
2025.11.04	23:24:00	3937.42500	3937.76500	3937.29500	3937.52500	0.01
2025.11.04	23:25:00	3937.64500	3937.75500	3937.32500	3937.67500	0.00
2025.11.04	23:26:00	3937.65500	3937.74500	3936.99500	3936.99500	0.01
2025.11.04	23:27:00	3937.01500	3937.38500	3935.66500	3936.87500	0.01
2025.11.04	23:28:00	3936.83500	3937.11500	3935.88500	3936.17500	0.01
2025.11.04	23:29:00	3936.12500	3937.80500	3936.12500	3937.53500	0.01
2025.11.04	23:30:00	3937.57500	3937.69500	3936.26500	3936.62500	0.01
2025.11.04	23:31:00	3936.65500	3936.65500	3935.04500	3935.41500	0.01
2025.11.04	23:32:00	3935.37500	3935.48500	3934.78500	3935.06500	0.01
2025.11.04	23:33:00	3935.05500	3936.11500	3934.93500	3935.47500	0.01
2025.11.04	23:34:00	3935.39500	3935.80500	3934.13500	3934.57500	0.01
2025.11.04	23:35:00	3934.55500	3935.06500	3933.18500	3934.66500	0.01
2025.11.04	23:36:00	3934.30500	3934.71500	3933.88500	3934.23500	0.01
2025.11.04	23:37:00	3934.23500	3935.39500	3934.21500	3934.91500	0.01
2025.11.04	23:38:00	3934.94500	3935.23500	3934.46500	3934.53500	0.01
2025.11.04	23:39:00	3934.29800	3935.20500	3933.61500	3935.20500	0.01
2025.11.04	23:40:00	3935.22500	3936.40500	3935.17500	3936.40500	0.01
2025.11.04	23:41:00	3936.47500	3937.02500	3936.47500	3936.95500	0.01
2025.11.04	23:42:00	3937.00500	3937.71500	3936.77500	3937.71500	0.01
2025.11.04	23:43:00	3937.68500	3938.38500	3937.36500	3938.16500	0.01
2025.11.04	23:44:00	3938.19500	3938.20500	3937.47500	3937.81500	0.01
2025.11.04	23:45:00	3937.55800	3937.55800	3933.64500	3935.80500	0.02
2025.11.04	23:46:00	3935.75500	3936.82500	3935.72500	3935.95500	0.01
2025.11.04	23:47:00	3935.98500	3936.19500	3933.98500	3933.98500	0.02
2025.11.04	23:48:00	3933.98500	3934.95500	3933.22500	3933.50500	0.02
2025.11.04	23:49:00	3933.52500	3933.79500	3930.69500	3931.63500	0.02
2025.11.04	23:50:00	3931.80500	3934.81500	3931.33500	3934.81500	0.02
2025.11.04	23:51:00	3934.85500	3935.58500	3934.30500	3935.58500	0.01
2025.11.04	23:52:00	3935.89500	3937.44500	3935.21500	3937.26500	0.01
2025.11.04	23:53:00	3937.29500	3937.46500	3935.23500	3935.60500	0.01
2025.11.04	23:54:00	3935.66800	3935.66800	3934.07500	3934.31500	0.01
2025.11.04	23:55:00	3934.40500	3934.52500	3933.08500	3933.45500	0.01
2025.11.04	23:56:00	3933.43500	3934.01500	3932.60500	3933.92500	0.01
2025.11.04	23:57:00	3934.00500	3936.76500	3934.00500	3935.98500	0.01
2025.11.04	23:58:00	3936.40500	3936.67500	3934.63500	3935.09500	0.01
2025.11.04	23:59:00	3935.08500	3935.28500	3933.91500	3934.32800	0.02
2025.11.05	00:00:00	3934.32500	3934.94500	3932.74500	3934.27500	0.03
2025.11.05	00:01:00	3934.26500	3936.44800	3934.26500	3935.90500	0.02
2025.11.05	00:02:00	3935.98500	3937.82500	3935.26500	3937.82500	0.03
2025.11.05	00:03:00	3937.88500	3938.98800	3937.51800	3938.98800	0.02
2025.11.05	00:04:00	3939.03800	3941.27500	3937.82500	3941.25500	0.03
2025.11.05	00:05:00	3941.31500	3942.70500	3940.18500	3940.37500	0.03
2025.11.05	00:06:00	3940.78500	3940.88500	3937.71500	3937.71500	0.02
2025.11.05	00:07:00	3937.81500	3939.70500	3937.18500	3939.70500	0.02
2025.11.05	00:08:00	3939.71500	3941.05500	3938.49500	3938.57500	0.02
2025.11.05	00:09:00	3938.50500	3938.56500	3936.50500	3936.94500	0.02
2025.11.05	00:10:00	3936.94500	3937.19500	3936.07500	3936.92500	0.02
2025.11.05	00:11:00	3936.93500	3937.04500	3935.63500	3935.97500	0.01
2025.11.05	00:12:00	3936.01500	3936.90500	3934.64500	3936.63800	0.02
2025.11.05	00:13:00	3936.62500	3938.21500	3936.61500	3937.82500	0.01
2025.11.05	00:14:00	3938.16500	3940.22500	3938.11500	3939.75500	0.01
2025.11.05	00:15:00	3939.77500	3941.75500	3939.77500	3941.65500	0.02
2025.11.05	00:16:00	3941.68500	3942.25500	3939.64500	3939.64500	0.02
2025.11.05	00:17:00	3939.62500	3940.53500	3938.76500	3939.93500	0.02
2025.11.05	00:18:00	3939.98500	3940.47500	3938.90500	3940.41500	0.02
2025.11.05	00:19:00	3940.41500	3942.10500	3940.25500	3941.21500	0.02
2025.11.05	00:20:00	3941.23500	3941.79500	3939.80500	3940.44500	0.03
2025.11.05	00:21:00	3940.39500	3941.39500	3940.02500	3940.64500	0.02
2025.11.05	00:22:00	3940.64500	3941.89500	3940.40500	3941.74500	0.01
2025.11.05	00:23:00	3941.70500	3941.94500	3939.86500	3940.12500	0.02
2025.11.05	00:24:00	3940.15500	3940.35500	3937.99500	3938.10500	0.02
2025.11.05	00:25:00	3938.08500	3938.88500	3935.96500	3936.31500	0.02
2025.11.05	00:26:00	3936.34500	3936.57500	3934.21500	3936.56500	0.02
2025.11.05	00:27:00	3936.16500	3936.68500	3935.55500	3936.43500	0.01
2025.11.05	00:28:00	3936.45500	3936.54500	3935.22500	3935.83500	0.01
2025.11.05	00:29:00	3935.80500	3938.59500	3935.04500	3938.48500	0.01
2025.11.05	00:30:00	3938.52500	3938.86500	3937.25500	3938.51500	0.02
2025.11.05	00:31:00	3938.48500	3939.46500	3937.16500	3939.41500	0.02
2025.11.05	00:32:00	3939.46500	3939.46500	3937.41500	3937.41500	0.02
2025.11.05	00:33:00	3937.44500	3939.01500	3936.60500	3936.63500	0.03
2025.11.05	00:34:00	3936.66500	3936.95500	3935.50500	3936.94500	0.03
2025.11.05	00:35:00	3936.96500	3937.34500	3935.73500	3936.45500	0.03
2025.11.05	00:36:00	3936.40500	3936.90500	3935.41500	3935.50500	0.02
2025.11.05	00:37:00	3935.46500	3935.53500	3932.26500	3932.46500	0.03
2025.11.05	00:38:00	3932.46500	3935.92500	3932.19500	3935.92500	0.04
2025.11.05	00:39:00	3935.73500	3935.93500	3933.81500	3934.25500	0.03
2025.11.05	00:40:00	3934.23500	3934.29500	3931.59500	3932.15500	0.03
2025.11.05	00:41:00	3932.23500	3933.57500	3929.92500	3933.41500	0.04
2025.11.05	00:42:00	3933.48500	3934.42500	3930.96500	3931.61500	0.04
2025.11.05	00:43:00	3931.57500	3933.00500	3930.68500	3933.00500	0.03
2025.11.05	00:44:00	3933.03500	3933.22500	3930.90500	3931.38500	0.02
2025.11.05	00:45:00	3931.40500	3931.70500	3929.64800	3930.89500	0.03
2025.11.05	00:46:00	3930.85500	3934.27500	3930.79500	3934.27500	0.02
2025.11.05	00:47:00	3934.30500	3937.05500	3934.30500	3935.09500	0.03
2025.11.05	00:48:00	3935.15500	3937.61500	3935.03500	3937.02500	0.03
2025.11.05	00:49:00	3937.04500	3937.55500	3934.80500	3934.81500	0.03
2025.11.05	00:50:00	3934.79500	3934.90500	3933.18800	3934.29800	0.04
2025.11.05	00:51:00	3934.39800	3934.99800	3933.05500	3933.09500	0.03
2025.11.05	00:52:00	3933.07500	3934.60500	3932.49800	3934.14500	0.02
2025.11.05	00:53:00	3934.16500	3935.84800	3933.95500	3934.79800	0.03
2025.11.05	00:54:00	3934.89800	3934.89800	3933.79800	3934.59800	0.03
2025.11.05	00:55:00	3934.59800	3935.59800	3932.64800	3933.11500	0.03
2025.11.05	00:56:00	3933.04800	3934.74800	3932.94800	3934.44800	0.03
2025.11.05	00:57:00	3934.44800	3936.24800	3934.44800	3936.24800	0.03
2025.11.05	00:58:00	3936.38500	3937.04800	3934.40500	3936.74800	0.04
2025.11.05	00:59:00	3936.84800	3939.45500	3936.72500	3939.45500	0.04
2025.11.05	01:00:00	3939.63500	3942.14800	3938.64800	3941.65500	0.10
2025.11.05	01:01:00	3941.60500	3941.95500	3937.96500	3938.83500	0.05
2025.11.05	01:02:00	3938.43500	3940.04500	3936.93500	3940.02500	0.03
2025.11.05	01:03:00	3940.05500	3941.68500	3939.85500	3941.24500	0.04
2025.11.05	01:04:00	3941.30500	3943.74500	3940.55500	3943.74500	0.03
2025.11.05	01:05:00	3943.73500	3944.19500	3941.09500	3941.48500	0.03
2025.11.05	01:06:00	3941.43500	3942.77500	3940.62500	3940.68500	0.02
2025.11.05	01:07:00	3940.71500	3942.51500	3939.35500	3942.51500	0.02
2025.11.05	01:08:00	3942.49500	3944.20500	3942.30500	3943.76500	0.03
2025.11.05	01:09:00	3943.73500	3944.63500	3942.46500	3942.46500	0.03
2025.11.05	01:10:00	3942.43500	3943.33500	3940.60500	3940.89500	0.03
2025.11.05	01:11:00	3940.95500	3942.84500	3940.47500	3941.78500	0.03
2025.11.05	01:12:00	3941.74500	3944.17500	3941.68500	3943.82500	0.04
2025.11.05	01:13:00	3943.81500	3944.88500	3942.96500	3943.19500	0.02
2025.11.05	01:14:00	3943.22500	3943.78500	3942.72500	3942.91500	0.02
2025.11.05	01:15:00	3942.93500	3942.93500	3940.54500	3941.82500	0.03
2025.11.05	01:16:00	3941.78500	3941.84500	3938.18500	3939.23500	0.03
2025.11.05	01:17:00	3939.31500	3940.86500	3939.06500	3940.80500	0.03
2025.11.05	01:18:00	3940.77500	3941.22500	3939.25500	3940.59500	0.03
2025.11.05	01:19:00	3940.50500	3940.98500	3938.59500	3939.11500	0.03
2025.11.05	01:20:00	3939.14500	3942.66500	3938.34500	3942.66500	0.02
2025.11.05	01:21:00	3942.64500	3944.07500	3942.55500	3943.63500	0.02
2025.11.05	01:22:00	3943.61500	3943.71500	3941.59500	3942.53500	0.02
2025.11.05	01:23:00	3942.48500	3943.84500	3942.32500	3942.93500	0.02
2025.11.05	01:24:00	3942.89500	3944.56500	3942.86500	3944.18500	0.02
2025.11.05	01:25:00	3944.33500	3947.72500	3944.10500	3946.65500	0.04
2025.11.05	01:26:00	3946.63500	3946.99500	3945.68500	3946.58500	0.03
2025.11.05	01:27:00	3946.62500	3948.34500	3946.57500	3947.20500	0.03
2025.11.05	01:28:00	3947.27500	3947.59500	3946.06500	3946.58500	0.02
2025.11.05	01:29:00	3946.59500	3946.97500	3945.31500	3946.12500	0.03
2025.11.05	01:30:00	3946.00500	3947.12500	3945.72500	3947.12500	0.03
2025.11.05	01:31:00	3947.10500	3948.30500	3945.41500	3946.17500	0.03
2025.11.05	01:32:00	3946.14500	3947.33500	3944.61500	3946.43500	0.03
2025.11.05	01:33:00	3946.41500	3947.19500	3944.81500	3945.14500	0.03
2025.11.05	01:34:00	3945.10500	3945.78500	3942.91500	3943.30500	0.03
2025.11.05	01:35:00	3943.31500	3946.02500	3943.31500	3945.17500	0.04
2025.11.05	01:36:00	3945.20500	3947.38500	3945.20500	3946.18500	0.03
2025.11.05	01:37:00	3946.20500	3947.43500	3945.20500	3945.20500	0.03
2025.11.05	01:38:00	3945.15500	3946.04500	3944.49500	3945.02500	0.03
2025.11.05	01:39:00	3945.18500	3946.36500	3944.65500	3945.30500	0.03
2025.11.05	01:40:00	3945.20500	3947.48500	3944.83500	3947.04500	0.03
2025.11.05	01:41:00	3947.01500	3949.24500	3947.01500	3948.04500	0.03
2025.11.05	01:42:00	3948.08500	3948.24500	3946.06500	3946.72500	0.03
2025.11.05	01:43:00	3946.70500	3947.46500	3945.54500	3945.83500	0.03
2025.11.05	01:44:00	3945.88500	3946.30500	3943.17500	3943.17500	0.03
2025.11.05	01:45:00	3942.96500	3943.25500	3941.54500	3941.93500	0.03
2025.11.05	01:46:00	3941.90500	3942.52500	3938.91500	3938.91500	0.02
2025.11.05	01:47:00	3938.94500	3941.16500	3937.75500	3938.44500	0.03
2025.11.05	01:48:00	3938.35500	3939.10500	3936.52500	3938.31500	0.04
2025.11.05	01:49:00	3938.28500	3941.20500	3938.00500	3940.99500	0.03
2025.11.05	01:50:00	3940.97500	3940.98500	3937.65500	3938.09500	0.02
2025.11.05	01:51:00	3938.08500	3938.34500	3936.38500	3937.54500	0.02
2025.11.05	01:52:00	3937.47500	3939.26500	3936.65500	3938.92500	0.03
2025.11.05	01:53:00	3938.96500	3939.30500	3935.99500	3937.06500	0.02
2025.11.05	01:54:00	3936.88500	3936.91500	3935.72500	3936.44500	0.02
2025.11.05	01:55:00	3936.42500	3936.44500	3934.25500	3936.00500	0.03
2025.11.05	01:56:00	3935.99500	3938.60500	3935.97500	3938.60500	0.02
2025.11.05	01:57:00	3938.66500	3940.35500	3938.66500	3940.24500	0.02
2025.11.05	01:58:00	3940.26500	3940.69500	3938.04500	3938.10500	0.02
2025.11.05	01:59:00	3938.05500	3938.99500	3936.20500	3936.81500	0.02
2025.11.05	02:00:00	3936.78500	3938.68500	3936.48500	3937.96500	0.03
2025.11.05	02:01:00	3937.93500	3940.38500	3937.93500	3939.31500	0.02
2025.11.05	02:02:00	3939.34500	3939.66500	3937.85500	3937.87500	0.02
2025.11.05	02:03:00	3937.83500	3937.87500	3935.46500	3935.57500	0.02
2025.11.05	02:04:00	3935.55500	3937.07500	3935.38500	3936.83500	0.03
2025.11.05	02:05:00	3936.81500	3939.92500	3936.63500	3939.92500	0.03
2025.11.05	02:06:00	3939.88500	3941.27500	3938.48500	3940.65500	0.03
2025.11.05	02:07:00	3940.63500	3943.92500	3940.58500	3943.53500	0.03
2025.11.05	02:08:00	3943.54500	3945.04500	3941.74500	3941.95500	0.04
2025.11.05	02:09:00	3941.92500	3942.96500	3939.23500	3940.67500	0.02
2025.11.05	02:10:00	3940.75800	3941.66500	3939.24500	3940.50500	0.02
2025.11.05	02:11:00	3940.53500	3941.71500	3940.25500	3940.94500	0.02
2025.11.05	02:12:00	3940.97500	3941.18500	3939.90500	3940.33500	0.01
2025.11.05	02:13:00	3940.33500	3942.08500	3940.19500	3941.74500	0.01
2025.11.05	02:14:00	3941.65500	3942.52500	3941.58500	3941.91500	0.02
2025.11.05	02:15:00	3941.90500	3941.96500	3939.98500	3940.00500	0.02
2025.11.05	02:16:00	3939.96500	3940.97500	3939.33500	3939.45500	0.03
2025.11.05	02:17:00	3939.51500	3939.88500	3938.11500	3938.62500	0.03
2025.11.05	02:18:00	3938.34500	3938.89500	3937.87500	3938.72500	0.02
2025.11.05	02:19:00	3938.69500	3939.50500	3938.17500	3939.49500	0.02
2025.11.05	02:20:00	3939.48500	3939.75500	3938.18500	3938.80500	0.03
2025.11.05	02:21:00	3938.79500	3939.25500	3938.66500	3939.03500	0.02
2025.11.05	02:22:00	3939.00500	3939.00500	3937.86500	3937.87500	0.02
2025.11.05	02:23:00	3937.87500	3937.95500	3936.11500	3937.85500	0.02
2025.11.05	02:24:00	3937.83500	3938.40500	3936.46500	3938.39500	0.02
2025.11.05	02:25:00	3938.37500	3938.99500	3937.54500	3937.64500	0.03
2025.11.05	02:26:00	3937.67500	3937.67500	3936.86500	3937.06500	0.01
2025.11.05	02:27:00	3937.03500	3937.90500	3937.00500	3937.07500	0.01
2025.11.05	02:28:00	3936.98500	3938.15500	3936.74500	3938.13500	0.01
2025.11.05	02:29:00	3938.11500	3938.62500	3937.62500	3937.87500	0.02
2025.11.05	02:30:00	3937.87500	3939.54500	3937.87500	3938.84500	0.03
2025.11.05	02:31:00	3938.81500	3940.86500	3938.81500	3940.07500	0.02
2025.11.05	02:32:00	3940.11500	3942.77500	3940.11500	3942.73500	0.02
2025.11.05	02:33:00	3942.77500	3942.80500	3941.64500	3942.57500	0.04
2025.11.05	02:34:00	3942.62800	3942.82500	3941.37500	3942.76500	0.02
2025.11.05	02:35:00	3942.78500	3943.73500	3942.58500	3943.03500	0.02
2025.11.05	02:36:00	3943.05500	3946.66500	3943.00500	3946.54500	0.04
2025.11.05	02:37:00	3946.57500	3948.73500	3946.20500	3948.15500	0.05
2025.11.05	02:38:00	3948.30500	3948.60500	3946.46500	3946.78500	0.03
2025.11.05	02:39:00	3946.76500	3947.64500	3944.59800	3945.17500	0.04
2025.11.05	02:40:00	3945.32500	3946.03500	3944.85500	3945.06500	0.06
2025.11.05	02:41:00	3945.05500	3947.19500	3944.98500	3947.19500	0.05
2025.11.05	02:42:00	3947.17500	3948.14800	3946.14800	3946.14800	0.04
2025.11.05	02:43:00	3946.19500	3946.64800	3945.34800	3945.87500	0.04
2025.11.05	02:44:00	3945.84500	3946.24800	3944.24500	3944.81500	0.04
2025.11.05	02:45:00	3944.84800	3947.19800	3944.77500	3947.03500	0.04
2025.11.05	02:46:00	3947.06500	3947.20500	3945.49500	3945.94500	0.02
2025.11.05	02:47:00	3946.00500	3947.25500	3945.49500	3946.77500	0.02
2025.11.05	02:48:00	3946.80500	3949.28500	3946.60500	3949.03500	0.02
2025.11.05	02:49:00	3949.08500	3949.31500	3947.53500	3947.88500	0.03
2025.11.05	02:50:00	3947.91500	3948.66500	3947.36500	3947.83500	0.02
2025.11.05	02:51:00	3947.81500	3948.29500	3947.13500	3947.21500	0.02
2025.11.05	02:52:00	3947.19500	3947.74500	3946.41500	3947.70500	0.03
2025.11.05	02:53:00	3947.73500	3948.57500	3947.21500	3948.07500	0.03
2025.11.05	02:54:00	3948.13500	3948.35500	3946.16500	3947.83500	0.03
2025.11.05	02:55:00	3947.83500	3950.54500	3947.40500	3950.04500	0.03
2025.11.05	02:56:00	3950.03500	3950.77500	3948.67500	3949.12500	0.03
2025.11.05	02:57:00	3949.09500	3949.59500	3948.45500	3948.88500	0.01
2025.11.05	02:58:00	3948.90500	3950.24500	3948.39500	3949.87500	0.02
2025.11.05	02:59:00	3949.85500	3949.85500	3948.15500	3948.34500	0.02
2025.11.05	03:00:00	3948.31500	3948.89500	3947.33500	3948.29500	0.02
2025.11.05	03:01:00	3948.31500	3950.14500	3947.80500	3949.37500	0.02
2025.11.05	03:02:00	3949.34500	3949.97500	3949.00500	3949.89500	0.02
2025.11.05	03:03:00	3949.87500	3952.94500	3949.87500	3951.78500	0.02
2025.11.05	03:04:00	3951.74500	3951.98500	3950.60500	3951.89500	0.02
2025.11.05	03:05:00	3951.86500	3954.23500	3951.86500	3953.47500	0.03
2025.11.05	03:06:00	3953.60500	3954.91500	3952.85500	3954.87500	0.03
2025.11.05	03:07:00	3954.85500	3954.93500	3952.65500	3953.02500	0.03
2025.11.05	03:08:00	3952.98500	3954.52500	3952.89500	3952.89500	0.02
2025.11.05	03:09:00	3952.93500	3953.87500	3952.49500	3953.55500	0.03
2025.11.05	03:10:00	3953.57500	3954.95500	3953.38500	3954.89500	0.02
2025.11.05	03:11:00	3954.87500	3955.55500	3953.91500	3954.19500	0.02
2025.11.05	03:12:00	3954.17500	3954.28500	3952.32500	3952.36500	0.02
2025.11.05	03:13:00	3952.38500	3953.15500	3952.20500	3952.79500	0.02
2025.11.05	03:14:00	3952.77500	3953.12500	3952.54500	3952.74500	0.01
2025.11.05	03:15:00	3952.72500	3953.70500	3952.57500	3952.97500	0.02
2025.11.05	03:16:00	3953.00500	3954.40500	3952.93500	3954.11500	0.02
2025.11.05	03:17:00	3954.13500	3955.13500	3953.38500	3953.53500	0.02
2025.11.05	03:18:00	3953.51500	3954.62500	3953.51500	3954.44500	0.01
2025.11.05	03:19:00	3954.48500	3955.39500	3954.17500	3955.39500	0.01
2025.11.05	03:20:00	3955.42500	3956.08500	3954.81500	3955.21500	0.02
2025.11.05	03:21:00	3955.18500	3955.23500	3953.74500	3953.95500	0.02
2025.11.05	03:22:00	3953.92500	3954.33500	3953.51500	3953.66500	0.01
2025.11.05	03:23:00	3953.57500	3954.29500	3953.09500	3953.45500	0.01
2025.11.05	03:24:00	3953.48500	3954.87500	3953.46500	3954.30500	0.01
2025.11.05	03:25:00	3954.26500	3954.64500	3953.70500	3954.49500	0.02
2025.11.05	03:26:00	3954.46500	3954.51500	3953.51500	3953.90500	0.01
2025.11.05	03:27:00	3953.88500	3955.41500	3953.79500	3954.30500	0.02
2025.11.05	03:28:00	3954.15500	3954.21500	3952.68500	3952.75500	0.02
2025.11.05	03:29:00	3952.78500	3953.93500	3952.62500	3952.91500	0.02
2025.11.05	03:30:00	3952.93500	3953.40500	3951.76500	3952.53500	0.01
2025.11.05	03:31:00	3952.57500	3954.60500	3952.57500	3954.35500	0.01
2025.11.05	03:32:00	3954.33500	3955.65500	3954.31500	3954.93500	0.02
2025.11.05	03:33:00	3954.96500	3955.42500	3954.55500	3955.39500	0.01
2025.11.05	03:34:00	3955.41500	3956.81500	3955.41500	3956.77500	0.03
2025.11.05	03:35:00	3956.73500	3957.26500	3955.51500	3955.75500	0.02
2025.11.05	03:36:00	3955.78500	3956.76500	3955.71500	3956.76500	0.01
2025.11.05	03:37:00	3956.76500	3958.41500	3956.51500	3958.33500	0.02
2025.11.05	03:38:00	3958.29500	3958.37500	3956.15500	3956.78500	0.02
2025.11.05	03:39:00	3956.73500	3957.49500	3956.48500	3956.93500	0.01
2025.11.05	03:40:00	3956.87500	3958.11500	3956.62500	3957.68500	0.01
2025.11.05	03:41:00	3957.71500	3958.05500	3957.36500	3957.75500	0.01
2025.11.05	03:42:00	3957.67500	3957.69500	3956.13500	3956.83500	0.02
2025.11.05	03:43:00	3956.57500	3957.35500	3956.57500	3957.35500	0.01
2025.11.05	03:44:00	3957.37500	3959.34500	3957.18500	3958.84500	0.02
2025.11.05	03:45:00	3958.99800	3961.13500	3958.99500	3960.91500	0.03
2025.11.05	03:46:00	3960.95500	3961.88500	3960.35500	3960.40500	0.02
2025.11.05	03:47:00	3960.37500	3961.90500	3959.96500	3961.60500	0.02
2025.11.05	03:48:00	3961.63500	3963.98500	3961.63500	3963.73500	0.02
2025.11.05	03:49:00	3963.75500	3964.99500	3963.75500	3964.53500	0.02
2025.11.05	03:50:00	3964.51500	3964.53500	3962.39800	3962.40500	0.02
2025.11.05	03:51:00	3962.40500	3962.99500	3961.69500	3962.26500	0.03
2025.11.05	03:52:00	3962.29500	3962.88500	3961.99500	3961.99500	0.02
2025.11.05	03:53:00	3961.96500	3962.08500	3960.72500	3960.76500	0.02
2025.11.05	03:54:00	3960.79500	3961.81500	3960.71500	3961.32500	0.02
2025.11.05	03:55:00	3961.34500	3962.27500	3961.29500	3962.21500	0.01
2025.11.05	03:56:00	3962.18500	3963.69500	3962.18500	3962.52500	0.01
2025.11.05	03:57:00	3962.49500	3962.51500	3961.87500	3962.15500	0.01
2025.11.05	03:58:00	3962.13500	3962.13500	3960.60500	3960.75500	0.01
2025.11.05	03:59:00	3960.74500	3961.06500	3960.56500	3960.56500	0.01
2025.11.05	04:00:00	3960.45900	3960.72500	3959.87500	3960.72500	0.01
2025.11.05	04:01:00	3960.72800	3960.98500	3960.21500	3960.35500	0.01
2025.11.05	04:02:00	3960.38500	3960.78500	3960.18500	3960.65500	0.01
2025.11.05	04:03:00	3960.68500	3960.85500	3959.73500	3960.85500	0.02
2025.11.05	04:04:00	3960.83500	3960.83500	3959.61500	3959.74500	0.01
2025.11.05	04:05:00	3959.72500	3960.18500	3959.60500	3959.67500	0.01
2025.11.05	04:06:00	3959.69500	3960.45500	3959.58500	3960.26500	0.01
2025.11.05	04:07:00	3960.29800	3961.68500	3960.27500	3961.04800	0.02
2025.11.05	04:08:00	3960.97500	3961.82500	3960.54500	3961.29800	0.01
2025.11.05	04:09:00	3961.49800	3961.85500	3961.15500	3961.75500	0.01
2025.11.05	04:10:00	3961.77500	3963.28500	3961.77500	3962.66800	0.02
2025.11.05	04:11:00	3962.67800	3963.25500	3962.28500	3963.25500	0.01
2025.11.05	04:12:00	3963.23500	3964.55500	3962.77500	3962.96500	0.02
2025.11.05	04:13:00	3962.95500	3963.88500	3962.40500	3962.40500	0.01
2025.11.05	04:14:00	3962.42500	3962.61500	3961.14500	3961.55500	0.01
2025.11.05	04:15:00	3961.58500	3961.79500	3960.83500	3961.00500	0.02
2025.11.05	04:16:00	3961.02500	3961.07500	3960.00500	3960.13500	0.02
2025.11.05	04:17:00	3960.17500	3960.72500	3959.88500	3960.40500	0.01
2025.11.05	04:18:00	3960.45500	3960.80500	3959.92500	3960.73500	0.01
2025.11.05	04:19:00	3960.75500	3961.28500	3960.70500	3961.23500	0.01
2025.11.05	04:20:00	3961.21500	3962.36500	3961.07500	3962.11500	0.01
2025.11.05	04:21:00	3962.13500	3962.27500	3960.86500	3961.26500	0.01
2025.11.05	04:22:00	3961.23500	3962.38500	3961.18500	3962.38500	0.01
2025.11.05	04:23:00	3962.41500	3962.68500	3961.92500	3962.59500	0.01
2025.11.05	04:24:00	3962.62500	3962.94500	3962.31500	3962.41500	0.01
2025.11.05	04:25:00	3962.39500	3963.18500	3962.28500	3962.64500	0.01
2025.11.05	04:26:00	3962.67500	3963.26500	3962.10500	3963.06500	0.01
2025.11.05	04:27:00	3963.08500	3964.09500	3963.00500	3963.43500	0.01
2025.11.05	04:28:00	3963.39500	3963.50500	3962.43800	3962.94800	0.01
2025.11.05	04:29:00	3962.96800	3963.32500	3962.79500	3963.28500	0.01
2025.11.05	04:30:00	3963.50900	3964.42500	3963.23500	3964.25500	0.01
2025.11.05	04:31:00	3964.28500	3965.73500	3963.70500	3965.57500	0.03
2025.11.05	04:32:00	3965.62500	3967.96500	3965.51500	3967.81500	0.04
2025.11.05	04:33:00	3967.85500	3967.86500	3967.01500	3967.12500	0.02
2025.11.05	04:34:00	3967.15500	3967.87500	3966.82500	3967.32500	0.02
2025.11.05	04:35:00	3967.39500	3968.79500	3967.33500	3968.76500	0.01
2025.11.05	04:36:00	3968.73500	3968.85500	3968.11500	3968.20500	0.02
2025.11.05	04:37:00	3968.57500	3969.12500	3968.26500	3968.91500	0.01
2025.11.05	04:38:00	3968.85500	3969.39800	3968.85500	3969.29800	0.01
2025.11.05	04:39:00	3969.29800	3969.44800	3968.15500	3969.14800	0.02
2025.11.05	04:40:00	3969.15500	3970.04500	3968.45500	3969.64500	0.03
2025.11.05	04:41:00	3969.66500	3971.09800	3969.15500	3970.49800	0.03
2025.11.05	04:42:00	3970.49800	3971.62500	3970.29500	3971.54500	0.02
2025.11.05	04:43:00	3971.58500	3971.81500	3970.11500	3970.49500	0.02
2025.11.05	04:44:00	3970.48500	3971.37500	3969.35500	3971.05500	0.02
2025.11.05	04:45:00	3971.02500	3972.42500	3970.42500	3972.41500	0.02
2025.11.05	04:46:00	3972.41500	3973.47500	3971.76500	3972.60500	0.03
2025.11.05	04:47:00	3972.63500	3973.05500	3970.04500	3970.40500	0.02
2025.11.05	04:48:00	3970.37500	3971.63500	3970.12500	3970.52500	0.02
2025.11.05	04:49:00	3970.50500	3970.86500	3969.20500	3969.37500	0.02
2025.11.05	04:50:00	3969.34500	3969.76500	3968.93500	3969.45800	0.01
2025.11.05	04:51:00	3969.45800	3970.46500	3969.27500	3970.33500	0.01
2025.11.05	04:52:00	3970.26500	3970.29800	3969.73500	3969.95500	0.01
2025.11.05	04:53:00	3969.97500	3970.31500	3969.44500	3969.60500	0.01
2025.11.05	04:54:00	3969.64500	3970.22500	3968.61500	3969.69500	0.01
2025.11.05	04:55:00	3969.71500	3969.79500	3969.15500	3969.39500	0.01
2025.11.05	04:56:00	3969.42500	3969.89500	3968.35500	3968.35500	0.01
2025.11.05	04:57:00	3968.32500	3969.03500	3967.27800	3968.73500	0.02
2025.11.05	04:58:00	3968.73500	3968.90500	3967.94500	3968.80500	0.03
2025.11.05	04:59:00	3968.83500	3970.76500	3968.56500	3970.06500	0.03
2025.11.05	05:00:00	3970.08500	3971.12500	3969.47500	3969.58500	0.01
2025.11.05	05:01:00	3969.56500	3970.50500	3969.56500	3970.50500	0.01
2025.11.05	05:02:00	3970.46500	3970.46500	3969.69500	3970.03500	0.01
2025.11.05	05:03:00	3970.06500	3970.28500	3968.30500	3968.41800	0.03
2025.11.05	05:04:00	3968.46500	3968.60500	3967.85500	3967.96800	0.03
2025.11.05	05:05:00	3967.93800	3967.99800	3967.16500	3967.16500	0.03
2025.11.05	05:06:00	3967.19500	3967.62500	3966.78500	3967.38500	0.02
2025.11.05	05:07:00	3967.41500	3970.21500	3967.30500	3970.19500	0.03
2025.11.05	05:08:00	3970.17500	3971.10500	3970.17500	3970.75500	0.02
2025.11.05	05:09:00	3970.73500	3970.76500	3969.53500	3970.22500	0.01
2025.11.05	05:10:00	3970.29800	3971.51500	3969.91500	3971.24500	0.01
2025.11.05	05:11:00	3971.27500	3971.63500	3970.47500	3970.56500	0.01
2025.11.05	05:12:00	3970.49500	3971.96500	3970.45500	3971.48500	0.01
2025.11.05	05:13:00	3971.50500	3971.77500	3971.24500	3971.59500	0.01
2025.11.05	05:14:00	3971.56500	3971.65500	3970.85500	3970.85500	0.01
2025.11.05	05:15:00	3970.88500	3971.38500	3970.28500	3970.60500	0.01
2025.11.05	05:16:00	3970.58500	3970.94500	3970.50500	3970.60500	0.01
2025.11.05	05:17:00	3970.62500	3974.99500	3970.12500	3974.43500	0.03
2025.11.05	05:18:00	3974.39500	3974.70500	3973.21500	3973.31500	0.02
2025.11.05	05:19:00	3973.33500	3974.40500	3973.25500	3974.09500	0.01
2025.11.05	05:20:00	3974.05500	3974.50500	3973.93500	3974.20500	0.01
2025.11.05	05:21:00	3974.14500	3974.31500	3973.76500	3974.14500	0.01
2025.11.05	05:22:00	3974.16500	3974.78500	3974.16500	3974.57500	0.01
2025.11.05	05:23:00	3974.64800	3975.35500	3974.60500	3975.10500	0.01
2025.11.05	05:24:00	3975.47500	3975.99500	3974.56500	3975.10500	0.01
2025.11.05	05:25:00	3975.07500	3975.75500	3974.80500	3975.65500	0.01
2025.11.05	05:26:00	3975.62500	3976.17500	3974.98500	3975.39500	0.02
2025.11.05	05:27:00	3975.41500	3976.38500	3975.14500	3976.26500	0.02
2025.11.05	05:28:00	3976.29500	3978.34500	3976.22500	3977.48500	0.03
2025.11.05	05:29:00	3977.50500	3977.50500	3975.31800	3975.48500	0.02
2025.11.05	05:30:00	3975.25800	3975.67500	3972.90500	3974.61500	0.05
2025.11.05	05:31:00	3974.64500	3975.32500	3973.14500	3974.25500	0.04
2025.11.05	05:32:00	3974.21500	3974.69500	3972.87500	3974.49500	0.02
2025.11.05	05:33:00	3974.46500	3975.28500	3972.52500	3972.53500	0.03
2025.11.05	05:34:00	3972.55500	3974.89500	3972.55500	3974.79500	0.02
2025.11.05	05:35:00	3974.82500	3975.15500	3973.10500	3973.15500	0.03
2025.11.05	05:36:00	3973.11500	3973.11500	3971.48500	3971.51500	0.03
2025.11.05	05:37:00	3971.54500	3972.49500	3970.88500	3971.57500	0.03
2025.11.05	05:38:00	3971.53500	3972.12500	3971.04500	3971.17500	0.02
2025.11.05	05:39:00	3971.23500	3971.45500	3970.31500	3970.42500	0.02
2025.11.05	05:40:00	3970.44500	3970.53500	3969.14800	3970.43500	0.02
2025.11.05	05:41:00	3970.45500	3970.69800	3969.00500	3969.00500	0.02
2025.11.05	05:42:00	3968.98500	3969.65500	3968.93800	3969.34500	0.02
2025.11.05	05:43:00	3969.22800	3970.57500	3969.16500	3969.68500	0.03
2025.11.05	05:44:00	3969.71500	3970.09500	3968.84800	3969.64500	0.02
2025.11.05	05:45:00	3969.61500	3969.63500	3967.00500	3967.02500	0.04
2025.11.05	05:46:00	3967.05500	3967.40500	3965.28500	3965.56500	0.03
2025.11.05	05:47:00	3965.60500	3966.97500	3965.25500	3965.53500	0.03
2025.11.05	05:48:00	3965.48500	3965.58500	3962.69500	3964.07500	0.04
2025.11.05	05:49:00	3964.10500	3966.17500	3963.27800	3964.44500	0.03
2025.11.05	05:50:00	3964.31500	3964.98500	3964.11500	3964.25500	0.03
2025.11.05	05:51:00	3964.17500	3964.93500	3963.37500	3964.49500	0.02
2025.11.05	05:52:00	3964.44500	3964.57500	3962.70500	3963.50500	0.02
2025.11.05	05:53:00	3963.49500	3964.36500	3963.25500	3964.36500	0.02
2025.11.05	05:54:00	3964.38500	3965.09500	3964.06500	3965.09500	0.02
2025.11.05	05:55:00	3965.12500	3965.29500	3963.74500	3963.92500	0.02
2025.11.05	05:56:00	3963.90500	3963.90500	3962.19800	3962.23500	0.02
2025.11.05	05:57:00	3962.39800	3963.95500	3961.64800	3963.84500	0.03
2025.11.05	05:58:00	3963.86500	3963.93500	3962.40500	3962.41500	0.02
2025.11.05	05:59:00	3962.39500	3964.65500	3962.30500	3964.65500	0.02
2025.11.05	06:00:00	3964.67500	3967.32500	3963.66500	3967.22500	0.03
2025.11.05	06:01:00	3967.18500	3967.48500	3964.74500	3967.31500	0.03
2025.11.05	06:02:00	3967.29500	3967.34500	3965.83500	3965.89500	0.02
2025.11.05	06:03:00	3965.94500	3966.16500	3962.81500	3962.95500	0.02
2025.11.05	06:04:00	3962.92500	3966.43500	3961.71500	3966.43500	0.04
2025.11.05	06:05:00	3966.45500	3967.31500	3964.70800	3964.74800	0.03
2025.11.05	06:06:00	3964.78800	3966.52500	3963.42500	3966.46800	0.03
2025.11.05	06:07:00	3966.55800	3967.95500	3965.23500	3967.36500	0.02
2025.11.05	06:08:00	3967.44500	3968.02500	3966.87500	3967.88500	0.02
2025.11.05	06:09:00	3967.86500	3968.61500	3966.22500	3966.54500	0.03
2025.11.05	06:10:00	3966.52500	3968.24500	3966.33500	3967.42500	0.02
2025.11.05	06:11:00	3967.40500	3967.71500	3966.84500	3967.36500	0.01
2025.11.05	06:12:00	3967.39500	3967.39500	3966.06500	3966.12500	0.02
2025.11.05	06:13:00	3966.04500	3966.07500	3965.00000	3965.00000	0.02
2025.11.05	06:14:00	3965.00000	3965.04500	3963.99800	3964.41500	0.01
2025.11.05	06:15:00	3964.44500	3964.89500	3963.43500	3963.59500	0.02
2025.11.05	06:16:00	3963.63500	3965.45500	3963.63500	3965.08500	0.02
2025.11.05	06:17:00	3965.11500	3965.78500	3964.14500	3965.42500	0.02
2025.11.05	06:18:00	3965.45500	3966.71500	3965.40500	3966.49500	0.02
2025.11.05	06:19:00	3966.53500	3966.87500	3966.15500	3966.73500	0.02
2025.11.05	06:20:00	3966.70500	3967.67500	3964.09500	3965.11500	0.03
2025.11.05	06:21:00	3965.13500	3968.57500	3965.11500	3968.56500	0.03
2025.11.05	06:22:00	3968.39500	3968.84500	3965.79500	3966.18500	0.03
2025.11.05	06:23:00	3966.15500	3967.49500	3965.54800	3967.08500	0.02
2025.11.05	06:24:00	3967.10500	3970.22500	3966.96500	3969.93500	0.02
2025.11.05	06:25:00	3969.99500	3969.99500	3968.18500	3968.96500	0.02
2025.11.05	06:26:00	3968.98500	3969.49500	3968.13500	3968.90500	0.02
2025.11.05	06:27:00	3968.92500	3968.97500	3968.17500	3968.36500	0.01
2025.11.05	06:28:00	3968.41500	3968.62500	3967.48500	3967.51500	0.01
2025.11.05	06:29:00	3967.54500	3967.82500	3966.77500	3967.16500	0.02
2025.11.05	06:30:00	3967.20500	3967.87500	3965.16500	3966.06500	0.04
2025.11.05	06:31:00	3966.08500	3967.38500	3965.48500	3966.78500	0.03
2025.11.05	06:32:00	3966.81500	3969.94500	3966.79500	3968.58500	0.02
2025.11.05	06:33:00	3968.56500	3970.08500	3968.18500	3969.77500	0.03
2025.11.05	06:34:00	3969.81500	3971.85500	3969.79500	3971.48500	0.03
2025.11.05	06:35:00	3971.45500	3972.42500	3971.08500	3972.01500	0.02
2025.11.05	06:36:00	3971.99500	3972.73500	3971.47500	3971.67500	0.02
2025.11.05	06:37:00	3971.65500	3971.96500	3970.03500	3970.62500	0.02
2025.11.05	06:38:00	3970.64500	3971.40500	3969.79500	3970.49500	0.02
2025.11.05	06:39:00	3970.47500	3970.84500	3969.09500	3969.44500	0.02
2025.11.05	06:40:00	3969.40500	3971.64500	3969.40500	3971.57500	0.02
2025.11.05	06:41:00	3971.55500	3973.04500	3971.34500	3972.64500	0.02
2025.11.05	06:42:00	3972.67500	3973.12500	3971.94500	3972.81500	0.02
2025.11.05	06:43:00	3972.76500	3973.41500	3971.79500	3971.82500	0.02
2025.11.05	06:44:00	3972.01500	3972.01500	3970.57500	3971.11500	0.02
2025.11.05	06:45:00	3971.08500	3971.08500	3970.04500	3970.16500	0.01
2025.11.05	06:46:00	3970.14500	3971.53500	3970.01500	3970.74500	0.02
2025.11.05	06:47:00	3970.72500	3971.24500	3969.42500	3969.50500	0.01
2025.11.05	06:48:00	3969.55500	3969.72500	3968.94500	3969.27500	0.01
2025.11.05	06:49:00	3969.28500	3969.79500	3968.54500	3969.79500	0.01
2025.11.05	06:50:00	3969.83500	3971.74500	3969.45500	3971.74500	0.02
2025.11.05	06:51:00	3971.71500	3971.74500	3968.89500	3969.40500	0.02
2025.11.05	06:52:00	3969.35500	3969.63500	3968.58500	3969.07500	0.02
2025.11.05	06:53:00	3969.02500	3969.04500	3967.22500	3968.79500	0.03
2025.11.05	06:54:00	3968.74500	3968.78500	3967.64500	3968.67500	0.02
2025.11.05	06:55:00	3968.55500	3968.67500	3966.65500	3966.65500	0.01
2025.11.05	06:56:00	3966.67500	3967.77500	3966.33500	3966.33500	0.02
2025.11.05	06:57:00	3966.36500	3967.12500	3964.96500	3965.08500	0.02
2025.11.05	06:58:00	3965.10500	3966.82500	3964.83500	3966.06500	0.02
2025.11.05	06:59:00	3966.10500	3966.90500	3965.21500	3966.04500	0.02
2025.11.05	07:00:00	3966.09500	3966.74500	3964.94500	3966.67500	0.03
2025.11.05	07:01:00	3966.64500	3966.76500	3964.52500	3964.57500	0.02
2025.11.05	07:02:00	3964.54500	3966.65500	3964.33500	3966.11500	0.03
2025.11.05	07:03:00	3965.95500	3966.71500	3965.11500	3965.43500	0.02
2025.11.05	07:04:00	3965.41500	3966.80500	3965.41500	3965.67500	0.02
2025.11.05	07:05:00	3965.56500	3965.56500	3964.47500	3964.96500	0.02
2025.11.05	07:06:00	3965.00500	3967.13500	3964.89500	3966.42500	0.03
2025.11.05	07:07:00	3966.37500	3966.59500	3963.90500	3963.98500	0.03
2025.11.05	07:08:00	3964.00500	3964.14500	3963.70500	3964.13500	0.01
2025.11.05	07:09:00	3964.25500	3964.83500	3963.84500	3964.28500	0.01
2025.11.05	07:10:00	3964.25500	3967.61500	3964.25500	3965.78500	0.03
2025.11.05	07:11:00	3965.75500	3967.05500	3965.11500	3965.44500	0.02
2025.11.05	07:12:00	3965.42500	3966.31500	3965.26500	3965.69500	0.02
2025.11.05	07:13:00	3965.69500	3966.91500	3965.54800	3965.91500	0.03
2025.11.05	07:14:00	3965.94500	3966.53500	3965.67500	3966.12500	0.01
2025.11.05	07:15:00	3966.11500	3967.82500	3966.08500	3966.91500	0.03
2025.11.05	07:16:00	3966.89500	3968.47500	3965.37500	3967.86500	0.03
2025.11.05	07:17:00	3967.86500	3969.27500	3966.51500	3967.73500	0.03
2025.11.05	07:18:00	3967.71500	3967.71500	3966.42500	3966.67500	0.02
2025.11.05	07:19:00	3966.32500	3966.56500	3965.56500	3965.67500	0.01
2025.11.05	07:20:00	3965.69500	3966.22500	3965.11500	3965.11500	0.01
2025.11.05	07:21:00	3965.06500	3965.48500	3964.55500	3964.80500	0.01
2025.11.05	07:22:00	3964.83500	3965.52500	3963.83500	3964.13500	0.03
2025.11.05	07:23:00	3964.08500	3965.26500	3963.48500	3964.82500	0.02
2025.11.05	07:24:00	3965.05500	3965.64500	3964.65500	3964.96500	0.01
2025.11.05	07:25:00	3964.93500	3966.10500	3964.39500	3966.05500	0.01
2025.11.05	07:26:00	3966.04500	3966.80500	3965.72500	3966.71500	0.01
2025.11.05	07:27:00	3966.73500	3966.93500	3965.49500	3965.57500	0.01
2025.11.05	07:28:00	3965.62500	3966.07500	3965.24500	3965.84500	0.01
2025.11.05	07:29:00	3965.81500	3966.50500	3965.57500	3965.88500	0.01
2025.11.05	07:30:00	3965.89500	3966.07500	3965.17500	3965.39500	0.01
2025.11.05	07:31:00	3965.49500	3966.19500	3965.43500	3966.14500	0.01
2025.11.05	07:32:00	3966.16500	3966.69500	3965.16500	3966.50500	0.02
2025.11.05	07:33:00	3966.47500	3967.52500	3966.41500	3966.66500	0.01
2025.11.05	07:34:00	3966.64500	3967.87500	3965.77500	3967.85500	0.02
2025.11.05	07:35:00	3967.89500	3968.91500	3967.45500	3968.81500	0.02
2025.11.05	07:36:00	3968.84500	3970.34500	3968.26500	3968.26500	0.02
2025.11.05	07:37:00	3968.44800	3969.02500	3967.44800	3968.37500	0.03
2025.11.05	07:38:00	3968.35500	3968.89500	3967.52500	3968.19500	0.02
2025.11.05	07:39:00	3968.25500	3970.20500	3968.23500	3969.78500	0.02
2025.11.05	07:40:00	3969.81500	3969.97500	3968.12500	3968.79800	0.03
2025.11.05	07:41:00	3968.79800	3968.80500	3967.79800	3968.65500	0.01
2025.11.05	07:42:00	3968.68500	3970.15500	3968.04500	3969.42500	0.02
2025.11.05	07:43:00	3969.45500	3971.08500	3969.05500	3969.98500	0.02
2025.11.05	07:44:00	3970.00500	3970.79500	3969.92500	3970.06500	0.02
2025.11.05	07:45:00	3969.95500	3969.97500	3969.12500	3969.15500	0.01
2025.11.05	07:46:00	3969.12500	3969.37500	3968.34500	3969.07500	0.01
2025.11.05	07:47:00	3968.94500	3969.67500	3968.76500	3969.35500	0.02
2025.11.05	07:48:00	3969.26500	3970.55800	3969.26500	3970.55800	0.02
2025.11.05	07:49:00	3970.55800	3971.54800	3970.55800	3970.78500	0.04
2025.11.05	07:50:00	3970.81500	3971.19500	3969.86500	3970.28800	0.02
2025.11.05	07:51:00	3970.27800	3970.69500	3970.07800	3970.12800	0.01
2025.11.05	07:52:00	3970.10500	3970.43500	3969.46500	3969.56500	0.01
2025.11.05	07:53:00	3969.53500	3970.72500	3969.49500	3970.60800	0.01
2025.11.05	07:54:00	3970.56500	3970.61800	3969.10500	3969.14800	0.02
2025.11.05	07:55:00	3969.28500	3970.09500	3968.63500	3970.01500	0.01
2025.11.05	07:56:00	3970.07500	3972.32500	3970.07500	3971.75500	0.02
2025.11.05	07:57:00	3971.73500	3974.37800	3971.43500	3973.72500	0.03
2025.11.05	07:58:00	3973.76500	3974.56800	3973.01500	3973.14800	0.05
2025.11.05	07:59:00	3973.14800	3973.84800	3972.13800	3972.30500	0.03
2025.11.05	08:00:00	3972.28500	3975.58500	3972.28500	3974.97800	0.04
2025.11.05	08:01:00	3974.99800	3975.77500	3974.10500	3975.20500	0.05
2025.11.05	08:02:00	3975.23500	3975.36500	3974.10500	3974.20500	0.02
2025.11.05	08:03:00	3974.15500	3974.38800	3972.77800	3973.23500	0.03
2025.11.05	08:04:00	3973.28800	3976.01800	3972.93800	3975.86500	0.04
2025.11.05	08:05:00	3975.84500	3982.17800	3975.84500	3981.97500	0.05
2025.11.05	08:06:00	3981.91500	3984.52500	3981.90500	3984.52500	0.06
2025.11.05	08:07:00	3984.49500	3986.03500	3983.25500	3984.15500	0.05
2025.11.05	08:08:00	3984.05800	3986.79500	3982.41800	3984.67500	0.05
2025.11.05	08:09:00	3984.60500	3986.91500	3984.10500	3985.99500	0.04
2025.11.05	08:10:00	3986.01500	3986.52500	3984.96500	3985.13500	0.03
2025.11.05	08:11:00	3985.10500	3985.40500	3980.81800	3980.82800	0.04
2025.11.05	08:12:00	3980.82800	3984.32500	3980.82800	3984.19500	0.04
2025.11.05	08:13:00	3984.21500	3984.33500	3982.22500	3982.24800	0.02
2025.11.05	08:14:00	3982.20500	3982.62500	3981.75500	3981.90500	0.01
2025.11.05	08:15:00	3981.86500	3982.43500	3981.55500	3982.31800	0.02
2025.11.05	08:16:00	3982.42500	3983.46500	3981.31500	3981.79800	0.04
2025.11.05	08:17:00	3981.85800	3982.16500	3981.35500	3981.54500	0.02
2025.11.05	08:18:00	3981.60500	3983.85500	3981.47500	3983.58500	0.03
2025.11.05	08:19:00	3983.55500	3983.94500	3981.93500	3982.79500	0.02
2025.11.05	08:20:00	3982.74500	3983.05500	3980.82500	3981.32500	0.03
2025.11.05	08:21:00	3981.35500	3981.55500	3979.48500	3980.62500	0.03
2025.11.05	08:22:00	3980.64500	3982.99500	3980.59500	3981.93500	0.03
2025.11.05	08:23:00	3981.92500	3982.73500	3978.83500	3981.06500	0.07
2025.11.05	08:24:00	3981.09500	3982.04500	3980.72500	3981.74500	0.01
2025.11.05	08:25:00	3981.72500	3982.94500	3980.96500	3981.80500	0.02
2025.11.05	08:26:00	3982.22500	3982.22500	3980.57500	3980.80500	0.03
2025.11.05	08:27:00	3980.78500	3980.78500	3978.66500	3979.26500	0.02
2025.11.05	08:28:00	3979.29500	3979.72500	3978.21500	3978.74500	0.02
2025.11.05	08:29:00	3978.76500	3979.89500	3978.65500	3979.80500	0.02
2025.11.05	08:30:00	3979.82500	3981.01500	3979.77500	3980.24500	0.02
2025.11.05	08:31:00	3980.29500	3982.37500	3980.24500	3982.30500	0.01
2025.11.05	08:32:00	3982.36500	3982.90500	3982.11500	3982.78500	0.01
2025.11.05	08:33:00	3982.81500	3983.00500	3981.04500	3981.90500	0.02
2025.11.05	08:34:00	3981.89500	3983.12500	3981.34500	3981.50500	0.02
2025.11.05	08:35:00	3981.37500	3981.74500	3980.89500	3981.74500	0.01
2025.11.05	08:36:00	3981.76500	3983.71500	3981.65500	3983.25500	0.02
2025.11.05	08:37:00	3983.32500	3983.51500	3981.84500	3983.34500	0.03
2025.11.05	08:38:00	3983.38500	3985.14500	3983.38500	3984.97500	0.03
2025.11.05	08:39:00	3984.94500	3985.97500	3984.26500	3984.30500	0.03
2025.11.05	08:40:00	3984.28500	3984.59500	3983.50500	3983.83500	0.02
2025.11.05	08:41:00	3983.79500	3984.68500	3983.67500	3984.29500	0.02
2025.11.05	08:42:00	3984.10500	3984.75500	3982.82500	3982.82500	0.02
2025.11.05	08:43:00	3982.76500	3983.06500	3980.97500	3981.86500	0.02
2025.11.05	08:44:00	3981.91500	3981.91500	3981.01500	3981.61500	0.02
2025.11.05	08:45:00	3981.65500	3982.82500	3981.05500	3982.33500	0.02
2025.11.05	08:46:00	3982.36500	3982.38500	3980.84500	3981.28500	0.01
2025.11.05	08:47:00	3981.31500	3981.33500	3980.39500	3980.71500	0.01
2025.11.05	08:48:00	3980.73500	3980.81500	3980.53500	3980.61500	0.01
2025.11.05	08:49:00	3980.57500	3980.62500	3979.34500	3979.72500	0.02
2025.11.05	08:50:00	3979.70500	3980.79500	3979.32500	3980.54500	0.01
2025.11.05	08:51:00	3980.49500	3980.77500	3980.12500	3980.69500	0.01
2025.11.05	08:52:00	3980.66500	3981.48500	3980.32500	3980.96500	0.02
2025.11.05	08:53:00	3980.92500	3982.67500	3980.84500	3981.87500	0.02
2025.11.05	08:54:00	3981.90500	3982.20500	3980.61500	3981.54500	0.02
2025.11.05	08:55:00	3981.56500	3983.37500	3981.56500	3982.03500	0.02
2025.11.05	08:56:00	3982.07500	3983.30500	3982.02500	3982.91500	0.01
2025.11.05	08:57:00	3982.89500	3983.48500	3982.61500	3983.19500	0.01
2025.11.05	08:58:00	3983.15500	3983.21500	3980.45500	3980.61500	0.02
2025.11.05	08:59:00	3980.63500	3980.97500	3979.72500	3979.80500	0.02
2025.11.05	09:00:00	3979.68500	3979.90500	3976.72500	3977.33500	0.04
2025.11.05	09:01:00	3977.28500	3978.49500	3977.28500	3978.11500	0.02
2025.11.05	09:02:00	3978.13500	3980.45500	3978.13500	3980.10500	0.02
2025.11.05	09:03:00	3980.05500	3980.21500	3978.24500	3978.60500	0.02
2025.11.05	09:04:00	3978.62500	3981.10500	3978.56500	3979.26500	0.03
2025.11.05	09:05:00	3979.31500	3980.00500	3978.92500	3979.76500	0.01
2025.11.05	09:06:00	3979.73500	3980.38500	3978.47500	3979.25500	0.03
2025.11.05	09:07:00	3979.27500	3980.34500	3979.00500	3979.82500	0.02
2025.11.05	09:08:00	3979.85500	3979.88500	3978.68500	3978.72500	0.01
2025.11.05	09:09:00	3978.69500	3979.08500	3978.12500	3978.21500	0.01
2025.11.05	09:10:00	3978.18500	3978.53500	3976.85500	3977.46500	0.03
2025.11.05	09:11:00	3977.04500	3978.32500	3975.62500	3977.97500	0.03
2025.11.05	09:12:00	3977.87500	3978.29500	3976.39500	3976.43500	0.03
2025.11.05	09:13:00	3976.38500	3976.38500	3974.96500	3975.43500	0.03
2025.11.05	09:14:00	3975.46500	3975.74500	3974.91500	3975.31500	0.02
2025.11.05	09:15:00	3975.29500	3975.51500	3974.26500	3974.34500	0.03
2025.11.05	09:16:00	3974.36500	3974.49500	3971.81800	3971.81800	0.04
2025.11.05	09:17:00	3971.81800	3972.29500	3970.83500	3971.73500	0.03
2025.11.05	09:18:00	3971.70500	3972.40500	3971.70500	3972.23500	0.02
2025.11.05	09:19:00	3971.95500	3972.34500	3970.60500	3970.79500	0.02
2025.11.05	09:20:00	3970.77500	3971.93500	3969.81500	3971.75500	0.02
2025.11.05	09:21:00	3971.65500	3971.82500	3970.57500	3971.44500	0.02
2025.11.05	09:22:00	3971.51500	3971.87500	3971.33500	3971.59500	0.01
2025.11.05	09:23:00	3971.61500	3971.66500	3970.51500	3970.55500	0.02
2025.11.05	09:24:00	3970.52500	3970.60500	3965.84500	3966.64500	0.05
2025.11.05	09:25:00	3966.61500	3967.49500	3966.13500	3966.93500	0.03
2025.11.05	09:26:00	3966.95500	3967.23500	3965.77500	3966.01500	0.02
2025.11.05	09:27:00	3965.95500	3967.06500	3965.78500	3966.44500	0.02
2025.11.05	09:28:00	3966.47500	3966.50500	3963.87500	3964.04500	0.02
2025.11.05	09:29:00	3964.07500	3965.38500	3963.37500	3964.94500	0.03
2025.11.05	09:30:00	3964.87500	3965.38500	3963.97500	3964.54500	0.02
2025.11.05	09:31:00	3964.38500	3968.83500	3963.30500	3968.83500	0.03
2025.11.05	09:32:00	3968.82500	3969.05500	3967.60500	3968.95500	0.03
2025.11.05	09:33:00	3968.97500	3969.23500	3968.31500	3968.46500	0.02
2025.11.05	09:34:00	3968.45500	3968.85500	3968.20500	3968.63500	0.01
2025.11.05	09:35:00	3968.65500	3969.06500	3968.22500	3968.65500	0.01
2025.11.05	09:36:00	3968.68500	3969.45500	3968.27500	3968.52500	0.01
2025.11.05	09:37:00	3968.55500	3968.63500	3967.54500	3968.03500	0.02
2025.11.05	09:38:00	3968.16500	3968.16500	3967.41500	3967.76500	0.01
2025.11.05	09:39:00	3967.78500	3970.02500	3967.10500	3969.72500	0.02
2025.11.05	09:40:00	3969.72500	3971.43500	3969.26500	3971.27500	0.02
2025.11.05	09:41:00	3971.24500	3971.52500	3970.70500	3970.76500	0.03
2025.11.05	09:42:00	3970.74500	3971.20500	3970.31500	3970.74500	0.02
2025.11.05	09:43:00	3970.77500	3970.99500	3970.26500	3970.33500	0.01
2025.11.05	09:44:00	3970.32500	3971.03500	3969.30500	3969.66500	0.02
2025.11.05	09:45:00	3969.64500	3970.06500	3969.02500	3969.18500	0.01
2025.11.05	09:46:00	3969.16500	3969.97500	3968.81500	3969.46500	0.01
2025.11.05	09:47:00	3969.16500	3971.05500	3968.88500	3970.94500	0.02
2025.11.05	09:48:00	3970.94500	3971.66500	3970.35500	3970.44500	0.02
2025.11.05	09:49:00	3970.41500	3970.89500	3970.00500	3970.78500	0.01
2025.11.05	09:50:00	3970.75500	3970.86500	3969.56500	3970.04500	0.01
2025.11.05	09:51:00	3970.01500	3971.03500	3969.88500	3970.37500	0.01
2025.11.05	09:52:00	3970.67500	3971.35500	3970.32500	3970.92500	0.02
2025.11.05	09:53:00	3970.95500	3971.47500	3970.81500	3971.21500	0.01
2025.11.05	09:54:00	3971.18500	3971.60500	3970.83500	3971.59500	0.01
2025.11.05	09:55:00	3971.55500	3972.43500	3971.15500	3972.20500	0.02
2025.11.05	09:56:00	3972.16500	3972.30500	3970.49500	3970.78500	0.02
2025.11.05	09:57:00	3970.76500	3971.09500	3969.98500	3970.84500	0.01
2025.11.05	09:58:00	3970.90500	3971.40500	3970.29500	3971.25500	0.01
2025.11.05	09:59:00	3971.28500	3971.75500	3971.25500	3971.64500	0.01
2025.11.05	10:00:00	3971.61500	3971.64500	3970.45500	3970.47500	0.01
2025.11.05	10:01:00	3970.44500	3970.44500	3968.66500	3969.40500	0.03
2025.11.05	10:02:00	3969.43500	3969.43500	3964.32500	3964.32500	0.04
2025.11.05	10:03:00	3963.99800	3964.82500	3961.41500	3964.68500	0.05
2025.11.05	10:04:00	3964.70500	3964.78500	3961.19500	3961.39500	0.04
2025.11.05	10:05:00	3961.44500	3963.42500	3961.28500	3961.84500	0.04
2025.11.05	10:06:00	3961.85500	3963.10500	3955.82500	3958.84500	0.04
2025.11.05	10:07:00	3958.81500	3960.28500	3957.79500	3959.73500	0.05
2025.11.05	10:08:00	3959.74500	3962.95500	3959.73500	3962.48500	0.03
2025.11.05	10:09:00	3962.50500	3965.48500	3961.85500	3965.42500	0.02
2025.11.05	10:10:00	3965.44500	3965.64500	3963.39500	3964.56500	0.02
2025.11.05	10:11:00	3964.52500	3965.19500	3964.18500	3964.59500	0.01
2025.11.05	10:12:00	3964.59500	3964.94500	3962.91500	3963.21500	0.01
2025.11.05	10:13:00	3963.54500	3964.90500	3963.50500	3964.07500	0.01
2025.11.05	10:14:00	3964.04500	3964.04500	3963.47500	3963.64500	0.01
2025.11.05	10:15:00	3963.67500	3963.67500	3961.95500	3962.06500	0.02
2025.11.05	10:16:00	3962.09500	3962.51500	3960.89500	3961.88500	0.02
2025.11.05	10:17:00	3961.91500	3962.27500	3960.13500	3961.21500	0.02
2025.11.05	10:18:00	3961.24500	3965.14500	3961.24500	3965.14500	0.02
2025.11.05	10:19:00	3965.13500	3965.55500	3964.69500	3965.52500	0.02
2025.11.05	10:20:00	3965.52500	3966.58500	3965.13500	3966.52500	0.01
2025.11.05	10:21:00	3966.50500	3966.89500	3965.54500	3966.81500	0.01
2025.11.05	10:22:00	3966.79500	3967.10500	3965.51500	3965.90500	0.02
2025.11.05	10:23:00	3965.86500	3966.28500	3965.09500	3965.89500	0.01
2025.11.05	10:24:00	3965.86500	3966.20500	3965.19500	3966.01500	0.01
2025.11.05	10:25:00	3966.04500	3966.32500	3965.22500	3965.36500	0.01
2025.11.05	10:26:00	3965.33500	3965.47500	3964.75500	3965.13500	0.01
2025.11.05	10:27:00	3965.17500	3965.49500	3965.00500	3965.03500	0.01
2025.11.05	10:28:00	3965.06500	3965.22500	3964.65500	3964.93500	0.01
2025.11.05	10:29:00	3964.91500	3965.32500	3964.33500	3964.33500	0.01
2025.11.05	10:30:00	3964.45500	3965.31500	3964.02500	3965.24500	0.02
2025.11.05	10:31:00	3965.21500	3966.61500	3964.63500	3965.37500	0.02
2025.11.05	10:32:00	3965.03500	3965.03500	3963.92500	3964.42500	0.01
2025.11.05	10:33:00	3964.39500	3964.83500	3964.24500	3964.55500	0.01
2025.11.05	10:34:00	3964.53500	3965.06500	3964.35500	3964.86500	0.01
2025.11.05	10:35:00	3964.84500	3965.59500	3964.28500	3964.48500	0.01
2025.11.05	10:36:00	3964.45500	3965.56500	3964.27500	3965.36500	0.01
2025.11.05	10:37:00	3965.34500	3966.63500	3965.34500	3966.12500	0.01
2025.11.05	10:38:00	3966.14500	3966.62500	3965.78500	3966.20500	0.01
2025.11.05	10:39:00	3966.21500	3966.37500	3964.18500	3965.60500	0.01
2025.11.05	10:40:00	3965.61500	3966.44500	3964.29500	3965.53500	0.02
2025.11.05	10:41:00	3965.56500	3966.07500	3964.89500	3966.04500	0.02
2025.11.05	10:42:00	3966.04500	3966.13500	3965.54500	3966.13500	0.02
2025.11.05	10:43:00	3966.13500	3967.12500	3965.79500	3966.63500	0.03
2025.11.05	10:44:00	3966.58500	3967.17500	3966.40500	3966.87500	0.01
2025.11.05	10:45:00	3966.85500	3967.47500	3966.17500	3966.70500	0.01
2025.11.05	10:46:00	3966.67500	3968.05500	3966.22500	3966.88500	0.02
2025.11.05	10:47:00	3966.91500	3969.89500	3966.88500	3969.73500	0.03
2025.11.05	10:48:00	3969.71500	3969.71500	3967.60500	3967.60500	0.02
2025.11.05	10:49:00	3967.64500	3968.35500	3967.56500	3967.57500	0.02
2025.11.05	10:50:00	3967.59500	3968.23500	3965.79500	3965.88500	0.03
2025.11.05	10:51:00	3965.90500	3967.55500	3965.83500	3966.56500	0.03
2025.11.05	10:52:00	3966.58500	3966.62500	3964.62500	3965.77500	0.03
2025.11.05	10:53:00	3965.80500	3965.92500	3963.80500	3964.15500	0.03
2025.11.05	10:54:00	3964.21500	3964.29500	3961.66500	3961.99500	0.03
2025.11.05	10:55:00	3962.03500	3963.46500	3961.26500	3961.44500	0.05
2025.11.05	10:56:00	3961.82500	3962.07500	3960.31500	3960.99500	0.05
2025.11.05	10:57:00	3960.99500	3961.49500	3960.15500	3961.21500	0.04
2025.11.05	10:58:00	3961.19500	3963.01500	3960.64500	3962.97500	0.02
2025.11.05	10:59:00	3962.95500	3964.32500	3962.59500	3964.27500	0.02
2025.11.05	11:00:00	3964.28500	3965.11500	3963.95500	3964.81500	0.02
2025.11.05	11:01:00	3964.85500	3965.49500	3963.57500	3965.39500	0.02
2025.11.05	11:02:00	3965.55500	3965.80500	3965.11500	3965.73500	0.02
2025.11.05	11:03:00	3965.72500	3966.83500	3965.68500	3966.68500	0.03
2025.11.05	11:04:00	3966.70500	3968.75500	3966.70500	3968.58500	0.03
2025.11.05	11:05:00	3968.58500	3968.58500	3966.31500	3966.50500	0.02
2025.11.05	11:06:00	3966.50500	3966.50500	3964.74500	3965.10500	0.02
2025.11.05	11:07:00	3965.13500	3965.19500	3963.92500	3964.33500	0.01
2025.11.05	11:08:00	3964.36500	3964.97500	3964.07500	3964.40500	0.01
2025.11.05	11:09:00	3964.43500	3964.44500	3962.38500	3962.38500	0.04
2025.11.05	11:10:00	3962.35500	3963.60500	3961.91500	3963.56500	0.04
2025.11.05	11:11:00	3963.25500	3963.31500	3962.04500	3962.85500	0.01
2025.11.05	11:12:00	3962.81500	3963.19500	3960.19900	3961.32500	0.05
2025.11.05	11:13:00	3961.30500	3961.95500	3961.29500	3961.31500	0.01
2025.11.05	11:14:00	3961.27500	3961.96500	3960.64500	3960.68500	0.01
2025.11.05	11:15:00	3960.65500	3960.88500	3960.09500	3960.86500	0.01
2025.11.05	11:16:00	3960.94500	3961.54500	3960.72500	3961.43500	0.01
2025.11.05	11:17:00	3961.41500	3961.42500	3960.79500	3961.31500	0.01
2025.11.05	11:18:00	3961.25500	3961.60500	3960.84500	3961.17500	0.01
2025.11.05	11:19:00	3961.31500	3961.61500	3960.81500	3960.83500	0.01
2025.11.05	11:20:00	3961.13500	3961.26500	3959.85500	3960.08500	0.01
2025.11.05	11:21:00	3960.11500	3960.72500	3959.07500	3959.24500	0.02
2025.11.05	11:22:00	3959.19500	3959.91500	3959.04500	3959.60500	0.02
2025.11.05	11:23:00	3959.91500	3960.15500	3958.42500	3959.02500	0.03
2025.11.05	11:24:00	3959.01500	3959.37500	3958.33500	3958.55500	0.02
2025.11.05	11:25:00	3958.57500	3959.78500	3957.19500	3959.66500	0.02
2025.11.05	11:26:00	3959.61500	3959.62500	3958.88500	3959.41500	0.01
2025.11.05	11:27:00	3959.10500	3959.10500	3957.91500	3958.54500	0.01
2025.11.05	11:28:00	3958.66500	3958.81500	3957.93500	3958.06500	0.01
2025.11.05	11:29:00	3958.40500	3959.24500	3957.64500	3957.96500	0.02
2025.11.05	11:30:00	3957.98500	3958.07500	3957.45500	3957.76500	0.02
2025.11.05	11:31:00	3957.78500	3958.27500	3957.50500	3958.10500	0.01
2025.11.05	11:32:00	3958.06500	3958.84500	3957.51500	3958.80500	0.02
2025.11.05	11:33:00	3958.76500	3958.78500	3958.18500	3958.42500	0.01
2025.11.05	11:34:00	3958.45500	3958.83500	3958.43500	3958.62500	0.01
2025.11.05	11:35:00	3958.66500	3958.69500	3957.78500	3958.14500	0.01
2025.11.05	11:36:00	3958.15500	3959.40500	3957.49500	3959.00500	0.02
2025.11.05	11:37:00	3959.04500	3959.20800	3958.29800	3959.09500	0.02
2025.11.05	11:38:00	3959.07500	3960.13500	3958.78500	3960.13500	0.02
2025.11.05	11:39:00	3960.16500	3960.45500	3959.52500	3960.31500	0.02
2025.11.05	11:40:00	3960.32500	3962.41500	3959.94500	3962.36500	0.02
2025.11.05	11:41:00	3962.55500	3963.45500	3961.72500	3962.00500	0.02
2025.11.05	11:42:00	3961.97500	3962.37500	3961.35500	3962.21500	0.01
2025.11.05	11:43:00	3962.24500	3963.54500	3962.14500	3963.22500	0.01
2025.11.05	11:44:00	3963.20500	3963.97500	3962.97500	3963.02500	0.01
2025.11.05	11:45:00	3963.05500	3963.72500	3962.32500	3963.66500	0.02
2025.11.05	11:46:00	3963.69500	3965.52500	3963.67500	3965.47500	0.02
2025.11.05	11:47:00	3965.47500	3966.23500	3965.24500	3965.83500	0.02
2025.11.05	11:48:00	3965.84500	3966.46500	3964.31500	3964.55500	0.02
2025.11.05	11:49:00	3964.55500	3966.02500	3964.40500	3966.02500	0.02
2025.11.05	11:50:00	3965.66500	3967.27500	3965.26500	3966.76500	0.02
2025.11.05	11:51:00	3967.27500	3968.05500	3967.27500	3967.53800	0.03
2025.11.05	11:52:00	3967.49800	3967.73500	3965.78500	3966.00500	0.04
2025.11.05	11:53:00	3965.97500	3966.68500	3964.29500	3964.50500	0.02
2025.11.05	11:54:00	3964.35500	3965.72500	3964.35500	3965.23500	0.02
2025.11.05	11:55:00	3965.17500	3966.58500	3965.15500	3965.99500	0.02
2025.11.05	11:56:00	3965.97500	3966.32500	3964.81500	3965.46500	0.02
2025.11.05	11:57:00	3965.49500	3966.72500	3965.45500	3966.65500	0.01
2025.11.05	11:58:00	3966.67500	3967.41500	3966.37500	3966.49500	0.01
2025.11.05	11:59:00	3966.47500	3966.93500	3966.26500	3966.68500	0.01
2025.11.05	12:00:00	3966.65500	3966.85500	3966.17500	3966.22500	0.02
2025.11.05	12:01:00	3966.20500	3966.65500	3965.48500	3965.63500	0.02
2025.11.05	12:02:00	3965.62500	3965.79500	3963.67500	3963.67500	0.02
2025.11.05	12:03:00	3963.69500	3963.69500	3961.94500	3962.61500	0.03
2025.11.05	12:04:00	3962.84500	3964.07500	3962.02500	3963.68500	0.02
2025.11.05	12:05:00	3963.66500	3965.39500	3963.66500	3965.01500	0.01
2025.11.05	12:06:00	3964.69500	3965.39500	3964.55500	3965.19500	0.01
2025.11.05	12:07:00	3965.21500	3965.67500	3963.60500	3964.25500	0.02
2025.11.05	12:08:00	3964.00500	3964.79500	3963.50500	3964.01500	0.02
2025.11.05	12:09:00	3964.14500	3965.62500	3964.07500	3965.56500	0.01
2025.11.05	12:10:00	3965.54500	3965.90500	3964.04500	3965.30500	0.02
2025.11.05	12:11:00	3965.28500	3965.36500	3963.51500	3963.51500	0.01
2025.11.05	12:12:00	3963.53500	3964.29500	3963.13500	3964.29500	0.01
2025.11.05	12:13:00	3964.24500	3964.58500	3963.98500	3964.13500	0.01
2025.11.05	12:14:00	3964.10500	3964.58500	3963.74500	3964.03500	0.01
2025.11.05	12:15:00	3964.07500	3965.08500	3963.39800	3964.72500	0.01
2025.11.05	12:16:00	3964.70500	3966.08500	3964.57500	3966.05500	0.02
2025.11.05	12:17:00	3965.78500	3966.58500	3965.77500	3966.58500	0.01
2025.11.05	12:18:00	3966.56500	3968.44500	3966.46500	3968.40500	0.02
2025.11.05	12:19:00	3968.36500	3968.37500	3967.06500	3967.66500	0.02
2025.11.05	12:20:00	3967.76500	3967.85500	3966.94500	3967.74500	0.01
2025.11.05	12:21:00	3967.76500	3968.64500	3967.31500	3968.64500	0.01
2025.11.05	12:22:00	3968.66500	3969.47500	3968.62500	3969.03500	0.02
2025.11.05	12:23:00	3969.06500	3969.69500	3968.96500	3969.05500	0.01
2025.11.05	12:24:00	3969.03500	3969.23500	3967.26500	3967.28500	0.02
2025.11.05	12:25:00	3967.31500	3967.48500	3966.00500	3966.26500	0.02
2025.11.05	12:26:00	3966.31500	3966.49500	3965.24500	3966.05500	0.02
2025.11.05	12:27:00	3966.12500	3967.19500	3966.08500	3967.10500	0.02
2025.11.05	12:28:00	3967.08500	3969.04500	3967.03500	3968.98500	0.02
2025.11.05	12:29:00	3969.00500	3969.00500	3967.03500	3967.37500	0.02
2025.11.05	12:30:00	3967.25500	3967.88500	3966.76500	3967.36500	0.02
2025.11.05	12:31:00	3967.31500	3967.66500	3966.00500	3966.03500	0.02
2025.11.05	12:32:00	3966.05500	3967.13500	3965.72500	3967.11500	0.02
2025.11.05	12:33:00	3967.13500	3967.35500	3966.74800	3966.80500	0.01
2025.11.05	12:34:00	3966.82500	3967.54800	3966.51500	3966.74800	0.01
2025.11.05	12:35:00	3966.62500	3966.79800	3966.14800	3966.14800	0.02
2025.11.05	12:36:00	3966.14800	3966.14800	3964.54800	3964.54800	0.03
2025.11.05	12:37:00	3964.47500	3965.11500	3964.24800	3964.60500	0.02
2025.11.05	12:38:00	3964.62500	3965.26500	3964.47500	3964.64800	0.02
2025.11.05	12:39:00	3964.65500	3964.65500	3963.51500	3963.79500	0.02
2025.11.05	12:40:00	3963.83500	3964.21500	3963.36500	3963.72500	0.01
2025.11.05	12:41:00	3963.70500	3964.48500	3963.29500	3963.53500	0.01
2025.11.05	12:42:00	3963.55500	3963.85500	3963.20500	3963.44500	0.01
2025.11.05	12:43:00	3963.47500	3963.68500	3962.94500	3963.48500	0.01
2025.11.05	12:44:00	3963.51500	3964.69500	3963.12500	3964.40500	0.02
2025.11.05	12:45:00	3964.38500	3965.79800	3964.17500	3965.19800	0.02
2025.11.05	12:46:00	3965.19800	3966.14500	3964.54800	3966.09500	0.02
2025.11.05	12:47:00	3966.06500	3966.19500	3964.57500	3964.80500	0.02
2025.11.05	12:48:00	3964.78500	3964.81500	3963.52500	3963.56500	0.01
2025.11.05	12:49:00	3963.59500	3964.14500	3963.52500	3963.55500	0.01
2025.11.05	12:50:00	3963.59500	3964.17500	3963.50500	3964.17500	0.01
2025.11.05	12:51:00	3964.20500	3964.94500	3963.65500	3964.94500	0.01
2025.11.05	12:52:00	3964.97500	3965.51500	3964.62500	3964.72500	0.02
2025.11.05	12:53:00	3964.72500	3965.13500	3964.41500	3964.55500	0.01
2025.11.05	12:54:00	3964.58500	3965.23500	3964.53500	3965.17500	0.02
2025.11.05	12:55:00	3965.19500	3966.79500	3965.19500	3966.55500	0.02
2025.11.05	12:56:00	3966.64500	3967.09500	3966.02500	3967.02500	0.02
2025.11.05	12:57:00	3967.02500	3967.47500	3966.55500	3967.36500	0.02
2025.11.05	12:58:00	3967.38500	3968.79500	3967.38500	3968.62500	0.01
2025.11.05	12:59:00	3968.59500	3969.48500	3968.59500	3969.48500	0.02
2025.11.05	13:00:00	3969.50500	3970.89500	3967.99500	3970.75500	0.04
2025.11.05	13:01:00	3970.69500	3970.77500	3968.54500	3968.73500	0.04
2025.11.05	13:02:00	3968.75500	3969.88500	3967.87500	3968.17500	0.04
2025.11.05	13:03:00	3968.19500	3969.21500	3968.16500	3968.70500	0.03
2025.11.05	13:04:00	3968.68500	3968.86500	3967.43500	3967.43500	0.02
2025.11.05	13:05:00	3967.41500	3968.71500	3966.61500	3968.46500	0.02
2025.11.05	13:06:00	3968.48500	3970.60500	3968.43500	3969.59500	0.02
2025.11.05	13:07:00	3969.49500	3971.20500	3969.39500	3970.63500	0.02
2025.11.05	13:08:00	3970.61500	3972.63500	3970.61500	3971.73500	0.02
2025.11.05	13:09:00	3971.76500	3973.43500	3971.56500	3973.21500	0.03
2025.11.05	13:10:00	3973.14500	3974.33500	3972.38500	3972.38500	0.03
2025.11.05	13:11:00	3972.44800	3973.84500	3971.98500	3972.00500	0.03
2025.11.05	13:12:00	3971.96500	3972.22500	3970.93500	3971.37500	0.02
2025.11.05	13:13:00	3971.41500	3973.29800	3971.17500	3973.04500	0.02
2025.11.05	13:14:00	3973.07500	3973.17500	3971.60800	3971.78500	0.04
2025.11.05	13:15:00	3971.68500	3972.90800	3967.58500	3968.21500	0.06
2025.11.05	13:16:00	3968.22500	3968.76500	3965.96500	3966.06500	0.04
2025.11.05	13:17:00	3966.31500	3968.30500	3964.64500	3967.42500	0.04
2025.11.05	13:18:00	3967.60500	3969.13500	3966.57500	3966.57500	0.03
2025.11.05	13:19:00	3966.45500	3967.67500	3966.27500	3967.48500	0.03
2025.11.05	13:20:00	3967.52500	3970.85500	3966.73500	3970.48500	0.06
2025.11.05	13:21:00	3970.23500	3972.75500	3970.06500	3972.05500	0.04
2025.11.05	13:22:00	3972.07500	3972.73500	3971.21500	3971.52500	0.03
2025.11.05	13:23:00	3971.55500	3974.19500	3971.11500	3974.16500	0.03
2025.11.05	13:24:00	3974.14500	3975.88500	3973.19500	3975.38500	0.03
2025.11.05	13:25:00	3975.41500	3977.24500	3975.08500	3976.42500	0.04
2025.11.05	13:26:00	3976.34500	3976.42500	3974.32500	3975.87500	0.03
2025.11.05	13:27:00	3975.85500	3976.43500	3974.32500	3975.94500	0.03
2025.11.05	13:28:00	3976.07500	3976.57500	3974.99500	3975.49500	0.02
2025.11.05	13:29:00	3975.40500	3976.86500	3975.40500	3975.78500	0.03
2025.11.05	13:30:00	3975.76500	3976.86500	3973.88500	3974.69500	0.05
2025.11.05	13:31:00	3974.72500	3976.22500	3974.60500	3975.85500	0.03
2025.11.05	13:32:00	3975.89500	3976.46500	3973.11500	3973.13500	0.03
2025.11.05	13:33:00	3973.28500	3974.94800	3972.44500	3974.29500	0.03
2025.11.05	13:34:00	3974.27500	3974.52500	3972.52500	3972.74500	0.03
2025.11.05	13:35:00	3972.80500	3972.89500	3970.73500	3971.83500	0.03
2025.11.05	13:36:00	3972.14500	3973.80500	3971.80500	3972.07500	0.03
2025.11.05	13:37:00	3972.09500	3973.77500	3971.75500	3972.13500	0.02
2025.11.05	13:38:00	3972.16500	3972.68500	3971.44500	3971.60500	0.02
2025.11.05	13:39:00	3971.58500	3971.78500	3970.73500	3971.18500	0.02
2025.11.05	13:40:00	3971.20500	3971.67500	3970.67500	3971.14500	0.03
2025.11.05	13:41:00	3971.09500	3973.97500	3971.07500	3972.43500	0.05
2025.11.05	13:42:00	3972.45500	3975.58500	3972.45500	3974.95500	0.05
2025.11.05	13:43:00	3974.94500	3975.51500	3973.52500	3974.35500	0.03
2025.11.05	13:44:00	3974.38500	3976.44500	3974.14500	3974.16500	0.03
2025.11.05	13:45:00	3974.49500	3974.51500	3973.13500	3973.82500	0.03
2025.11.05	13:46:00	3973.84500	3973.94500	3971.25500	3972.33500	0.03
2025.11.05	13:47:00	3972.27500	3972.56500	3970.87500	3971.76500	0.03
2025.11.05	13:48:00	3971.64500	3973.34500	3971.55500	3972.62500	0.02
2025.11.05	13:49:00	3972.66500	3973.11500	3971.61500	3972.04500	0.02
2025.11.05	13:50:00	3972.08500	3972.30500	3971.61500	3972.13500	0.02
2025.11.05	13:51:00	3972.15500	3975.44500	3972.15500	3975.37500	0.03
2025.11.05	13:52:00	3975.39500	3975.55500	3974.07500	3975.23500	0.03
2025.11.05	13:53:00	3975.25500	3977.91500	3975.25500	3977.41500	0.03
2025.11.05	13:54:00	3977.44500	3979.00500	3977.41500	3978.60500	0.03
2025.11.05	13:55:00	3978.62500	3978.95500	3977.19500	3978.84500	0.03
2025.11.05	13:56:00	3978.84500	3979.27500	3977.21500	3977.75500	0.02
2025.11.05	13:57:00	3977.78500	3977.78500	3976.38500	3976.66500	0.02
2025.11.05	13:58:00	3976.68500	3976.86500	3975.14500	3975.45500	0.02
2025.11.05	13:59:00	3975.48500	3975.96500	3974.51500	3975.67500	0.01
2025.11.05	14:00:00	3975.72500	3976.35500	3974.68500	3976.30500	0.03
2025.11.05	14:01:00	3976.30500	3976.51500	3974.99500	3975.87500	0.04
2025.11.05	14:02:00	3975.89500	3976.42500	3975.10500	3975.53500	0.02
2025.11.05	14:03:00	3975.60500	3975.61500	3973.75500	3974.01500	0.02
2025.11.05	14:04:00	3973.99500	3977.13500	3973.58500	3977.01500	0.03
2025.11.05	14:05:00	3976.99500	3977.77500	3974.11500	3974.73500	0.04
2025.11.05	14:06:00	3974.75500	3975.18500	3973.71500	3974.78500	0.02
2025.11.05	14:07:00	3974.83500	3976.10500	3974.54500	3974.99500	0.03
2025.11.05	14:08:00	3975.04500	3975.98500	3973.57500	3975.93500	0.03
2025.11.05	14:09:00	3975.97500	3978.40500	3975.69500	3976.11500	0.03
2025.11.05	14:10:00	3976.15500	3977.37500	3975.44500	3977.37500	0.02
2025.11.05	14:11:00	3977.45500	3979.24500	3977.23500	3978.98500	0.03
2025.11.05	14:12:00	3978.96500	3979.74500	3978.65500	3979.44500	0.02
2025.11.05	14:13:00	3979.45500	3980.47500	3978.95500	3978.96500	0.03
2025.11.05	14:14:00	3978.92500	3979.45500	3978.16500	3979.31500	0.02
2025.11.05	14:15:00	3979.38500	3980.03500	3978.57500	3978.86500	0.03
2025.11.05	14:16:00	3978.91500	3979.51500	3978.57500	3979.10500	0.03
2025.11.05	14:17:00	3979.13500	3980.31500	3978.82500	3980.09500	0.03
2025.11.05	14:18:00	3980.11500	3980.94500	3979.85500	3980.67500	0.03
2025.11.05	14:19:00	3980.67500	3981.19500	3980.17500	3980.24500	0.02
2025.11.05	14:20:00	3980.22500	3980.22500	3978.70500	3979.03500	0.03
2025.11.05	14:21:00	3979.19500	3980.22500	3978.22500	3980.22500	0.02
2025.11.05	14:22:00	3980.25500	3982.06500	3980.18500	3981.61500	0.03
2025.11.05	14:23:00	3981.56500	3981.72500	3980.22500	3980.71500	0.02
2025.11.05	14:24:00	3980.69500	3981.85500	3980.43500	3981.80500	0.02
2025.11.05	14:25:00	3981.78500	3983.28500	3981.78500	3982.84500	0.03
2025.11.05	14:26:00	3982.80500	3983.06500	3981.78500	3982.83500	0.02
2025.11.05	14:27:00	3982.93500	3984.14500	3982.91500	3984.08500	0.02
2025.11.05	14:28:00	3984.22500	3985.22500	3983.20500	3984.97500	0.03
2025.11.05	14:29:00	3984.77500	3985.11500	3983.60500	3983.60500	0.02
2025.11.05	14:30:00	3983.65500	3984.58500	3981.86500	3984.17500	0.06
2025.11.05	14:31:00	3984.15500	3985.42500	3980.77500	3981.05500	0.06
2025.11.05	14:32:00	3981.10500	3983.00500	3979.63500	3981.32500	0.06
2025.11.05	14:33:00	3981.20500	3984.41500	3980.02500	3983.37500	0.06
2025.11.05	14:34:00	3983.34500	3984.34500	3982.31500	3983.86500	0.05
2025.11.05	14:35:00	3983.91500	3984.21500	3980.62500	3982.43500	0.06
2025.11.05	14:36:00	3982.48500	3982.98500	3979.82500	3980.17500	0.05
2025.11.05	14:37:00	3980.19500	3984.67500	3980.00500	3984.10500	0.06
2025.11.05	14:38:00	3984.28500	3985.20500	3980.54500	3982.07500	0.05
2025.11.05	14:39:00	3982.13500	3982.65500	3980.06500	3981.84500	0.06
2025.11.05	14:40:00	3981.87500	3983.45500	3980.17500	3980.78500	0.05
2025.11.05	14:41:00	3980.75500	3981.69500	3977.03500	3977.64500	0.06
2025.11.05	14:42:00	3977.61500	3980.45500	3977.61500	3978.79500	0.05
2025.11.05	14:43:00	3978.82500	3979.44500	3976.40500	3976.42500	0.04
2025.11.05	14:44:00	3976.39500	3977.23500	3975.46500	3975.89500	0.05
2025.11.05	14:45:00	3975.90500	3978.31500	3975.64500	3977.25500	0.05
2025.11.05	14:46:00	3977.27500	3978.07500	3975.96500	3976.60500	0.04
2025.11.05	14:47:00	3976.60500	3976.60500	3972.89500	3973.51500	0.06
2025.11.05	14:48:00	3973.55500	3974.91500	3972.11500	3972.25500	0.06
2025.11.05	14:49:00	3972.28500	3972.53500	3969.38500	3971.93500	0.07
2025.11.05	14:50:00	3971.96500	3974.24500	3971.13500	3971.86900	0.07
2025.11.05	14:51:00	3971.83500	3974.26500	3971.17500	3972.53500	0.06
2025.11.05	14:52:00	3972.50500	3975.01500	3971.86500	3974.93500	0.06
2025.11.05	14:53:00	3974.90500	3975.49500	3971.21500	3973.93500	0.05
2025.11.05	14:54:00	3973.96500	3975.79500	3973.33500	3973.66500	0.05
2025.11.05	14:55:00	3973.64500	3976.06500	3973.64500	3975.48500	0.04
2025.11.05	14:56:00	3975.34500	3977.75800	3975.06500	3976.90500	0.03
2025.11.05	14:57:00	3976.92500	3977.11500	3973.93500	3974.03500	0.04
2025.11.05	14:58:00	3974.00500	3974.59500	3972.32500	3972.70500	0.04
2025.11.05	14:59:00	3972.70500	3974.39500	3972.34500	3973.00500	0.03
2025.11.05	15:00:00	3972.94500	3972.94500	3963.69500	3966.68500	0.08
2025.11.05	15:01:00	3966.71500	3969.37500	3964.73500	3967.27500	0.08
2025.11.05	15:02:00	3967.27500	3971.75500	3965.76500	3970.00500	0.06
2025.11.05	15:03:00	3970.02500	3970.21500	3967.24500	3968.22500	0.07
2025.11.05	15:04:00	3968.17500	3972.34500	3968.17500	3970.73500	0.06
2025.11.05	15:05:00	3970.61500	3974.83500	3969.57500	3971.87500	0.07
2025.11.05	15:06:00	3971.91500	3974.39500	3971.90500	3973.83500	0.08
2025.11.05	15:07:00	3973.86500	3977.01500	3972.86500	3976.18500	0.06
2025.11.05	15:08:00	3976.15500	3977.57500	3972.62500	3975.11500	0.06
2025.11.05	15:09:00	3975.14500	3975.74500	3973.17500	3973.60500	0.06
2025.11.05	15:10:00	3973.70500	3973.70500	3970.19500	3971.38500	0.06
2025.11.05	15:11:00	3971.40500	3971.58500	3967.83500	3970.32500	0.06
2025.11.05	15:12:00	3970.30500	3974.54500	3969.57500	3972.69500	0.05
2025.11.05	15:13:00	3972.66500	3973.38500	3971.75800	3971.84500	0.05
2025.11.05	15:14:00	3971.87500	3971.87500	3968.63500	3970.38500	0.05
2025.11.05	15:15:00	3970.41500	3971.41500	3969.76500	3969.83500	0.04
2025.11.05	15:16:00	3969.89500	3970.54500	3968.33500	3969.69500	0.04
2025.11.05	15:17:00	3969.64500	3970.66500	3968.53500	3969.21500	0.04
2025.11.05	15:18:00	3969.18500	3972.96500	3967.46500	3972.54500	0.05
2025.11.05	15:19:00	3972.50500	3972.67500	3968.64500	3969.42500	0.05
2025.11.05	15:20:00	3969.39500	3972.65500	3968.68500	3969.31500	0.05
2025.11.05	15:21:00	3969.61500	3970.32500	3967.32500	3967.32500	0.04
2025.11.05	15:22:00	3967.25500	3969.62500	3966.42500	3969.28500	0.04
2025.11.05	15:23:00	3969.30500	3970.75500	3967.94500	3970.32500	0.04
2025.11.05	15:24:00	3970.31500	3971.32500	3969.08500	3971.28500	0.04
2025.11.05	15:25:00	3971.32500	3975.49500	3971.32500	3975.40300	0.05
2025.11.05	15:26:00	3975.44500	3978.59500	3975.39500	3976.07800	0.06
2025.11.05	15:27:00	3976.12500	3977.46500	3975.93500	3976.55500	0.04
2025.11.05	15:28:00	3976.45500	3978.42500	3976.12500	3977.18500	0.04
2025.11.05	15:29:00	3977.50500	3979.98500	3977.50500	3978.92500	0.04
2025.11.05	15:30:00	3979.02500	3981.59800	3978.30500	3981.55500	0.06
2025.11.05	15:31:00	3981.58500	3982.79800	3980.09800	3981.81800	0.06
2025.11.05	15:32:00	3981.81800	3984.29800	3981.34800	3982.45500	0.08
2025.11.05	15:33:00	3982.50500	3983.27500	3980.70500	3980.86500	0.04
2025.11.05	15:34:00	3980.88500	3982.88500	3980.88500	3981.57500	0.03
2025.11.05	15:35:00	3981.54500	3981.54500	3979.85500	3980.39500	0.04
2025.11.05	15:36:00	3980.44500	3981.25500	3979.84500	3980.23500	0.04
2025.11.05	15:37:00	3980.26500	3980.28500	3978.17500	3978.96500	0.04
2025.11.05	15:38:00	3978.93500	3980.25500	3977.92500	3979.80500	0.03
2025.11.05	15:39:00	3979.86500	3980.54800	3979.05500	3979.99500	0.07
2025.11.05	15:40:00	3979.99500	3983.19800	3979.30500	3982.91500	0.07
2025.11.05	15:41:00	3982.80800	3983.44800	3981.94500	3982.44800	0.05
2025.11.05	15:42:00	3982.35500	3983.19800	3980.78500	3981.02500	0.04
2025.11.05	15:43:00	3981.06500	3981.38500	3979.65500	3980.85500	0.03
2025.11.05	15:44:00	3980.83500	3984.09500	3980.32500	3982.85500	0.04
2025.11.05	15:45:00	3982.83500	3984.06500	3981.62500	3981.64500	0.04
2025.11.05	15:46:00	3981.60500	3982.12500	3980.35500	3980.63800	0.03
2025.11.05	15:47:00	3980.60800	3982.50500	3980.04800	3981.89500	0.04
2025.11.05	15:48:00	3981.91500	3982.16500	3980.92500	3981.38800	0.02
2025.11.05	15:49:00	3981.39500	3981.79800	3979.95800	3979.95800	0.05
2025.11.05	15:50:00	3979.89900	3980.40800	3979.15800	3979.76800	0.07
2025.11.05	15:51:00	3979.65800	3980.27800	3979.22500	3979.95500	0.07
2025.11.05	15:52:00	3979.99500	3981.62500	3979.69500	3980.12800	0.04
2025.11.05	15:53:00	3980.12800	3981.05800	3979.16500	3980.28500	0.03
2025.11.05	15:54:00	3979.96800	3981.17500	3979.64500	3980.59500	0.02
2025.11.05	15:55:00	3980.77500	3981.39500	3979.75500	3979.88800	0.03
2025.11.05	15:56:00	3979.89800	3980.13800	3976.97800	3977.06800	0.05
2025.11.05	15:57:00	3977.06800	3980.16500	3977.06800	3979.69500	0.03
2025.11.05	15:58:00	3979.66500	3980.07800	3977.37500	3977.69500	0.03
2025.11.05	15:59:00	3977.71500	3978.14500	3977.34500	3978.07500	0.02
2025.11.05	16:00:00	3978.17500	3979.88500	3978.03500	3979.74500	0.03
2025.11.05	16:01:00	3979.77500	3981.34500	3979.29500	3980.56500	0.04
2025.11.05	16:02:00	3980.51500	3980.96500	3979.55500	3980.24500	0.03
2025.11.05	16:03:00	3980.26500	3981.17500	3979.13500	3979.13500	0.03
2025.11.05	16:04:00	3979.20500	3979.20500	3976.97500	3978.86500	0.03
2025.11.05	16:05:00	3978.86500	3979.53500	3977.65500	3977.67500	0.03
2025.11.05	16:06:00	3977.70500	3978.64500	3977.40500	3978.44500	0.03
2025.11.05	16:07:00	3978.47500	3978.87500	3976.78500	3978.75500	0.03
2025.11.05	16:08:00	3978.53500	3979.63500	3978.47500	3979.37500	0.02
2025.11.05	16:09:00	3979.41500	3981.72500	3979.40500	3981.37500	0.02
2025.11.05	16:10:00	3981.39500	3981.70800	3980.26500	3980.99800	0.04
2025.11.05	16:11:00	3981.03800	3981.44800	3979.35800	3980.60800	0.04
2025.11.05	16:12:00	3980.59800	3980.76800	3979.19800	3979.31800	0.05
2025.11.05	16:13:00	3979.31800	3980.08800	3978.03800	3978.81800	0.04
2025.11.05	16:14:00	3978.66500	3978.82800	3975.48800	3976.43500	0.09
2025.11.05	16:15:00	3976.41500	3980.48500	3976.31500	3980.33500	0.04
2025.11.05	16:16:00	3980.32500	3980.78500	3979.24500	3979.55500	0.03
2025.11.05	16:17:00	3979.58500	3979.72500	3976.45500	3976.45500	0.04
2025.11.05	16:18:00	3976.39500	3976.89500	3974.74500	3976.41500	0.04
2025.11.05	16:19:00	3976.44500	3977.51500	3976.11500	3976.81500	0.03
2025.11.05	16:20:00	3976.83500	3978.14500	3976.54500	3977.68500	0.03
2025.11.05	16:21:00	3977.71500	3979.22500	3977.67500	3979.01500	0.02
2025.11.05	16:22:00	3978.99500	3979.36500	3977.35500	3978.60500	0.03
2025.11.05	16:23:00	3978.57500	3979.59500	3977.74500	3979.51500	0.02
2025.11.05	16:24:00	3979.54500	3980.46500	3979.32500	3979.42500	0.02
2025.11.05	16:25:00	3979.41500	3980.27500	3978.93500	3979.51500	0.02
2025.11.05	16:26:00	3979.54500	3980.17500	3978.86500	3979.24500	0.02
2025.11.05	16:27:00	3979.26500	3979.74500	3978.36500	3978.89500	0.02
2025.11.05	16:28:00	3978.93500	3979.66500	3978.73500	3979.49500	0.02
2025.11.05	16:29:00	3979.51500	3981.20500	3979.31500	3981.13500	0.02
2025.11.05	16:30:00	3981.05500	3984.05500	3981.05500	3984.02500	0.03
2025.11.05	16:31:00	3984.05500	3984.27500	3982.25500	3982.37500	0.02
2025.11.05	16:32:00	3982.35500	3983.07500	3979.83500	3980.36500	0.03
2025.11.05	16:33:00	3980.17500	3981.26500	3980.02500	3981.21500	0.02
2025.11.05	16:34:00	3981.17500	3981.23500	3979.62500	3979.69500	0.03
2025.11.05	16:35:00	3979.72500	3980.61500	3977.27500	3978.27500	0.03
2025.11.05	16:36:00	3978.25500	3979.91500	3978.13500	3979.68500	0.02
2025.11.05	16:37:00	3979.70500	3980.99500	3979.64500	3980.21500	0.02
2025.11.05	16:38:00	3980.18500	3982.47500	3980.10500	3982.47500	0.02
2025.11.05	16:39:00	3982.53500	3983.56500	3982.53500	3982.97500	0.03
2025.11.05	16:40:00	3983.00500	3983.21500	3981.73500	3981.79500	0.03
2025.11.05	16:41:00	3981.77500	3982.93500	3981.70500	3982.04800	0.03
2025.11.05	16:42:00	3982.07500	3983.07500	3982.07500	3982.55500	0.03
2025.11.05	16:43:00	3982.62500	3983.35500	3982.06500	3982.12500	0.03
2025.11.05	16:44:00	3982.03500	3982.85500	3981.95500	3982.51500	0.02
2025.11.05	16:45:00	3982.55500	3985.01500	3982.55500	3984.11500	0.04
2025.11.05	16:46:00	3984.09500	3986.09800	3983.86500	3985.69800	0.02
2025.11.05	16:47:00	3985.79800	3989.16500	3985.77500	3988.09500	0.05
2025.11.05	16:48:00	3988.03500	3988.03500	3985.96900	3986.04900	0.07
2025.11.05	16:49:00	3986.03500	3987.22500	3984.96900	3987.22500	0.07
2025.11.05	16:50:00	3987.20500	3989.11500	3987.19800	3988.66500	0.03
2025.11.05	16:51:00	3988.77500	3989.26500	3988.16500	3989.07500	0.03
2025.11.05	16:52:00	3989.09500	3990.23500	3987.98500	3988.75500	0.04
2025.11.05	16:53:00	3988.83500	3989.02500	3986.21500	3986.77500	0.03
2025.11.05	16:54:00	3986.80500	3987.55500	3985.65500	3986.49500	0.04
2025.11.05	16:55:00	3986.52500	3988.12500	3985.95500	3987.42500	0.03
2025.11.05	16:56:00	3987.45500	3987.84500	3985.71500	3986.13500	0.03
2025.11.05	16:57:00	3986.06500	3986.28500	3985.68500	3985.75500	0.02
2025.11.05	16:58:00	3985.78500	3987.08500	3985.65500	3986.50500	0.02
2025.11.05	16:59:00	3986.41500	3987.02500	3986.17500	3986.67500	0.02
2025.11.05	17:00:00	3986.66500	3987.47500	3986.36500	3986.65500	0.02
2025.11.05	17:01:00	3986.63500	3989.25500	3986.57500	3987.73500	0.03
2025.11.05	17:02:00	3988.03500	3988.79500	3987.74500	3988.35500	0.03
2025.11.05	17:03:00	3988.37500	3989.44500	3987.30500	3987.92500	0.02
2025.11.05	17:04:00	3987.98500	3988.02500	3986.75500	3986.78500	0.03
2025.11.05	17:05:00	3986.81500	3987.08500	3985.19500	3986.91500	0.03
2025.11.05	17:06:00	3986.96500	3987.34500	3984.87500	3985.15500	0.03
2025.11.05	17:07:00	3985.12500	3985.19500	3983.16500	3983.79500	0.03
2025.11.05	17:08:00	3983.77500	3984.28500	3982.04500	3982.18500	0.03
2025.11.05	17:09:00	3982.20500	3984.36500	3982.09500	3984.25500	0.02
2025.11.05	17:10:00	3984.27500	3985.15500	3983.92500	3984.58500	0.02
2025.11.05	17:11:00	3984.92500	3984.97500	3983.01500	3983.28500	0.02
2025.11.05	17:12:00	3983.31500	3983.47500	3982.47500	3982.55500	0.02
2025.11.05	17:13:00	3982.57500	3984.76500	3982.57500	3984.59500	0.02
2025.11.05	17:14:00	3984.61500	3985.34500	3983.82500	3983.99500	0.02
2025.11.05	17:15:00	3983.97500	3984.88500	3983.05500	3984.66500	0.02
2025.11.05	17:16:00	3984.71500	3985.21500	3982.91500	3983.02500	0.02
2025.11.05	17:17:00	3983.07500	3984.42500	3982.90500	3984.25500	0.02
2025.11.05	17:18:00	3984.19500	3984.23500	3981.87500	3983.14500	0.02
2025.11.05	17:19:00	3983.23500	3983.23500	3981.30500	3981.39500	0.03
2025.11.05	17:20:00	3981.36500	3981.89500	3979.76500	3980.54500	0.03
2025.11.05	17:21:00	3980.51500	3980.81500	3978.93500	3979.25500	0.02
2025.11.05	17:22:00	3979.20500	3980.75500	3979.20500	3979.54500	0.03
2025.11.05	17:23:00	3979.58500	3979.63500	3978.39500	3978.65500	0.02
2025.11.05	17:24:00	3978.96500	3980.30500	3978.58500	3980.30500	0.02
2025.11.05	17:25:00	3980.27500	3981.41500	3980.16500	3981.12500	0.02
2025.11.05	17:26:00	3981.06500	3982.13500	3980.69500	3982.10500	0.02
2025.11.05	17:27:00	3982.08500	3982.52500	3981.59500	3982.30500	0.02
2025.11.05	17:28:00	3982.27500	3983.37500	3982.22500	3983.25500	0.02
2025.11.05	17:29:00	3983.27500	3983.48500	3981.97500	3982.14500	0.02
2025.11.05	17:30:00	3982.13500	3982.21500	3980.46500	3980.84500	0.02
2025.11.05	17:31:00	3980.82500	3980.83500	3979.49500	3980.39500	0.02
2025.11.05	17:32:00	3980.37500	3981.52500	3979.71500	3980.57500	0.02
2025.11.05	17:33:00	3980.64500	3981.42500	3980.38500	3980.96500	0.01
2025.11.05	17:34:00	3981.06500	3981.48500	3980.71500	3981.38500	0.01
2025.11.05	17:35:00	3981.26500	3982.37500	3981.08500	3982.37500	0.02
2025.11.05	17:36:00	3982.41500	3983.56500	3982.41500	3983.27500	0.03
2025.11.05	17:37:00	3983.31500	3983.36500	3981.59500	3981.72500	0.02
2025.11.05	17:38:00	3981.74500	3982.05500	3981.02500	3981.42500	0.02
2025.11.05	17:39:00	3981.39500	3981.67500	3981.22500	3981.61500	0.01
2025.11.05	17:40:00	3981.63500	3982.18500	3981.28500	3982.14500	0.02
2025.11.05	17:41:00	3982.19500	3982.45500	3980.93500	3981.95500	0.02
2025.11.05	17:42:00	3981.95500	3982.21500	3981.25500	3981.99500	0.01
2025.11.05	17:43:00	3981.97500	3984.14500	3981.97500	3984.00500	0.02
2025.11.05	17:44:00	3984.03500	3984.08500	3982.92500	3983.01500	0.02
2025.11.05	17:45:00	3982.99500	3983.18500	3982.37500	3982.39500	0.01
2025.11.05	17:46:00	3982.42500	3982.80500	3981.58500	3982.02500	0.02
2025.11.05	17:47:00	3982.00500	3982.78500	3981.26500	3982.64500	0.02
2025.11.05	17:48:00	3982.58500	3983.17500	3982.37500	3983.10500	0.02
2025.11.05	17:49:00	3983.13500	3983.18500	3981.99500	3982.31500	0.02
2025.11.05	17:50:00	3982.34500	3982.60500	3981.75500	3981.77500	0.02
2025.11.05	17:51:00	3981.81500	3982.61500	3981.75500	3981.97500	0.02
2025.11.05	17:52:00	3981.84500	3982.41500	3981.51500	3982.10500	0.02
2025.11.05	17:53:00	3982.12500	3982.80500	3981.54500	3982.75500	0.01
2025.11.05	17:54:00	3982.78500	3983.15500	3982.03500	3982.07500	0.01
2025.11.05	17:55:00	3982.09500	3982.19500	3980.76500	3981.26500	0.02
2025.11.05	17:56:00	3981.29500	3981.85500	3980.49500	3980.80500	0.02
2025.11.05	17:57:00	3980.68500	3981.51500	3979.42500	3980.81500	0.03
2025.11.05	17:58:00	3980.79500	3982.03500	3980.79500	3981.88500	0.02
2025.11.05	17:59:00	3982.03500	3982.11500	3981.60500	3981.87500	0.02
2025.11.05	18:00:00	3981.84500	3982.12500	3979.25500	3979.46500	0.03
2025.11.05	18:01:00	3979.49500	3980.44500	3979.29500	3980.16500	0.03
2025.11.05	18:02:00	3980.20500	3981.42500	3980.20500	3981.33500	0.02
2025.11.05	18:03:00	3981.30500	3981.41500	3980.26500	3980.37500	0.01
2025.11.05	18:04:00	3980.40500	3981.43500	3980.40500	3981.36500	0.02
2025.11.05	18:05:00	3981.33500	3981.96500	3981.17500	3981.53500	0.02
2025.11.05	18:06:00	3981.57500	3981.65500	3980.63500	3981.16500	0.02
2025.11.05	18:07:00	3981.20500	3982.03500	3981.14500	3981.94500	0.01
2025.11.05	18:08:00	3981.98500	3982.10500	3981.29500	3981.87500	0.01
2025.11.05	18:09:00	3981.85500	3982.23500	3981.48500	3981.88500	0.02
2025.11.05	18:10:00	3981.88500	3981.91500	3981.07500	3981.74500	0.01
2025.11.05	18:11:00	3981.73500	3982.83500	3981.73500	3982.78500	0.02
2025.11.05	18:12:00	3982.78500	3983.11500	3982.26500	3982.37500	0.02
2025.11.05	18:13:00	3982.40500	3983.11500	3982.35500	3982.61500	0.03
2025.11.05	18:14:00	3982.59500	3983.54500	3982.56500	3983.43500	0.02
2025.11.05	18:15:00	3983.42500	3983.82500	3983.05500	3983.19500	0.02
2025.11.05	18:16:00	3983.17500	3983.95500	3982.82500	3983.93500	0.04
2025.11.05	18:17:00	3983.92500	3985.78500	3983.90500	3984.87500	0.02
2025.11.05	18:18:00	3984.84500	3985.53500	3984.23500	3984.26500	0.02
2025.11.05	18:19:00	3984.31500	3984.87500	3983.87500	3984.39800	0.01
2025.11.05	18:20:00	3984.39800	3985.39500	3983.80500	3985.34800	0.01
2025.11.05	18:21:00	3985.39500	3985.64500	3984.44800	3984.60500	0.02
2025.11.05	18:22:00	3984.58500	3985.73500	3984.24500	3985.73500	0.01
2025.11.05	18:23:00	3985.76500	3985.81500	3984.57500	3984.72500	0.02
2025.11.05	18:24:00	3984.69500	3984.79500	3983.87500	3984.24500	0.02
2025.11.05	18:25:00	3984.24500	3984.86500	3984.07500	3984.07500	0.03
2025.11.05	18:26:00	3984.07500	3984.42500	3983.80500	3983.82500	0.03
2025.11.05	18:27:00	3983.82500	3983.97500	3982.60500	3983.46500	0.03
2025.11.05	18:28:00	3983.46500	3983.72500	3981.79500	3981.84500	0.03
2025.11.05	18:29:00	3981.87800	3983.65500	3981.87800	3983.46500	0.04
2025.11.05	18:30:00	3983.82500	3984.92500	3981.86500	3981.86500	0.03
2025.11.05	18:31:00	3981.84500	3981.97500	3980.56500	3980.79500	0.02
2025.11.05	18:32:00	3980.75500	3982.67500	3980.75500	3981.98500	0.01
2025.11.05	18:33:00	3982.00500	3982.91500	3982.00500	3982.44500	0.02
2025.11.05	18:34:00	3982.39500	3982.44500	3981.32500	3981.44500	0.01
2025.11.05	18:35:00	3981.46500	3982.12500	3981.23500	3981.67500	0.01
2025.11.05	18:36:00	3981.70500	3982.04500	3980.97500	3981.73500	0.02
2025.11.05	18:37:00	3981.75500	3981.81500	3979.42500	3979.52500	0.02
2025.11.05	18:38:00	3979.54500	3979.94500	3979.17500	3979.94500	0.02
2025.11.05	18:39:00	3979.92500	3980.78500	3979.92500	3980.19500	0.02
2025.11.05	18:40:00	3980.21500	3980.69500	3979.80500	3980.08500	0.02
2025.11.05	18:41:00	3980.06500	3980.08500	3979.02500	3979.58500	0.01
2025.11.05	18:42:00	3979.55500	3979.68500	3978.75500	3978.97500	0.02
2025.11.05	18:43:00	3978.98500	3979.47500	3978.73500	3979.44500	0.02
2025.11.05	18:44:00	3979.42500	3979.95500	3978.77500	3979.37500	0.01
2025.11.05	18:45:00	3979.57500	3980.63500	3979.50500	3980.20500	0.02
2025.11.05	18:46:00	3980.23500	3981.74500	3980.08500	3981.49500	0.03
2025.11.05	18:47:00	3981.45500	3981.54800	3980.74800	3981.04500	0.05
2025.11.05	18:48:00	3980.96500	3981.23500	3980.34800	3980.48900	0.07
2025.11.05	18:49:00	3980.45500	3981.04800	3980.36800	3981.04800	0.06
2025.11.05	18:50:00	3981.05800	3982.00500	3981.01500	3981.69500	0.02
2025.11.05	18:51:00	3981.73500	3982.91500	3981.73500	3981.86500	0.01
2025.11.05	18:52:00	3981.86500	3981.90500	3981.24500	3981.42500	0.02
2025.11.05	18:53:00	3981.41500	3981.79500	3981.27500	3981.74500	0.04
2025.11.05	18:54:00	3981.75500	3982.76500	3981.75500	3982.70500	0.03
2025.11.05	18:55:00	3982.66500	3983.04500	3981.79500	3981.79500	0.03
2025.11.05	18:56:00	3981.79500	3982.28500	3981.56500	3981.83500	0.02
2025.11.05	18:57:00	3981.84500	3982.30500	3981.61500	3981.84800	0.02
2025.11.05	18:58:00	3981.86500	3982.95500	3981.86500	3982.95500	0.03
2025.11.05	18:59:00	3982.92500	3982.97500	3982.06500	3982.21500	0.03
2025.11.05	19:00:00	3982.28500	3982.82500	3982.05500	3982.42500	0.02
2025.11.05	19:01:00	3982.38500	3984.14500	3982.03500	3984.10500	0.03
2025.11.05	19:02:00	3984.09800	3984.09800	3983.47500	3983.49800	0.04
2025.11.05	19:03:00	3983.49800	3984.34800	3982.89800	3984.24800	0.04
2025.11.05	19:04:00	3984.24800	3984.59800	3984.14800	3984.59800	0.03
2025.11.05	19:05:00	3984.59800	3985.69800	3984.19800	3984.82500	0.03
2025.11.05	19:06:00	3984.79800	3984.89800	3983.53500	3983.64500	0.02
2025.11.05	19:07:00	3983.57500	3984.05500	3983.35500	3983.41500	0.01
2025.11.05	19:08:00	3983.39500	3983.39500	3981.94500	3981.94500	0.01
2025.11.05	19:09:00	3981.90500	3982.06500	3980.49500	3980.51500	0.02
2025.11.05	19:10:00	3980.49500	3981.80500	3980.40500	3981.80500	0.02
2025.11.05	19:11:00	3981.80500	3981.80500	3979.76500	3980.36500	0.03
2025.11.05	19:12:00	3980.36500	3980.64500	3980.00500	3980.61500	0.03
2025.11.05	19:13:00	3980.61500	3981.35500	3980.25500	3980.29500	0.03
2025.11.05	19:14:00	3980.29500	3980.29500	3979.31500	3979.62500	0.02
2025.11.05	19:15:00	3979.59500	3980.64500	3978.98500	3980.49500	0.02
2025.11.05	19:16:00	3980.46500	3981.65500	3980.18500	3981.38500	0.02
2025.11.05	19:17:00	3981.35500	3982.00500	3980.86500	3980.96500	0.02
2025.11.05	19:18:00	3981.02500	3981.61500	3980.99500	3981.14500	0.02
2025.11.05	19:19:00	3981.14500	3982.23500	3981.14500	3982.02500	0.02
2025.11.05	19:20:00	3982.00500	3982.37500	3981.55500	3982.15500	0.02
2025.11.05	19:21:00	3982.17500	3982.76500	3981.92500	3982.49500	0.02
2025.11.05	19:22:00	3982.60500	3983.07500	3982.44500	3982.83500	0.03
2025.11.05	19:23:00	3982.83500	3983.08500	3982.55500	3982.55500	0.02
2025.11.05	19:24:00	3982.55500	3983.03500	3982.29500	3982.42500	0.03
2025.11.05	19:25:00	3982.42500	3983.30500	3982.40500	3982.75500	0.03
2025.11.05	19:26:00	3982.78500	3983.85500	3982.37500	3983.83500	0.03
2025.11.05	19:27:00	3983.81500	3984.29500	3983.55500	3983.55500	0.03
2025.11.05	19:28:00	3983.58500	3984.23500	3983.54500	3984.08500	0.03
2025.11.05	19:29:00	3984.08500	3984.13500	3983.68800	3984.06500	0.04
2025.11.05	19:30:00	3984.06500	3984.26500	3983.57500	3983.89500	0.03
2025.11.05	19:31:00	3983.89500	3984.48500	3983.61500	3983.95500	0.03
2025.11.05	19:32:00	3983.95500	3983.98500	3983.17500	3983.27500	0.03
2025.11.05	19:33:00	3983.27500	3983.77500	3982.82500	3983.38500	0.02
2025.11.05	19:34:00	3983.35500	3983.91500	3982.82500	3982.98500	0.02
2025.11.05	19:35:00	3982.84500	3983.47500	3982.73500	3983.33500	0.02
2025.11.05	19:36:00	3983.33500	3983.90500	3982.91500	3983.48500	0.03
2025.11.05	19:37:00	3983.46500	3984.44500	3983.18500	3984.21500	0.03
2025.11.05	19:38:00	3984.21500	3985.38500	3984.15500	3984.48500	0.04
2025.11.05	19:39:00	3984.48500	3985.66500	3984.30500	3985.62500	0.04
2025.11.05	19:40:00	3985.59500	3985.84500	3984.91500	3984.91500	0.04
2025.11.05	19:41:00	3984.88500	3985.85500	3984.88500	3985.72500	0.03
2025.11.05	19:42:00	3985.72500	3988.35500	3985.64500	3988.14800	0.06
2025.11.05	19:43:00	3988.14800	3988.54800	3987.74800	3988.04800	0.03
2025.11.05	19:44:00	3988.14800	3988.14800	3986.79800	3986.79800	0.04
2025.11.05	19:45:00	3986.79800	3987.09800	3986.59800	3987.04800	0.02
2025.11.05	19:46:00	3986.87800	3987.29800	3986.87800	3987.04800	0.03
2025.11.05	19:47:00	3986.94800	3987.74800	3986.84800	3987.54800	0.02
2025.11.05	19:48:00	3987.54800	3987.54800	3986.34800	3986.34800	0.02
2025.11.05	19:49:00	3986.34800	3987.04800	3986.24800	3986.34800	0.02
2025.11.05	19:50:00	3986.34800	3986.94800	3986.24800	3986.64800	0.02
2025.11.05	19:51:00	3986.64800	3986.94800	3986.54800	3986.74800	0.01
2025.11.05	19:52:00	3986.74800	3987.04800	3986.34800	3986.86500	0.01
2025.11.05	19:53:00	3986.86900	3987.19800	3986.49800	3987.09800	0.01
2025.11.05	19:54:00	3987.12500	3987.99800	3986.74800	3987.24800	0.03
2025.11.05	19:55:00	3987.04800	3987.44800	3986.84800	3987.14800	0.02
2025.11.05	19:56:00	3987.16900	3987.94800	3987.16900	3987.84800	0.02
2025.11.05	19:57:00	3987.84800	3988.59800	3987.64800	3988.19800	0.03
2025.11.05	19:58:00	3988.19800	3988.19800	3986.99800	3987.19800	0.03
2025.11.05	19:59:00	3987.19800	3987.49800	3986.89900	3987.49800	0.04
2025.11.05	20:00:00	3987.59800	3988.49800	3986.91500	3987.83500	0.02
2025.11.05	20:01:00	3987.76500	3988.20500	3986.86500	3986.94800	0.05
2025.11.05	20:02:00	3987.14800	3987.17500	3986.18800	3986.39800	0.04
2025.11.05	20:03:00	3986.42500	3986.96500	3986.29800	3986.87500	0.05
2025.11.05	20:04:00	3986.88500	3987.55500	3986.51500	3987.37500	0.27
2025.11.05	20:05:00	3987.37500	3987.57500	3987.15500	3987.27500	0.30
2025.11.05	20:06:00	3987.29800	3989.78500	3987.17500	3989.62500	0.29
2025.11.05	20:07:00	3989.61500	3989.97500	3988.40500	3988.40500	0.07
2025.11.05	20:08:00	3988.39800	3988.99800	3988.21500	3988.74500	0.03
2025.11.05	20:09:00	3988.71500	3989.50500	3988.27500	3989.49800	0.02
2025.11.05	20:10:00	3989.51500	3989.74500	3989.09500	3989.64500	0.01
2025.11.05	20:11:00	3989.66500	3989.79800	3989.39800	3989.39800	0.02
2025.11.05	20:12:00	3989.39800	3989.39800	3987.99800	3988.19800	0.05
2025.11.05	20:13:00	3988.19800	3988.19800	3987.19800	3987.29800	0.06
2025.11.05	20:14:00	3987.29800	3987.69800	3987.15500	3987.47500	0.15
2025.11.05	20:15:00	3987.47500	3987.97500	3986.90500	3987.90500	0.08
2025.11.05	20:16:00	3987.88500	3988.03500	3987.66500	3987.91500	0.07
2025.11.05	20:17:00	3987.93500	3988.27500	3986.94500	3986.96500	0.06
2025.11.05	20:18:00	3986.97500	3987.62500	3986.96500	3987.33500	0.02
2025.11.05	20:19:00	3987.29500	3987.35500	3985.92500	3986.51500	0.01
2025.11.05	20:20:00	3986.46500	3987.41500	3986.30500	3987.37500	0.01
2025.11.05	20:21:00	3987.39500	3988.17500	3987.16500	3987.89500	0.01
2025.11.05	20:22:00	3987.87500	3987.89500	3987.37500	3987.73500	0.01
2025.11.05	20:23:00	3987.82500	3987.94500	3986.78500	3986.94500	0.02
2025.11.05	20:24:00	3986.97500	3987.49500	3986.76500	3987.05500	0.02
2025.11.05	20:25:00	3987.03500	3987.80500	3987.01500	3987.63500	0.03
2025.11.05	20:26:00	3987.62500	3987.63500	3986.71500	3986.80500	0.02
2025.11.05	20:27:00	3986.77500	3986.82500	3986.03500	3986.29500	0.01
2025.11.05	20:28:00	3986.20500	3986.41500	3985.68500	3985.91500	0.01
2025.11.05	20:29:00	3985.93500	3986.17500	3985.41500	3985.45500	0.02
2025.11.05	20:30:00	3985.43500	3986.34500	3984.89500	3986.33500	0.02
2025.11.05	20:31:00	3986.31500	3986.57500	3985.79500	3986.57500	0.02
2025.11.05	20:32:00	3986.55500	3986.73500	3985.99500	3986.26500	0.02
2025.11.05	20:33:00	3986.28500	3987.01500	3986.18500	3987.00500	0.01
2025.11.05	20:34:00	3986.98500	3987.02500	3986.00500	3986.20500	0.01
2025.11.05	20:35:00	3986.18500	3987.94500	3986.02500	3987.90500	0.02
2025.11.05	20:36:00	3987.87500	3987.88800	3987.06500	3987.61500	0.02
2025.11.05	20:37:00	3987.58500	3987.76500	3987.14500	3987.23500	0.01
2025.11.05	20:38:00	3987.22500	3987.24500	3986.33500	3986.82500	0.01
2025.11.05	20:39:00	3986.79500	3987.78500	3986.79500	3987.63500	0.01
2025.11.05	20:40:00	3987.60500	3987.85500	3987.16800	3987.60500	0.01
2025.11.05	20:41:00	3987.58500	3987.72500	3987.13500	3987.25500	0.01
2025.11.05	20:42:00	3987.27500	3987.55500	3986.16500	3986.24500	0.01
2025.11.05	20:43:00	3986.14500	3986.31500	3985.88500	3985.94500	0.01
2025.11.05	20:44:00	3986.04500	3986.06500	3983.84500	3984.33500	0.03
2025.11.05	20:45:00	3984.29500	3985.09500	3983.96500	3984.10500	0.02
2025.11.05	20:46:00	3984.17500	3984.46500	3983.37500	3983.40500	0.02
2025.11.05	20:47:00	3982.57500	3983.01500	3981.76500	3981.86500	0.02
2025.11.05	20:48:00	3981.90500	3982.05500	3981.40500	3981.69500	0.02
2025.11.05	20:49:00	3981.73500	3982.33500	3981.50500	3981.97500	0.02
2025.11.05	20:50:00	3981.96500	3983.00500	3981.73500	3982.82500	0.03
2025.11.05	20:51:00	3982.84500	3983.19500	3982.29500	3982.52500	0.02
2025.11.05	20:52:00	3982.60500	3983.25500	3982.60500	3983.05500	0.02
2025.11.05	20:53:00	3983.03500	3983.29500	3982.82500	3983.23500	0.02
2025.11.05	20:54:00	3983.21500	3983.21500	3981.97500	3982.42500	0.02
2025.11.05	20:55:00	3982.45500	3983.31500	3982.16500	3983.31500	0.02
2025.11.05	20:56:00	3983.24500	3983.39500	3982.12500	3982.15500	0.02
2025.11.05	20:57:00	3982.12500	3983.80500	3981.91500	3983.49500	0.03
2025.11.05	20:58:00	3983.55500	3983.73500	3983.02500	3983.19500	0.02
2025.11.05	20:59:00	3983.14500	3984.39500	3982.58500	3984.26500	0.03
2025.11.05	21:00:00	3984.25500	3984.84500	3983.96500	3984.66500	0.01
2025.11.05	21:01:00	3984.62500	3984.62500	3983.84500	3984.06500	0.01
2025.11.05	21:02:00	3984.04500	3984.54500	3983.92500	3984.46500	0.01
2025.11.05	21:03:00	3984.52500	3984.84500	3984.33500	3984.47500	0.01
2025.11.05	21:04:00	3984.49500	3984.68500	3984.15500	3984.68500	0.02
2025.11.05	21:05:00	3984.69500	3984.77500	3984.37500	3984.53500	0.02
2025.11.05	21:06:00	3984.55500	3984.62500	3983.37500	3983.54500	0.01
2025.11.05	21:07:00	3983.58500	3983.58500	3982.48500	3982.63500	0.01
2025.11.05	21:08:00	3982.66500	3982.90500	3981.71500	3981.71500	0.01
2025.11.05	21:09:00	3981.73500	3982.76500	3981.69500	3981.98500	0.01
2025.11.05	21:10:00	3981.84500	3982.02500	3981.54500	3981.60500	0.01
2025.11.05	21:11:00	3981.58500	3981.90500	3981.44500	3981.76500	0.00
2025.11.05	21:12:00	3981.74500	3981.86500	3981.51500	3981.85500	0.00
2025.11.05	21:13:00	3981.87500	3982.73500	3981.87500	3982.71500	0.01
2025.11.05	21:14:00	3982.74500	3983.32500	3982.74500	3983.32500	0.01
2025.11.05	21:15:00	3983.30500	3983.32500	3982.13500	3982.82500	0.01
2025.11.05	21:16:00	3982.84500	3984.02500	3982.81500	3983.78500	0.01
2025.11.05	21:17:00	3983.78500	3984.06500	3983.76500	3984.05500	0.00
2025.11.05	21:18:00	3984.03500	3984.05500	3983.02500	3983.25500	0.01
2025.11.05	21:19:00	3983.17500	3983.69500	3982.79500	3983.60500	0.01
2025.11.05	21:20:00	3983.60500	3983.60500	3982.02500	3982.26500	0.01
2025.11.05	21:21:00	3982.23500	3982.68500	3981.99500	3982.49500	0.01
2025.11.05	21:22:00	3982.52500	3983.02500	3982.32500	3982.86500	0.00
2025.11.05	21:23:00	3982.82500	3983.00500	3982.68500	3983.00500	0.00
2025.11.05	21:24:00	3982.95500	3983.43500	3982.94500	3983.43500	0.00
2025.11.05	21:25:00	3983.46500	3983.50500	3983.32500	3983.50500	0.00
2025.11.05	21:26:00	3983.46500	3983.71500	3982.86500	3983.19500	0.01
2025.11.05	21:27:00	3983.16500	3983.30500	3982.39500	3982.39500	0.01
2025.11.05	21:28:00	3982.37500	3982.37500	3981.73500	3981.75500	0.00
2025.11.05	21:29:00	3981.70500	3981.88500	3981.41500	3981.76500	0.01
2025.11.05	21:30:00	3981.71500	3982.19500	3981.68500	3981.96500	0.00
2025.11.05	21:31:00	3981.99500	3982.30500	3981.76500	3982.10500	0.00
2025.11.05	21:32:00	3982.16500	3982.16500	3981.88500	3982.14500	0.00
2025.11.05	21:33:00	3982.11500	3982.65500	3981.84500	3982.25500	0.01
2025.11.05	21:34:00	3982.29500	3982.32500	3981.74500	3981.88500	0.01
2025.11.05	21:35:00	3981.84500	3982.12500	3981.72500	3982.05500	0.00
2025.11.05	21:36:00	3982.11500	3982.98500	3982.03500	3982.92500	0.01
2025.11.05	21:37:00	3982.96500	3983.07500	3982.56500	3982.98500	0.00
2025.11.05	21:38:00	3983.03500	3983.07500	3982.85500	3982.90500	0.00
2025.11.05	21:39:00	3982.94500	3983.02500	3982.54500	3982.62500	0.00
2025.11.05	21:40:00	3982.47500	3982.60500	3982.04500	3982.25500	0.01
2025.11.05	21:41:00	3982.27500	3982.27500	3981.90500	3982.05500	0.01
2025.11.05	21:42:00	3982.10500	3982.26500	3981.68800	3981.68800	0.01
2025.11.05	21:43:00	3981.68800	3982.08500	3981.68500	3981.98500	0.01
2025.11.05	21:44:00	3982.02500	3982.35500	3981.86500	3981.88500	0.01
2025.11.05	21:45:00	3981.85500	3982.19500	3981.85500	3982.13800	0.01
2025.11.05	21:46:00	3982.19500	3982.81500	3982.12500	3982.31500	0.01
2025.11.05	21:47:00	3982.30500	3982.32500	3981.77500	3981.77500	0.00
2025.11.05	21:48:00	3981.79500	3981.97500	3981.79500	3981.92500	0.00
2025.11.05	21:49:00	3981.95500	3982.28500	3981.95500	3982.25500	0.00
2025.11.05	21:50:00	3982.21500	3982.21500	3980.34500	3981.22500	0.01
2025.11.05	21:51:00	3981.25500	3981.31500	3980.62500	3980.67500	0.00
2025.11.05	21:52:00	3980.64500	3980.74500	3980.00500	3980.06500	0.00
2025.11.05	21:53:00	3980.04500	3980.17500	3979.50500	3979.50500	0.00
2025.11.05	21:54:00	3979.47500	3979.64500	3978.93500	3979.15500	0.01
2025.11.05	21:55:00	3979.01500	3979.43500	3978.62500	3978.62500	0.01
2025.11.05	21:56:00	3978.60500	3978.71500	3977.77500	3978.30500	0.01
2025.11.05	21:57:00	3978.27500	3978.85500	3978.22500	3978.85500	0.01
2025.11.05	21:58:00	3978.82500	3979.59500	3978.65500	3978.88500	0.01
2025.11.05	21:59:00	3978.82500	3980.11500	3978.77500	3979.75500	0.01
2025.11.05	23:00:00	3975.45500	3979.94500	3973.39500	3977.09800	0.11
2025.11.05	23:01:00	3977.19800	3979.30500	3970.63500	3970.99800	0.08
2025.11.05	23:02:00	3971.49800	3972.79800	3970.00000	3971.38500	0.05
2025.11.05	23:03:00	3971.79800	3973.49800	3967.84500	3969.39800	0.05
2025.11.05	23:04:00	3969.29800	3969.99800	3967.56500	3968.34800	0.02
2025.11.05	23:05:00	3968.34800	3971.04800	3968.04800	3970.69800	0.03
2025.11.05	23:06:00	3970.79800	3972.09800	3969.53500	3971.69800	0.04
2025.11.05	23:07:00	3971.79800	3972.14800	3971.09800	3971.94800	0.03
2025.11.05	23:08:00	3970.91500	3971.74800	3967.64500	3969.34800	0.03
2025.11.05	23:09:00	3969.44800	3969.44800	3968.24800	3968.44800	0.04
2025.11.05	23:10:00	3968.44800	3970.27500	3968.44800	3969.16500	0.02
2025.11.05	23:11:00	3969.14500	3970.16500	3966.41500	3967.44800	0.02
2025.11.05	23:12:00	3967.44800	3968.34800	3966.09500	3967.04800	0.02
2025.11.05	23:13:00	3967.14800	3968.14800	3966.70500	3967.84800	0.01
2025.11.05	23:14:00	3967.54800	3969.44800	3967.54800	3969.34800	0.02
2025.11.05	23:15:00	3969.34800	3970.74800	3969.11500	3969.24800	0.02
2025.11.05	23:16:00	3969.34800	3971.15500	3969.34800	3970.19800	0.02
2025.11.05	23:17:00	3970.29800	3971.11500	3970.29800	3971.03500	0.01
2025.11.05	23:18:00	3971.02500	3971.46500	3970.42500	3971.45500	0.01
2025.11.05	23:19:00	3971.44500	3971.44500	3969.67500	3969.68500	0.01
2025.11.05	23:20:00	3969.69500	3970.33500	3969.17500	3969.17500	0.01
2025.11.05	23:21:00	3969.25500	3970.89800	3968.99800	3970.76500	0.01
2025.11.05	23:22:00	3970.73500	3971.24500	3969.83500	3971.24500	0.01
2025.11.05	23:23:00	3971.23500	3971.23500	3969.99800	3969.99800	0.01
2025.11.05	23:24:00	3969.99800	3970.30500	3969.55500	3969.60500	0.01
2025.11.05	23:25:00	3969.60500	3969.87500	3968.67500	3968.70500	0.01
2025.11.05	23:26:00	3968.67500	3969.63500	3968.29800	3969.46500	0.01
2025.11.05	23:27:00	3969.43500	3970.33500	3969.30500	3970.33500	0.01
2025.11.05	23:28:00	3970.34500	3970.69500	3970.21500	3970.21500	0.00
2025.11.05	23:29:00	3970.28500	3970.72500	3969.86500	3969.98500	0.01
2025.11.05	23:30:00	3970.45500	3972.05500	3970.11500	3971.92500	0.01
2025.11.05	23:31:00	3971.90500	3972.16500	3971.03500	3971.57500	0.01
2025.11.05	23:32:00	3971.57500	3972.32500	3971.57500	3971.68500	0.01
2025.11.05	23:33:00	3971.71500	3972.81500	3971.71500	3972.51500	0.01
2025.11.05	23:34:00	3972.45500	3973.65500	3972.24500	3973.26500	0.01
2025.11.05	23:35:00	3973.20500	3973.60500	3972.77500	3973.35500	0.01
2025.11.05	23:36:00	3973.38500	3974.14500	3972.64500	3972.84500	0.02
2025.11.05	23:37:00	3972.86500	3973.32500	3972.15500	3972.16500	0.01
2025.11.05	23:38:00	3972.18500	3972.91500	3971.95500	3972.91500	0.01
2025.11.05	23:39:00	3972.91500	3974.85500	3972.62500	3974.85500	0.01
2025.11.05	23:40:00	3974.88500	3975.15500	3973.99500	3973.99500	0.01
2025.11.05	23:41:00	3973.98500	3973.98500	3972.72500	3972.81500	0.01
2025.11.05	23:42:00	3972.78500	3973.04500	3972.58500	3972.71500	0.01
2025.11.05	23:43:00	3972.68500	3972.79500	3972.01800	3972.74500	0.00
2025.11.05	23:44:00	3972.70500	3973.48500	3972.67500	3973.22500	0.01
2025.11.05	23:45:00	3973.19500	3974.16500	3973.00500	3974.08500	0.01
2025.11.05	23:46:00	3974.10500	3974.96500	3974.10500	3974.96500	0.00
2025.11.05	23:47:00	3975.02500	3975.33500	3974.90500	3975.21500	0.01
2025.11.05	23:48:00	3975.23500	3976.58500	3975.03500	3975.45500	0.01
2025.11.05	23:49:00	3975.41500	3976.25500	3975.11500	3976.25500	0.01
2025.11.05	23:50:00	3976.34500	3977.29500	3976.34500	3977.29500	0.01
2025.11.05	23:51:00	3977.22500	3977.43500	3975.55500	3975.62500	0.01
2025.11.05	23:52:00	3975.59500	3975.64500	3973.58500	3973.82500	0.01
2025.11.05	23:53:00	3973.80500	3974.33500	3973.26500	3973.78500	0.01
2025.11.05	23:54:00	3973.80500	3973.83500	3973.24500	3973.78500	0.00
2025.11.05	23:55:00	3973.75500	3973.75500	3973.20500	3973.40500	0.01
2025.11.05	23:56:00	3973.42500	3974.30500	3973.42500	3973.74500	0.01
2025.11.05	23:57:00	3973.74500	3974.46500	3973.65500	3973.90500	0.01
2025.11.05	23:58:00	3973.93500	3974.32500	3973.76500	3973.82500	0.01
2025.11.05	23:59:00	3973.82500	3973.82500	3973.44500	3973.51500	0.00
2025.11.06	00:00:00	3973.47500	3973.47500	3970.79500	3971.82500	0.02
2025.11.06	00:01:00	3971.86500	3972.61500	3970.90500	3971.29500	0.01
2025.11.06	00:02:00	3971.29500	3971.43500	3970.62500	3971.07500	0.02
2025.11.06	00:03:00	3971.05500	3971.10500	3970.54500	3970.80500	0.02
2025.11.06	00:04:00	3970.77500	3971.07500	3970.27500	3971.07500	0.01
2025.11.06	00:05:00	3971.23500	3971.95500	3970.66500	3970.99500	0.01
2025.11.06	00:06:00	3970.90500	3970.96500	3970.72500	3970.87500	0.01
2025.11.06	00:07:00	3970.87500	3971.53500	3970.83500	3971.53500	0.01
2025.11.06	00:08:00	3971.56500	3971.69500	3971.32500	3971.69500	0.00
2025.11.06	00:09:00	3971.67500	3972.53500	3971.65500	3972.53500	0.00
2025.11.06	00:10:00	3972.82500	3973.32500	3972.68500	3973.18500	0.01
2025.11.06	00:11:00	3973.17500	3974.46500	3973.16500	3973.47500	0.01
2025.11.06	00:12:00	3973.41500	3974.28500	3973.29500	3974.28500	0.01
2025.11.06	00:13:00	3974.31500	3975.21500	3974.31500	3975.16500	0.01
2025.11.06	00:14:00	3975.19500	3975.21500	3974.06500	3974.77500	0.01
2025.11.06	00:15:00	3974.77500	3974.81500	3974.11500	3974.46500	0.01
2025.11.06	00:16:00	3974.44500	3974.67500	3973.43500	3973.80500	0.01
2025.11.06	00:17:00	3973.77500	3974.03500	3972.23500	3972.23500	0.01
2025.11.06	00:18:00	3972.19500	3972.26500	3971.79500	3971.87500	0.01
2025.11.06	00:19:00	3971.48500	3972.19500	3971.05500	3972.12500	0.01
2025.11.06	00:20:00	3972.09500	3972.88500	3971.73500	3972.62500	0.01
2025.11.06	00:21:00	3972.67500	3972.81500	3971.43500	3971.43500	0.00
2025.11.06	00:22:00	3971.41500	3971.85500	3971.12500	3971.70500	0.01
2025.11.06	00:23:00	3971.72500	3973.38500	3971.61500	3973.26500	0.01
2025.11.06	00:24:00	3973.23500	3973.61500	3972.46500	3973.19500	0.01
2025.11.06	00:25:00	3973.23500	3973.87500	3972.67500	3973.87500	0.01
2025.11.06	00:26:00	3973.89500	3974.63500	3973.89500	3974.36500	0.01
2025.11.06	00:27:00	3974.33500	3974.82500	3973.53500	3973.93500	0.01
2025.11.06	00:28:00	3973.89500	3974.59500	3973.82500	3974.40500	0.01
2025.11.06	00:29:00	3974.32500	3974.51500	3973.45500	3973.45500	0.00
2025.11.06	00:30:00	3973.43500	3974.47500	3972.61500	3974.29500	0.01
2025.11.06	00:31:00	3974.25500	3974.73500	3973.83500	3973.84500	0.01
2025.11.06	00:32:00	3973.91500	3974.28500	3973.32500	3973.32500	0.01
2025.11.06	00:33:00	3973.28500	3973.28500	3972.09500	3972.18500	0.01
2025.11.06	00:34:00	3972.16500	3972.16500	3971.47500	3971.60500	0.01
2025.11.06	00:35:00	3971.61500	3972.17500	3970.91500	3972.14500	0.02
2025.11.06	00:36:00	3972.11500	3972.96500	3971.97500	3972.00500	0.02
2025.11.06	00:37:00	3971.98500	3972.63500	3971.14500	3972.62500	0.01
2025.11.06	00:38:00	3972.66500	3973.24500	3971.12500	3972.86500	0.02
2025.11.06	00:39:00	3972.84500	3972.92500	3971.71500	3972.10500	0.01
2025.11.06	00:40:00	3972.12500	3972.17500	3970.21500	3970.33500	0.02
2025.11.06	00:41:00	3970.30500	3970.86500	3969.39500	3969.70500	0.02
2025.11.06	00:42:00	3969.67500	3970.51500	3969.41500	3970.31500	0.03
2025.11.06	00:43:00	3970.33500	3972.08500	3969.94500	3971.01500	0.03
2025.11.06	00:44:00	3970.90500	3972.46500	3970.67500	3972.24500	0.02
2025.11.06	00:45:00	3972.19500	3973.50500	3972.17500	3972.86500	0.02
2025.11.06	00:46:00	3972.88500	3972.98500	3972.14500	3972.59500	0.02
2025.11.06	00:47:00	3972.59500	3973.11500	3971.84500	3972.67500	0.03
2025.11.06	00:48:00	3972.68500	3973.73500	3972.54500	3972.86500	0.02
2025.11.06	00:49:00	3972.88500	3972.88500	3971.15500	3972.25500	0.02
2025.11.06	00:50:00	3972.23500	3972.26500	3970.75500	3971.30500	0.02
2025.11.06	00:51:00	3971.34500	3971.44500	3970.48500	3970.77500	0.01
2025.11.06	00:52:00	3970.79500	3972.44500	3970.72500	3972.40500	0.02
2025.11.06	00:53:00	3972.43500	3973.01500	3971.68500	3972.36500	0.02
2025.11.06	00:54:00	3972.34500	3972.68500	3972.11500	3972.58500	0.01
2025.11.06	00:55:00	3972.65500	3974.80500	3972.65500	3974.75500	0.02
2025.11.06	00:56:00	3974.78500	3975.13500	3973.95500	3973.95500	0.01
2025.11.06	00:57:00	3973.99500	3974.57500	3973.84500	3974.15500	0.01
2025.11.06	00:58:00	3974.13500	3975.09500	3974.13500	3974.56500	0.02
2025.11.06	00:59:00	3974.59500	3976.01500	3974.59500	3976.01500	0.02
2025.11.06	01:00:00	3976.04500	3976.51500	3973.69500	3975.99500	0.05
2025.11.06	01:01:00	3975.97500	3977.17500	3974.95500	3975.10500	0.04
2025.11.06	01:02:00	3975.12500	3976.85500	3974.24500	3976.26500	0.03
2025.11.06	01:03:00	3976.29500	3976.31500	3974.39500	3975.07500	0.03
2025.11.06	01:04:00	3975.13500	3975.21500	3972.41500	3972.45500	0.03
2025.11.06	01:05:00	3972.47500	3972.90500	3971.26500	3971.96500	0.03
2025.11.06	01:06:00	3971.99500	3972.11500	3970.02500	3970.92500	0.03
2025.11.06	01:07:00	3970.90500	3970.90500	3966.59800	3966.59800	0.04
2025.11.06	01:08:00	3966.62500	3968.21500	3964.35500	3966.51500	0.05
2025.11.06	01:09:00	3966.53500	3967.93500	3965.88500	3966.45500	0.04
2025.11.06	01:10:00	3966.42500	3966.73500	3964.40500	3965.44500	0.04
2025.11.06	01:11:00	3965.47500	3968.81500	3965.47500	3968.51500	0.04
2025.11.06	01:12:00	3968.54500	3969.65500	3967.31500	3969.65500	0.02
2025.11.06	01:13:00	3969.69500	3969.73500	3967.67500	3968.50500	0.02
2025.11.06	01:14:00	3968.52500	3970.45500	3968.52500	3969.95500	0.02
2025.11.06	01:15:00	3969.97500	3970.24500	3968.23500	3969.29500	0.02
2025.11.06	01:16:00	3969.32500	3970.20500	3968.72500	3969.68500	0.02
2025.11.06	01:17:00	3969.62500	3969.77500	3968.28500	3969.00500	0.02
2025.11.06	01:18:00	3968.97500	3970.11500	3968.27500	3969.37500	0.02
2025.11.06	01:19:00	3969.35500	3970.21500	3969.16500	3970.16500	0.02
2025.11.06	01:20:00	3970.07500	3972.16500	3969.83500	3971.92500	0.02
2025.11.06	01:21:00	3972.07500	3974.20500	3971.90500	3973.88500	0.02
2025.11.06	01:22:00	3973.87500	3974.42500	3973.28500	3973.28500	0.02
2025.11.06	01:23:00	3973.23500	3974.59500	3972.82500	3974.59500	0.02
2025.11.06	01:24:00	3974.56500	3975.35500	3973.12500	3973.19500	0.02
2025.11.06	01:25:00	3973.16500	3974.07500	3972.63500	3974.02500	0.02
2025.11.06	01:26:00	3974.12500	3975.39500	3974.01500	3974.93500	0.02
2025.11.06	01:27:00	3974.96500	3975.21500	3973.93500	3974.40500	0.02
2025.11.06	01:28:00	3974.42500	3975.09500	3971.58500	3971.84500	0.03
2025.11.06	01:29:00	3971.83500	3971.83500	3968.77500	3968.88500	0.03
2025.11.06	01:30:00	3968.91500	3970.10500	3967.33500	3970.10500	0.05
2025.11.06	01:31:00	3970.12500	3970.32500	3967.99500	3968.94500	0.03
2025.11.06	01:32:00	3968.97500	3970.28500	3968.96500	3969.63500	0.02
2025.11.06	01:33:00	3969.60500	3971.90500	3969.59500	3971.34500	0.03
2025.11.06	01:34:00	3971.37500	3972.45500	3970.37500	3972.44500	0.02
2025.11.06	01:35:00	3972.46500	3973.77500	3972.32500	3972.91500	0.02
2025.11.06	01:36:00	3972.89500	3973.19500	3971.23500	3971.99500	0.02
2025.11.06	01:37:00	3972.12500	3973.32500	3971.84500	3972.74500	0.02
2025.11.06	01:38:00	3972.77500	3973.77500	3971.83500	3973.64500	0.01
2025.11.06	01:39:00	3973.66500	3973.90500	3972.15500	3972.25500	0.01
2025.11.06	01:40:00	3972.28500	3973.00500	3971.18500	3971.32500	0.02
2025.11.06	01:41:00	3971.29500	3972.15500	3970.84500	3972.15500	0.01
2025.11.06	01:42:00	3972.17500	3972.38500	3971.51500	3972.00500	0.01
2025.11.06	01:43:00	3971.98500	3971.98500	3971.31500	3971.39500	0.01
2025.11.06	01:44:00	3971.37500	3971.56500	3970.47500	3970.82500	0.01
2025.11.06	01:45:00	3970.90500	3971.76500	3970.82500	3971.57500	0.02
2025.11.06	01:46:00	3971.61500	3972.62500	3971.09500	3972.55500	0.01
2025.11.06	01:47:00	3972.13500	3972.78500	3971.54500	3971.59500	0.01
2025.11.06	01:48:00	3971.56500	3971.85500	3971.11500	3971.83500	0.01
2025.11.06	01:49:00	3971.85500	3972.83500	3971.62500	3972.22500	0.02
2025.11.06	01:50:00	3972.20500	3974.35500	3971.82500	3974.29500	0.02
2025.11.06	01:51:00	3974.27500	3974.86500	3974.05500	3974.59500	0.02
2025.11.06	01:52:00	3974.52500	3974.54500	3973.46500	3974.09500	0.02
2025.11.06	01:53:00	3974.13500	3975.06500	3974.08500	3975.01500	0.01
2025.11.06	01:54:00	3974.97500	3976.26500	3974.97500	3975.44500	0.02
2025.11.06	01:55:00	3975.41500	3975.46500	3974.53500	3974.94500	0.02
2025.11.06	01:56:00	3974.95500	3975.84500	3974.44500	3975.52500	0.02
2025.11.06	01:57:00	3975.62500	3976.13500	3974.84500	3975.97500	0.01
2025.11.06	01:58:00	3975.93500	3976.40500	3975.46500	3976.38500	0.02
2025.11.06	01:59:00	3976.34500	3976.55500	3975.83500	3976.37500	0.02
2025.11.06	02:00:00	3976.39500	3976.77500	3975.09500	3975.25500	0.03
2025.11.06	02:01:00	3975.29500	3975.69500	3974.18500	3974.18500	0.03
2025.11.06	02:02:00	3974.03500	3977.49500	3974.02500	3977.48500	0.03
2025.11.06	02:03:00	3977.53500	3979.57800	3976.50500	3976.78500	0.03
2025.11.06	02:04:00	3976.75500	3978.41500	3976.19500	3976.82500	0.03
2025.11.06	02:05:00	3976.80500	3976.80500	3975.55500	3975.60500	0.02
2025.11.06	02:06:00	3975.61500	3976.25500	3974.49500	3976.25500	0.03
2025.11.06	02:07:00	3976.26500	3976.30500	3975.49500	3976.11500	0.02
2025.11.06	02:08:00	3976.13500	3978.26500	3976.13500	3978.26500	0.02
2025.11.06	02:09:00	3978.38500	3978.72500	3977.29500	3978.47500	0.02
2025.11.06	02:10:00	3978.14800	3978.55500	3977.57500	3977.86500	0.02
2025.11.06	02:11:00	3977.88500	3978.47500	3977.51500	3977.99500	0.02
2025.11.06	02:12:00	3977.96500	3977.96500	3976.68500	3977.27500	0.02
2025.11.06	02:13:00	3977.30500	3977.32500	3976.67500	3977.09500	0.02
2025.11.06	02:14:00	3977.07500	3977.66500	3976.79500	3977.22500	0.02
2025.11.06	02:15:00	3977.20500	3977.88500	3977.11500	3977.86500	0.02
2025.11.06	02:16:00	3977.89500	3978.65500	3977.72500	3977.77500	0.01
2025.11.06	02:17:00	3977.74800	3978.34500	3977.61500	3978.33500	0.01
2025.11.06	02:18:00	3978.36500	3978.80500	3977.90500	3978.12500	0.01
2025.11.06	02:19:00	3978.20500	3978.69500	3977.51500	3977.80500	0.01
2025.11.06	02:20:00	3977.77500	3978.08500	3977.36500	3978.01500	0.01
2025.11.06	02:21:00	3978.03500	3978.14500	3976.45500	3976.61500	0.01
2025.11.06	02:22:00	3976.63500	3977.36500	3976.63500	3977.29500	0.01
2025.11.06	02:23:00	3977.26500	3977.48500	3976.72500	3977.37500	0.01
2025.11.06	02:24:00	3977.40500	3978.15500	3977.26500	3977.48500	0.01
2025.11.06	02:25:00	3977.51500	3978.49500	3977.14800	3978.06500	0.02
2025.11.06	02:26:00	3978.04800	3978.14800	3976.09800	3976.28500	0.01
2025.11.06	02:27:00	3976.24500	3978.43500	3976.24500	3978.40500	0.01
2025.11.06	02:28:00	3978.45500	3978.62500	3978.02500	3978.51500	0.01
2025.11.06	02:29:00	3978.53500	3978.53500	3977.66500	3977.84500	0.01
2025.11.06	02:30:00	3977.87500	3979.97500	3977.87500	3979.01500	0.03
2025.11.06	02:31:00	3978.84500	3981.40500	3978.84500	3980.08500	0.03
2025.11.06	02:32:00	3980.05500	3982.28500	3979.93500	3982.16500	0.02
2025.11.06	02:33:00	3982.13500	3984.51500	3982.06500	3984.19500	0.03
2025.11.06	02:34:00	3984.17500	3984.64500	3983.51500	3983.51500	0.03
2025.11.06	02:35:00	3983.49500	3983.60500	3981.91500	3982.23500	0.03
2025.11.06	02:36:00	3982.27500	3983.31500	3981.73500	3982.37500	0.02
2025.11.06	02:37:00	3982.40500	3984.07500	3982.40500	3983.61500	0.02
2025.11.06	02:38:00	3983.63500	3984.12500	3982.74500	3983.67500	0.03
2025.11.06	02:39:00	3983.71500	3984.09500	3983.05500	3983.14500	0.02
2025.11.06	02:40:00	3983.17500	3983.90500	3982.93500	3983.22500	0.02
2025.11.06	02:41:00	3983.24500	3984.91500	3983.24500	3984.10500	0.03
2025.11.06	02:42:00	3984.11500	3984.11500	3981.38500	3981.49500	0.02
2025.11.06	02:43:00	3981.46500	3982.25500	3979.57500	3979.78500	0.02
2025.11.06	02:44:00	3979.80500	3980.45500	3979.44500	3979.95500	0.02
2025.11.06	02:45:00	3980.05500	3980.72500	3979.43500	3979.67500	0.03
2025.11.06	02:46:00	3979.69500	3981.50500	3979.58500	3980.45500	0.02
2025.11.06	02:47:00	3980.51500	3981.66500	3979.88500	3981.19500	0.02
2025.11.06	02:48:00	3981.21500	3982.12500	3980.98500	3981.76500	0.02
2025.11.06	02:49:00	3981.79500	3982.55500	3981.31500	3982.10500	0.02
2025.11.06	02:50:00	3982.08500	3982.64500	3982.04500	3982.22500	0.01
2025.11.06	02:51:00	3982.30500	3982.30500	3981.42500	3981.75500	0.02
2025.11.06	02:52:00	3981.77500	3983.53500	3981.58500	3983.47500	0.01
2025.11.06	02:53:00	3983.50500	3983.50500	3982.87500	3983.09500	0.02
2025.11.06	02:54:00	3983.06500	3983.14500	3982.44500	3982.64500	0.02
2025.11.06	02:55:00	3982.74500	3983.18500	3982.33500	3983.10500	0.01
2025.11.06	02:56:00	3983.13500	3983.88500	3982.90500	3983.82500	0.01
2025.11.06	02:57:00	3983.84500	3984.16500	3982.94500	3982.98500	0.01
2025.11.06	02:58:00	3983.01500	3983.42500	3982.12500	3982.12500	0.01
2025.11.06	02:59:00	3982.14500	3983.51500	3981.88500	3983.14500	0.02
2025.11.06	03:00:00	3983.17500	3983.73500	3982.68500	3983.11500	0.01
2025.11.06	03:01:00	3983.14500	3983.40500	3981.58500	3981.97500	0.01
2025.11.06	03:02:00	3981.95500	3983.29500	3981.95500	3982.73500	0.02
2025.11.06	03:03:00	3982.75500	3983.16500	3981.21500	3981.39500	0.02
2025.11.06	03:04:00	3981.44500	3981.44500	3980.56500	3980.89500	0.03
2025.11.06	03:05:00	3980.86500	3981.79500	3980.58500	3981.69500	0.02
2025.11.06	03:06:00	3981.66500	3981.91500	3981.09500	3981.35500	0.02
2025.11.06	03:07:00	3981.33500	3981.33500	3980.06500	3980.15500	0.02
2025.11.06	03:08:00	3980.12500	3980.74500	3979.30500	3979.34500	0.02
2025.11.06	03:09:00	3979.38500	3980.83500	3979.29500	3980.80500	0.01
2025.11.06	03:10:00	3980.76500	3982.97500	3980.65500	3982.95500	0.02
2025.11.06	03:11:00	3983.00500	3984.45500	3982.71500	3983.91500	0.02
2025.11.06	03:12:00	3983.88500	3985.01500	3983.85500	3984.72500	0.02
2025.11.06	03:13:00	3984.78500	3985.04500	3983.66500	3983.93500	0.02
2025.11.06	03:14:00	3983.90500	3984.88500	3983.35800	3984.64500	0.02
2025.11.06	03:15:00	3984.71500	3984.91500	3983.58500	3983.83500	0.02
2025.11.06	03:16:00	3983.79500	3983.79500	3982.85500	3983.33500	0.02
2025.11.06	03:17:00	3983.31500	3984.05500	3982.62500	3982.86500	0.02
2025.11.06	03:18:00	3982.92500	3984.22500	3982.26500	3984.22500	0.02
2025.11.06	03:19:00	3984.19500	3984.53500	3983.66500	3983.79500	0.01
2025.11.06	03:20:00	3983.97500	3984.30500	3983.11500	3983.90500	0.02
2025.11.06	03:21:00	3983.89500	3984.10500	3982.98500	3983.37500	0.02
2025.11.06	03:22:00	3983.39500	3984.19500	3983.10500	3983.68500	0.01
2025.11.06	03:23:00	3983.74500	3985.96500	3983.71500	3985.59500	0.03
2025.11.06	03:24:00	3985.61500	3986.38500	3985.61500	3986.15500	0.02
2025.11.06	03:25:00	3986.17500	3986.60500	3985.29500	3986.18500	0.02
2025.11.06	03:26:00	3986.27500	3986.64500	3985.19500	3985.27500	0.02
2025.11.06	03:27:00	3985.31500	3985.31500	3983.82500	3984.36500	0.02
2025.11.06	03:28:00	3984.38500	3985.99500	3984.38500	3985.39500	0.02
2025.11.06	03:29:00	3985.35500	3986.29500	3985.15500	3985.92500	0.01
2025.11.06	03:30:00	3985.94500	3986.86500	3985.75500	3986.81500	0.01
2025.11.06	03:31:00	3986.78500	3987.58500	3986.20500	3987.16500	0.01
2025.11.06	03:32:00	3987.14500	3987.82500	3986.81500	3987.46500	0.02
2025.11.06	03:33:00	3987.44500	3987.62500	3986.52500	3987.62500	0.01
2025.11.06	03:34:00	3987.48500	3988.47500	3987.42500	3988.18500	0.02
2025.11.06	03:35:00	3988.41500	3988.52500	3987.18500	3987.42500	0.02
2025.11.06	03:36:00	3987.40500	3988.45500	3987.35500	3988.36500	0.01
2025.11.06	03:37:00	3988.26500	3989.08500	3988.18500	3989.01500	0.02
2025.11.06	03:38:00	3988.99500	3990.20500	3988.99500	3989.83500	0.02
2025.11.06	03:39:00	3989.81500	3990.11500	3989.57500	3990.06500	0.01
2025.11.06	03:40:00	3989.96500	3990.00500	3988.70500	3988.78500	0.02
2025.11.06	03:41:00	3988.78500	3988.99500	3988.00500	3988.16500	0.02
2025.11.06	03:42:00	3988.16500	3988.27500	3987.58800	3987.59500	0.02
2025.11.06	03:43:00	3987.59500	3987.83500	3987.37500	3987.58800	0.01
2025.11.06	03:44:00	3987.58800	3987.61500	3986.97800	3987.29500	0.01
2025.11.06	03:45:00	3987.34500	3987.39500	3986.95500	3987.14500	0.01
2025.11.06	03:46:00	3987.11500	3987.36500	3986.97800	3986.97800	0.01
2025.11.06	03:47:00	3986.97800	3986.97800	3986.30800	3986.30800	0.01
2025.11.06	03:48:00	3986.30800	3986.75500	3985.65500	3985.67500	0.02
2025.11.06	03:49:00	3985.63500	3986.83500	3985.57500	3986.74500	0.01
2025.11.06	03:50:00	3986.70500	3986.70500	3985.43800	3985.49500	0.01
2025.11.06	03:51:00	3985.47500	3986.17500	3985.43800	3986.12500	0.01
2025.11.06	03:52:00	3986.14500	3986.45500	3985.84500	3986.04500	0.01
2025.11.06	03:53:00	3986.09500	3986.34500	3985.64500	3985.67500	0.01
2025.11.06	03:54:00	3985.58500	3986.38500	3985.53500	3986.25500	0.01
2025.11.06	03:55:00	3986.28500	3987.14500	3986.28500	3987.03500	0.01
2025.11.06	03:56:00	3986.99500	3987.26500	3986.71500	3986.92500	0.01
2025.11.06	03:57:00	3986.89500	3986.93500	3985.92500	3986.34500	0.01
2025.11.06	03:58:00	3986.30500	3987.01500	3986.01500	3987.01500	0.01
2025.11.06	03:59:00	3986.98500	3987.59500	3986.94500	3987.31500	0.01
2025.11.06	04:00:00	3987.34500	3987.80500	3986.63500	3986.63500	0.01
2025.11.06	04:01:00	3986.65500	3986.82500	3985.73500	3985.84500	0.01
2025.11.06	04:02:00	3985.87500	3986.29500	3985.64500	3985.67500	0.01
2025.11.06	04:03:00	3985.65500	3985.88500	3985.35500	3985.67500	0.01
2025.11.06	04:04:00	3985.70500	3986.03500	3985.25500	3985.52500	0.01
2025.11.06	04:05:00	3985.49500	3986.29500	3985.47500	3986.00500	0.01
2025.11.06	04:06:00	3986.03500	3986.48500	3985.73500	3985.86500	0.01
2025.11.06	04:07:00	3985.82500	3986.28500	3985.82500	3985.86500	0.00
2025.11.06	04:08:00	3985.88500	3986.13500	3985.78500	3985.97500	0.01
2025.11.06	04:09:00	3985.95500	3985.95500	3985.24500	3985.34500	0.01
2025.11.06	04:10:00	3985.27500	3985.73500	3984.44800	3985.45500	0.03
2025.11.06	04:11:00	3985.43500	3985.48500	3984.51500	3984.95500	0.02
2025.11.06	04:12:00	3984.96500	3985.56500	3984.95500	3985.42500	0.01
2025.11.06	04:13:00	3985.45500	3986.22500	3985.40500	3986.14500	0.01
2025.11.06	04:14:00	3986.17500	3986.20500	3985.31500	3985.35500	0.01
2025.11.06	04:15:00	3985.37500	3986.34500	3985.37500	3986.12500	0.01
2025.11.06	04:16:00	3986.30500	3986.94500	3986.09500	3986.25500	0.01
2025.11.06	04:17:00	3986.14800	3986.25500	3984.83500	3985.00500	0.01
2025.11.06	04:18:00	3985.04500	3985.59500	3985.04500	3985.54500	0.01
2025.11.06	04:19:00	3985.56500	3985.73500	3984.74500	3984.80500	0.00
2025.11.06	04:20:00	3984.82500	3985.14500	3984.79500	3985.11500	0.00
2025.11.06	04:21:00	3985.07500	3986.44500	3985.07500	3986.44500	0.01
2025.11.06	04:22:00	3986.42500	3986.64500	3986.41500	3986.64500	0.00
2025.11.06	04:23:00	3986.66500	3986.95500	3986.22500	3986.29500	0.01
2025.11.06	04:24:00	3986.32500	3986.32500	3985.89800	3985.96500	0.00
2025.11.06	04:25:00	3986.01500	3986.20500	3985.97500	3986.11500	0.00
2025.11.06	04:26:00	3986.13500	3986.72500	3985.60500	3985.60500	0.01
2025.11.06	04:27:00	3985.58500	3986.23500	3985.53500	3986.23500	0.00
2025.11.06	04:28:00	3986.25500	3987.24500	3986.19500	3986.57500	0.01
2025.11.06	04:29:00	3986.55500	3986.63500	3986.13500	3986.55500	0.01
2025.11.06	04:30:00	3986.52500	3986.98500	3986.40500	3986.75500	0.01
2025.11.06	04:31:00	3986.77500	3986.87500	3986.15500	3986.43500	0.01
2025.11.06	04:32:00	3986.46500	3986.48500	3985.78500	3986.19500	0.01
2025.11.06	04:33:00	3986.21500	3986.61500	3985.90500	3986.32500	0.01
2025.11.06	04:34:00	3986.34500	3986.60500	3986.19500	3986.21500	0.00
2025.11.06	04:35:00	3986.24500	3986.56500	3986.17500	3986.49500	0.00
2025.11.06	04:36:00	3986.53500	3986.60500	3985.92500	3986.16500	0.01
2025.11.06	04:37:00	3986.18500	3986.60500	3986.13500	3986.51500	0.01
2025.11.06	04:38:00	3986.49500	3988.14500	3986.41500	3987.94500	0.02
2025.11.06	04:39:00	3987.91500	3987.96500	3986.53500	3986.60500	0.01
2025.11.06	04:40:00	3986.45500	3987.69500	3986.24500	3987.69500	0.01
2025.11.06	04:41:00	3987.71500	3989.05500	3987.57500	3988.17500	0.02
2025.11.06	04:42:00	3988.19500	3988.36500	3987.14500	3987.14500	0.01
2025.11.06	04:43:00	3987.29500	3987.77500	3987.12500	3987.44500	0.01
2025.11.06	04:44:00	3987.42500	3987.45500	3986.71800	3986.71800	0.01
2025.11.06	04:45:00	3986.71800	3986.71800	3985.71500	3986.08500	0.01
2025.11.06	04:46:00	3986.11500	3986.14500	3985.05500	3985.22800	0.01
2025.11.06	04:47:00	3985.22800	3986.21500	3985.22800	3986.03500	0.01
2025.11.06	04:48:00	3986.10500	3986.38500	3985.86500	3986.06500	0.01
2025.11.06	04:49:00	3986.03500	3986.76500	3985.52500	3986.75500	0.01
2025.11.06	04:50:00	3986.78500	3987.82500	3986.78500	3987.78500	0.01
2025.11.06	04:51:00	3987.80500	3987.85500	3986.19500	3986.22500	0.02
2025.11.06	04:52:00	3986.30500	3986.89500	3985.94500	3986.46500	0.01
2025.11.06	04:53:00	3986.41500	3986.58500	3985.93500	3986.14500	0.01
2025.11.06	04:54:00	3985.64500	3986.37500	3985.43500	3986.31500	0.01
2025.11.06	04:55:00	3986.28500	3987.02500	3986.12500	3986.92500	0.01
2025.11.06	04:56:00	3986.95500	3987.88500	3986.95500	3987.75500	0.01
2025.11.06	04:57:00	3987.90500	3988.63500	3987.89500	3988.50500	0.01
2025.11.06	04:58:00	3988.48500	3989.56500	3988.38500	3988.71500	0.01
2025.11.06	04:59:00	3988.30500	3988.67500	3988.20500	3988.59500	0.01
2025.11.06	05:00:00	3988.54500	3989.36500	3988.00500	3988.35500	0.01
2025.11.06	05:01:00	3988.37500	3989.06500	3988.31500	3988.71500	0.01
2025.11.06	05:02:00	3988.66500	3988.99500	3988.43500	3988.50500	0.01
2025.11.06	05:03:00	3988.52500	3989.05500	3987.80500	3988.33500	0.01
2025.11.06	05:04:00	3988.36500	3990.00500	3988.36500	3989.97500	0.01
2025.11.06	05:05:00	3989.97500	3990.04500	3989.16500	3989.75500	0.01
2025.11.06	05:06:00	3989.76500	3990.13500	3989.21500	3990.02500	0.01
2025.11.06	05:07:00	3990.10500	3990.12500	3986.67500	3986.86500	0.03
2025.11.06	05:08:00	3986.84500	3987.20500	3986.23500	3986.23500	0.01
2025.11.06	05:09:00	3986.25500	3986.87500	3985.88500	3986.85500	0.02
2025.11.06	05:10:00	3986.82500	3987.20500	3986.82500	3987.09500	0.01
2025.11.06	05:11:00	3987.07500	3987.29500	3986.67500	3986.94500	0.01
2025.11.06	05:12:00	3986.88500	3987.88500	3986.83500	3987.73500	0.01
2025.11.06	05:13:00	3987.76500	3988.00500	3987.31500	3987.93500	0.01
2025.11.06	05:14:00	3987.90500	3987.91500	3987.58500	3987.87500	0.01
2025.11.06	05:15:00	3988.00500	3988.14500	3987.74500	3988.00500	0.01
2025.11.06	05:16:00	3988.02500	3988.48500	3987.95500	3988.43500	0.01
2025.11.06	05:17:00	3988.41500	3988.59500	3988.21500	3988.21500	0.00
2025.11.06	05:18:00	3988.19500	3988.47500	3987.87500	3987.99500	0.01
2025.11.06	05:19:00	3988.02500	3988.31500	3987.80500	3988.21500	0.01
2025.11.06	05:20:00	3988.19500	3988.37500	3988.12500	3988.16500	0.00
2025.11.06	05:21:00	3988.12500	3988.77500	3988.11500	3988.53500	0.01
2025.11.06	05:22:00	3988.50500	3989.18500	3988.50500	3988.85500	0.01
2025.11.06	05:23:00	3988.83500	3989.40500	3988.78500	3989.35500	0.01
2025.11.06	05:24:00	3989.32500	3990.37500	3988.54500	3989.71500	0.01
2025.11.06	05:25:00	3989.69500	3989.69500	3989.15500	3989.15500	0.01
2025.11.06	05:26:00	3989.19500	3989.32500	3988.38500	3989.00500	0.01
2025.11.06	05:27:00	3988.98500	3989.65500	3988.77500	3989.15500	0.01
2025.11.06	05:28:00	3989.18500	3990.54500	3989.18500	3990.12500	0.02
2025.11.06	05:29:00	3990.03500	3990.23500	3988.90500	3989.85500	0.02
2025.11.06	05:30:00	3989.89500	3990.12500	3988.06800	3988.06800	0.03
2025.11.06	05:31:00	3988.06800	3989.76500	3987.76500	3988.70500	0.03
2025.11.06	05:32:00	3988.72500	3988.92500	3987.50500	3987.95500	0.03
2025.11.06	05:33:00	3987.93500	3988.66500	3986.87500	3988.24500	0.02
2025.11.06	05:34:00	3988.27500	3989.65500	3987.46500	3987.53500	0.02
2025.11.06	05:35:00	3987.65500	3989.16500	3987.41500	3988.78500	0.02
2025.11.06	05:36:00	3988.76500	3989.30500	3987.54500	3987.67500	0.02
2025.11.06	05:37:00	3987.63500	3987.63500	3986.22500	3986.59500	0.02
2025.11.06	05:38:00	3986.62500	3988.82500	3986.60500	3988.64500	0.03
2025.11.06	05:39:00	3988.67500	3989.52500	3987.61800	3987.75500	0.03
2025.11.06	05:40:00	3987.73500	3988.11500	3987.26500	3987.62500	0.02
2025.11.06	05:41:00	3987.58500	3987.60500	3985.59800	3986.26500	0.02
2025.11.06	05:42:00	3986.64500	3987.96500	3986.58500	3987.95500	0.02
2025.11.06	05:43:00	3987.98500	3988.19500	3987.13500	3987.18500	0.02
2025.11.06	05:44:00	3987.16500	3987.67500	3986.58500	3987.65500	0.02
2025.11.06	05:45:00	3987.67500	3988.01500	3987.16500	3987.95500	0.02
2025.11.06	05:46:00	3987.97500	3988.83500	3987.50500	3987.78500	0.02
2025.11.06	05:47:00	3987.80500	3988.29500	3987.18500	3988.29500	0.01
2025.11.06	05:48:00	3988.33500	3990.21500	3988.33500	3988.96500	0.03
2025.11.06	05:49:00	3989.00500	3989.95500	3988.86500	3989.04500	0.01
2025.11.06	05:50:00	3989.06500	3989.39500	3988.27500	3989.38500	0.01
2025.11.06	05:51:00	3989.36500	3989.36500	3988.20500	3989.03500	0.01
2025.11.06	05:52:00	3989.05500	3989.54500	3988.77500	3989.14500	0.01
2025.11.06	05:53:00	3988.79500	3989.13500	3987.41500	3987.65500	0.02
2025.11.06	05:54:00	3987.63500	3988.77500	3987.46500	3988.54500	0.02
2025.11.06	05:55:00	3988.56500	3988.89500	3987.08500	3987.62500	0.01
2025.11.06	05:56:00	3987.65500	3987.78500	3986.64800	3987.04800	0.01
2025.11.06	05:57:00	3987.04800	3987.24800	3986.44800	3986.94800	0.02
2025.11.06	05:58:00	3986.94800	3987.64800	3986.34800	3986.55500	0.03
2025.11.06	05:59:00	3986.75500	3987.98500	3986.75500	3987.37500	0.02
2025.11.06	06:00:00	3987.54800	3987.54800	3985.36500	3986.08500	0.03
2025.11.06	06:01:00	3986.10500	3987.02500	3984.63500	3986.58500	0.02
2025.11.06	06:02:00	3986.56500	3988.01500	3986.49500	3987.86500	0.02
2025.11.06	06:03:00	3987.88500	3989.29500	3987.88500	3988.61500	0.03
2025.11.06	06:04:00	3988.65500	3989.05500	3987.69500	3988.29500	0.02
2025.11.06	06:05:00	3988.31500	3988.91500	3986.74500	3986.95500	0.02
2025.11.06	06:06:00	3986.97500	3987.36500	3986.06500	3986.22500	0.02
2025.11.06	06:07:00	3986.25500	3986.53500	3985.59500	3985.59500	0.02
2025.11.06	06:08:00	3985.55500	3987.09500	3985.11500	3986.94500	0.02
2025.11.06	06:09:00	3986.92500	3987.93500	3986.60500	3987.89500	0.02
2025.11.06	06:10:00	3987.81500	3989.28500	3987.81500	3989.06500	0.02
2025.11.06	06:11:00	3989.10500	3989.47500	3987.93500	3988.49500	0.02
2025.11.06	06:12:00	3988.47500	3989.70500	3988.31500	3989.55500	0.01
2025.11.06	06:13:00	3989.55500	3989.55500	3987.52500	3988.07500	0.02
2025.11.06	06:14:00	3988.10500	3988.40500	3986.69500	3986.78500	0.02
2025.11.06	06:15:00	3986.76500	3987.08500	3986.29500	3986.78500	0.01
2025.11.06	06:16:00	3986.83500	3987.28500	3985.89500	3985.94500	0.01
2025.11.06	06:17:00	3985.90500	3987.22500	3985.52500	3986.81500	0.02
2025.11.06	06:18:00	3986.84500	3987.68500	3986.55500	3986.68500	0.01
2025.11.06	06:19:00	3986.71500	3987.27500	3986.13500	3986.84500	0.01
2025.11.06	06:20:00	3986.86500	3986.96500	3985.98500	3986.06500	0.01
2025.11.06	06:21:00	3986.09500	3986.87500	3986.09500	3986.29500	0.01
2025.11.06	06:22:00	3986.27500	3986.61500	3985.33500	3985.55500	0.01
2025.11.06	06:23:00	3985.62500	3986.77500	3985.59500	3986.77500	0.01
2025.11.06	06:24:00	3986.79500	3987.44500	3986.50500	3987.31500	0.01
2025.11.06	06:25:00	3987.40500	3988.48500	3987.40500	3988.25500	0.01
2025.11.06	06:26:00	3988.27500	3988.64500	3987.93500	3988.42500	0.01
2025.11.06	06:27:00	3988.46500	3988.59500	3986.84500	3986.86500	0.02
2025.11.06	06:28:00	3986.97500	3987.45500	3986.53500	3986.99500	0.01
2025.11.06	06:29:00	3986.97500	3987.44500	3986.66500	3986.91500	0.02
2025.11.06	06:30:00	3986.87500	3986.87500	3985.12500	3985.37500	0.02
2025.11.06	06:31:00	3985.34500	3986.57500	3984.92500	3986.54500	0.02
2025.11.06	06:32:00	3986.52500	3986.56500	3985.50500	3985.64500	0.01
2025.11.06	06:33:00	3985.66500	3985.83500	3984.95500	3985.22500	0.02
2025.11.06	06:34:00	3985.26500	3986.21500	3985.26500	3986.05500	0.01
2025.11.06	06:35:00	3986.09500	3986.14500	3985.59500	3985.78500	0.01
2025.11.06	06:36:00	3985.76500	3987.29500	3985.76500	3987.24500	0.01
2025.11.06	06:37:00	3987.21500	3987.32500	3986.36800	3986.72500	0.01
2025.11.06	06:38:00	3986.95500	3986.98500	3985.81500	3986.33500	0.01
2025.11.06	06:39:00	3986.35500	3986.75500	3985.95500	3985.96500	0.02
2025.11.06	06:40:00	3985.92500	3986.17500	3985.12500	3985.63500	0.01
2025.11.06	06:41:00	3985.68500	3986.14500	3985.06500	3985.83500	0.01
2025.11.06	06:42:00	3985.85500	3986.03500	3984.87500	3984.88500	0.01
2025.11.06	06:43:00	3984.94500	3985.47500	3984.59500	3985.14500	0.01
2025.11.06	06:44:00	3985.16500	3985.58500	3984.01500	3984.01500	0.01
2025.11.06	06:45:00	3984.03500	3984.62500	3984.03500	3984.33500	0.01
2025.11.06	06:46:00	3984.30500	3984.30500	3982.03500	3982.26500	0.02
2025.11.06	06:47:00	3982.29500	3984.33500	3982.29500	3984.33500	0.02
2025.11.06	06:48:00	3984.35500	3986.02500	3984.30500	3985.14500	0.02
2025.11.06	06:49:00	3985.17500	3986.01500	3984.64500	3985.67500	0.01
2025.11.06	06:50:00	3985.69500	3986.58500	3985.66500	3986.25500	0.02
2025.11.06	06:51:00	3986.29500	3988.93500	3986.22500	3988.89500	0.02
2025.11.06	06:52:00	3988.91500	3989.01500	3988.14500	3988.69500	0.02
2025.11.06	06:53:00	3988.73500	3988.86500	3988.43500	3988.82500	0.01
2025.11.06	06:54:00	3988.78500	3988.98500	3988.19500	3988.59500	0.01
2025.11.06	06:55:00	3988.61500	3992.44800	3988.48500	3991.57500	0.03
2025.11.06	06:56:00	3991.55500	3992.59800	3990.66500	3991.55500	0.03
2025.11.06	06:57:00	3991.53500	3991.74500	3990.15500	3990.25500	0.02
2025.11.06	06:58:00	3989.74500	3990.58500	3988.90500	3990.20500	0.03
2025.11.06	06:59:00	3990.22500	3991.52500	3990.21500	3991.26500	0.02
2025.11.06	07:00:00	3991.27500	3996.46500	3990.91500	3996.25500	0.04
2025.11.06	07:01:00	3996.27500	3998.23500	3995.11500	3995.90500	0.04
2025.11.06	07:02:00	3995.87500	3996.86500	3994.70500	3995.52500	0.03
2025.11.06	07:03:00	3995.54500	3998.61500	3995.46500	3997.64500	0.03
2025.11.06	07:04:00	3997.39500	3997.86500	3996.26500	3997.09500	0.03
2025.11.06	07:05:00	3997.07500	3998.37500	3996.61500	3997.38500	0.02
2025.11.06	07:06:00	3997.19500	3997.74500	3995.81500	3996.83500	0.03
2025.11.06	07:07:00	3996.81500	3997.39500	3996.00500	3997.36500	0.02
2025.11.06	07:08:00	3997.33500	3998.11500	3997.04500	3997.06500	0.02
2025.11.06	07:09:00	3996.99500	3997.54500	3996.79500	3997.07500	0.01
2025.11.06	07:10:00	3997.24500	3997.72500	3996.82500	3996.96500	0.01
2025.11.06	07:11:00	3996.94500	3997.67500	3996.42500	3996.81500	0.02
2025.11.06	07:12:00	3996.79500	3997.23500	3996.27500	3997.00500	0.01
2025.11.06	07:13:00	3997.07500	3997.16500	3995.92500	3996.92500	0.02
2025.11.06	07:14:00	3996.96500	3998.20500	3996.71500	3998.20500	0.01
2025.11.06	07:15:00	3998.19500	4000.39500	3997.40500	3998.36500	0.03
2025.11.06	07:16:00	3998.40500	4000.26500	3998.35500	4000.26500	0.02
2025.11.06	07:17:00	4000.23500	4000.47500	3998.29500	3999.04500	0.03
2025.11.06	07:18:00	3999.07500	3999.61500	3998.33500	3998.36500	0.02
2025.11.06	07:19:00	3998.39500	4000.98500	3998.39500	4000.48500	0.03
2025.11.06	07:20:00	4000.48500	4008.98500	4000.43500	4007.75500	0.06
2025.11.06	07:21:00	4007.72500	4008.49500	4006.17500	4007.33500	0.05
2025.11.06	07:22:00	4007.35500	4008.43500	4006.85500	4007.26500	0.03
2025.11.06	07:23:00	4007.29500	4007.43500	4005.40500	4005.79500	0.03
2025.11.06	07:24:00	4005.76500	4006.75500	4004.80500	4005.29500	0.09
2025.11.06	07:25:00	4005.26500	4007.16500	4005.24800	4006.13500	0.06
2025.11.06	07:26:00	4006.11500	4006.14500	4004.87500	4006.02500	0.02
2025.11.06	07:27:00	4006.05500	4006.44500	4005.76500	4006.30500	0.01
2025.11.06	07:28:00	4006.32500	4006.32500	4004.26800	4004.41500	0.03
2025.11.06	07:29:00	4004.43500	4004.99500	4003.33800	4003.55500	0.03
2025.11.06	07:30:00	4003.58500	4004.99800	4003.43500	4004.08500	0.04
2025.11.06	07:31:00	4004.10500	4005.21500	4003.85500	4004.86500	0.02
2025.11.06	07:32:00	4004.89500	4004.91500	4003.56500	4003.80500	0.01
2025.11.06	07:33:00	4003.82500	4005.28500	4003.60500	4004.28500	0.02
2025.11.06	07:34:00	4004.32500	4005.53500	4004.21500	4005.18500	0.01
2025.11.06	07:35:00	4005.16500	4005.96500	4005.16500	4005.57500	0.02
2025.11.06	07:36:00	4005.59500	4006.54500	4005.53500	4006.30500	0.02
2025.11.06	07:37:00	4006.34800	4007.18500	4006.04500	4006.73500	0.01
2025.11.06	07:38:00	4006.60500	4007.61500	4006.60500	4007.45500	0.02
2025.11.06	07:39:00	4007.43500	4009.04500	4006.64800	4008.37500	0.04
2025.11.06	07:40:00	4008.28500	4008.68500	4006.17500	4006.17500	0.03
2025.11.06	07:41:00	4006.19500	4007.17500	4005.70500	4005.82500	0.03
2025.11.06	07:42:00	4005.82500	4005.97500	4004.11500	4004.63500	0.02
2025.11.06	07:43:00	4004.66500	4005.79500	4004.41500	4005.13500	0.02
2025.11.06	07:44:00	4005.10500	4005.82500	4005.00500	4005.11500	0.02
2025.11.06	07:45:00	4005.14500	4005.53500	4004.11500	4004.23500	0.02
2025.11.06	07:46:00	4004.24800	4005.94500	4004.06500	4005.93500	0.02
2025.11.06	07:47:00	4005.85500	4008.91500	4005.58500	4007.87500	0.03
2025.11.06	07:48:00	4007.89500	4008.05500	4005.87500	4005.87500	0.02
2025.11.06	07:49:00	4005.89500	4007.28500	4005.79500	4007.19500	0.03
2025.11.06	07:50:00	4007.21500	4007.53500	4006.68500	4007.40500	0.02
2025.11.06	07:51:00	4007.46500	4007.84500	4006.24500	4006.44500	0.01
2025.11.06	07:52:00	4006.41500	4006.45500	4005.78500	4006.13500	0.02
2025.11.06	07:53:00	4006.16500	4006.42500	4005.98500	4006.09500	0.01
2025.11.06	07:54:00	4006.06500	4006.06500	4005.17500	4005.79500	0.01
2025.11.06	07:55:00	4005.75500	4005.79500	4005.06500	4005.06500	0.02
2025.11.06	07:56:00	4005.04500	4005.09500	4004.52500	4004.97500	0.01
2025.11.06	07:57:00	4004.99500	4005.34500	4004.73500	4004.89500	0.01
2025.11.06	07:58:00	4004.91500	4005.01500	4004.10800	4004.74500	0.04
2025.11.06	07:59:00	4004.71800	4005.74500	4004.71500	4005.44500	0.01
2025.11.06	08:00:00	4005.39800	4005.89800	4004.41500	4004.81800	0.03
2025.11.06	08:01:00	4004.82500	4006.73800	4004.82500	4006.45500	0.02
2025.11.06	08:02:00	4006.43500	4007.97500	4005.52500	4005.96500	0.03
2025.11.06	08:03:00	4006.04500	4007.17500	4005.42500	4007.17500	0.02
2025.11.06	08:04:00	4007.14800	4008.11500	4006.80500	4006.81500	0.02
2025.11.06	08:05:00	4006.84500	4007.98500	4006.84500	4007.68500	0.02
2025.11.06	08:06:00	4007.72500	4007.89500	4006.66500	4006.94500	0.02
2025.11.06	08:07:00	4006.96500	4007.46800	4006.13500	4006.69500	0.04
2025.11.06	08:08:00	4006.69500	4006.98500	4005.13500	4006.07500	0.03
2025.11.06	08:09:00	4006.09500	4007.73500	4005.73500	4006.62500	0.03
2025.11.06	08:10:00	4006.65500	4006.91500	4005.56500	4006.11500	0.02
2025.11.06	08:11:00	4006.09500	4006.84500	4005.89500	4006.37500	0.02
2025.11.06	08:12:00	4006.35500	4006.85500	4005.89500	4006.69500	0.02
2025.11.06	08:13:00	4006.79500	4008.80500	4006.71500	4008.45800	0.03
2025.11.06	08:14:00	4008.73500	4009.23500	4007.64500	4008.81500	0.04
2025.11.06	08:15:00	4008.85500	4010.41500	4008.60500	4009.63500	0.04
2025.11.06	08:16:00	4009.59500	4010.28500	4008.73500	4010.24500	0.03
2025.11.06	08:17:00	4010.27500	4013.23800	4010.27500	4012.95800	0.04
2025.11.06	08:18:00	4012.95500	4013.08500	4010.68800	4011.99800	0.04
2025.11.06	08:19:00	4012.03500	4012.09800	4010.20500	4010.30500	0.03
2025.11.06	08:20:00	4010.27500	4011.95500	4010.06500	4010.57500	0.03
2025.11.06	08:21:00	4010.60500	4011.26500	4010.14500	4010.99500	0.01
2025.11.06	08:22:00	4011.02500	4012.47500	4010.91500	4012.22500	0.02
2025.11.06	08:23:00	4012.20500	4012.33800	4011.19500	4012.17500	0.02
2025.11.06	08:24:00	4012.19500	4013.18500	4012.15800	4012.94500	0.02
2025.11.06	08:25:00	4012.92500	4013.18500	4012.16500	4012.84500	0.03
2025.11.06	08:26:00	4012.70500	4013.32500	4011.94500	4013.08500	0.03
2025.11.06	08:27:00	4013.11500	4014.35500	4012.38500	4014.12500	0.03
2025.11.06	08:28:00	4014.16500	4015.74800	4014.16500	4014.97500	0.03
2025.11.06	08:29:00	4014.94500	4015.92500	4014.65500	4015.56500	0.03
2025.11.06	08:30:00	4015.53500	4016.67500	4014.74500	4016.19500	0.04
2025.11.06	08:31:00	4016.19500	4016.22500	4015.13500	4015.80500	0.03
2025.11.06	08:32:00	4015.77500	4016.01500	4014.19500	4014.48500	0.03
2025.11.06	08:33:00	4014.47500	4015.03800	4014.15500	4014.78500	0.02
2025.11.06	08:34:00	4014.75500	4014.75500	4013.49500	4013.65500	0.02
2025.11.06	08:35:00	4013.65500	4014.13500	4012.59800	4013.85500	0.03
2025.11.06	08:36:00	4013.90500	4014.92500	4013.80500	4014.44500	0.02
2025.11.06	08:37:00	4014.41500	4014.89500	4013.11500	4014.16500	0.03
2025.11.06	08:38:00	4014.16500	4014.28500	4013.18500	4013.18500	0.02
2025.11.06	08:39:00	4013.20500	4013.53500	4012.60800	4013.42500	0.02
2025.11.06	08:40:00	4013.40500	4013.68800	4012.51500	4012.51800	0.02
2025.11.06	08:41:00	4012.49900	4012.81800	4011.91800	4011.94800	0.03
2025.11.06	08:42:00	4011.94500	4012.62800	4011.74800	4011.80800	0.02
2025.11.06	08:43:00	4011.75800	4011.95800	4011.13500	4011.41800	0.04
2025.11.06	08:44:00	4011.41800	4012.29800	4009.77800	4009.82800	0.03
2025.11.06	08:45:00	4009.83800	4010.34500	4009.83800	4010.19500	0.03
2025.11.06	08:46:00	4010.21500	4011.91500	4010.10500	4011.24500	0.02
2025.11.06	08:47:00	4011.27500	4012.47500	4011.24500	4011.75500	0.02
2025.11.06	08:48:00	4011.64500	4012.22500	4011.43500	4011.71500	0.01
2025.11.06	08:49:00	4011.67500	4012.06500	4010.86500	4010.91500	0.01
2025.11.06	08:50:00	4010.94800	4011.42800	4010.41800	4010.69800	0.03
2025.11.06	08:51:00	4010.75500	4012.18500	4010.52500	4012.12500	0.03
2025.11.06	08:52:00	4012.15500	4012.82500	4011.22500	4011.85500	0.02
2025.11.06	08:53:00	4011.89500	4013.52500	4011.63500	4013.50500	0.02
2025.11.06	08:54:00	4013.52500	4013.77800	4011.99500	4012.19800	0.04
2025.11.06	08:55:00	4012.17500	4012.17500	4011.63500	4012.01500	0.02
2025.11.06	08:56:00	4012.04500	4012.99800	4011.93500	4012.85500	0.02
2025.11.06	08:57:00	4012.93500	4015.44800	4012.89800	4015.26500	0.03
2025.11.06	08:58:00	4015.26500	4015.44800	4013.64800	4013.84800	0.03
2025.11.06	08:59:00	4013.77800	4014.67800	4013.06500	4014.54800	0.03
2025.11.06	09:00:00	4014.54800	4014.93500	4014.00500	4014.71500	0.02
2025.11.06	09:01:00	4014.69500	4014.76500	4013.54800	4013.63800	0.02
2025.11.06	09:02:00	4013.69800	4013.86500	4013.22500	4013.31500	0.02
2025.11.06	09:03:00	4013.33500	4013.35500	4012.40500	4012.58500	0.01
2025.11.06	09:04:00	4012.60500	4013.11800	4012.06800	4013.11800	0.02
2025.11.06	09:05:00	4013.04900	4013.59800	4012.69800	4012.71800	0.03
2025.11.06	09:06:00	4012.72500	4013.79800	4012.71800	4013.22800	0.04
2025.11.06	09:07:00	4013.22900	4013.84800	4012.46500	4012.79800	0.04
2025.11.06	09:08:00	4012.80800	4013.01900	4012.02900	4012.43800	0.04
2025.11.06	09:09:00	4012.43800	4013.29800	4012.19800	4012.41800	0.02
2025.11.06	09:10:00	4012.41800	4012.43800	4011.38900	4011.75800	0.05
2025.11.06	09:11:00	4011.75800	4012.74900	4011.61500	4011.61500	0.09
2025.11.06	09:12:00	4011.63500	4012.97800	4011.36500	4012.00500	0.05
2025.11.06	09:13:00	4011.97500	4012.71800	4011.82500	4012.31500	0.03
2025.11.06	09:14:00	4012.29800	4012.32500	4010.48800	4011.70800	0.04
2025.11.06	09:15:00	4011.70800	4013.07500	4011.55800	4012.30500	0.03
2025.11.06	09:16:00	4012.33500	4012.73800	4011.51800	4011.53800	0.02
2025.11.06	09:17:00	4011.50500	4012.43500	4011.43800	4012.01500	0.02
2025.11.06	09:18:00	4012.04500	4012.59800	4011.19800	4011.20800	0.03
2025.11.06	09:19:00	4011.24900	4011.54900	4011.09800	4011.09800	0.03
2025.11.06	09:20:00	4011.09800	4012.34500	4010.69800	4012.29800	0.05
2025.11.06	09:21:00	4012.29800	4013.75500	4012.23800	4013.69500	0.03
2025.11.06	09:22:00	4013.69800	4013.78500	4012.99800	4013.41500	0.02
2025.11.06	09:23:00	4013.38500	4014.46500	4013.23500	4013.75500	0.02
2025.11.06	09:24:00	4013.80500	4014.74500	4012.73800	4012.98500	0.02
2025.11.06	09:25:00	4012.96500	4014.11500	4012.85800	4013.73500	0.01
2025.11.06	09:26:00	4013.78500	4014.11500	4011.34500	4011.48500	0.02
2025.11.06	09:27:00	4011.50500	4012.08500	4011.46500	4011.46500	0.01
2025.11.06	09:28:00	4011.49500	4012.60500	4011.34500	4012.60500	0.01
2025.11.06	09:29:00	4012.77500	4012.96500	4012.11500	4012.38500	0.02
2025.11.06	09:30:00	4012.36500	4012.79800	4011.85500	4012.40500	0.01
2025.11.06	09:31:00	4012.43500	4012.70500	4011.36800	4012.31500	0.02
2025.11.06	09:32:00	4012.33500	4012.79800	4012.25500	4012.53500	0.01
2025.11.06	09:33:00	4012.56500	4012.80800	4011.83500	4012.27800	0.02
2025.11.06	09:34:00	4012.24500	4012.80500	4011.79800	4012.62500	0.02
2025.11.06	09:35:00	4012.64500	4012.64500	4011.57500	4012.03500	0.01
2025.11.06	09:36:00	4012.06500	4012.89500	4012.06500	4012.64500	0.01
2025.11.06	09:37:00	4012.66500	4012.93500	4012.25500	4012.50500	0.01
2025.11.06	09:38:00	4012.48500	4012.58500	4012.25500	4012.29500	0.01
2025.11.06	09:39:00	4012.32500	4012.50500	4011.79800	4011.79800	0.01
2025.11.06	09:40:00	4011.80500	4012.55500	4011.80500	4012.44500	0.01
2025.11.06	09:41:00	4012.46500	4012.59500	4011.78500	4011.97500	0.01
2025.11.06	09:42:00	4011.95500	4012.37500	4010.13500	4011.91500	0.02
2025.11.06	09:43:00	4011.92500	4012.34500	4011.71500	4012.03500	0.01
2025.11.06	09:44:00	4012.05500	4012.22500	4011.78500	4012.05500	0.01
2025.11.06	09:45:00	4012.07500	4012.42500	4011.35500	4011.64500	0.01
2025.11.06	09:46:00	4011.64500	4012.09800	4011.63500	4011.80500	0.01
2025.11.06	09:47:00	4011.78500	4011.87500	4009.83500	4010.85500	0.02
2025.11.06	09:48:00	4010.89800	4010.99500	4010.25500	4010.48500	0.02
2025.11.06	09:49:00	4010.51500	4011.55500	4010.51500	4011.44500	0.03
2025.11.06	09:50:00	4011.45800	4011.45800	4010.85500	4011.07800	0.02
2025.11.06	09:51:00	4011.04500	4012.07500	4010.56500	4011.32500	0.02
2025.11.06	09:52:00	4011.34500	4011.77500	4010.68500	4011.08500	0.03
2025.11.06	09:53:00	4011.07500	4011.08500	4010.39500	4010.65500	0.01
2025.11.06	09:54:00	4010.63500	4010.74500	4010.09500	4010.42500	0.01
2025.11.06	09:55:00	4010.53500	4011.24500	4008.93500	4010.56500	0.02
2025.11.06	09:56:00	4010.90500	4010.90500	4010.20500	4010.42500	0.02
2025.11.06	09:57:00	4010.42500	4011.04500	4010.04500	4010.59500	0.01
2025.11.06	09:58:00	4010.58500	4010.86500	4010.19500	4010.30500	0.01
2025.11.06	09:59:00	4010.47500	4010.69500	4009.84500	4010.69500	0.01
2025.11.06	10:00:00	4010.71500	4010.81500	4010.09500	4010.09500	0.01
2025.11.06	10:01:00	4010.12500	4010.82500	4009.92500	4010.21500	0.01
2025.11.06	10:02:00	4010.24500	4010.36500	4009.42500	4010.05500	0.02
2025.11.06	10:03:00	4010.02500	4010.19500	4006.87500	4008.13500	0.04
2025.11.06	10:04:00	4008.17500	4008.89500	4007.94500	4008.28500	0.03
2025.11.06	10:05:00	4008.31500	4008.84500	4007.73500	4008.46500	0.02
2025.11.06	10:06:00	4008.46500	4009.03500	4008.45500	4008.52500	0.01
2025.11.06	10:07:00	4008.49500	4008.95500	4007.74500	4007.87500	0.02
2025.11.06	10:08:00	4007.89500	4008.27500	4007.10800	4007.77500	0.02
2025.11.06	10:09:00	4007.99500	4007.99500	4006.11500	4006.29500	0.03
2025.11.06	10:10:00	4006.32500	4006.82500	4005.88500	4005.90800	0.02
2025.11.06	10:11:00	4005.90800	4006.57500	4005.70500	4006.26500	0.02
2025.11.06	10:12:00	4006.20500	4007.14500	4005.91500	4006.88500	0.02
2025.11.06	10:13:00	4006.88500	4007.95500	4006.86500	4007.67500	0.03
2025.11.06	10:14:00	4007.78500	4008.47500	4007.57500	4008.35500	0.01
2025.11.06	10:15:00	4008.40500	4008.89500	4008.09500	4008.74500	0.02
2025.11.06	10:16:00	4008.77500	4008.84500	4007.79500	4008.05500	0.02
2025.11.06	10:17:00	4008.05500	4008.62500	4007.83500	4008.47500	0.01
2025.11.06	10:18:00	4008.44500	4008.55500	4007.81500	4007.98500	0.02
2025.11.06	10:19:00	4007.98500	4008.07500	4007.32500	4007.55500	0.01
2025.11.06	10:20:00	4007.58500	4007.83500	4006.80500	4006.85500	0.01
2025.11.06	10:21:00	4006.86500	4007.22500	4006.38500	4006.43500	0.01
2025.11.06	10:22:00	4006.55500	4006.74500	4006.17500	4006.67500	0.02
2025.11.06	10:23:00	4006.70500	4006.78500	4005.74500	4005.74500	0.01
2025.11.06	10:24:00	4005.85500	4006.38500	4005.55500	4005.61500	0.01
2025.11.06	10:25:00	4005.54500	4006.04500	4005.28800	4005.34500	0.02
2025.11.06	10:26:00	4005.30500	4006.01800	4005.22500	4005.28800	0.02
2025.11.06	10:27:00	4005.28800	4005.57500	4005.19500	4005.28800	0.02
2025.11.06	10:28:00	4005.28800	4006.09500	4005.09800	4005.94500	0.02
2025.11.06	10:29:00	4005.90500	4005.90500	4005.44500	4005.71500	0.02
2025.11.06	10:30:00	4005.67500	4005.67500	4004.25500	4004.75500	0.02
2025.11.06	10:31:00	4004.77500	4005.31500	4004.34500	4004.47500	0.02
2025.11.06	10:32:00	4004.49500	4005.11500	4004.26500	4005.07500	0.01
2025.11.06	10:33:00	4005.07500	4005.98500	4004.90500	4005.32500	0.02
2025.11.06	10:34:00	4005.38500	4005.49500	4004.46800	4004.91800	0.03
2025.11.06	10:35:00	4004.89500	4005.37500	4004.55800	4005.14500	0.02
2025.11.06	10:36:00	4005.17500	4005.56500	4004.70500	4005.44500	0.02
2025.11.06	10:37:00	4005.42500	4006.38500	4005.15500	4005.98500	0.03
2025.11.06	10:38:00	4005.93500	4006.20500	4004.42800	4004.53800	0.03
2025.11.06	10:39:00	4004.43800	4005.62500	4004.15500	4005.40500	0.02
2025.11.06	10:40:00	4005.38500	4006.11500	4005.13500	4005.56500	0.03
2025.11.06	10:41:00	4005.60500	4006.45500	4005.60500	4006.38500	0.03
2025.11.06	10:42:00	4006.38500	4007.92500	4006.38500	4007.92500	0.04
2025.11.06	10:43:00	4007.94500	4008.37500	4007.67500	4008.15500	0.05
2025.11.06	10:44:00	4008.13500	4008.13500	4007.39500	4007.61500	0.03
2025.11.06	10:45:00	4007.59500	4007.62500	4006.19800	4007.35500	0.03
2025.11.06	10:46:00	4007.34500	4007.42500	4007.03500	4007.22500	0.01
2025.11.06	10:47:00	4007.18500	4007.18500	4005.89500	4005.93500	0.04
2025.11.06	10:48:00	4005.88500	4006.19500	4005.04800	4006.18500	0.07
2025.11.06	10:49:00	4006.18500	4006.25500	4005.74500	4005.96500	0.06
2025.11.06	10:50:00	4005.96500	4006.38500	4005.91500	4006.04500	0.03
2025.11.06	10:51:00	4006.02500	4006.54500	4005.74500	4006.54500	0.07
2025.11.06	10:52:00	4006.51500	4006.99500	4006.47500	4006.72500	0.05
2025.11.06	10:53:00	4006.69500	4008.05500	4006.59500	4007.87500	0.05
2025.11.06	10:54:00	4007.84800	4008.24800	4007.84800	4008.20500	0.03
2025.11.06	10:55:00	4008.23500	4009.04500	4008.23500	4008.90500	0.07
2025.11.06	10:56:00	4008.88500	4009.18500	4008.53500	4008.55500	0.06
2025.11.06	10:57:00	4008.55500	4008.55500	4007.78500	4008.13500	0.02
2025.11.06	10:58:00	4008.16500	4008.28500	4007.79500	4008.25500	0.01
2025.11.06	10:59:00	4008.22500	4008.26500	4007.54500	4008.11500	0.01
2025.11.06	11:00:00	4008.14500	4008.24500	4007.78500	4008.12500	0.01
2025.11.06	11:01:00	4008.14500	4008.71500	4008.14500	4008.65500	0.01
2025.11.06	11:02:00	4008.63500	4010.13500	4008.52500	4009.96500	0.02
2025.11.06	11:03:00	4009.93500	4010.29500	4009.54800	4009.59800	0.02
2025.11.06	11:04:00	4009.51500	4009.72500	4008.83500	4009.44800	0.03
2025.11.06	11:05:00	4009.44800	4009.44800	4008.55500	4008.65500	0.02
2025.11.06	11:06:00	4008.63800	4009.08500	4008.38500	4008.53500	0.01
2025.11.06	11:07:00	4008.45500	4008.54800	4007.54800	4008.04500	0.02
2025.11.06	11:08:00	4008.09800	4008.15500	4007.52800	4007.99800	0.02
2025.11.06	11:09:00	4007.90500	4008.33500	4007.79800	4008.01800	0.02
2025.11.06	11:10:00	4008.01800	4008.99800	4007.99800	4008.49800	0.01
2025.11.06	11:11:00	4008.49800	4008.74800	4008.19800	4008.65800	0.01
2025.11.06	11:12:00	4008.61500	4009.07500	4008.25500	4008.83800	0.01
2025.11.06	11:13:00	4008.89800	4009.31800	4008.79800	4009.27800	0.03
2025.11.06	11:14:00	4009.11500	4009.63800	4008.99800	4009.63800	0.02
2025.11.06	11:15:00	4009.63800	4009.77800	4009.03500	4009.60500	0.03
2025.11.06	11:16:00	4009.56500	4009.97800	4008.93500	4009.83800	0.02
2025.11.06	11:17:00	4009.79500	4009.89800	4009.14800	4009.37800	0.02
2025.11.06	11:18:00	4009.37800	4009.61800	4008.55800	4008.97800	0.02
2025.11.06	11:19:00	4008.99800	4009.01800	4008.21800	4008.53800	0.02
2025.11.06	11:20:00	4008.47800	4008.73500	4008.05800	4008.05800	0.01
2025.11.06	11:21:00	4008.05800	4008.93800	4007.81800	4008.93800	0.04
2025.11.06	11:22:00	4008.93800	4008.93800	4007.41800	4007.46500	0.01
2025.11.06	11:23:00	4007.52500	4007.61500	4007.11500	4007.34500	0.02
2025.11.06	11:24:00	4007.51800	4008.19500	4007.15800	4007.16500	0.02
2025.11.06	11:25:00	4007.14800	4007.58500	4006.76500	4007.01500	0.02
2025.11.06	11:26:00	4007.03500	4009.16500	4007.03500	4009.11500	0.02
2025.11.06	11:27:00	4009.09500	4010.87500	4009.09500	4009.81500	0.03
2025.11.06	11:28:00	4009.84500	4010.57500	4009.54500	4009.57500	0.02
2025.11.06	11:29:00	4009.59500	4009.69500	4009.06500	4009.20500	0.02
2025.11.06	11:30:00	4009.16500	4010.37500	4009.13500	4010.28500	0.02
2025.11.06	11:31:00	4010.24500	4011.52500	4009.99500	4011.52500	0.03
2025.11.06	11:32:00	4011.52500	4012.08800	4011.29500	4011.49500	0.02
2025.11.06	11:33:00	4011.81500	4012.67500	4011.50500	4011.99800	0.03
2025.11.06	11:34:00	4012.00500	4012.60500	4011.79800	4011.98500	0.02
2025.11.06	11:35:00	4011.98500	4013.16500	4011.75500	4012.76500	0.03
2025.11.06	11:36:00	4012.74800	4013.60500	4012.55500	4013.20500	0.02
2025.11.06	11:37:00	4013.23500	4015.01500	4013.15500	4014.79800	0.03
2025.11.06	11:38:00	4014.79800	4016.39800	4014.39800	4015.59800	0.05
2025.11.06	11:39:00	4015.79800	4016.31500	4014.84800	4015.76500	0.04
2025.11.06	11:40:00	4015.79500	4015.86500	4014.51800	4015.40500	0.02
2025.11.06	11:41:00	4015.17500	4015.91500	4014.51800	4015.75500	0.02
2025.11.06	11:42:00	4015.78500	4016.44800	4015.44800	4016.34800	0.02
2025.11.06	11:43:00	4016.37800	4016.68500	4015.99500	4016.55500	0.02
2025.11.06	11:44:00	4016.53500	4016.54500	4015.45500	4015.57500	0.01
2025.11.06	11:45:00	4015.59500	4016.44500	4015.06500	4015.06500	0.01
2025.11.06	11:46:00	4015.08500	4015.16500	4014.51800	4014.89800	0.03
2025.11.06	11:47:00	4014.90800	4015.31500	4013.85500	4014.15800	0.03
2025.11.06	11:48:00	4014.17800	4015.08500	4014.03500	4014.70800	0.02
2025.11.06	11:49:00	4014.70800	4015.58800	4014.70800	4015.04500	0.02
2025.11.06	11:50:00	4015.08500	4016.04500	4014.94500	4016.03500	0.02
2025.11.06	11:51:00	4016.06500	4018.49500	4016.06500	4018.29500	0.03
2025.11.06	11:52:00	4018.50500	4019.17500	4017.63500	4017.82500	0.03
2025.11.06	11:53:00	4017.85500	4017.88500	4016.57800	4016.58800	0.04
2025.11.06	11:54:00	4016.39500	4017.07800	4015.37500	4017.06900	0.03
2025.11.06	11:55:00	4017.03800	4018.22800	4016.87800	4018.18800	0.04
2025.11.06	11:56:00	4018.20800	4018.40800	4017.28800	4017.69800	0.03
2025.11.06	11:57:00	4017.65500	4017.78800	4017.18800	4017.28800	0.01
2025.11.06	11:58:00	4017.29800	4017.71800	4017.26800	4017.70800	0.01
2025.11.06	11:59:00	4017.61800	4018.20500	4017.44800	4017.78500	0.02
2025.11.06	12:00:00	4017.74500	4018.39800	4017.45500	4018.24500	0.02
2025.11.06	12:01:00	4018.31500	4019.27500	4017.89500	4018.67500	0.02
2025.11.06	12:02:00	4018.79500	4018.82500	4017.53500	4018.68500	0.02
2025.11.06	12:03:00	4018.68500	4018.69500	4015.33500	4015.37500	0.04
2025.11.06	12:04:00	4015.37500	4015.95500	4012.85500	4014.72500	0.04
2025.11.06	12:05:00	4014.72500	4016.85500	4014.65500	4016.41500	0.03
2025.11.06	12:06:00	4016.41500	4016.83500	4015.36500	4015.59500	0.02
2025.11.06	12:07:00	4015.56500	4016.15500	4015.18500	4015.72500	0.02
2025.11.06	12:08:00	4015.68500	4015.70500	4014.64500	4014.68500	0.03
2025.11.06	12:09:00	4014.68500	4014.68500	4012.87800	4012.92500	0.03
2025.11.06	12:10:00	4012.94500	4013.39800	4012.11800	4012.73500	0.06
2025.11.06	12:11:00	4012.76500	4013.22500	4011.95500	4012.08500	0.04
2025.11.06	12:12:00	4012.14900	4012.40900	4011.87800	4012.16800	0.05
2025.11.06	12:13:00	4012.16800	4013.55800	4012.01800	4013.36500	0.06
2025.11.06	12:14:00	4013.26800	4013.52800	4012.44800	4012.45800	0.03
2025.11.06	12:15:00	4012.38500	4012.99800	4011.98800	4012.20800	0.06
2025.11.06	12:16:00	4012.23800	4013.78800	4012.23800	4013.64800	0.03
2025.11.06	12:17:00	4013.64800	4013.74800	4012.74800	4013.55800	0.03
2025.11.06	12:18:00	4013.56800	4014.08800	4013.24800	4013.86800	0.01
2025.11.06	12:19:00	4013.86800	4014.36500	4013.48800	4013.59800	0.02
2025.11.06	12:20:00	4013.59800	4013.69800	4012.69800	4012.81500	0.02
2025.11.06	12:21:00	4012.69800	4012.70500	4011.69800	4011.69800	0.01
2025.11.06	12:22:00	4011.69800	4011.79800	4010.79500	4011.09800	0.02
2025.11.06	12:23:00	4010.99800	4011.45800	4010.84500	4011.44800	0.02
2025.11.06	12:24:00	4011.54800	4012.74800	4011.42500	4012.44800	0.02
2025.11.06	12:25:00	4012.54800	4013.54800	4012.44800	4013.04800	0.02
2025.11.06	12:26:00	4013.04800	4013.09800	4011.59800	4012.09800	0.03
2025.11.06	12:27:00	4012.05800	4012.05800	4010.79800	4011.09800	0.02
2025.11.06	12:28:00	4011.11800	4011.81800	4010.99800	4011.47800	0.02
2025.11.06	12:29:00	4011.54800	4011.55800	4011.19500	4011.29800	0.02
2025.11.06	12:30:00	4011.29800	4012.69800	4011.29800	4011.91800	0.02
2025.11.06	12:31:00	4011.91800	4011.91800	4010.94500	4011.38800	0.02
2025.11.06	12:32:00	4011.38800	4011.64800	4011.26500	4011.31800	0.02
2025.11.06	12:33:00	4011.31800	4011.33800	4010.96800	4011.09800	0.01
2025.11.06	12:34:00	4011.10800	4011.14800	4010.58800	4010.93800	0.02
2025.11.06	12:35:00	4010.95800	4010.95800	4009.97800	4010.69800	0.02
2025.11.06	12:36:00	4010.70500	4010.91800	4009.97800	4009.98800	0.02
2025.11.06	12:37:00	4009.98900	4010.06800	4008.32500	4008.49800	0.04
2025.11.06	12:38:00	4008.51900	4009.15800	4007.28800	4007.47800	0.07
2025.11.06	12:39:00	4007.40800	4008.38500	4006.35800	4008.26500	0.03
2025.11.06	12:40:00	4008.28500	4009.29500	4008.11500	4009.20500	0.02
2025.11.06	12:41:00	4009.27500	4009.41500	4008.43800	4008.49500	0.01
2025.11.06	12:42:00	4008.47800	4008.86500	4008.10500	4008.43500	0.01
2025.11.06	12:43:00	4008.40500	4008.54500	4007.93500	4008.11500	0.01
2025.11.06	12:44:00	4008.14500	4008.90500	4008.14500	4008.85500	0.01
2025.11.06	12:45:00	4008.81500	4009.17500	4008.66500	4008.93500	0.01
2025.11.06	12:46:00	4008.89500	4009.69500	4008.84500	4009.10500	0.01
2025.11.06	12:47:00	4009.08500	4009.33500	4008.61500	4008.61500	0.01
2025.11.06	12:48:00	4008.58500	4008.62500	4007.63500	4007.93500	0.01
2025.11.06	12:49:00	4007.95500	4008.52500	4007.29500	4007.43500	0.01
2025.11.06	12:50:00	4007.36500	4009.11500	4007.33500	4009.11500	0.02
2025.11.06	12:51:00	4009.13500	4009.99500	4008.14500	4008.30500	0.02
2025.11.06	12:52:00	4008.34500	4008.39500	4006.32500	4006.93500	0.04
2025.11.06	12:53:00	4006.96500	4007.07500	4002.61500	4004.78500	0.05
2025.11.06	12:54:00	4004.82500	4005.95500	4004.49500	4005.35500	0.02
2025.11.06	12:55:00	4005.38500	4006.65500	4004.92500	4006.63500	0.02
2025.11.06	12:56:00	4006.69500	4006.95500	4005.24500	4005.68500	0.02
2025.11.06	12:57:00	4005.64500	4006.83500	4005.40500	4006.68500	0.02
2025.11.06	12:58:00	4006.70500	4007.03500	4006.02500	4006.03500	0.02
2025.11.06	12:59:00	4006.08500	4006.21500	4004.93500	4005.00500	0.02
2025.11.06	13:00:00	4005.03500	4006.23500	4003.45500	4005.88500	0.07
2025.11.06	13:01:00	4005.84500	4007.84500	4005.84500	4006.32500	0.05
2025.11.06	13:02:00	4006.30500	4007.37500	4004.94500	4005.64500	0.09
2025.11.06	13:03:00	4005.51500	4006.18500	4004.26500	4004.67500	0.07
2025.11.06	13:04:00	4004.67500	4006.88500	4004.44500	4006.69500	0.08
2025.11.06	13:05:00	4006.67500	4009.84500	4006.01500	4009.48500	0.05
2025.11.06	13:06:00	4009.51500	4011.45500	4009.51500	4010.15500	0.06
2025.11.06	13:07:00	4010.15500	4012.09500	4010.11500	4011.90500	0.04
2025.11.06	13:08:00	4011.92500	4012.97500	4011.24500	4011.81500	0.04
2025.11.06	13:09:00	4011.81500	4012.19500	4010.19500	4010.47500	0.04
2025.11.06	13:10:00	4010.13500	4010.48500	4009.61500	4010.34500	0.03
2025.11.06	13:11:00	4010.31500	4010.48500	4008.91500	4008.97500	0.03
2025.11.06	13:12:00	4008.97500	4010.13500	4008.82500	4010.04500	0.03
2025.11.06	13:13:00	4010.06500	4011.26500	4009.87500	4011.06500	0.04
2025.11.06	13:14:00	4011.04500	4012.20500	4010.87500	4011.66500	0.03
2025.11.06	13:15:00	4011.66500	4011.77500	4010.43500	4010.44500	0.02
2025.11.06	13:16:00	4010.44500	4011.27500	4010.08500	4010.72500	0.03
2025.11.06	13:17:00	4010.70500	4012.67500	4010.68500	4012.51500	0.03
2025.11.06	13:18:00	4012.51500	4013.42500	4012.28500	4013.10500	0.05
2025.11.06	13:19:00	4013.25500	4013.25500	4011.78500	4012.60500	0.03
2025.11.06	13:20:00	4012.65500	4013.81500	4012.65500	4013.52500	0.04
2025.11.06	13:21:00	4013.52500	4014.53500	4012.46500	4014.04500	0.04
2025.11.06	13:22:00	4014.04500	4015.16500	4013.19500	4014.89500	0.04
2025.11.06	13:23:00	4014.70500	4015.25500	4014.30500	4014.81500	0.04
2025.11.06	13:24:00	4014.81500	4015.03500	4013.01500	4013.21500	0.03
2025.11.06	13:25:00	4013.26500	4015.22500	4013.26500	4014.62500	0.04
2025.11.06	13:26:00	4014.65500	4015.86500	4014.16500	4015.56500	0.04
2025.11.06	13:27:00	4015.54500	4015.76500	4014.72500	4014.72500	0.03
2025.11.06	13:28:00	4014.69500	4014.73500	4012.79500	4013.38500	0.02
2025.11.06	13:29:00	4013.40500	4013.42500	4012.57500	4013.04500	0.02
2025.11.06	13:30:00	4013.04500	4014.12500	4011.93500	4011.98500	0.02
2025.11.06	13:31:00	4011.85500	4013.42500	4011.81500	4013.30500	0.02
2025.11.06	13:32:00	4013.30500	4013.67500	4012.49500	4012.49500	0.02
2025.11.06	13:33:00	4012.49500	4012.59500	4010.52500	4011.00500	0.03
2025.11.06	13:34:00	4010.98500	4013.13500	4010.98500	4013.04500	0.03
2025.11.06	13:35:00	4013.07500	4014.12500	4012.91500	4013.74500	0.03
2025.11.06	13:36:00	4013.78500	4015.90500	4013.78500	4014.77500	0.03
2025.11.06	13:37:00	4014.77500	4015.33500	4014.45500	4015.04500	0.03
2025.11.06	13:38:00	4014.99500	4015.44500	4014.09500	4015.08500	0.03
2025.11.06	13:39:00	4014.98500	4015.22500	4013.91500	4013.92500	0.02
2025.11.06	13:40:00	4013.92500	4014.26500	4013.31500	4014.05500	0.03
2025.11.06	13:41:00	4014.03500	4014.20500	4013.08500	4013.66500	0.02
2025.11.06	13:42:00	4013.67500	4013.92500	4012.67500	4012.84500	0.03
2025.11.06	13:43:00	4012.80500	4014.79500	4011.72500	4014.75500	0.04
2025.11.06	13:44:00	4014.75500	4014.96500	4013.46500	4013.48500	0.03
2025.11.06	13:45:00	4013.45500	4014.22500	4012.89500	4013.80500	0.03
2025.11.06	13:46:00	4013.77500	4014.42500	4013.45500	4013.71500	0.03
2025.11.06	13:47:00	4013.68500	4015.02500	4013.38500	4014.83500	0.03
2025.11.06	13:48:00	4014.86500	4015.78500	4014.47500	4015.54500	0.04
2025.11.06	13:49:00	4015.56500	4015.69500	4014.82500	4015.25500	0.03
2025.11.06	13:50:00	4015.27500	4015.30500	4013.91500	4015.04500	0.03
2025.11.06	13:51:00	4015.04500	4015.17500	4014.36500	4014.36500	0.02
2025.11.06	13:52:00	4014.45500	4014.45500	4012.78500	4013.80500	0.03
2025.11.06	13:53:00	4013.80500	4013.95800	4013.24500	4013.94500	0.02
2025.11.06	13:54:00	4013.92500	4014.67500	4013.38500	4013.56500	0.03
2025.11.06	13:55:00	4013.58500	4014.08500	4012.72500	4013.56500	0.03
2025.11.06	13:56:00	4013.54500	4013.56500	4012.61500	4012.95500	0.03
2025.11.06	13:57:00	4012.93500	4013.68500	4012.52500	4012.60500	0.03
2025.11.06	13:58:00	4012.57500	4013.45500	4012.31500	4013.25500	0.03
2025.11.06	13:59:00	4013.25500	4013.59500	4011.81500	4011.95500	0.03
2025.11.06	14:00:00	4011.94500	4013.67500	4010.35500	4011.09500	0.05
2025.11.06	14:01:00	4011.12500	4012.68800	4010.10500	4010.14500	0.03
2025.11.06	14:02:00	4010.16500	4010.38500	4008.62500	4008.62500	0.04
2025.11.06	14:03:00	4008.49500	4009.69500	4007.33500	4009.64500	0.04
2025.11.06	14:04:00	4009.64500	4009.76500	4007.70500	4008.02500	0.03
2025.11.06	14:05:00	4007.88500	4009.23500	4006.56500	4008.44500	0.05
2025.11.06	14:06:00	4008.46500	4009.15500	4007.77500	4008.36500	0.04
2025.11.06	14:07:00	4008.31500	4009.66500	4008.21500	4008.99500	0.03
2025.11.06	14:08:00	4009.26500	4010.42500	4008.55500	4008.65500	0.03
2025.11.06	14:09:00	4008.74500	4009.18500	4008.17500	4008.77500	0.04
2025.11.06	14:10:00	4008.75500	4009.34500	4006.03500	4006.15500	0.08
2025.11.06	14:11:00	4006.15500	4006.60500	4004.70500	4005.16500	0.12
2025.11.06	14:12:00	4005.16500	4007.31500	4005.09500	4007.10500	0.10
2025.11.06	14:13:00	4007.14500	4007.84500	4006.15500	4007.17500	0.07
2025.11.06	14:14:00	4007.14500	4008.14500	4006.99500	4007.95800	0.07
2025.11.06	14:15:00	4007.95500	4007.97500	4005.25500	4006.62500	0.12
2025.11.06	14:16:00	4006.59500	4006.63500	4004.56500	4004.77500	0.05
2025.11.06	14:17:00	4004.85500	4006.70500	4004.74500	4005.18500	0.05
2025.11.06	14:18:00	4005.21500	4005.76500	4001.38500	4001.70500	0.10
2025.11.06	14:19:00	4001.85500	4002.60500	4000.86500	4001.98500	0.05
2025.11.06	14:20:00	4001.92500	4001.92500	3996.41500	3997.15500	0.06
2025.11.06	14:21:00	3997.10500	3999.46500	3995.33500	3997.66500	0.08
2025.11.06	14:22:00	3997.63500	3998.04500	3996.29500	3997.09500	0.07
2025.11.06	14:23:00	3997.16500	3998.70500	3995.28500	3997.10500	0.06
2025.11.06	14:24:00	3997.10500	3997.14500	3993.52500	3994.75500	0.11
2025.11.06	14:25:00	3994.75500	3995.73500	3993.27500	3995.37500	0.09
2025.11.06	14:26:00	3995.36500	3996.01500	3993.92500	3995.05500	0.07
2025.11.06	14:27:00	3995.07500	3997.69500	3995.01500	3995.67500	0.06
2025.11.06	14:28:00	3995.64500	3995.84500	3992.66500	3992.71500	0.05
2025.11.06	14:29:00	3992.44800	3992.56500	3988.80500	3991.64500	0.07
2025.11.06	14:30:00	3991.60500	3995.55500	3990.52500	3994.40500	0.06
2025.11.06	14:31:00	3994.52500	3996.65500	3992.96500	3996.11500	0.06
2025.11.06	14:32:00	3996.08500	3996.70500	3994.06500	3995.53500	0.06
2025.11.06	14:33:00	3995.55500	3998.00800	3995.41500	3997.80500	0.08
2025.11.06	14:34:00	3997.78500	3999.95500	3997.76500	3999.42500	0.06
2025.11.06	14:35:00	3999.46500	4002.28500	3999.28500	4002.08500	0.07
2025.11.06	14:36:00	4002.00500	4002.99500	4000.26500	4000.61500	0.06
2025.11.06	14:37:00	4000.58500	4001.28500	3998.21500	3998.35500	0.09
2025.11.06	14:38:00	3998.33500	4001.81500	3998.33500	4001.56500	0.09
2025.11.06	14:39:00	4001.61500	4002.15500	3998.48500	3998.66500	0.08
2025.11.06	14:40:00	3998.65500	3999.68500	3995.88500	3998.43500	0.08
2025.11.06	14:41:00	3998.45500	3998.60500	3994.65500	3995.35500	0.09
2025.11.06	14:42:00	3995.33500	3998.93500	3994.02500	3998.77500	0.07
2025.11.06	14:43:00	3998.74500	3999.10500	3994.85500	3996.28500	0.05
2025.11.06	14:44:00	3996.31500	3998.60500	3995.93500	3998.06500	0.05
2025.11.06	14:45:00	3998.01500	4000.39500	3997.84500	3998.65500	0.06
2025.11.06	14:46:00	3998.67500	3999.42500	3996.89500	3999.34500	0.05
2025.11.06	14:47:00	3999.39500	4000.86500	3998.01500	3998.56500	0.05
2025.11.06	14:48:00	3998.59500	4000.16500	3998.45500	3998.48500	0.04
2025.11.06	14:49:00	3998.51500	3999.68500	3997.63500	3998.78500	0.05
2025.11.06	14:50:00	3998.80500	3998.91500	3996.89500	3997.32500	0.06
2025.11.06	14:51:00	3997.38500	3999.06500	3994.33500	3996.52500	0.07
2025.11.06	14:52:00	3996.52500	3998.69800	3994.74500	3997.84500	0.06
2025.11.06	14:53:00	3997.51500	3998.96500	3996.50500	3997.23500	0.08
2025.11.06	14:54:00	3997.22500	3998.13500	3994.90500	3995.56500	0.11
2025.11.06	14:55:00	3995.38500	3996.65500	3994.43500	3996.18500	0.11
2025.11.06	14:56:00	3996.16500	3996.57500	3993.03500	3994.10500	0.07
2025.11.06	14:57:00	3993.73500	3995.49500	3992.81500	3993.35500	0.10
2025.11.06	14:58:00	3993.37500	3995.28500	3993.37500	3994.15500	0.07
2025.11.06	14:59:00	3993.98500	3994.41500	3992.46500	3993.06500	0.08
2025.11.06	15:00:00	3993.06500	3993.49500	3989.86500	3990.75500	0.09
2025.11.06	15:01:00	3990.75500	3991.42500	3987.18500	3988.87500	0.13
2025.11.06	15:02:00	3988.89500	3988.89500	3983.64800	3984.02800	0.10
2025.11.06	15:03:00	3984.02800	3984.97500	3980.86500	3984.52500	0.10
2025.11.06	15:04:00	3984.30500	3984.35500	3978.02800	3979.02500	0.10
2025.11.06	15:05:00	3978.88500	3983.36500	3978.60500	3981.51500	0.07
2025.11.06	15:06:00	3981.48500	3985.36500	3981.15500	3984.06500	0.07
2025.11.06	15:07:00	3984.24500	3984.55500	3981.53500	3982.63500	0.06
2025.11.06	15:08:00	3982.61500	3984.12500	3981.47500	3983.35500	0.06
2025.11.06	15:09:00	3983.32500	3983.32500	3981.53500	3982.10500	0.05
2025.11.06	15:10:00	3982.07500	3985.49800	3981.31500	3985.39800	0.06
2025.11.06	15:11:00	3985.39800	3987.25800	3985.01500	3985.27500	0.07
2025.11.06	15:12:00	3985.31500	3985.62500	3980.89500	3982.57500	0.07
2025.11.06	15:13:00	3982.51500	3984.19500	3979.88500	3984.14500	0.07
2025.11.06	15:14:00	3984.12500	3985.51500	3982.19500	3982.30500	0.06
2025.11.06	15:15:00	3982.33500	3983.47500	3981.34500	3982.85500	0.07
2025.11.06	15:16:00	3982.89500	3985.02800	3982.39800	3984.45800	0.08
2025.11.06	15:17:00	3984.46500	3986.13500	3983.65800	3984.65500	0.08
2025.11.06	15:18:00	3984.53800	3989.17500	3983.30500	3988.98500	0.08
2025.11.06	15:19:00	3988.95500	3989.10500	3987.57500	3987.91500	0.10
2025.11.06	15:20:00	3987.88500	3990.33500	3987.09500	3989.97500	0.07
2025.11.06	15:21:00	3989.95500	3990.37500	3988.08500	3988.96500	0.06
2025.11.06	15:22:00	3988.96500	3989.73500	3987.40500	3988.45500	0.08
2025.11.06	15:23:00	3988.53500	3990.83500	3988.27500	3989.96500	0.07
2025.11.06	15:24:00	3989.96500	3990.08500	3988.95500	3989.41500	0.08
2025.11.06	15:25:00	3989.44500	3989.77500	3987.56500	3989.63500	0.06
2025.11.06	15:26:00	3989.57500	3989.68500	3987.23500	3988.23500	0.05
2025.11.06	15:27:00	3988.26500	3989.21500	3986.29500	3987.14500	0.05
2025.11.06	15:28:00	3987.14500	3988.24500	3985.97800	3987.80500	0.05
2025.11.06	15:29:00	3987.83500	3987.96500	3986.31500	3986.43500	0.05
2025.11.06	15:30:00	3986.75500	3987.04500	3984.07500	3984.34500	0.05
2025.11.06	15:31:00	3984.35500	3984.35500	3982.01500	3983.86500	0.06
2025.11.06	15:32:00	3983.83500	3984.90500	3982.29500	3982.43500	0.04
2025.11.06	15:33:00	3982.41500	3982.52500	3979.49500	3981.02500	0.06
2025.11.06	15:34:00	3980.73500	3982.28500	3979.80500	3981.55500	0.08
2025.11.06	15:35:00	3981.52500	3982.81500	3980.30500	3982.72500	0.08
2025.11.06	15:36:00	3982.87500	3984.55500	3982.29500	3982.75800	0.08
2025.11.06	15:37:00	3982.75800	3982.75800	3974.89500	3975.01500	0.11
2025.11.06	15:38:00	3975.03500	3979.65500	3975.03500	3979.30500	0.10
2025.11.06	15:39:00	3979.15500	3980.48500	3976.68500	3979.23500	0.09
2025.11.06	15:40:00	3979.26500	3982.44500	3977.35500	3982.05500	0.08
2025.11.06	15:41:00	3982.05500	3983.92500	3980.79500	3980.98500	0.06
2025.11.06	15:42:00	3980.91500	3981.89500	3979.76500	3981.68500	0.07
2025.11.06	15:43:00	3981.54500	3983.24500	3980.71500	3981.83500	0.08
2025.11.06	15:44:00	3981.80500	3981.84500	3977.40500	3978.21500	0.13
2025.11.06	15:45:00	3978.15500	3981.28500	3978.15500	3981.25500	0.12
2025.11.06	15:46:00	3981.20500	3981.98500	3979.47500	3980.13500	0.14
2025.11.06	15:47:00	3980.08500	3980.15500	3976.76500	3976.79500	0.17
2025.11.06	15:48:00	3976.83500	3979.61500	3976.43800	3978.90500	0.15
2025.11.06	15:49:00	3978.86500	3980.54800	3977.14800	3980.29500	0.14
2025.11.06	15:50:00	3980.29500	3981.00500	3978.54800	3979.02500	0.12
2025.11.06	15:51:00	3979.00500	3981.48500	3978.82500	3980.27500	0.10
2025.11.06	15:52:00	3980.27500	3981.21500	3979.22500	3980.81500	0.10
2025.11.06	15:53:00	3980.81500	3981.25500	3979.58500	3979.70500	0.07
2025.11.06	15:54:00	3979.72500	3981.30500	3979.62500	3981.05500	0.09
2025.11.06	15:55:00	3980.98500	3984.06500	3980.97500	3983.48500	0.07
2025.11.06	15:56:00	3983.48500	3983.69500	3980.89500	3981.06500	0.06
2025.11.06	15:57:00	3981.08500	3983.18500	3980.37500	3981.61500	0.07
2025.11.06	15:58:00	3981.67500	3982.46500	3980.39800	3981.21500	0.08
2025.11.06	15:59:00	3981.21500	3982.09500	3979.36500	3979.94500	0.11
2025.11.06	16:00:00	3979.97500	3981.93500	3979.40500	3981.45500	0.11
2025.11.06	16:01:00	3981.47500	3985.27500	3981.07500	3985.21500	0.08
2025.11.06	16:02:00	3985.19500	3986.04500	3982.52500	3982.90500	0.06
2025.11.06	16:03:00	3982.88500	3983.43500	3980.09500	3980.88500	0.07
2025.11.06	16:04:00	3980.77500	3985.13500	3980.76500	3984.13500	0.05
2025.11.06	16:05:00	3984.14500	3985.08500	3982.62500	3982.78500	0.05
2025.11.06	16:06:00	3982.80500	3984.14500	3982.45500	3983.72500	0.06
2025.11.06	16:07:00	3983.70500	3985.35500	3983.30500	3983.85500	0.05
2025.11.06	16:08:00	3983.83500	3985.37500	3983.56500	3985.34500	0.05
2025.11.06	16:09:00	3985.34500	3985.92500	3983.58500	3985.14500	0.05
2025.11.06	16:10:00	3985.03500	3985.83500	3984.39500	3984.80500	0.05
2025.11.06	16:11:00	3984.79500	3985.57500	3982.23500	3983.01500	0.06
2025.11.06	16:12:00	3983.04500	3983.75500	3979.73500	3980.28500	0.05
2025.11.06	16:13:00	3980.29500	3982.62500	3979.82500	3981.92500	0.05
2025.11.06	16:14:00	3981.99500	3982.51500	3980.92500	3981.65500	0.05
2025.11.06	16:15:00	3981.54500	3983.16500	3981.05500	3981.92500	0.05
2025.11.06	16:16:00	3981.95500	3983.21500	3979.68500	3980.32500	0.06
2025.11.06	16:17:00	3980.39500	3980.39500	3978.46500	3978.76500	0.06
2025.11.06	16:18:00	3978.73500	3979.36500	3976.60500	3978.67500	0.08
2025.11.06	16:19:00	3978.62500	3978.79500	3976.51500	3978.45500	0.11
2025.11.06	16:20:00	3978.41500	3979.32500	3976.37500	3977.91500	0.13
2025.11.06	16:21:00	3977.87500	3978.84800	3977.07500	3978.74800	0.11
2025.11.06	16:22:00	3978.74800	3978.94800	3976.63500	3976.80500	0.07
2025.11.06	16:23:00	3976.78500	3979.09500	3976.73500	3978.49500	0.10
2025.11.06	16:24:00	3978.49500	3979.74800	3978.06500	3979.61500	0.04
2025.11.06	16:25:00	3979.65500	3980.43500	3978.54800	3979.95500	0.06
2025.11.06	16:26:00	3979.93500	3982.03500	3979.51500	3981.78500	0.05
2025.11.06	16:27:00	3981.78500	3982.24500	3980.91500	3981.50500	0.05
2025.11.06	16:28:00	3981.50500	3983.13500	3981.43500	3983.07500	0.06
2025.11.06	16:29:00	3983.09500	3983.79800	3982.34800	3983.53500	0.06
2025.11.06	16:30:00	3983.48500	3983.83500	3981.46500	3981.94500	0.05
2025.11.06	16:31:00	3981.96500	3982.74500	3980.10500	3980.16500	0.05
2025.11.06	16:32:00	3980.09500	3982.19500	3979.92500	3982.19500	0.04
2025.11.06	16:33:00	3982.17500	3983.12500	3981.03500	3981.22500	0.04
2025.11.06	16:34:00	3981.22500	3981.22500	3977.44500	3978.01500	0.04
2025.11.06	16:35:00	3977.98500	3979.24500	3976.24500	3977.09500	0.06
2025.11.06	16:36:00	3977.09500	3978.95500	3976.23500	3978.94500	0.05
2025.11.06	16:37:00	3978.94500	3980.19500	3977.89500	3978.04500	0.05
2025.11.06	16:38:00	3978.06500	3980.65500	3977.95500	3980.42500	0.04
2025.11.06	16:39:00	3980.41500	3981.39500	3979.46500	3979.86500	0.04
2025.11.06	16:40:00	3979.78500	3980.46500	3978.41500	3978.84500	0.04
2025.11.06	16:41:00	3978.88500	3979.32500	3976.29500	3976.84500	0.04
2025.11.06	16:42:00	3976.79500	3978.53500	3976.43500	3978.43500	0.04
2025.11.06	16:43:00	3978.46500	3978.69500	3977.20500	3977.37500	0.06
2025.11.06	16:44:00	3977.41500	3979.00500	3976.84500	3979.00500	0.04
2025.11.06	16:45:00	3978.97500	3980.92500	3978.89500	3980.80500	0.05
2025.11.06	16:46:00	3980.85500	3982.51500	3980.80500	3981.24500	0.06
2025.11.06	16:47:00	3981.24500	3981.50500	3979.20500	3980.93500	0.05
2025.11.06	16:48:00	3980.91500	3981.24500	3978.68500	3978.74500	0.04
2025.11.06	16:49:00	3979.10500	3979.29500	3977.63500	3979.10500	0.04
2025.11.06	16:50:00	3979.08500	3981.15500	3978.90500	3980.88500	0.05
2025.11.06	16:51:00	3980.86500	3982.07500	3980.72500	3981.24500	0.04
2025.11.06	16:52:00	3981.27500	3982.67500	3980.26500	3982.38500	0.04
2025.11.06	16:53:00	3982.41500	3984.46500	3982.41500	3982.81500	0.05
2025.11.06	16:54:00	3982.84500	3982.84500	3981.14500	3981.70500	0.04
2025.11.06	16:55:00	3981.70500	3981.70500	3979.23500	3980.08500	0.05
2025.11.06	16:56:00	3980.05500	3981.16500	3979.12500	3979.13500	0.04
2025.11.06	16:57:00	3979.16500	3979.98500	3978.78500	3979.43500	0.04
2025.11.06	16:58:00	3979.43500	3979.85500	3978.76500	3979.31500	0.04
2025.11.06	16:59:00	3979.31500	3980.76500	3979.31500	3980.69500	0.03
2025.11.06	17:00:00	3980.70500	3982.51500	3980.67500	3981.56500	0.06
2025.11.06	17:01:00	3981.58500	3982.81500	3980.84500	3981.96500	0.05
2025.11.06	17:02:00	3981.98500	3983.20500	3981.98500	3983.14500	0.04
2025.11.06	17:03:00	3983.14500	3984.30500	3983.08500	3983.54500	0.04
2025.11.06	17:04:00	3983.58500	3984.59500	3983.20500	3984.07500	0.04
2025.11.06	17:05:00	3984.05500	3984.85500	3983.78500	3984.63500	0.04
2025.11.06	17:06:00	3984.61500	3985.25500	3984.03500	3984.83500	0.05
2025.11.06	17:07:00	3984.87500	3985.37500	3981.72500	3981.81500	0.05
2025.11.06	17:08:00	3981.76500	3982.82500	3981.06500	3982.05500	0.04
2025.11.06	17:09:00	3982.05500	3983.29800	3981.63500	3983.29800	0.06
2025.11.06	17:10:00	3983.29800	3984.85500	3982.87500	3984.72500	0.05
2025.11.06	17:11:00	3984.69500	3984.90500	3983.42500	3984.30500	0.05
2025.11.06	17:12:00	3984.23500	3984.24800	3981.05500	3981.50500	0.05
2025.11.06	17:13:00	3981.45500	3982.25500	3980.74500	3981.94500	0.07
2025.11.06	17:14:00	3981.92500	3981.92500	3977.90500	3978.53500	0.05
2025.11.06	17:15:00	3978.50500	3978.56500	3977.06500	3977.40500	0.05
2025.11.06	17:16:00	3977.36500	3978.74500	3975.27500	3975.31500	0.08
2025.11.06	17:17:00	3975.32500	3976.13500	3973.32500	3976.13500	0.07
2025.11.06	17:18:00	3976.21500	3977.39500	3974.64500	3975.16500	0.07
2025.11.06	17:19:00	3975.14500	3977.51500	3974.71500	3977.43500	0.08
2025.11.06	17:20:00	3977.31900	3977.39500	3973.59500	3974.32500	0.08
2025.11.06	17:21:00	3974.32500	3974.32500	3969.97500	3970.27500	0.09
2025.11.06	17:22:00	3970.26500	3971.25500	3969.85500	3970.64500	0.05
2025.11.06	17:23:00	3970.60500	3971.33500	3967.05500	3967.60500	0.07
2025.11.06	17:24:00	3967.65500	3968.39500	3966.98500	3967.26500	0.06
2025.11.06	17:25:00	3967.26500	3969.91500	3965.95500	3968.62500	0.08
2025.11.06	17:26:00	3968.59500	3968.91500	3966.06500	3967.39500	0.09
2025.11.06	17:27:00	3967.51500	3969.43500	3965.42500	3968.96500	0.07
2025.11.06	17:28:00	3969.00500	3970.05500	3968.79500	3969.27500	0.08
2025.11.06	17:29:00	3969.28500	3970.11500	3968.01500	3969.48500	0.06
2025.11.06	17:30:00	3969.49500	3970.23500	3967.44500	3970.18500	0.07
2025.11.06	17:31:00	3970.14500	3970.38500	3968.74500	3969.53500	0.07
2025.11.06	17:32:00	3969.69500	3971.02500	3969.41500	3970.82500	0.08
2025.11.06	17:33:00	3970.84500	3973.35500	3970.71500	3972.90500	0.05
2025.11.06	17:34:00	3972.66500	3973.26500	3971.71500	3972.16500	0.05
2025.11.06	17:35:00	3972.12500	3973.84500	3971.90500	3973.34500	0.05
2025.11.06	17:36:00	3973.25500	3974.82500	3972.64500	3974.82500	0.04
2025.11.06	17:37:00	3974.84500	3974.95500	3972.32500	3972.34500	0.04
2025.11.06	17:38:00	3972.34500	3975.10500	3972.17500	3975.07500	0.05
2025.11.06	17:39:00	3975.07500	3975.22500	3973.43500	3974.98500	0.05
2025.11.06	17:40:00	3974.98500	3976.96500	3974.74500	3975.81500	0.05
2025.11.06	17:41:00	3975.81500	3977.72500	3975.81500	3977.23500	0.05
2025.11.06	17:42:00	3977.24500	3980.54500	3977.09500	3980.54500	0.05
2025.11.06	17:43:00	3980.50500	3981.55500	3980.43500	3981.05500	0.05
2025.11.06	17:44:00	3981.00500	3982.19500	3980.97500	3981.55500	0.06
2025.11.06	17:45:00	3981.57500	3982.29500	3981.39500	3981.95500	0.04
2025.11.06	17:46:00	3982.05500	3983.87500	3981.74500	3982.72500	0.05
2025.11.06	17:47:00	3982.69500	3982.95500	3981.00500	3982.53500	0.05
2025.11.06	17:48:00	3982.55500	3984.95500	3982.31500	3984.05500	0.06
2025.11.06	17:49:00	3983.95500	3984.49500	3983.09500	3984.35500	0.05
2025.11.06	17:50:00	3984.41500	3986.36500	3984.19500	3985.12500	0.05
2025.11.06	17:51:00	3985.06500	3986.28500	3984.65500	3985.39500	0.05
2025.11.06	17:52:00	3985.39500	3987.86500	3985.39500	3987.40500	0.04
2025.11.06	17:53:00	3987.38500	3987.52500	3985.37500	3985.47500	0.05
2025.11.06	17:54:00	3985.44500	3985.73500	3985.14500	3985.66500	0.04
2025.11.06	17:55:00	3985.61500	3987.10500	3985.56500	3986.74500	0.04
2025.11.06	17:56:00	3986.77500	3987.43500	3986.41500	3986.56500	0.04
2025.11.06	17:57:00	3986.56500	3986.71500	3984.55500	3984.55500	0.05
2025.11.06	17:58:00	3984.57500	3986.05500	3984.38500	3985.71500	0.05
2025.11.06	17:59:00	3985.74500	3986.24500	3984.95500	3985.94500	0.04
2025.11.06	18:00:00	3985.94500	3986.32500	3984.86500	3984.97500	0.04
2025.11.06	18:01:00	3984.99500	3985.33500	3983.63500	3984.71500	0.04
2025.11.06	18:02:00	3984.71500	3985.95800	3984.42500	3985.91500	0.04
2025.11.06	18:03:00	3985.91500	3985.91500	3984.02500	3984.26500	0.04
2025.11.06	18:04:00	3984.22500	3984.27500	3982.02500	3982.29500	0.05
2025.11.06	18:05:00	3982.28500	3983.07500	3981.41500	3981.82500	0.05
2025.11.06	18:06:00	3981.80500	3981.99500	3980.13800	3980.13800	0.05
2025.11.06	18:07:00	3980.28500	3981.34500	3980.28500	3981.12500	0.04
2025.11.06	18:08:00	3981.12500	3982.97500	3979.94500	3982.69500	0.06
2025.11.06	18:09:00	3982.67500	3983.34500	3981.21500	3981.98500	0.04
2025.11.06	18:10:00	3981.93500	3983.31500	3981.01500	3982.48500	0.05
2025.11.06	18:11:00	3982.50500	3983.19500	3981.92500	3983.17500	0.04
2025.11.06	18:12:00	3983.14500	3983.15500	3981.98500	3982.20500	0.04
2025.11.06	18:13:00	3982.23500	3983.29500	3982.20500	3983.16500	0.03
2025.11.06	18:14:00	3983.18500	3983.88500	3982.79500	3983.66500	0.04
2025.11.06	18:15:00	3983.69500	3984.79500	3983.51500	3984.57500	0.04
2025.11.06	18:16:00	3984.57500	3985.58500	3983.62500	3985.37500	0.04
2025.11.06	18:17:00	3985.35500	3985.35500	3983.82500	3984.59500	0.04
2025.11.06	18:18:00	3984.59500	3984.73500	3983.91500	3984.26500	0.04
2025.11.06	18:19:00	3984.28500	3984.91500	3983.42500	3984.91500	0.04
2025.11.06	18:20:00	3984.87500	3986.52500	3984.32500	3986.42500	0.04
2025.11.06	18:21:00	3986.45500	3986.53500	3985.51500	3985.89500	0.04
2025.11.06	18:22:00	3985.89500	3987.03500	3985.56500	3986.16500	0.03
2025.11.06	18:23:00	3986.16500	3987.40500	3985.93500	3987.21500	0.04
2025.11.06	18:24:00	3987.24500	3988.57500	3987.24500	3987.84500	0.05
2025.11.06	18:25:00	3987.82500	3989.14500	3986.48500	3986.60500	0.04
2025.11.06	18:26:00	3986.64500	3986.64500	3985.23500	3985.74500	0.04
2025.11.06	18:27:00	3985.68500	3986.35500	3984.82500	3984.98500	0.04
2025.11.06	18:28:00	3984.95500	3985.60800	3983.91500	3983.94500	0.04
2025.11.06	18:29:00	3983.91500	3983.91500	3981.68500	3982.98500	0.06
2025.11.06	18:30:00	3982.95500	3985.23500	3982.80500	3985.19500	0.04
2025.11.06	18:31:00	3985.22500	3986.83500	3984.51500	3986.68500	0.03
2025.11.06	18:32:00	3986.69500	3987.95500	3986.04500	3987.44500	0.03
2025.11.06	18:33:00	3987.41500	3989.29800	3987.33500	3987.99500	0.03
2025.11.06	18:34:00	3987.96500	3988.36500	3986.82500	3987.20500	0.03
2025.11.06	18:35:00	3987.20500	3988.00500	3985.91500	3986.85500	0.03
2025.11.06	18:36:00	3986.81500	3987.01500	3986.35500	3987.01500	0.03
2025.11.06	18:37:00	3987.01500	3988.12500	3985.85500	3986.73500	0.03
2025.11.06	18:38:00	3986.61500	3987.24500	3986.61500	3987.00500	0.03
2025.11.06	18:39:00	3987.02500	3989.15500	3986.85500	3989.15500	0.03
2025.11.06	18:40:00	3989.17500	3990.65500	3989.14500	3989.64800	0.04
2025.11.06	18:41:00	3989.65500	3989.84800	3988.14500	3988.50500	0.04
2025.11.06	18:42:00	3988.49800	3990.22500	3988.31500	3990.20500	0.04
2025.11.06	18:43:00	3990.15500	3990.38500	3989.23500	3989.91500	0.03
2025.11.06	18:44:00	3989.93500	3990.39500	3988.95500	3989.13500	0.03
2025.11.06	18:45:00	3989.13500	3989.45500	3987.68500	3987.97500	0.04
2025.11.06	18:46:00	3987.92500	3988.08500	3986.54500	3987.25500	0.04
2025.11.06	18:47:00	3987.25500	3988.24500	3986.67500	3988.09800	0.04
2025.11.06	18:48:00	3988.09800	3989.12500	3987.93500	3988.80500	0.04
2025.11.06	18:49:00	3988.80500	3989.21500	3988.36500	3988.67500	0.04
2025.11.06	18:50:00	3988.67500	3990.31500	3988.28500	3989.38500	0.04
2025.11.06	18:51:00	3989.36500	3989.36500	3987.46500	3987.90800	0.04
2025.11.06	18:52:00	3987.94500	3988.11500	3987.36500	3988.03500	0.03
2025.11.06	18:53:00	3988.03500	3988.25500	3987.27500	3987.33500	0.06
2025.11.06	18:54:00	3987.31500	3988.12500	3987.09800	3988.02500	0.05
2025.11.06	18:55:00	3988.02500	3988.02500	3987.07500	3987.10500	0.04
2025.11.06	18:56:00	3987.10500	3987.97500	3986.80500	3986.95500	0.06
2025.11.06	18:57:00	3986.95500	3987.14500	3986.07500	3986.96500	0.04
2025.11.06	18:58:00	3986.98500	3987.38500	3986.28500	3987.31500	0.04
2025.11.06	18:59:00	3987.31500	3987.60500	3987.07500	3987.52500	0.03
2025.11.06	19:00:00	3987.54500	3987.87500	3986.66500	3987.86500	0.05
2025.11.06	19:01:00	3987.88500	3989.22500	3987.82500	3988.62500	0.04
2025.11.06	19:02:00	3988.62500	3988.77500	3987.66500	3987.76500	0.03
2025.11.06	19:03:00	3987.74500	3987.94500	3986.64500	3987.11500	0.03
2025.11.06	19:04:00	3987.11500	3988.41500	3986.50500	3988.26500	0.03
2025.11.06	19:05:00	3988.23500	3989.63500	3987.71500	3989.32500	0.04
2025.11.06	19:06:00	3989.29500	3990.66500	3989.02500	3990.63500	0.03
2025.11.06	19:07:00	3990.72500	3991.18500	3990.57500	3990.80500	0.03
2025.11.06	19:08:00	3990.80500	3991.13800	3990.22500	3990.77500	0.03
2025.11.06	19:09:00	3990.73500	3991.09500	3990.09500	3990.32500	0.03
2025.11.06	19:10:00	3990.37500	3991.04500	3990.32500	3990.92500	0.02
2025.11.06	19:11:00	3990.95500	3992.79500	3990.81500	3992.54500	0.04
2025.11.06	19:12:00	3992.45800	3994.90500	3992.32500	3993.90500	0.04
2025.11.06	19:13:00	3993.86500	3994.97500	3993.13500	3994.74800	0.04
2025.11.06	19:14:00	3994.77800	3994.88500	3994.44800	3994.79500	0.03
2025.11.06	19:15:00	3994.79500	3994.94800	3993.09500	3993.20500	0.04
2025.11.06	19:16:00	3993.28500	3993.75500	3993.10500	3993.74800	0.05
2025.11.06	19:17:00	3993.74800	3994.24800	3992.82500	3993.84800	0.06
2025.11.06	19:18:00	3993.84800	3993.84800	3992.68800	3992.76500	0.04
2025.11.06	19:19:00	3992.76500	3993.65500	3992.68800	3993.52500	0.03
2025.11.06	19:20:00	3993.55500	3993.72500	3992.88500	3993.61500	0.04
2025.11.06	19:21:00	3993.61500	3993.61500	3992.63500	3992.63500	0.03
2025.11.06	19:22:00	3992.82500	3993.51500	3992.72500	3993.50500	0.03
2025.11.06	19:23:00	3993.54500	3994.06500	3993.09800	3993.94500	0.03
2025.11.06	19:24:00	3993.94500	3993.94500	3993.01500	3993.23500	0.03
2025.11.06	19:25:00	3993.34500	3993.42500	3992.76500	3993.22500	0.03
2025.11.06	19:26:00	3993.27500	3993.47500	3992.75500	3993.19500	0.02
2025.11.06	19:27:00	3993.08500	3993.39500	3992.07500	3992.28500	0.05
2025.11.06	19:28:00	3992.26500	3993.24900	3991.81500	3992.31900	0.09
2025.11.06	19:29:00	3992.30900	3992.54500	3991.88500	3992.03800	0.06
2025.11.06	19:30:00	3991.98500	3992.37900	3990.94500	3991.01500	0.11
2025.11.06	19:31:00	3991.04500	3991.83900	3990.80800	3991.18500	0.11
2025.11.06	19:32:00	3991.20500	3991.87900	3990.58500	3991.32900	0.08
2025.11.06	19:33:00	3991.33900	3991.95500	3990.98500	3991.68500	0.05
2025.11.06	19:34:00	3991.68900	3991.71500	3990.52900	3990.60900	0.04
2025.11.06	19:35:00	3990.56900	3990.76500	3990.06900	3990.15500	0.03
2025.11.06	19:36:00	3990.15500	3990.88500	3989.81500	3990.88500	0.07
2025.11.06	19:37:00	3990.85500	3990.96500	3989.98500	3990.53900	0.07
2025.11.06	19:38:00	3990.55800	3990.97900	3990.32800	3990.88500	0.05
2025.11.06	19:39:00	3990.91500	3991.07900	3990.44500	3990.97500	0.03
2025.11.06	19:40:00	3990.95500	3991.14500	3989.79500	3990.37900	0.08
2025.11.06	19:41:00	3990.33500	3990.37900	3988.85500	3989.23500	0.08
2025.11.06	19:42:00	3989.23500	3989.54500	3988.57500	3988.65500	0.03
2025.11.06	19:43:00	3988.65500	3990.28500	3988.00500	3990.26500	0.04
2025.11.06	19:44:00	3989.94500	3990.44500	3988.98500	3989.23500	0.04
2025.11.06	19:45:00	3989.19500	3989.97500	3988.97500	3989.77500	0.03
2025.11.06	19:46:00	3989.71500	3989.71500	3986.71500	3986.97500	0.04
2025.11.06	19:47:00	3986.97500	3987.50500	3985.52500	3985.91500	0.04
2025.11.06	19:48:00	3985.88500	3987.30500	3985.88500	3986.64500	0.05
2025.11.06	19:49:00	3986.68500	3987.22500	3984.89500	3985.03500	0.04
2025.11.06	19:50:00	3985.05500	3985.57500	3983.83500	3985.57500	0.04
2025.11.06	19:51:00	3985.57500	3986.21500	3984.59500	3985.07500	0.03
2025.11.06	19:52:00	3985.05500	3985.12500	3982.83500	3983.28500	0.04
2025.11.06	19:53:00	3983.25500	3985.97500	3983.12500	3985.69500	0.05
2025.11.06	19:54:00	3985.67500	3985.89500	3984.85500	3985.03500	0.04
2025.11.06	19:55:00	3985.03500	3985.60500	3984.53500	3985.60500	0.04
2025.11.06	19:56:00	3985.56500	3985.80500	3985.10500	3985.76500	0.04
2025.11.06	19:57:00	3985.74500	3986.76500	3985.20500	3986.19500	0.05
2025.11.06	19:58:00	3986.27500	3986.44800	3985.09800	3985.69800	0.05
2025.11.06	19:59:00	3985.69800	3985.69800	3984.49800	3984.99800	0.06
2025.11.06	20:00:00	3984.63500	3985.88500	3984.23500	3985.86500	0.02
2025.11.06	20:01:00	3985.88500	3986.84500	3985.83500	3986.47500	0.03
2025.11.06	20:02:00	3986.51500	3986.55500	3984.58500	3985.37500	0.04
2025.11.06	20:03:00	3985.34500	3986.47500	3985.34500	3986.32500	0.02
2025.11.06	20:04:00	3986.29500	3986.39500	3985.12500	3985.29500	0.03
2025.11.06	20:05:00	3985.29500	3986.49500	3985.19500	3985.95500	0.03
2025.11.06	20:06:00	3985.98500	3986.01500	3985.14500	3985.52500	0.03
2025.11.06	20:07:00	3985.52500	3985.91500	3984.41500	3984.44500	0.03
2025.11.06	20:08:00	3984.46500	3985.13500	3984.28500	3984.35500	0.02
2025.11.06	20:09:00	3984.30500	3986.91500	3984.30500	3986.37500	0.05
2025.11.06	20:10:00	3986.39500	3986.41500	3985.32500	3985.59500	0.03
2025.11.06	20:11:00	3985.58500	3985.81500	3984.73500	3985.05500	0.02
2025.11.06	20:12:00	3985.08500	3985.55500	3982.52500	3982.65500	0.05
2025.11.06	20:13:00	3982.69500	3984.25500	3982.67500	3983.39500	0.09
2025.11.06	20:14:00	3983.42500	3984.56500	3983.32500	3984.23500	0.04
2025.11.06	20:15:00	3984.21500	3984.31500	3983.10500	3983.31500	0.07
2025.11.06	20:16:00	3983.31500	3983.31500	3981.90500	3982.05500	0.07
2025.11.06	20:17:00	3982.03500	3982.59500	3981.88500	3982.11500	0.08
2025.11.06	20:18:00	3982.11500	3983.42500	3982.00500	3983.30500	0.11
2025.11.06	20:19:00	3983.30500	3983.56500	3983.07500	3983.43500	0.08
2025.11.06	20:20:00	3983.41500	3983.64500	3982.51500	3982.65500	0.03
2025.11.06	20:21:00	3982.67500	3984.45500	3982.65500	3984.32500	0.06
2025.11.06	20:22:00	3984.35500	3984.53500	3983.71500	3984.45500	0.06
2025.11.06	20:23:00	3984.45500	3984.54500	3983.41500	3983.61500	0.07
2025.11.06	20:24:00	3983.58500	3983.88500	3983.23500	3983.44500	0.06
2025.11.06	20:25:00	3983.41500	3984.34500	3983.39500	3984.27500	0.07
2025.11.06	20:26:00	3984.38500	3984.58500	3983.87500	3984.32500	0.04
2025.11.06	20:27:00	3984.34500	3984.34500	3982.95500	3983.44500	0.04
2025.11.06	20:28:00	3983.46500	3983.46500	3981.76500	3983.13500	0.10
2025.11.06	20:29:00	3983.11500	3983.32500	3982.16500	3982.41500	0.05
2025.11.06	20:30:00	3982.38500	3983.41500	3982.31500	3983.21500	0.04
2025.11.06	20:31:00	3983.21500	3984.85500	3982.73500	3984.72500	0.03
2025.11.06	20:32:00	3984.72500	3984.82500	3983.76500	3984.43500	0.02
2025.11.06	20:33:00	3984.46500	3985.40500	3984.40500	3985.28500	0.02
2025.11.06	20:34:00	3985.26500	3986.16500	3985.15500	3986.02500	0.03
2025.11.06	20:35:00	3985.99500	3986.43500	3985.55500	3986.43500	0.03
2025.11.06	20:36:00	3986.38500	3986.59500	3984.90500	3985.03500	0.04
2025.11.06	20:37:00	3984.94500	3985.66500	3984.73500	3984.73500	0.03
2025.11.06	20:38:00	3984.76500	3984.83500	3983.78500	3983.85500	0.04
2025.11.06	20:39:00	3983.83500	3983.97500	3983.32500	3983.59800	0.06
2025.11.06	20:40:00	3983.59800	3985.34500	3983.57500	3985.33500	0.14
2025.11.06	20:41:00	3985.39500	3985.76500	3984.00500	3984.16500	0.22
2025.11.06	20:42:00	3984.22500	3984.29500	3983.27500	3983.29500	0.13
2025.11.06	20:43:00	3983.38500	3983.39500	3982.63500	3982.90500	0.19
2025.11.06	20:44:00	3982.91500	3984.05500	3982.81500	3983.64500	0.15
2025.11.06	20:45:00	3983.64500	3983.64500	3981.44500	3982.16500	0.14
2025.11.06	20:46:00	3982.18500	3982.44500	3981.44500	3981.96500	0.18
2025.11.06	20:47:00	3981.92500	3982.90500	3981.62500	3982.14500	0.15
2025.11.06	20:48:00	3982.20500	3983.35500	3982.15500	3982.77900	0.12
2025.11.06	20:49:00	3982.68500	3983.01500	3981.11800	3981.11800	0.17
2025.11.06	20:50:00	3981.28500	3982.47500	3981.09500	3981.38500	0.17
2025.11.06	20:51:00	3981.26500	3982.53500	3980.97800	3982.53500	0.15
2025.11.06	20:52:00	3982.52500	3983.32500	3981.52500	3981.84500	0.12
2025.11.06	20:53:00	3981.82500	3982.37500	3981.37800	3981.73800	0.08
2025.11.06	20:54:00	3981.76500	3982.03500	3981.42800	3981.92500	0.08
2025.11.06	20:55:00	3982.04500	3982.04500	3980.70800	3981.49500	0.07
2025.11.06	20:56:00	3981.46500	3981.46500	3980.41500	3980.62500	0.10
2025.11.06	20:57:00	3980.63500	3981.04800	3980.22500	3980.91500	0.06
2025.11.06	20:58:00	3980.80500	3980.80500	3979.09500	3979.76500	0.07
2025.11.06	20:59:00	3979.66500	3980.94500	3979.08800	3980.38800	0.07
2025.11.06	21:00:00	3980.45800	3981.93500	3979.64500	3980.67500	0.04
2025.11.06	21:01:00	3980.73800	3981.69500	3980.10800	3980.35800	0.03
2025.11.06	21:02:00	3980.36800	3980.41800	3979.54500	3979.54500	0.01
2025.11.06	21:03:00	3979.57500	3980.94500	3979.51500	3980.85500	0.03
2025.11.06	21:04:00	3980.84500	3980.97500	3979.98500	3980.44500	0.03
2025.11.06	21:05:00	3980.32500	3980.35500	3978.50500	3978.52500	0.02
2025.11.06	21:06:00	3978.53500	3978.56500	3977.65500	3978.08500	0.02
2025.11.06	21:07:00	3978.11500	3979.44500	3978.07500	3978.96500	0.01
2025.11.06	21:08:00	3978.99500	3980.65500	3978.72500	3980.31500	0.01
2025.11.06	21:09:00	3980.33500	3980.33500	3979.49500	3980.11500	0.01
2025.11.06	21:10:00	3980.08500	3980.42500	3979.81500	3980.42500	0.00
2025.11.06	21:11:00	3980.45500	3980.66500	3980.03500	3980.03500	0.00
2025.11.06	21:12:00	3980.06500	3980.28500	3979.89500	3980.10500	0.01
2025.11.06	21:13:00	3980.08500	3980.39500	3980.05500	3980.34500	0.00
2025.11.06	21:14:00	3980.39500	3981.07500	3980.15500	3981.00500	0.00
2025.11.06	21:15:00	3980.96500	3980.97500	3980.42500	3980.65500	0.01
2025.11.06	21:16:00	3980.62500	3980.62500	3979.66500	3979.70500	0.00
2025.11.06	21:17:00	3979.73500	3980.19500	3979.72500	3980.14500	0.00
2025.11.06	21:18:00	3980.16500	3980.37500	3980.03500	3980.22500	0.01
2025.11.06	21:19:00	3980.18500	3980.19500	3979.57500	3979.57500	0.00
2025.11.06	21:20:00	3979.54500	3979.62500	3978.58500	3978.61500	0.01
2025.11.06	21:21:00	3978.65500	3978.77500	3978.30500	3978.64500	0.02
2025.11.06	21:22:00	3978.65500	3978.72500	3978.34500	3978.34500	0.00
2025.11.06	21:23:00	3978.31500	3978.98500	3978.16500	3978.95500	0.01
2025.11.06	21:24:00	3978.98500	3979.66500	3978.91500	3979.31500	0.01
2025.11.06	21:25:00	3979.33500	3979.83500	3978.63500	3979.02500	0.02
2025.11.06	21:26:00	3978.89500	3980.02500	3978.82500	3980.02500	0.01
2025.11.06	21:27:00	3980.00500	3981.07500	3979.90500	3980.99500	0.01
2025.11.06	21:28:00	3980.98500	3981.39500	3980.78500	3980.81500	0.01
2025.11.06	21:29:00	3980.83500	3981.50500	3980.08500	3980.34500	0.02
2025.11.06	21:30:00	3980.34500	3980.73500	3980.10500	3980.27500	0.01
2025.11.06	21:31:00	3980.30500	3980.39500	3979.69500	3980.03500	0.01
2025.11.06	21:32:00	3979.97500	3980.19500	3978.92500	3979.16500	0.01
2025.11.06	21:33:00	3979.19500	3979.47500	3978.51500	3978.56500	0.01
2025.11.06	21:34:00	3978.52500	3979.41500	3978.28500	3978.85500	0.01
2025.11.06	21:35:00	3978.79500	3979.15500	3978.56500	3978.96500	0.01
2025.11.06	21:36:00	3978.92500	3979.47500	3978.27500	3978.96500	0.01
2025.11.06	21:37:00	3978.98500	3979.28500	3978.95500	3979.07500	0.01
2025.11.06	21:38:00	3978.95500	3979.53500	3978.93500	3979.18500	0.01
2025.11.06	21:39:00	3979.22500	3979.22500	3978.66500	3978.78500	0.01
2025.11.06	21:40:00	3978.78500	3978.96500	3978.71500	3978.90500	0.01
2025.11.06	21:41:00	3978.90500	3979.17500	3978.64500	3978.78500	0.01
2025.11.06	21:42:00	3978.80500	3978.80500	3978.46500	3978.47500	0.01
2025.11.06	21:43:00	3978.21500	3978.82500	3978.16500	3978.71500	0.01
2025.11.06	21:44:00	3978.73500	3978.82500	3978.30500	3978.67500	0.01
2025.11.06	21:45:00	3978.69500	3978.84500	3978.46500	3978.67500	0.01
2025.11.06	21:46:00	3978.62500	3978.82500	3978.47500	3978.53500	0.00
2025.11.06	21:47:00	3978.47500	3978.71500	3978.28500	3978.68500	0.01
2025.11.06	21:48:00	3978.67500	3978.69500	3977.71500	3977.71500	0.00
2025.11.06	21:49:00	3977.69500	3977.71500	3977.39500	3977.57500	0.00
2025.11.06	21:50:00	3977.61500	3977.88500	3976.54500	3977.04500	0.01
2025.11.06	21:51:00	3977.01500	3977.40500	3976.70500	3976.98500	0.01
2025.11.06	21:52:00	3977.04500	3977.20500	3976.45500	3976.80500	0.00
2025.11.06	21:53:00	3977.00500	3977.99500	3977.00500	3977.82500	0.01
2025.11.06	21:54:00	3977.88500	3978.20500	3977.03500	3977.09500	0.01
2025.11.06	21:55:00	3977.20500	3977.71500	3977.20500	3977.37500	0.00
2025.11.06	21:56:00	3977.35500	3977.81500	3976.95500	3977.00500	0.01
2025.11.06	21:57:00	3977.01500	3977.41500	3976.82500	3976.92500	0.01
2025.11.06	21:58:00	3976.89500	3977.07500	3976.77500	3976.85500	0.01
2025.11.06	21:59:00	3976.78500	3977.10500	3976.52500	3976.52500	0.01
2025.11.06	23:00:00	3976.19500	3976.19500	3973.75500	3974.40500	0.01
2025.11.06	23:01:00	3974.65500	3975.72500	3973.65500	3975.47500	0.04
2025.11.06	23:02:00	3975.59500	3977.26500	3975.28500	3977.10500	0.01
2025.11.06	23:03:00	3977.38500	3978.74800	3977.07500	3978.64800	0.01
2025.11.06	23:04:00	3978.74800	3979.69800	3976.95800	3978.19800	0.01
2025.11.06	23:05:00	3978.15500	3978.77500	3977.47500	3977.89800	0.01
2025.11.06	23:06:00	3977.99800	3978.39800	3977.72500	3978.09800	0.00
2025.11.06	23:07:00	3978.19800	3978.73500	3977.29800	3978.73500	0.01
2025.11.06	23:08:00	3978.78500	3979.83500	3978.60500	3979.39800	0.02
2025.11.06	23:09:00	3979.39800	3980.86500	3979.39800	3980.86500	0.02
2025.11.06	23:10:00	3980.70500	3982.22500	3980.59800	3982.16500	0.02
2025.11.06	23:11:00	3982.27500	3982.29500	3981.95500	3982.19500	0.01
2025.11.06	23:12:00	3982.19500	3982.96500	3981.57500	3981.78500	0.01
2025.11.06	23:13:00	3981.75500	3982.06500	3981.06500	3981.97500	0.01
2025.11.06	23:14:00	3981.90500	3981.90500	3980.69500	3981.01500	0.01
2025.11.06	23:15:00	3980.92500	3981.47500	3980.78500	3981.08500	0.01
2025.11.06	23:16:00	3981.03500	3981.80500	3980.48500	3981.70500	0.01
2025.11.06	23:17:00	3981.62500	3983.00500	3981.62500	3982.72500	0.00
2025.11.06	23:18:00	3982.64500	3983.12500	3982.53500	3983.12500	0.01
2025.11.06	23:19:00	3983.15500	3983.86500	3983.15500	3983.79500	0.01
2025.11.06	23:20:00	3983.84500	3983.92500	3983.56500	3983.78500	0.01
2025.11.06	23:21:00	3983.81500	3984.38500	3983.59500	3984.26500	0.01
2025.11.06	23:22:00	3984.24500	3984.50500	3983.42500	3983.67500	0.01
2025.11.06	23:23:00	3983.70500	3984.26500	3983.70500	3984.26500	0.00
2025.11.06	23:24:00	3984.24500	3984.73500	3984.21500	3984.64500	0.00
2025.11.06	23:25:00	3984.62500	3984.70500	3984.01500	3984.36500	0.01
2025.11.06	23:26:00	3984.38500	3984.93500	3984.18500	3984.78500	0.01
2025.11.06	23:27:00	3984.74500	3984.74500	3982.89500	3982.89500	0.01
2025.11.06	23:28:00	3982.88500	3983.21500	3982.49500	3982.94500	0.01
2025.11.06	23:29:00	3982.96500	3983.75500	3982.87500	3983.23500	0.00
2025.11.06	23:30:00	3983.25500	3983.56500	3981.94500	3982.41500	0.01
2025.11.06	23:31:00	3982.39500	3982.59800	3981.61500	3982.59800	0.01
2025.11.06	23:32:00	3982.87500	3983.19500	3982.39500	3982.44500	0.01
2025.11.06	23:33:00	3982.78500	3983.08500	3982.50500	3982.95500	0.01
2025.11.06	23:34:00	3982.92500	3983.85500	3982.68500	3983.46500	0.01
2025.11.06	23:35:00	3983.49500	3985.05500	3983.49500	3984.65500	0.01
2025.11.06	23:36:00	3984.62500	3985.30500	3984.39500	3985.30500	0.01
2025.11.06	23:37:00	3985.27500	3985.66500	3984.65500	3985.66500	0.01
2025.11.06	23:38:00	3985.65500	3985.87500	3985.15500	3985.72500	0.01
2025.11.06	23:39:00	3985.72500	3987.21500	3985.11500	3985.96500	0.01
2025.11.06	23:40:00	3985.94500	3987.55500	3985.70500	3987.51500	0.02
2025.11.06	23:41:00	3987.54500	3987.54500	3986.02500	3986.46500	0.01
2025.11.06	23:42:00	3986.44500	3986.48500	3985.35500	3985.35500	0.01
2025.11.06	23:43:00	3985.72500	3986.17500	3985.72500	3986.01500	0.01
2025.11.06	23:44:00	3986.09500	3986.11500	3985.42500	3985.73500	0.00
2025.11.06	23:45:00	3985.75500	3986.58500	3985.75500	3986.58500	0.01
2025.11.06	23:46:00	3986.61500	3986.85500	3986.37500	3986.72500	0.01
2025.11.06	23:47:00	3986.74500	3987.55500	3986.65500	3987.41500	0.01
2025.11.06	23:48:00	3987.44500	3987.44500	3986.98500	3987.00500	0.00
2025.11.06	23:49:00	3987.01500	3988.16500	3987.01500	3988.09500	0.01
2025.11.06	23:50:00	3988.10500	3989.02500	3988.08500	3988.56500	0.01
2025.11.06	23:51:00	3988.54500	3988.82500	3987.91500	3988.82500	0.01
2025.11.06	23:52:00	3988.86500	3989.51500	3988.86500	3989.21500	0.01
2025.11.06	23:53:00	3989.24500	3989.30500	3988.52500	3989.17500	0.01
2025.11.06	23:54:00	3989.05500	3989.35500	3988.87500	3989.21500	0.01
2025.11.06	23:55:00	3989.22500	3989.22500	3988.05500	3988.08500	0.01
2025.11.06	23:56:00	3988.36500	3989.05500	3988.36500	3988.81500	0.01
2025.11.06	23:57:00	3988.83500	3989.01500	3988.60500	3988.60500	0.01
2025.11.06	23:58:00	3988.63500	3989.00500	3988.56500	3988.97500	0.00
2025.11.06	23:59:00	3988.97500	3989.15500	3988.57500	3988.87500	0.00
2025.11.07	00:00:00	3988.90500	3989.42500	3987.02500	3987.17500	0.02
2025.11.07	00:01:00	3987.21500	3988.41500	3987.21500	3988.02500	0.01
2025.11.07	00:02:00	3987.95500	3988.06500	3987.36500	3987.93500	0.01
2025.11.07	00:03:00	3987.93500	3987.93500	3987.49500	3987.52500	0.01
2025.11.07	00:04:00	3987.57500	3987.57500	3986.11500	3986.98500	0.01
2025.11.07	00:05:00	3986.98500	3987.38500	3986.31500	3987.09500	0.01
2025.11.07	00:06:00	3987.07500	3989.46500	3986.84500	3988.75500	0.01
2025.11.07	00:07:00	3988.77500	3988.77500	3986.65500	3986.65500	0.01
2025.11.07	00:08:00	3986.62500	3987.35500	3986.24500	3986.80500	0.01
2025.11.07	00:09:00	3986.86500	3986.90500	3985.54500	3985.66500	0.01
2025.11.07	00:10:00	3985.70500	3986.49500	3985.38500	3985.40500	0.01
2025.11.07	00:11:00	3985.43500	3986.77500	3985.43500	3986.66500	0.01
2025.11.07	00:12:00	3986.64500	3986.64500	3984.29500	3984.43500	0.01
2025.11.07	00:13:00	3984.46500	3985.45500	3984.29500	3985.45500	0.01
2025.11.07	00:14:00	3985.47500	3987.14500	3985.09500	3986.94500	0.01
2025.11.07	00:15:00	3986.92500	3987.79500	3986.35500	3987.79500	0.01
2025.11.07	00:16:00	3987.82500	3988.05500	3987.11500	3987.54500	0.01
2025.11.07	00:17:00	3987.51500	3988.14500	3987.05500	3987.69500	0.01
2025.11.07	00:18:00	3987.71500	3990.44500	3987.71500	3990.05500	0.01
2025.11.07	00:19:00	3989.96500	3990.91500	3989.48500	3990.59500	0.02
2025.11.07	00:20:00	3990.57500	3991.97500	3990.10500	3991.91500	0.02
2025.11.07	00:21:00	3991.94500	3992.47500	3991.47500	3991.86500	0.02
2025.11.07	00:22:00	3991.86500	3991.92500	3991.02500	3991.10500	0.01
2025.11.07	00:23:00	3991.12500	3992.06500	3990.83500	3991.96500	0.01
2025.11.07	00:24:00	3991.91500	3992.08500	3991.14500	3991.22500	0.01
2025.11.07	00:25:00	3991.19500	3991.19500	3990.43500	3990.90500	0.01
2025.11.07	00:26:00	3990.68500	3991.12500	3990.58500	3990.72500	0.01
2025.11.07	00:27:00	3990.75500	3991.17500	3990.43500	3990.73500	0.01
2025.11.07	00:28:00	3990.70500	3991.04800	3990.54800	3990.84800	0.01
2025.11.07	00:29:00	3990.94800	3991.34800	3990.84800	3991.24800	0.01
2025.11.07	00:30:00	3991.24800	3993.07500	3991.21500	3992.49500	0.01
2025.11.07	00:31:00	3992.52500	3994.32500	3992.47500	3993.42500	0.01
2025.11.07	00:32:00	3993.46500	3993.62500	3992.80500	3993.15500	0.01
2025.11.07	00:33:00	3993.13500	3993.55500	3992.36500	3992.40500	0.02
2025.11.07	00:34:00	3992.37500	3992.52500	3991.75500	3992.26500	0.01
2025.11.07	00:35:00	3992.29500	3992.29500	3990.47500	3990.80500	0.02
2025.11.07	00:36:00	3990.70500	3991.08500	3990.53500	3990.85500	0.02
2025.11.07	00:37:00	3991.02500	3992.04500	3990.48500	3990.50500	0.01
2025.11.07	00:38:00	3990.55500	3991.24800	3989.82500	3990.10500	0.02
2025.11.07	00:39:00	3990.08500	3990.46500	3989.67500	3990.00500	0.01
2025.11.07	00:40:00	3989.98500	3990.55500	3989.22500	3989.29500	0.02
2025.11.07	00:41:00	3989.32500	3989.63500	3989.21500	3989.51500	0.01
2025.11.07	00:42:00	3989.48500	3989.88500	3989.48500	3989.88500	0.01
2025.11.07	00:43:00	3989.97500	3990.91500	3989.45500	3990.86500	0.02
2025.11.07	00:44:00	3990.84500	3991.10500	3990.14500	3991.10500	0.01
2025.11.07	00:45:00	3991.12500	3991.18500	3990.29500	3990.82500	0.01
2025.11.07	00:46:00	3990.85500	3991.05500	3990.27500	3990.49500	0.01
2025.11.07	00:47:00	3990.46500	3990.68500	3990.16500	3990.50500	0.01
2025.11.07	00:48:00	3990.55500	3990.65500	3990.26500	3990.27500	0.00
2025.11.07	00:49:00	3990.28500	3990.28500	3989.46500	3989.95500	0.01
2025.11.07	00:50:00	3989.98500	3990.49500	3989.88500	3990.28500	0.01
2025.11.07	00:51:00	3990.31500	3990.57500	3990.16500	3990.39500	0.01
2025.11.07	00:52:00	3990.33500	3990.64500	3990.08500	3990.64500	0.01
2025.11.07	00:53:00	3990.58500	3990.74500	3989.70500	3989.74500	0.01
2025.11.07	00:54:00	3989.69800	3989.73500	3988.16500	3988.37500	0.03
2025.11.07	00:55:00	3988.34500	3988.39500	3987.59800	3988.35500	0.02
2025.11.07	00:56:00	3988.37500	3989.31500	3988.19800	3988.29800	0.02
2025.11.07	00:57:00	3988.29800	3988.71500	3987.89800	3988.71500	0.01
2025.11.07	00:58:00	3988.68500	3989.29500	3988.01500	3988.68500	0.02
2025.11.07	00:59:00	3988.65500	3988.77500	3987.97500	3988.30500	0.02
2025.11.07	01:00:00	3988.28500	3989.12500	3986.96500	3989.07500	0.04
2025.11.07	01:01:00	3989.09500	3991.64500	3988.79500	3989.98500	0.04
2025.11.07	01:02:00	3990.00500	3992.33500	3990.00500	3991.09500	0.03
2025.11.07	01:03:00	3991.10500	3992.89500	3990.87500	3991.84500	0.03
2025.11.07	01:04:00	3991.82500	3993.29800	3991.46500	3993.29800	0.03
2025.11.07	01:05:00	3993.27500	3995.09800	3992.49800	3994.79800	0.03
2025.11.07	01:06:00	3994.73500	3995.19800	3993.84800	3994.04800	0.03
2025.11.07	01:07:00	3994.14800	3995.19800	3993.44500	3994.99800	0.04
2025.11.07	01:08:00	3994.99800	3996.19800	3994.12500	3994.60500	0.03
2025.11.07	01:09:00	3994.57500	3996.11500	3994.48500	3996.02500	0.02
2025.11.07	01:10:00	3995.98500	3999.45500	3995.95500	3999.07500	0.05
2025.11.07	01:11:00	3999.02500	3999.40500	3997.56500	3998.50500	0.04
2025.11.07	01:12:00	3998.29800	3998.79500	3997.62500	3997.67800	0.04
2025.11.07	01:13:00	3997.68500	3998.55800	3997.57800	3998.34800	0.02
2025.11.07	01:14:00	3998.35500	3999.54800	3997.94800	3998.54800	0.03
2025.11.07	01:15:00	3998.88500	3999.56500	3997.99800	3999.23500	0.03
2025.11.07	01:16:00	3999.20500	3999.79500	3998.74800	3999.17800	0.03
2025.11.07	01:17:00	3999.18500	4000.26500	3999.09500	4000.06500	0.03
2025.11.07	01:18:00	4000.09500	4001.24800	3999.84500	4000.55500	0.03
2025.11.07	01:19:00	4000.58500	4000.99500	3999.20500	3999.31500	0.02
2025.11.07	01:20:00	3999.26500	3999.50500	3998.54500	3999.09500	0.02
2025.11.07	01:21:00	3999.14500	3999.71500	3998.42500	3998.99800	0.03
2025.11.07	01:22:00	3998.91500	4000.91500	3998.89800	4000.70500	0.03
2025.11.07	01:23:00	4000.72500	4000.89500	3999.63500	3999.91500	0.02
2025.11.07	01:24:00	3999.95500	3999.95500	3998.75500	3999.06500	0.01
2025.11.07	01:25:00	3999.02500	3999.42500	3998.51500	3999.26500	0.02
2025.11.07	01:26:00	3999.29500	3999.29500	3998.09500	3998.25500	0.02
2025.11.07	01:27:00	3998.24800	3999.18500	3998.23500	3998.35500	0.01
2025.11.07	01:28:00	3998.39500	3998.43500	3997.18500	3998.02500	0.01
2025.11.07	01:29:00	3997.99500	3997.99500	3996.62500	3997.18500	0.02
2025.11.07	01:30:00	3997.20500	3998.28500	3997.11500	3997.90500	0.02
2025.11.07	01:31:00	3997.87500	3997.91500	3997.23500	3997.44500	0.01
2025.11.07	01:32:00	3997.47500	3997.91500	3996.73500	3997.69500	0.01
2025.11.07	01:33:00	3997.71500	3997.71500	3996.07500	3996.07500	0.02
2025.11.07	01:34:00	3996.05500	3996.06500	3994.75500	3995.82500	0.03
2025.11.07	01:35:00	3995.80500	3996.11500	3994.57500	3995.95500	0.03
2025.11.07	01:36:00	3995.98500	3997.34500	3995.94500	3996.34500	0.03
2025.11.07	01:37:00	3996.31500	3997.45500	3995.51500	3997.40500	0.02
2025.11.07	01:38:00	3997.37500	3997.55500	3996.95500	3997.47500	0.02
2025.11.07	01:39:00	3997.49500	3997.49500	3996.76500	3997.34500	0.02
2025.11.07	01:40:00	3997.38500	3999.56500	3997.25500	3999.45500	0.03
2025.11.07	01:41:00	3999.49500	4000.63500	3999.30500	4000.36500	0.02
2025.11.07	01:42:00	4000.33500	4000.82500	4000.19500	4000.52500	0.02
2025.11.07	01:43:00	4000.55500	4002.22500	4000.55500	4002.09800	0.04
2025.11.07	01:44:00	4002.19800	4002.19800	4001.25500	4001.70500	0.03
2025.11.07	01:45:00	4001.74800	4002.17500	4001.70500	4001.88500	0.02
2025.11.07	01:46:00	4001.96500	4002.44800	4001.55500	4001.83500	0.01
2025.11.07	01:47:00	4001.86500	4002.01500	4000.42500	4000.42500	0.02
2025.11.07	01:48:00	4000.51500	4000.75500	3999.74800	4000.34500	0.03
2025.11.07	01:49:00	4000.41500	4000.92500	3999.78500	3999.91500	0.03
2025.11.07	01:50:00	3999.97500	4001.46500	3998.97500	4000.97500	0.02
2025.11.07	01:51:00	4001.20500	4001.35500	4000.81500	4001.00500	0.01
2025.11.07	01:52:00	4001.03500	4001.31500	4000.63500	4001.06500	0.01
2025.11.07	01:53:00	4001.04500	4001.67500	4000.94500	4001.25500	0.01
2025.11.07	01:54:00	4001.28500	4002.50500	4001.04500	4002.34500	0.01
2025.11.07	01:55:00	4001.91500	4002.30500	4001.25500	4001.75500	0.01
2025.11.07	01:56:00	4001.72500	4002.15500	4001.42500	4001.46500	0.01
2025.11.07	01:57:00	4001.53500	4001.86500	4001.49500	4001.72500	0.01
2025.11.07	01:58:00	4001.75500	4002.18500	4001.60500	4001.63500	0.01
2025.11.07	01:59:00	4001.66500	4002.08500	4001.32500	4001.46500	0.01
2025.11.07	02:00:00	4001.47500	4002.03500	4001.27500	4001.50500	0.02
2025.11.07	02:01:00	4001.56500	4002.60500	4001.55500	4002.54500	0.01
2025.11.07	02:02:00	4002.52500	4003.11500	4002.31500	4002.90500	0.02
2025.11.07	02:03:00	4002.92500	4003.05500	4001.56500	4002.02500	0.02
2025.11.07	02:04:00	4002.05500	4002.14500	4001.34500	4001.42500	0.01
2025.11.07	02:05:00	4001.39500	4001.50500	4000.47500	4000.54500	0.01
2025.11.07	02:06:00	4000.50500	4001.62500	4000.48500	4000.76500	0.01
2025.11.07	02:07:00	4000.79500	4001.03500	3999.09500	3999.18500	0.02
2025.11.07	02:08:00	3999.15500	4000.80500	3998.62500	4000.67500	0.04
2025.11.07	02:09:00	4000.64500	4001.52500	4000.55500	4001.51500	0.03
2025.11.07	02:10:00	4001.51500	4002.06500	4000.88500	4001.15500	0.03
2025.11.07	02:11:00	4001.15500	4001.51500	3999.53500	3999.90500	0.03
2025.11.07	02:12:00	3999.88500	4000.08500	3999.34800	3999.39500	0.01
2025.11.07	02:13:00	3999.37800	3999.37800	3998.52500	3999.14500	0.02
2025.11.07	02:14:00	3999.14800	3999.14800	3997.56500	3997.63500	0.04
2025.11.07	02:15:00	3997.67800	3997.67800	3996.29500	3997.40500	0.02
2025.11.07	02:16:00	3997.33500	3997.33500	3995.53500	3995.74500	0.02
2025.11.07	02:17:00	3995.83800	3996.87500	3995.81500	3996.34500	0.04
2025.11.07	02:18:00	3996.35500	3997.10500	3995.61500	3995.68500	0.03
2025.11.07	02:19:00	3995.65500	3995.82500	3995.13500	3995.67500	0.01
2025.11.07	02:20:00	3995.64500	3995.64500	3995.14500	3995.27500	0.01
2025.11.07	02:21:00	3995.30500	3995.57500	3995.06500	3995.13800	0.01
2025.11.07	02:22:00	3995.11500	3995.91500	3993.79500	3995.40500	0.05
2025.11.07	02:23:00	3995.42500	3996.84500	3995.28500	3996.84500	0.02
2025.11.07	02:24:00	3996.87500	3997.49500	3995.78500	3996.14500	0.04
2025.11.07	02:25:00	3996.11500	3996.71500	3995.02500	3996.60500	0.03
2025.11.07	02:26:00	3996.57500	3997.73500	3996.57500	3997.48500	0.02
2025.11.07	02:27:00	3997.43500	3997.62500	3996.52500	3997.43500	0.02
2025.11.07	02:28:00	3997.41500	3997.41500	3996.23500	3996.50500	0.02
2025.11.07	02:29:00	3996.47500	3996.59500	3995.26500	3995.29500	0.01
2025.11.07	02:30:00	3995.25500	3996.11500	3993.35500	3993.48500	0.03
2025.11.07	02:31:00	3993.43500	3993.92500	3991.81500	3992.30500	0.03
2025.11.07	02:32:00	3992.33500	3994.91500	3991.26500	3994.91500	0.03
2025.11.07	02:33:00	3994.87500	3994.89500	3993.30500	3994.39500	0.02
2025.11.07	02:34:00	3994.43500	3995.31500	3993.21500	3993.24500	0.02
2025.11.07	02:35:00	3993.26500	3993.85500	3992.87500	3993.63500	0.01
2025.11.07	02:36:00	3993.60500	3996.01500	3993.28500	3995.98500	0.01
2025.11.07	02:37:00	3995.93500	3996.58500	3995.85500	3996.57500	0.02
2025.11.07	02:38:00	3996.60500	3998.64500	3996.58500	3997.97500	0.03
2025.11.07	02:39:00	3998.07500	3998.44500	3997.09500	3998.12500	0.01
2025.11.07	02:40:00	3998.09500	3998.39500	3996.46500	3996.58500	0.01
2025.11.07	02:41:00	3996.53500	3996.75500	3995.14500	3995.18500	0.01
2025.11.07	02:42:00	3995.16500	3995.21500	3994.34500	3994.62500	0.01
2025.11.07	02:43:00	3994.63500	3994.63500	3993.26500	3993.80500	0.01
2025.11.07	02:44:00	3993.84500	3994.57500	3992.15500	3992.66500	0.02
2025.11.07	02:45:00	3992.68500	3994.93500	3992.66500	3994.82500	0.02
2025.11.07	02:46:00	3994.80500	3994.80500	3993.84500	3993.98500	0.02
2025.11.07	02:47:00	3993.94500	3995.10500	3993.69500	3993.83500	0.01
2025.11.07	02:48:00	3993.81500	3994.49500	3992.85500	3993.24500	0.02
2025.11.07	02:49:00	3993.27500	3994.57500	3992.72500	3994.33500	0.02
2025.11.07	02:50:00	3994.30500	3995.14500	3994.00500	3994.53500	0.02
2025.11.07	02:51:00	3994.57500	3996.10500	3994.57500	3996.10500	0.02
2025.11.07	02:52:00	3996.10500	3996.26500	3995.36500	3995.70500	0.02
2025.11.07	02:53:00	3995.73500	3996.56500	3995.73500	3996.29500	0.02
2025.11.07	02:54:00	3996.32500	3997.41500	3996.09500	3997.07500	0.02
2025.11.07	02:55:00	3997.09500	3997.27500	3996.47500	3997.05500	0.01
2025.11.07	02:56:00	3997.07500	3997.39500	3996.45500	3996.45500	0.02
2025.11.07	02:57:00	3996.47500	3996.99500	3995.20500	3995.66500	0.02
2025.11.07	02:58:00	3995.69500	3996.39500	3995.15500	3995.31500	0.02
2025.11.07	02:59:00	3995.29500	3995.29500	3994.61500	3995.16500	0.01
2025.11.07	03:00:00	3995.11500	3996.01500	3994.33500	3995.90500	0.01
2025.11.07	03:01:00	3995.87500	3996.37500	3995.19500	3995.19500	0.02
2025.11.07	03:02:00	3995.16500	3995.72500	3994.67500	3994.83500	0.01
2025.11.07	03:03:00	3995.22500	3995.38500	3993.21500	3993.24500	0.02
2025.11.07	03:04:00	3993.36500	3993.36500	3990.93500	3991.48500	0.02
2025.11.07	03:05:00	3991.46500	3992.88500	3991.46500	3992.52500	0.02
2025.11.07	03:06:00	3992.50500	3992.50500	3990.97500	3990.99500	0.02
2025.11.07	03:07:00	3991.02500	3991.64500	3990.64500	3991.36500	0.01
2025.11.07	03:08:00	3991.32500	3991.32500	3989.72500	3989.78500	0.02
2025.11.07	03:09:00	3989.80500	3990.09500	3988.79800	3988.99500	0.02
2025.11.07	03:10:00	3989.01500	3989.59500	3988.03500	3988.14500	0.02
2025.11.07	03:11:00	3988.12500	3989.45500	3988.11500	3989.42500	0.02
2025.11.07	03:12:00	3989.39500	3989.57500	3987.92500	3988.11500	0.02
2025.11.07	03:13:00	3988.13500	3989.61500	3988.10500	3989.05500	0.02
2025.11.07	03:14:00	3989.03500	3990.95500	3988.82500	3990.77500	0.02
2025.11.07	03:15:00	3990.84500	3991.97500	3990.74500	3991.87500	0.02
2025.11.07	03:16:00	3991.92500	3992.30500	3991.62500	3991.94500	0.01
2025.11.07	03:17:00	3991.91500	3992.23500	3990.81500	3990.97500	0.02
2025.11.07	03:18:00	3990.93500	3991.36500	3990.00500	3990.23500	0.02
2025.11.07	03:19:00	3990.26500	3990.60500	3989.72500	3989.81500	0.02
2025.11.07	03:20:00	3989.85500	3989.92500	3988.43500	3988.79500	0.02
2025.11.07	03:21:00	3988.77500	3989.53500	3988.77500	3989.42500	0.01
2025.11.07	03:22:00	3989.39500	3990.60500	3988.81500	3990.60500	0.02
2025.11.07	03:23:00	3990.58500	3991.53500	3990.46500	3991.23500	0.02
2025.11.07	03:24:00	3991.21500	3991.72500	3991.08500	3991.38500	0.01
2025.11.07	03:25:00	3991.63500	3991.66500	3990.90500	3991.35500	0.01
2025.11.07	03:26:00	3991.31500	3992.01500	3991.13500	3992.01500	0.01
2025.11.07	03:27:00	3991.99500	3993.05500	3991.76500	3992.95500	0.02
2025.11.07	03:28:00	3992.89500	3993.21500	3992.08500	3992.23500	0.01
2025.11.07	03:29:00	3992.21500	3992.77500	3992.05500	3992.38500	0.01
2025.11.07	03:30:00	3992.36500	3992.50500	3991.66500	3992.50500	0.01
2025.11.07	03:31:00	3992.53500	3992.56500	3992.11500	3992.35500	0.01
2025.11.07	03:32:00	3992.33500	3992.74500	3992.04500	3992.14500	0.01
2025.11.07	03:33:00	3992.18500	3992.50500	3991.68500	3991.71500	0.01
2025.11.07	03:34:00	3991.68500	3992.26500	3991.17500	3991.76500	0.02
2025.11.07	03:35:00	3991.68500	3991.96500	3990.90500	3990.98500	0.01
2025.11.07	03:36:00	3990.93500	3992.52500	3990.90500	3992.42500	0.01
2025.11.07	03:37:00	3992.40500	3993.92500	3992.30500	3993.80500	0.01
2025.11.07	03:38:00	3993.82500	3994.20500	3992.81500	3992.84500	0.01
2025.11.07	03:39:00	3992.81500	3992.81500	3992.19500	3992.52500	0.01
2025.11.07	03:40:00	3992.49500	3993.56500	3992.49500	3993.46500	0.01
2025.11.07	03:41:00	3993.48500	3994.25500	3993.48500	3993.87500	0.01
2025.11.07	03:42:00	3993.85500	3994.52500	3993.68500	3994.45500	0.01
2025.11.07	03:43:00	3994.41500	3994.44500	3993.84500	3994.41500	0.01
2025.11.07	03:44:00	3994.83500	3995.11500	3994.22500	3994.49500	0.02
2025.11.07	03:45:00	3994.47500	3994.60500	3993.33500	3993.80500	0.02
2025.11.07	03:46:00	3993.74500	3994.05500	3993.31500	3993.34500	0.02
2025.11.07	03:47:00	3993.67500	3994.23500	3993.49800	3993.83500	0.01
2025.11.07	03:48:00	3993.81500	3993.83500	3993.69800	3993.71500	0.01
2025.11.07	03:49:00	3993.69500	3994.45500	3993.49800	3994.20500	0.01
2025.11.07	03:50:00	3994.22500	3994.35500	3993.04500	3993.46500	0.02
2025.11.07	03:51:00	3993.49500	3993.65500	3991.88500	3991.89500	0.02
2025.11.07	03:52:00	3991.91500	3992.24500	3990.91500	3990.93500	0.02
2025.11.07	03:53:00	3990.96500	3991.43500	3990.76500	3991.21500	0.01
2025.11.07	03:54:00	3991.18500	3991.43500	3989.59800	3990.06500	0.02
2025.11.07	03:55:00	3990.03500	3990.96500	3989.59800	3990.95500	0.01
2025.11.07	03:56:00	3990.92500	3991.35500	3989.42500	3989.43500	0.01
2025.11.07	03:57:00	3989.45500	3990.41500	3989.40500	3990.38500	0.01
2025.11.07	03:58:00	3990.39500	3990.83500	3990.08500	3990.25500	0.01
2025.11.07	03:59:00	3990.23500	3990.34500	3989.87500	3990.15500	0.01
2025.11.07	04:00:00	3990.12500	3990.68500	3989.39500	3989.69500	0.02
2025.11.07	04:01:00	3989.66500	3989.66500	3988.22500	3988.41500	0.01
2025.11.07	04:02:00	3988.46500	3988.53500	3986.76500	3986.77500	0.02
2025.11.07	04:03:00	3986.75500	3987.20500	3985.89500	3985.96500	0.02
2025.11.07	04:04:00	3985.78500	3990.20500	3985.27500	3990.17500	0.03
2025.11.07	04:05:00	3990.12500	3991.51500	3989.58500	3991.26500	0.02
2025.11.07	04:06:00	3991.23500	3991.55500	3990.78500	3991.14500	0.01
2025.11.07	04:07:00	3991.12500	3992.21500	3990.90500	3991.69500	0.01
2025.11.07	04:08:00	3991.67500	3991.67500	3990.13500	3991.07500	0.01
2025.11.07	04:09:00	3991.05500	3991.93500	3990.27500	3991.71500	0.02
2025.11.07	04:10:00	3991.71500	3992.52500	3991.68500	3992.04500	0.01
2025.11.07	04:11:00	3992.04500	3992.38500	3991.62800	3992.29500	0.01
2025.11.07	04:12:00	3992.45500	3992.79500	3992.18500	3992.77500	0.01
2025.11.07	04:13:00	3992.79500	3992.93500	3992.11500	3992.27500	0.01
2025.11.07	04:14:00	3992.25500	3992.25500	3990.99500	3990.99500	0.01
2025.11.07	04:15:00	3990.96500	3991.37500	3990.39500	3991.17500	0.01
2025.11.07	04:16:00	3991.20500	3991.84500	3991.07500	3991.77500	0.01
2025.11.07	04:17:00	3991.76500	3992.36500	3991.50500	3992.15500	0.01
2025.11.07	04:18:00	3992.56500	3994.09500	3992.48500	3994.09500	0.01
2025.11.07	04:19:00	3994.11500	3994.81500	3993.88500	3994.64500	0.01
2025.11.07	04:20:00	3994.63500	3996.37500	3994.60500	3996.37500	0.02
2025.11.07	04:21:00	3996.41500	3997.10500	3996.12500	3997.02500	0.02
2025.11.07	04:22:00	3997.05500	3997.70500	3996.55500	3996.79500	0.02
2025.11.07	04:23:00	3996.83500	3996.98500	3995.61500	3995.63500	0.02
2025.11.07	04:24:00	3995.66500	3996.52500	3995.66500	3996.08500	0.01
2025.11.07	04:25:00	3996.05500	3996.18500	3994.60800	3995.16500	0.02
2025.11.07	04:26:00	3995.14800	3996.08500	3994.64800	3994.64800	0.03
2025.11.07	04:27:00	3994.74800	3994.84800	3994.60800	3994.60800	0.01
2025.11.07	04:28:00	3994.60800	3995.68500	3994.60800	3995.52500	0.01
2025.11.07	04:29:00	3995.50500	3996.12500	3995.50500	3996.12500	0.01
2025.11.07	04:30:00	3996.15500	3997.04500	3995.49800	3996.01500	0.01
2025.11.07	04:31:00	3996.07500	3996.91500	3994.82500	3994.95500	0.02
2025.11.07	04:32:00	3994.97500	3995.18500	3994.41500	3994.67500	0.01
2025.11.07	04:33:00	3994.72500	3994.83500	3994.15500	3994.27500	0.01
2025.11.07	04:34:00	3994.22500	3994.34500	3993.67500	3994.09500	0.01
2025.11.07	04:35:00	3994.13500	3994.19500	3993.34500	3994.08500	0.01
2025.11.07	04:36:00	3994.10500	3994.66500	3993.48500	3993.48500	0.01
2025.11.07	04:37:00	3993.50500	3993.96500	3993.47500	3993.81500	0.01
2025.11.07	04:38:00	3993.91500	3994.75500	3993.74500	3994.75500	0.01
2025.11.07	04:39:00	3994.88500	3995.36500	3994.52500	3995.26500	0.01
2025.11.07	04:40:00	3995.22500	3995.94500	3995.06500	3995.88500	0.01
2025.11.07	04:41:00	3995.90500	3996.67500	3995.79500	3995.85500	0.02
2025.11.07	04:42:00	3995.87500	3996.26500	3995.80500	3995.82500	0.01
2025.11.07	04:43:00	3995.88500	3995.94500	3995.14500	3995.22500	0.01
2025.11.07	04:44:00	3995.20500	3995.48500	3995.08500	3995.21500	0.01
2025.11.07	04:45:00	3995.19500	3995.43500	3994.80500	3995.43500	0.01
2025.11.07	04:46:00	3995.39500	3996.04500	3995.33500	3995.98500	0.01
2025.11.07	04:47:00	3995.94500	3996.32500	3995.87500	3996.19500	0.01
2025.11.07	04:48:00	3996.22500	3996.80500	3995.95500	3996.35500	0.01
2025.11.07	04:49:00	3996.38500	3996.44500	3996.02500	3996.23500	0.01
2025.11.07	04:50:00	3996.26500	3998.15500	3996.26500	3997.38500	0.02
2025.11.07	04:51:00	3997.27500	3998.04500	3997.23500	3997.77500	0.02
2025.11.07	04:52:00	3997.75500	3997.85500	3996.79500	3996.82500	0.01
2025.11.07	04:53:00	3996.86500	3997.59500	3996.83500	3997.59500	0.01
2025.11.07	04:54:00	3997.54500	3997.94500	3997.08500	3997.86500	0.01
2025.11.07	04:55:00	3997.90500	3998.03500	3997.45500	3997.69500	0.01
2025.11.07	04:56:00	3997.74500	3997.81500	3997.07500	3997.08500	0.01
2025.11.07	04:57:00	3997.04500	3997.49500	3997.04500	3997.49500	0.00
2025.11.07	04:58:00	3997.48500	3998.06500	3997.46500	3997.91500	0.01
2025.11.07	04:59:00	3997.88500	3998.30500	3997.85500	3998.08500	0.00
2025.11.07	05:00:00	3998.12500	3998.31500	3997.09500	3997.10500	0.01
2025.11.07	05:01:00	3997.08500	3997.80500	3996.92500	3997.63500	0.01
2025.11.07	05:02:00	3997.65500	3998.05500	3996.83500	3997.06500	0.01
2025.11.07	05:03:00	3997.09500	3998.46500	3996.83500	3996.94500	0.02
2025.11.07	05:04:00	3997.02500	3998.16500	3996.96500	3997.68500	0.01
2025.11.07	05:05:00	3997.66500	3998.14500	3996.86500	3996.94500	0.02
2025.11.07	05:06:00	3996.97500	3997.39500	3996.13500	3997.02500	0.01
2025.11.07	05:07:00	3997.04500	3997.95500	3997.04500	3997.55500	0.01
2025.11.07	05:08:00	3997.53500	3998.04500	3997.41500	3997.82500	0.01
2025.11.07	05:09:00	3997.87500	3998.63500	3997.63500	3998.20500	0.01
2025.11.07	05:10:00	3998.17500	3998.50500	3997.33500	3997.48500	0.01
2025.11.07	05:11:00	3997.46500	3998.68500	3997.46500	3998.40500	0.01
2025.11.07	05:12:00	3998.43500	3998.68500	3998.23500	3998.32500	0.01
2025.11.07	05:13:00	3998.35500	3998.47500	3997.97500	3998.00500	0.01
2025.11.07	05:14:00	3997.99500	3998.40500	3997.46500	3997.48500	0.01
2025.11.07	05:15:00	3997.45500	3997.45500	3995.84800	3996.30500	0.01
2025.11.07	05:16:00	3996.32500	3996.37500	3995.44500	3995.53500	0.02
2025.11.07	05:17:00	3995.54500	3996.42500	3994.96500	3995.94500	0.01
2025.11.07	05:18:00	3995.85500	3996.21500	3995.70500	3996.12500	0.01
2025.11.07	05:19:00	3996.10500	3997.27500	3996.10500	3996.94500	0.01
2025.11.07	05:20:00	3996.89500	3997.58500	3996.89500	3997.09500	0.02
2025.11.07	05:21:00	3997.06500	3997.20500	3995.54500	3995.54500	0.01
2025.11.07	05:22:00	3995.56500	3995.78500	3994.01800	3994.01800	0.01
2025.11.07	05:23:00	3994.01800	3994.34500	3993.05500	3993.13500	0.01
2025.11.07	05:24:00	3993.15500	3993.79500	3992.07500	3992.21500	0.02
2025.11.07	05:25:00	3992.21500	3993.88500	3991.76500	3993.65500	0.02
2025.11.07	05:26:00	3993.64500	3994.18500	3993.64500	3993.96500	0.01
2025.11.07	05:27:00	3993.99500	3994.66500	3993.82500	3994.30500	0.01
2025.11.07	05:28:00	3994.33500	3994.57500	3994.03500	3994.25500	0.01
2025.11.07	05:29:00	3994.23500	3994.62500	3993.72500	3993.94500	0.01
2025.11.07	05:30:00	3993.85500	3997.19500	3993.54500	3995.65500	0.04
2025.11.07	05:31:00	3995.69500	3996.55500	3995.16500	3996.20500	0.02
2025.11.07	05:32:00	3996.25500	3996.84500	3994.25500	3995.23500	0.02
2025.11.07	05:33:00	3995.21500	3996.70500	3994.47500	3996.18500	0.03
2025.11.07	05:34:00	3996.20500	3996.29500	3995.31500	3995.45500	0.02
2025.11.07	05:35:00	3995.50500	3996.78500	3995.47500	3996.13500	0.02
2025.11.07	05:36:00	3996.10500	3996.90500	3994.58500	3996.77500	0.02
2025.11.07	05:37:00	3996.80500	3997.05500	3996.02500	3996.07500	0.01
2025.11.07	05:38:00	3996.09500	3997.06500	3996.09500	3997.04500	0.01
2025.11.07	05:39:00	3997.06500	3997.54500	3996.42500	3997.48500	0.01
2025.11.07	05:40:00	3997.51500	3997.62500	3996.40500	3997.16500	0.01
2025.11.07	05:41:00	3997.17500	3997.51500	3995.94500	3996.65500	0.02
2025.11.07	05:42:00	3996.67500	3997.61500	3996.42500	3997.04500	0.02
2025.11.07	05:43:00	3997.01500	3997.27500	3996.66500	3996.89500	0.01
2025.11.07	05:44:00	3996.83500	3996.83500	3995.71500	3996.36500	0.01
2025.11.07	05:45:00	3996.39500	3996.87500	3996.17500	3996.68500	0.01
2025.11.07	05:46:00	3996.64500	3996.64500	3994.36500	3994.56500	0.02
2025.11.07	05:47:00	3994.35500	3995.63500	3994.35500	3995.05500	0.02
2025.11.07	05:48:00	3995.02500	3995.33500	3994.41500	3994.80500	0.01
2025.11.07	05:49:00	3994.82500	3994.99500	3994.06500	3994.32500	0.01
2025.11.07	05:50:00	3994.35500	3996.94500	3994.35500	3996.64500	0.02
2025.11.07	05:51:00	3996.63500	3997.34500	3996.13500	3996.71500	0.02
2025.11.07	05:52:00	3996.74500	3996.79500	3996.29500	3996.29500	0.01
2025.11.07	05:53:00	3996.31500	3996.54500	3995.00500	3995.88500	0.02
2025.11.07	05:54:00	3995.85500	3995.85500	3993.24500	3993.43500	0.02
2025.11.07	05:55:00	3993.41500	3996.27500	3993.34500	3996.24500	0.02
2025.11.07	05:56:00	3996.22500	3997.05500	3995.60500	3996.61500	0.02
2025.11.07	05:57:00	3996.58500	3996.59500	3996.03500	3996.41500	0.01
2025.11.07	05:58:00	3996.32500	3996.44500	3994.54800	3994.74800	0.02
2025.11.07	05:59:00	3994.84800	3995.19800	3994.26500	3994.74800	0.01
2025.11.07	06:00:00	3994.67500	3994.74800	3992.72500	3992.72500	0.03
2025.11.07	06:01:00	3992.70500	3993.84500	3992.06500	3993.63500	0.03
2025.11.07	06:02:00	3993.54500	3994.04500	3992.70500	3993.07500	0.01
2025.11.07	06:03:00	3993.01500	3995.41500	3993.01500	3993.28500	0.02
2025.11.07	06:04:00	3993.30500	3993.31500	3992.16500	3992.52500	0.02
2025.11.07	06:05:00	3992.50500	3993.03500	3992.07500	3992.42500	0.01
2025.11.07	06:06:00	3992.40500	3993.74800	3992.16500	3993.67500	0.03
2025.11.07	06:07:00	3993.64800	3994.39500	3993.46500	3994.02500	0.01
2025.11.07	06:08:00	3994.07500	3996.19800	3994.07500	3996.09800	0.01
2025.11.07	06:09:00	3996.17500	3996.44500	3994.85500	3995.02500	0.02
2025.11.07	06:10:00	3995.00500	3995.29500	3994.11500	3994.87500	0.02
2025.11.07	06:11:00	3994.90500	3996.49500	3994.90500	3996.08500	0.01
2025.11.07	06:12:00	3996.06500	3996.70500	3994.82500	3994.92500	0.01
2025.11.07	06:13:00	3994.89500	3995.15500	3993.85500	3994.22500	0.01
2025.11.07	06:14:00	3994.17500	3995.39500	3994.06500	3994.96500	0.01
2025.11.07	06:15:00	3995.02500	3995.66500	3994.89500	3994.93500	0.01
2025.11.07	06:16:00	3994.96500	3995.45500	3994.40500	3995.22500	0.01
2025.11.07	06:17:00	3995.24500	3997.10500	3995.20500	3996.73500	0.01
2025.11.07	06:18:00	3996.68500	3997.35500	3996.45500	3996.58500	0.02
2025.11.07	06:19:00	3996.64500	3997.13500	3996.47500	3996.54500	0.02
2025.11.07	06:20:00	3996.77500	3996.92500	3996.09500	3996.53500	0.01
2025.11.07	06:21:00	3996.56500	3996.62500	3996.20500	3996.29500	0.01
2025.11.07	06:22:00	3996.32500	3997.61500	3996.32500	3996.95500	0.01
2025.11.07	06:23:00	3996.90500	3999.48500	3996.90500	3998.68500	0.02
2025.11.07	06:24:00	3998.80500	3999.62500	3997.90500	3998.59500	0.02
2025.11.07	06:25:00	3998.62500	3998.67500	3996.38500	3997.34500	0.02
2025.11.07	06:26:00	3997.31500	3998.09500	3996.97500	3997.53500	0.01
2025.11.07	06:27:00	3997.51500	3998.80500	3997.36500	3998.52500	0.01
2025.11.07	06:28:00	3998.55500	3998.55500	3996.74500	3997.11500	0.02
2025.11.07	06:29:00	3997.13500	3998.20500	3996.41500	3998.20500	0.01
2025.11.07	06:30:00	3997.89500	3998.00500	3996.23500	3997.13500	0.02
2025.11.07	06:31:00	3997.17500	3998.52500	3996.83500	3998.23500	0.01
2025.11.07	06:32:00	3998.24500	4000.92500	3997.97500	4000.37500	0.02
2025.11.07	06:33:00	4000.58500	4001.65500	4000.12500	4001.63500	0.02
2025.11.07	06:34:00	4001.57500	4002.04500	4000.40500	4001.99500	0.02
2025.11.07	06:35:00	4002.03500	4002.88500	4001.10500	4001.30500	0.02
2025.11.07	06:36:00	4001.32500	4002.16500	4000.86500	4001.35500	0.02
2025.11.07	06:37:00	4001.33500	4001.45500	4000.08500	4000.82500	0.02
2025.11.07	06:38:00	4000.85500	4001.71500	4000.75500	4001.54500	0.02
2025.11.07	06:39:00	4001.51500	4001.52500	4000.33500	4000.55500	0.01
2025.11.07	06:40:00	4000.51500	4001.09500	4000.25500	4001.09500	0.01
2025.11.07	06:41:00	4001.07500	4001.64500	4000.73500	4001.55500	0.01
2025.11.07	06:42:00	4001.53500	4001.90500	4001.07500	4001.26500	0.01
2025.11.07	06:43:00	4001.24500	4001.67500	4000.93500	4001.38500	0.01
2025.11.07	06:44:00	4001.36500	4001.74500	4000.84500	4001.24500	0.01
2025.11.07	06:45:00	4001.29500	4001.90500	4001.24800	4001.27500	0.01
2025.11.07	06:46:00	4001.25500	4002.32500	4001.18500	4002.10500	0.01
2025.11.07	06:47:00	4002.12500	4002.51500	4001.79500	4002.44500	0.01
2025.11.07	06:48:00	4002.40500	4003.36500	4002.38500	4003.24500	0.01
2025.11.07	06:49:00	4003.21500	4004.35500	4003.11500	4003.57500	0.04
2025.11.07	06:50:00	4003.59500	4006.47500	4003.49500	4006.46500	0.04
2025.11.07	06:51:00	4006.44500	4007.11500	4005.13500	4007.03500	0.03
2025.11.07	06:52:00	4007.00500	4007.43500	4005.40500	4006.11500	0.02
2025.11.07	06:53:00	4006.15500	4008.09500	4006.06500	4007.40500	0.03
2025.11.07	06:54:00	4007.36500	4007.85500	4006.71500	4006.76500	0.03
2025.11.07	06:55:00	4006.76500	4007.07500	4006.21500	4006.21500	0.03
2025.11.07	06:56:00	4006.21500	4006.58500	4005.75500	4006.53500	0.02
2025.11.07	06:57:00	4006.57500	4008.33500	4006.57500	4007.14500	0.02
2025.11.07	06:58:00	4007.16500	4007.20500	4006.20500	4006.30500	0.01
2025.11.07	06:59:00	4006.28500	4006.85500	4006.24800	4006.54500	0.01
2025.11.07	07:00:00	4006.56500	4007.57500	4006.52500	4007.34500	0.02
2025.11.07	07:01:00	4007.38500	4008.52500	4007.19500	4007.21500	0.01
2025.11.07	07:02:00	4007.23500	4007.32500	4005.33500	4006.93500	0.02
2025.11.07	07:03:00	4006.95500	4007.19500	4006.12500	4006.99500	0.03
2025.11.07	07:04:00	4006.99500	4007.62500	4006.42500	4007.54500	0.01
2025.11.07	07:05:00	4007.50500	4008.26500	4007.50500	4007.60500	0.02
2025.11.07	07:06:00	4007.50500	4007.50500	4006.38500	4006.55500	0.01
2025.11.07	07:07:00	4006.50500	4006.57500	4005.50500	4005.57500	0.02
2025.11.07	07:08:00	4005.62500	4007.71500	4005.62500	4007.50500	0.02
2025.11.07	07:09:00	4007.51500	4008.11500	4007.36500	4008.05500	0.01
2025.11.07	07:10:00	4008.08500	4008.08500	4007.03500	4007.70500	0.02
2025.11.07	07:11:00	4007.67500	4007.67500	4006.18500	4006.43500	0.02
2025.11.07	07:12:00	4006.41500	4007.32500	4006.27500	4007.04500	0.02
2025.11.07	07:13:00	4007.06500	4009.29500	4007.06500	4009.22500	0.02
2025.11.07	07:14:00	4009.22500	4009.59500	4007.63500	4007.67500	0.02
2025.11.07	07:15:00	4007.66500	4008.70500	4007.47500	4008.55500	0.02
2025.11.07	07:16:00	4008.52500	4008.52500	4007.67500	4007.90500	0.01
2025.11.07	07:17:00	4007.87500	4008.88500	4007.77500	4008.85500	0.02
2025.11.07	07:18:00	4008.85500	4008.85500	4007.76500	4008.14500	0.02
2025.11.07	07:19:00	4008.12500	4008.80500	4007.86500	4008.65500	0.01
2025.11.07	07:20:00	4008.65500	4009.57500	4008.58500	4008.63500	0.03
2025.11.07	07:21:00	4008.65500	4008.70500	4007.56500	4008.52500	0.02
2025.11.07	07:22:00	4008.54500	4008.71500	4006.45800	4006.50500	0.02
2025.11.07	07:23:00	4006.52500	4006.54500	4004.54500	4005.79500	0.03
2025.11.07	07:24:00	4006.00500	4006.46500	4005.47500	4006.23500	0.02
2025.11.07	07:25:00	4006.20500	4006.38500	4004.76800	4004.99500	0.03
2025.11.07	07:26:00	4004.97500	4005.10500	4002.98500	4003.20500	0.03
2025.11.07	07:27:00	4003.14500	4004.59500	4002.97500	4004.50500	0.02
2025.11.07	07:28:00	4004.47500	4006.33500	4004.16500	4004.19500	0.04
2025.11.07	07:29:00	4004.16500	4004.71500	4003.32800	4003.43500	0.01
2025.11.07	07:30:00	4003.45500	4005.99500	4003.43500	4004.59500	0.03
2025.11.07	07:31:00	4004.57500	4005.50500	4004.27500	4005.26500	0.02
2025.11.07	07:32:00	4005.28500	4005.47500	4004.51500	4004.92500	0.01
2025.11.07	07:33:00	4004.95500	4005.25500	4003.97500	4004.02500	0.01
2025.11.07	07:34:00	4004.04500	4005.40500	4004.04500	4005.33500	0.01
2025.11.07	07:35:00	4005.31500	4005.90500	4004.94500	4005.68500	0.01
2025.11.07	07:36:00	4005.65500	4006.42500	4005.23500	4005.80500	0.01
2025.11.07	07:37:00	4005.77500	4006.32500	4005.36500	4005.39500	0.01
2025.11.07	07:38:00	4005.42500	4005.48500	4004.25500	4004.42500	0.01
2025.11.07	07:39:00	4004.45500	4005.95500	4004.45500	4005.95500	0.01
2025.11.07	07:40:00	4005.93500	4006.11500	4005.05500	4005.11500	0.01
2025.11.07	07:41:00	4005.14500	4005.40500	4004.84500	4005.11500	0.01
2025.11.07	07:42:00	4005.13500	4005.34500	4004.74500	4004.76500	0.01
2025.11.07	07:43:00	4004.95500	4005.06500	4004.51500	4004.77500	0.01
2025.11.07	07:44:00	4004.79500	4005.54500	4004.64500	4005.21500	0.01
2025.11.07	07:45:00	4005.25500	4005.47500	4004.85500	4005.03500	0.01
2025.11.07	07:46:00	4005.01500	4005.03500	4003.77500	4003.80500	0.03
2025.11.07	07:47:00	4003.80500	4004.86500	4003.70500	4004.19800	0.04
2025.11.07	07:48:00	4004.19800	4004.85500	4003.89800	4003.99800	0.03
2025.11.07	07:49:00	4004.09800	4004.39800	4002.54500	4003.14800	0.03
2025.11.07	07:50:00	4003.04800	4004.76500	4003.04800	4004.44800	0.02
2025.11.07	07:51:00	4004.51500	4004.71500	4004.12500	4004.58500	0.01
2025.11.07	07:52:00	4004.60500	4005.15500	4004.11500	4004.27500	0.01
2025.11.07	07:53:00	4004.17500	4005.53500	4004.03500	4005.53500	0.01
2025.11.07	07:54:00	4005.51500	4006.04500	4005.01500	4005.40500	0.02
2025.11.07	07:55:00	4005.43500	4006.55500	4005.43500	4006.35500	0.02
2025.11.07	07:56:00	4006.33500	4006.52500	4006.26500	4006.26500	0.01
2025.11.07	07:57:00	4006.24800	4006.96500	4006.18500	4006.67500	0.01
2025.11.07	07:58:00	4006.65500	4007.20500	4006.39500	4006.96500	0.01
2025.11.07	07:59:00	4006.94500	4007.91500	4006.94500	4007.61500	0.01
2025.11.07	08:00:00	4007.70800	4009.16500	4004.83500	4007.59500	0.04
2025.11.07	08:01:00	4007.60500	4009.12500	4006.25500	4009.09500	0.03
2025.11.07	08:02:00	4009.12500	4009.12500	4006.69500	4007.75500	0.03
2025.11.07	08:03:00	4007.90500	4008.20500	4006.81500	4006.95500	0.04
2025.11.07	08:04:00	4007.02500	4007.10500	4005.42800	4005.63500	0.02
2025.11.07	08:05:00	4005.62500	4006.35500	4005.42800	4006.28500	0.02
2025.11.07	08:06:00	4006.27500	4007.27800	4005.94800	4006.70500	0.04
2025.11.07	08:07:00	4006.70500	4009.28500	4006.70500	4009.07800	0.04
2025.11.07	08:08:00	4009.04500	4009.06500	4008.09500	4008.10500	0.03
2025.11.07	08:09:00	4008.13500	4008.78500	4007.39800	4007.39800	0.02
2025.11.07	08:10:00	4007.38500	4009.91500	4007.09800	4009.91500	0.02
2025.11.07	08:11:00	4009.89500	4010.27500	4008.66500	4008.68500	0.02
2025.11.07	08:12:00	4008.70500	4010.15500	4008.55500	4009.05500	0.02
2025.11.07	08:13:00	4009.02500	4009.76500	4008.26500	4009.37500	0.03
2025.11.07	08:14:00	4009.40500	4009.93500	4009.03500	4009.49500	0.02
2025.11.07	08:15:00	4009.52500	4009.62500	4008.08500	4008.37500	0.01
2025.11.07	08:16:00	4008.41500	4008.46500	4007.72500	4008.00500	0.01
2025.11.07	08:17:00	4008.03500	4008.46500	4007.53500	4008.41500	0.01
2025.11.07	08:18:00	4008.39500	4008.41500	4007.81500	4007.83500	0.01
2025.11.07	08:19:00	4007.80500	4008.02500	4007.49500	4007.49500	0.01
2025.11.07	08:20:00	4007.52500	4007.61500	4006.38500	4006.51500	0.01
2025.11.07	08:21:00	4006.54500	4006.61500	4005.84500	4005.84500	0.01
2025.11.07	08:22:00	4005.85500	4006.23500	4005.28800	4006.21500	0.01
2025.11.07	08:23:00	4006.19500	4006.54500	4005.02800	4005.05500	0.01
2025.11.07	08:24:00	4005.02800	4005.17500	4004.25500	4005.06500	0.01
2025.11.07	08:25:00	4005.09500	4005.86500	4005.01500	4005.08500	0.01
2025.11.07	08:26:00	4005.06500	4005.92500	4005.03500	4005.70500	0.01
2025.11.07	08:27:00	4005.68500	4006.26500	4003.74500	4004.79500	0.03
2025.11.07	08:28:00	4004.82500	4006.18500	4004.53500	4006.10500	0.02
2025.11.07	08:29:00	4006.08500	4006.22500	4004.91500	4005.43500	0.01
2025.11.07	08:30:00	4005.47500	4005.75500	4005.04500	4005.52500	0.01
2025.11.07	08:31:00	4005.54500	4005.54500	4003.69500	4003.89500	0.01
2025.11.07	08:32:00	4003.91500	4006.19500	4003.44500	4005.84500	0.02
2025.11.07	08:33:00	4005.86500	4007.41500	4005.86500	4007.21500	0.01
2025.11.07	08:34:00	4007.24500	4008.15500	4007.16500	4007.66500	0.01
2025.11.07	08:35:00	4007.83500	4008.67500	4007.81500	4008.22500	0.01
2025.11.07	08:36:00	4008.37500	4008.49500	4006.84500	4007.18500	0.01
2025.11.07	08:37:00	4007.16500	4007.56500	4006.05500	4006.18500	0.02
2025.11.07	08:38:00	4006.17500	4007.79500	4006.17500	4007.77500	0.03
2025.11.07	08:39:00	4008.14500	4008.55500	4007.60500	4008.04500	0.02
2025.11.07	08:40:00	4008.01500	4008.50500	4007.88500	4008.33500	0.01
2025.11.07	08:41:00	4008.31500	4008.36500	4007.83500	4008.10500	0.01
2025.11.07	08:42:00	4008.13500	4008.37500	4006.87500	4006.87500	0.01
2025.11.07	08:43:00	4006.89500	4007.52500	4006.66500	4006.69800	0.02
2025.11.07	08:44:00	4006.61500	4006.72500	4005.66500	4005.69800	0.03
2025.11.07	08:45:00	4005.62500	4006.36500	4005.34500	4005.90500	0.02
2025.11.07	08:46:00	4005.93500	4006.69500	4005.57500	4005.62500	0.02
2025.11.07	08:47:00	4005.65500	4005.72500	4005.00500	4005.52500	0.01
2025.11.07	08:48:00	4005.49500	4005.52500	4004.84500	4005.21500	0.01
2025.11.07	08:49:00	4005.23500	4006.82500	4005.12500	4006.82500	0.01
2025.11.07	08:50:00	4006.63500	4006.80500	4006.21500	4006.53500	0.01
2025.11.07	08:51:00	4006.56500	4007.04500	4006.41500	4006.98500	0.01
2025.11.07	08:52:00	4006.96500	4007.04500	4006.60500	4006.71500	0.01
2025.11.07	08:53:00	4006.74500	4007.35500	4006.64500	4007.09500	0.01
2025.11.07	08:54:00	4007.19500	4007.44500	4006.36500	4007.36500	0.02
2025.11.07	08:55:00	4007.34500	4007.71500	4006.85800	4006.86800	0.03
2025.11.07	08:56:00	4006.85800	4007.72500	4005.99800	4007.33500	0.04
2025.11.07	08:57:00	4007.33500	4007.93500	4007.31500	4007.59500	0.04
2025.11.07	08:58:00	4007.56500	4008.13800	4007.36500	4008.13800	0.05
2025.11.07	08:59:00	4008.14500	4010.14500	4007.90500	4009.44500	0.06
2025.11.07	09:00:00	4009.49500	4011.29800	4009.49500	4010.81800	0.07
2025.11.07	09:01:00	4010.83500	4011.16500	4009.10500	4009.10500	0.04
2025.11.07	09:02:00	4009.07500	4010.12500	4008.35800	4009.57800	0.03
2025.11.07	09:03:00	4009.53800	4010.56500	4009.52500	4009.81500	0.02
2025.11.07	09:04:00	4009.73800	4010.42500	4009.27500	4010.25500	0.02
2025.11.07	09:05:00	4010.33500	4010.52500	4009.35500	4009.65500	0.02
2025.11.07	09:06:00	4009.63500	4010.06500	4008.35800	4008.35800	0.01
2025.11.07	09:07:00	4008.35800	4009.17500	4008.35800	4009.13500	0.01
2025.11.07	09:08:00	4009.12500	4009.51500	4008.35800	4008.70500	0.01
2025.11.07	09:09:00	4008.95500	4009.45500	4008.67500	4008.98500	0.01
2025.11.07	09:10:00	4008.98500	4009.12500	4008.45500	4008.53500	0.01
2025.11.07	09:11:00	4008.56500	4008.65500	4008.35800	4008.38500	0.01
2025.11.07	09:12:00	4008.41500	4009.03500	4008.41500	4008.55500	0.01
2025.11.07	09:13:00	4008.55500	4009.20500	4008.36500	4009.15500	0.01
2025.11.07	09:14:00	4009.36500	4010.66500	4009.36500	4010.57500	0.01
2025.11.07	09:15:00	4010.61500	4012.66500	4010.16500	4012.46500	0.04
2025.11.07	09:16:00	4012.51500	4013.38500	4012.41500	4012.96500	0.03
2025.11.07	09:17:00	4013.01500	4013.46500	4012.23500	4013.38500	0.02
2025.11.07	09:18:00	4013.41500	4013.97500	4012.01800	4012.33500	0.02
2025.11.07	09:19:00	4012.37500	4012.39500	4011.60500	4011.81800	0.01
2025.11.07	09:20:00	4011.81800	4012.75500	4011.29800	4012.06500	0.01
2025.11.07	09:21:00	4012.03500	4012.39500	4011.10800	4011.12800	0.02
2025.11.07	09:22:00	4011.10800	4011.33500	4010.55500	4010.72800	0.03
2025.11.07	09:23:00	4010.72800	4010.72800	4009.41500	4010.28800	0.03
2025.11.07	09:24:00	4010.28800	4011.18500	4009.43500	4010.95800	0.03
2025.11.07	09:25:00	4010.95800	4011.56500	4010.78500	4010.99800	0.03
2025.11.07	09:26:00	4010.99800	4011.07800	4010.62500	4010.67500	0.02
2025.11.07	09:27:00	4010.79500	4011.34500	4010.39800	4010.69800	0.03
2025.11.07	09:28:00	4010.63800	4011.82500	4010.28500	4010.62800	0.02
2025.11.07	09:29:00	4010.72500	4010.81500	4009.74800	4009.98500	0.04
2025.11.07	09:30:00	4009.96500	4011.26500	4009.96500	4011.08500	0.01
2025.11.07	09:31:00	4011.13500	4011.16500	4010.43800	4010.48500	0.01
2025.11.07	09:32:00	4010.46500	4010.54500	4009.10500	4009.10500	0.02
2025.11.07	09:33:00	4009.09500	4009.09500	4006.15500	4006.57500	0.03
2025.11.07	09:34:00	4006.55500	4006.55500	4003.99500	4005.36500	0.03
2025.11.07	09:35:00	4005.33500	4005.92500	4004.14500	4005.64500	0.03
2025.11.07	09:36:00	4005.67500	4006.63500	4005.28500	4005.86500	0.02
2025.11.07	09:37:00	4005.56500	4006.86500	4005.01500	4005.11500	0.02
2025.11.07	09:38:00	4005.08500	4005.97500	4004.80500	4005.93500	0.01
2025.11.07	09:39:00	4005.96500	4006.31500	4005.39500	4005.49500	0.01
2025.11.07	09:40:00	4005.53500	4005.76500	4004.54500	4004.76500	0.01
2025.11.07	09:41:00	4004.78500	4005.26500	4004.16500	4004.76500	0.02
2025.11.07	09:42:00	4004.74500	4005.03500	4004.63500	4004.71500	0.02
2025.11.07	09:43:00	4004.71500	4005.45500	4004.42500	4005.37500	0.02
2025.11.07	09:44:00	4005.37500	4006.26500	4005.31500	4006.07500	0.02
2025.11.07	09:45:00	4006.05500	4006.09500	4005.25500	4005.40500	0.03
2025.11.07	09:46:00	4005.37500	4007.27500	4005.25500	4007.14500	0.03
2025.11.07	09:47:00	4007.14500	4008.10500	4006.75500	4008.09500	0.02
2025.11.07	09:48:00	4008.12500	4009.26500	4008.07500	4009.13500	0.02
2025.11.07	09:49:00	4009.18500	4009.44500	4008.32500	4008.77500	0.01
2025.11.07	09:50:00	4008.79500	4009.07500	4006.61500	4006.69500	0.02
2025.11.07	09:51:00	4006.71500	4007.71500	4006.65500	4007.36500	0.01
2025.11.07	09:52:00	4007.38500	4007.87500	4006.21500	4006.72500	0.01
2025.11.07	09:53:00	4006.78500	4007.13500	4005.72500	4005.87500	0.02
2025.11.07	09:54:00	4005.89500	4006.00500	4005.35500	4005.95500	0.01
2025.11.07	09:55:00	4005.93500	4006.74500	4005.79500	4006.71500	0.01
2025.11.07	09:56:00	4006.88500	4007.37500	4005.90500	4006.14500	0.01
2025.11.07	09:57:00	4006.11500	4007.03500	4006.08500	4007.03500	0.01
2025.11.07	09:58:00	4006.97500	4007.06500	4006.58500	4006.85500	0.01
2025.11.07	09:59:00	4006.87500	4007.03500	4006.33500	4006.49500	0.02
2025.11.07	10:00:00	4006.53500	4007.31500	4006.25500	4006.89500	0.01
2025.11.07	10:01:00	4006.87500	4008.10500	4006.55500	4006.91500	0.01
2025.11.07	10:02:00	4006.88500	4008.06500	4006.61800	4007.59500	0.02
2025.11.07	10:03:00	4007.69500	4008.14500	4007.48500	4007.59500	0.01
2025.11.07	10:04:00	4007.56500	4008.64500	4006.25500	4008.54500	0.02
2025.11.07	10:05:00	4008.53500	4008.66500	4006.45500	4007.13500	0.02
2025.11.07	10:06:00	4007.09500	4007.46500	4006.70500	4007.42500	0.01
2025.11.07	10:07:00	4007.38500	4007.42500	4006.80500	4007.16500	0.00
2025.11.07	10:08:00	4007.12500	4007.59500	4006.73500	4007.34500	0.01
2025.11.07	10:09:00	4007.36500	4007.64500	4007.36500	4007.41500	0.01
2025.11.07	10:10:00	4007.43500	4008.26500	4007.43500	4008.12500	0.01
2025.11.07	10:11:00	4008.10500	4008.10500	4006.61500	4006.67500	0.01
2025.11.07	10:12:00	4006.71500	4007.72500	4006.69500	4007.48500	0.01
2025.11.07	10:13:00	4007.45500	4007.95500	4007.15500	4007.62500	0.01
2025.11.07	10:14:00	4007.65500	4007.65500	4005.64500	4005.92500	0.01
2025.11.07	10:15:00	4005.87500	4006.18500	4004.53500	4004.62500	0.02
2025.11.07	10:16:00	4004.60500	4004.77500	4003.16500	4003.16500	0.02
2025.11.07	10:17:00	4003.19500	4004.56500	4002.99500	4004.30500	0.02
2025.11.07	10:18:00	4004.26500	4005.48500	4004.26500	4004.66500	0.01
2025.11.07	10:19:00	4004.64500	4004.86500	4002.99500	4004.20500	0.03
2025.11.07	10:20:00	4004.22500	4005.56500	4003.70500	4005.56500	0.02
2025.11.07	10:21:00	4005.54500	4007.52500	4005.43500	4007.45500	0.02
2025.11.07	10:22:00	4007.47500	4007.76500	4005.98500	4006.78500	0.02
2025.11.07	10:23:00	4006.81500	4008.27500	4006.53500	4008.05500	0.02
2025.11.07	10:24:00	4008.02500	4008.92500	4007.82500	4008.92500	0.02
2025.11.07	10:25:00	4008.97500	4008.97500	4008.25500	4008.88500	0.02
2025.11.07	10:26:00	4008.85500	4009.23500	4008.46500	4008.72500	0.01
2025.11.07	10:27:00	4008.85500	4009.38500	4007.37500	4007.72500	0.02
2025.11.07	10:28:00	4007.74500	4007.87500	4007.23500	4007.38500	0.01
2025.11.07	10:29:00	4007.35500	4007.37500	4005.73500	4005.82500	0.01
2025.11.07	10:30:00	4005.78500	4006.22500	4005.17500	4005.89500	0.01
2025.11.07	10:31:00	4005.92500	4006.67500	4004.81500	4006.47500	0.01
2025.11.07	10:32:00	4006.38500	4006.38500	4004.44500	4004.73500	0.01
2025.11.07	10:33:00	4004.71500	4005.27500	4003.75500	4004.56500	0.02
2025.11.07	10:34:00	4004.54500	4005.09500	4004.49500	4004.49500	0.01
2025.11.07	10:35:00	4004.53500	4005.49500	4004.50500	4005.49500	0.01
2025.11.07	10:36:00	4005.52500	4006.30500	4005.23500	4006.03500	0.01
2025.11.07	10:37:00	4006.05500	4006.46500	4005.64500	4006.15500	0.01
2025.11.07	10:38:00	4006.23500	4006.51500	4005.75500	4006.34500	0.01
2025.11.07	10:39:00	4006.37500	4006.37500	4005.17500	4005.65500	0.01
2025.11.07	10:40:00	4005.63500	4006.00500	4005.02500	4005.90500	0.01
2025.11.07	10:41:00	4005.93500	4005.99500	4005.23500	4005.42500	0.01
2025.11.07	10:42:00	4005.09500	4005.30500	4003.48500	4003.48500	0.02
2025.11.07	10:43:00	4003.46500	4004.15500	4003.03800	4003.03800	0.04
2025.11.07	10:44:00	4003.02500	4004.06500	4003.02500	4004.05500	0.02
2025.11.07	10:45:00	4004.14500	4005.59500	4004.12500	4005.49500	0.02
2025.11.07	10:46:00	4005.45500	4006.06500	4005.32500	4005.57500	0.01
2025.11.07	10:47:00	4005.59500	4006.42500	4005.59500	4006.42500	0.02
2025.11.07	10:48:00	4006.44500	4006.94500	4006.00500	4006.42500	0.01
2025.11.07	10:49:00	4006.40500	4006.52500	4006.00500	4006.40500	0.01
2025.11.07	10:50:00	4006.44800	4007.15500	4006.44800	4007.15500	0.01
2025.11.07	10:51:00	4007.18500	4008.11500	4007.18500	4007.82500	0.01
2025.11.07	10:52:00	4007.84500	4008.47500	4006.68500	4006.68500	0.02
2025.11.07	10:53:00	4006.62500	4007.68500	4006.45500	4007.45500	0.02
2025.11.07	10:54:00	4007.48500	4008.11500	4007.34500	4008.10500	0.02
2025.11.07	10:55:00	4008.13500	4008.46500	4008.01500	4008.39500	0.01
2025.11.07	10:56:00	4008.35500	4008.96500	4007.78500	4008.94500	0.01
2025.11.07	10:57:00	4008.98500	4009.03500	4007.28500	4007.80500	0.02
2025.11.07	10:58:00	4007.98800	4008.36500	4007.23500	4007.49500	0.02
2025.11.07	10:59:00	4007.49500	4008.17500	4007.43500	4007.71500	0.01
2025.11.07	11:00:00	4007.71500	4009.22500	4007.71500	4009.22500	0.01
2025.11.07	11:01:00	4009.25500	4009.38500	4007.91500	4008.59500	0.02
2025.11.07	11:02:00	4008.62500	4009.21500	4008.62500	4008.91500	0.01
2025.11.07	11:03:00	4008.94500	4011.23500	4008.94500	4011.23500	0.01
2025.11.07	11:04:00	4011.28500	4011.68500	4011.19500	4011.42500	0.01
2025.11.07	11:05:00	4011.39800	4011.41500	4009.50500	4010.13500	0.02
2025.11.07	11:06:00	4010.11500	4010.32500	4008.76500	4008.88500	0.03
2025.11.07	11:07:00	4008.85500	4008.85500	4007.23500	4007.30500	0.01
2025.11.07	11:08:00	4007.28500	4007.42500	4006.83500	4006.89500	0.01
2025.11.07	11:09:00	4006.96500	4007.47500	4006.43500	4006.55500	0.01
2025.11.07	11:10:00	4006.57500	4007.89500	4006.49500	4007.77500	0.01
2025.11.07	11:11:00	4007.81500	4008.18500	4007.68500	4007.77500	0.01
2025.11.07	11:12:00	4007.80500	4007.82500	4004.25500	4004.37500	0.02
2025.11.07	11:13:00	4004.39500	4004.70500	4003.24500	4003.41500	0.03
2025.11.07	11:14:00	4003.35500	4003.58500	4002.41500	4003.37500	0.03
2025.11.07	11:15:00	4003.39500	4003.92500	4002.12500	4002.75800	0.03
2025.11.07	11:16:00	4002.83800	4002.83800	3999.92500	4001.50500	0.04
2025.11.07	11:17:00	4001.46500	4003.25500	4001.46500	4002.49500	0.03
2025.11.07	11:18:00	4002.46500	4005.09500	4002.46500	4004.80500	0.02
2025.11.07	11:19:00	4004.59800	4005.23500	4003.69500	4005.23500	0.02
2025.11.07	11:20:00	4005.25500	4006.00500	4004.14500	4005.36500	0.04
2025.11.07	11:21:00	4005.34500	4007.68500	4005.34500	4006.06500	0.03
2025.11.07	11:22:00	4006.08500	4006.17500	4002.02500	4002.06500	0.03
2025.11.07	11:23:00	4002.03500	4002.29500	4000.54500	4000.72500	0.02
2025.11.07	11:24:00	4000.70500	4002.51500	4000.64500	4002.25500	0.02
2025.11.07	11:25:00	4002.23500	4002.50500	4001.23800	4001.71800	0.02
2025.11.07	11:26:00	4001.69800	4002.15800	4000.61500	4001.49800	0.03
2025.11.07	11:27:00	4001.42500	4001.42500	3997.87800	3998.27500	0.07
2025.11.07	11:28:00	3998.40500	4000.88500	3998.07500	4000.27500	0.03
2025.11.07	11:29:00	4000.30500	4000.66500	3998.85500	3998.90500	0.02
2025.11.07	11:30:00	3998.91500	3999.48500	3997.27500	3997.30500	0.03
2025.11.07	11:31:00	3997.33500	3997.91500	3996.55500	3996.96500	0.03
2025.11.07	11:32:00	3997.01500	3997.50500	3996.11500	3996.59500	0.02
2025.11.07	11:33:00	3996.61500	3997.07500	3995.20500	3995.80500	0.03
2025.11.07	11:34:00	3995.83500	3997.46500	3995.19500	3996.97500	0.04
2025.11.07	11:35:00	3997.01800	3997.07500	3995.74800	3996.55500	0.04
2025.11.07	11:36:00	3996.53500	3997.34800	3996.24800	3996.79800	0.03
2025.11.07	11:37:00	3996.77500	3996.86800	3995.22500	3995.22500	0.04
2025.11.07	11:38:00	3995.22500	3996.45500	3995.16500	3995.97800	0.04
2025.11.07	11:39:00	3995.97800	3996.20500	3994.86500	3995.27500	0.02
2025.11.07	11:40:00	3995.34800	3995.99500	3993.89800	3994.43500	0.03
2025.11.07	11:41:00	3994.41500	3995.05500	3993.53500	3995.03500	0.03
2025.11.07	11:42:00	3995.06500	3996.82500	3995.06500	3996.82500	0.03
2025.11.07	11:43:00	3996.79500	3999.43500	3996.69500	3999.38500	0.03
2025.11.07	11:44:00	3999.36500	3999.43500	3997.44800	3998.39800	0.03
2025.11.07	11:45:00	3998.29800	4000.39800	3998.26500	3999.70500	0.05
2025.11.07	11:46:00	3999.69800	4001.56500	3999.69800	4000.79500	0.02
2025.11.07	11:47:00	4000.88500	4000.95500	3999.52500	3999.83500	0.02
2025.11.07	11:48:00	3999.86500	4000.74500	3999.86500	3999.90500	0.02
2025.11.07	11:49:00	3999.88500	4001.24500	3999.77500	4000.99500	0.02
2025.11.07	11:50:00	4001.32500	4002.03500	3999.67500	4000.32500	0.03
2025.11.07	11:51:00	4000.30500	4002.36500	4000.30500	4002.32500	0.02
2025.11.07	11:52:00	4002.37500	4002.72500	4001.71500	4002.60500	0.02
2025.11.07	11:53:00	4002.64500	4003.04500	4002.00500	4002.70500	0.02
2025.11.07	11:54:00	4002.72500	4003.88500	4002.72500	4003.41500	0.02
2025.11.07	11:55:00	4003.39500	4003.69500	4001.40500	4001.73500	0.02
2025.11.07	11:56:00	4001.75500	4002.81500	4001.73500	4002.79500	0.01
2025.11.07	11:57:00	4002.81500	4004.24500	4002.81500	4003.68500	0.03
2025.11.07	11:58:00	4003.70500	4003.76500	4002.34500	4002.37500	0.02
2025.11.07	11:59:00	4002.38500	4003.06500	4002.27500	4002.72500	0.01
2025.11.07	12:00:00	4002.74500	4002.92500	4001.94500	4002.90500	0.03
2025.11.07	12:01:00	4002.61800	4005.46500	4002.42500	4005.41500	0.03
2025.11.07	12:02:00	4005.47500	4005.78500	4003.68500	4005.74500	0.03
2025.11.07	12:03:00	4005.77500	4006.54500	4005.66500	4006.45500	0.02
2025.11.07	12:04:00	4006.48500	4007.53500	4006.04500	4006.30500	0.03
2025.11.07	12:05:00	4006.32500	4007.45500	4005.31500	4007.45500	0.02
2025.11.07	12:06:00	4007.52500	4008.22500	4007.52500	4007.88500	0.03
2025.11.07	12:07:00	4007.85500	4008.18500	4007.41500	4008.08500	0.01
2025.11.07	12:08:00	4008.06500	4008.24500	4007.84500	4007.96500	0.01
2025.11.07	12:09:00	4007.93500	4008.12500	4007.08500	4007.66500	0.01
2025.11.07	12:10:00	4007.70500	4007.75500	4006.98500	4007.27500	0.02
2025.11.07	12:11:00	4007.30500	4008.12500	4006.25500	4006.56500	0.02
2025.11.07	12:12:00	4006.26500	4006.34500	4005.09500	4005.60500	0.02
2025.11.07	12:13:00	4005.58500	4006.15500	4005.50500	4005.67500	0.01
2025.11.07	12:14:00	4005.64500	4007.03500	4005.40500	4005.56500	0.01
2025.11.07	12:15:00	4005.64500	4006.05500	4004.07500	4004.51500	0.02
2025.11.07	12:16:00	4004.59500	4004.86500	4003.12500	4003.15500	0.01
2025.11.07	12:17:00	4003.15500	4003.69500	4002.76500	4003.69500	0.02
2025.11.07	12:18:00	4003.72500	4004.79500	4003.71500	4004.26500	0.02
2025.11.07	12:19:00	4004.28500	4005.03500	4003.44500	4003.44500	0.02
2025.11.07	12:20:00	4003.42500	4003.42500	4001.72500	4002.83500	0.03
2025.11.07	12:21:00	4002.83500	4003.44500	4000.84500	4003.32500	0.03
2025.11.07	12:22:00	4003.32500	4004.29500	4003.22500	4003.77500	0.03
2025.11.07	12:23:00	4003.77500	4003.77500	4001.82500	4002.40500	0.02
2025.11.07	12:24:00	4002.43500	4002.88500	4001.05500	4001.35500	0.02
2025.11.07	12:25:00	4001.33500	4002.93500	4000.78500	4001.24500	0.02
2025.11.07	12:26:00	4001.28500	4002.31500	4001.28500	4002.12500	0.02
2025.11.07	12:27:00	4002.08500	4002.34500	3999.90500	4001.71500	0.02
2025.11.07	12:28:00	4001.68500	4002.25500	4000.99500	4000.99500	0.01
2025.11.07	12:29:00	4001.00500	4001.00500	3998.07500	3998.17500	0.03
2025.11.07	12:30:00	3998.13500	3998.68500	3996.59500	3998.13500	0.03
2025.11.07	12:31:00	3998.10500	3999.10500	3997.69500	3998.08500	0.03
2025.11.07	12:32:00	3998.07500	3998.07500	3996.48500	3996.70500	0.02
2025.11.07	12:33:00	3996.74500	3996.98500	3995.34500	3996.59500	0.04
2025.11.07	12:34:00	3996.45500	3997.94500	3996.14500	3997.81500	0.04
2025.11.07	12:35:00	3997.79500	3997.98500	3996.11500	3996.69500	0.05
2025.11.07	12:36:00	3996.68500	3996.98500	3995.58500	3995.65500	0.03
2025.11.07	12:37:00	3995.68500	3996.83500	3994.71500	3996.74500	0.09
2025.11.07	12:38:00	3996.76500	3997.59500	3996.20500	3996.34500	0.07
2025.11.07	12:39:00	3996.25500	3996.91500	3995.82500	3996.87500	0.03
2025.11.07	12:40:00	3996.82500	3998.28500	3996.31500	3997.45500	0.04
2025.11.07	12:41:00	3997.49500	3998.32500	3996.16500	3998.31500	0.04
2025.11.07	12:42:00	3998.29500	3998.39500	3997.23500	3997.74500	0.04
2025.11.07	12:43:00	3997.73500	3997.82500	3996.87500	3996.92500	0.03
2025.11.07	12:44:00	3996.90500	3996.90500	3995.40500	3996.13500	0.06
2025.11.07	12:45:00	3996.15500	3998.21500	3995.83500	3997.73500	0.04
2025.11.07	12:46:00	3997.71500	3997.93500	3995.88500	3996.44500	0.04
2025.11.07	12:47:00	3996.75500	3996.88500	3995.65500	3996.82500	0.04
2025.11.07	12:48:00	3996.82500	3997.14500	3995.69500	3995.77500	0.04
2025.11.07	12:49:00	3995.79500	3995.97500	3992.03500	3992.03500	0.04
2025.11.07	12:50:00	3991.94500	3994.68500	3991.54500	3994.57500	0.04
2025.11.07	12:51:00	3994.56500	3994.61500	3992.72500	3994.11500	0.02
2025.11.07	12:52:00	3994.09500	3995.54500	3993.61500	3994.41500	0.04
2025.11.07	12:53:00	3994.38500	3994.82500	3993.18500	3993.41500	0.03
2025.11.07	12:54:00	3993.28500	3995.77500	3993.28500	3994.94500	0.03
2025.11.07	12:55:00	3994.94500	3995.27500	3993.58500	3994.50500	0.03
2025.11.07	12:56:00	3994.51500	3995.71500	3994.51500	3995.49500	0.03
2025.11.07	12:57:00	3995.52500	3996.73500	3995.27500	3996.66500	0.03
2025.11.07	12:58:00	3996.69500	3996.88500	3995.28500	3995.83500	0.02
2025.11.07	12:59:00	3995.80500	3996.31500	3995.45500	3995.68500	0.02
2025.11.07	13:00:00	3995.82500	3996.52500	3993.35500	3994.36500	0.06
2025.11.07	13:01:00	3994.39500	3994.75500	3991.89500	3994.70500	0.05
2025.11.07	13:02:00	3994.83500	3995.77500	3993.21500	3993.81500	0.04
2025.11.07	13:03:00	3993.86500	3995.98500	3993.84500	3995.45500	0.04
2025.11.07	13:04:00	3995.48500	3998.58500	3994.92500	3998.53500	0.03
2025.11.07	13:05:00	3998.46500	3998.71500	3996.85500	3996.95500	0.04
2025.11.07	13:06:00	3996.97500	3997.66500	3996.62500	3997.60500	0.02
2025.11.07	13:07:00	3997.52500	3999.31500	3997.46500	3998.76500	0.03
2025.11.07	13:08:00	3998.60500	4000.43500	3998.60500	3999.00500	0.04
2025.11.07	13:09:00	3999.03500	3999.87500	3998.71500	3999.18500	0.03
2025.11.07	13:10:00	3999.16500	3999.90500	3997.39500	3997.39500	0.02
2025.11.07	13:11:00	3997.36500	3998.18500	3997.00500	3997.47500	0.03
2025.11.07	13:12:00	3997.41500	3997.73500	3995.71500	3996.07500	0.03
2025.11.07	13:13:00	3996.05500	3996.90500	3995.20500	3995.56500	0.03
2025.11.07	13:14:00	3995.58500	3996.16500	3994.66500	3995.72500	0.03
2025.11.07	13:15:00	3995.63500	3997.59500	3994.94500	3997.57500	0.02
2025.11.07	13:16:00	3997.55500	3998.34500	3997.30500	3998.29500	0.02
2025.11.07	13:17:00	3998.23500	3999.41500	3998.09500	3998.63500	0.02
2025.11.07	13:18:00	3998.61500	3999.28500	3998.09500	3998.33500	0.02
2025.11.07	13:19:00	3998.35500	3998.79500	3997.86500	3998.26500	0.02
2025.11.07	13:20:00	3998.38500	4000.25500	3998.38500	3999.59500	0.03
2025.11.07	13:21:00	3999.61500	4000.51500	3999.26500	4000.39500	0.03
2025.11.07	13:22:00	4000.43500	4001.76500	3999.77500	4000.52500	0.04
2025.11.07	13:23:00	4000.55500	4001.04500	3998.90500	3999.47500	0.03
2025.11.07	13:24:00	3999.50500	3999.65500	3997.53500	3998.32500	0.03
2025.11.07	13:25:00	3998.34500	3999.38500	3997.36500	3997.91500	0.03
2025.11.07	13:26:00	3997.92500	3998.78500	3997.92500	3998.65500	0.01
2025.11.07	13:27:00	3998.77500	3999.93500	3998.26500	3999.21500	0.01
2025.11.07	13:28:00	3999.19500	3999.45500	3998.12500	3998.19500	0.01
2025.11.07	13:29:00	3998.17500	3998.17500	3995.85500	3996.35900	0.03
2025.11.07	13:30:00	3996.29900	3996.55500	3994.20500	3994.20500	0.02
2025.11.07	13:31:00	3993.88500	3996.31500	3993.83500	3995.49500	0.02
2025.11.07	13:32:00	3995.49500	3995.49500	3991.56500	3992.42500	0.03
2025.11.07	13:33:00	3992.46500	3994.89500	3992.08500	3994.89500	0.03
2025.11.07	13:34:00	3994.92500	3995.00500	3993.68500	3994.96500	0.02
2025.11.07	13:35:00	3994.94500	3997.29500	3994.85500	3996.45500	0.02
2025.11.07	13:36:00	3996.48500	3996.79500	3994.87500	3996.35500	0.03
2025.11.07	13:37:00	3996.36500	3997.27500	3996.07500	3997.06500	0.03
2025.11.07	13:38:00	3997.09500	3997.28500	3993.94500	3994.38500	0.03
2025.11.07	13:39:00	3994.42500	3995.44500	3994.11500	3994.75500	0.02
2025.11.07	13:40:00	3994.72500	3994.80500	3993.44500	3994.08500	0.03
2025.11.07	13:41:00	3994.10500	3995.15500	3993.29500	3994.82500	0.02
2025.11.07	13:42:00	3994.80500	3996.06500	3994.61500	3995.84500	0.03
2025.11.07	13:43:00	3995.81500	3996.06500	3993.23500	3993.64500	0.04
2025.11.07	13:44:00	3993.62500	3994.43500	3993.30500	3993.65500	0.02
2025.11.07	13:45:00	3993.63800	3994.98500	3992.55500	3993.54500	0.04
2025.11.07	13:46:00	3993.56500	3995.06500	3992.99500	3994.93500	0.03
2025.11.07	13:47:00	3994.90500	3995.50500	3993.73500	3994.00500	0.03
2025.11.07	13:48:00	3994.02500	3994.40500	3993.16500	3994.31500	0.02
2025.11.07	13:49:00	3994.29500	3995.82500	3994.29500	3995.63500	0.02
2025.11.07	13:50:00	3995.63500	3998.74500	3995.50500	3998.49500	0.03
2025.11.07	13:51:00	3998.46500	3998.80500	3997.12500	3998.19500	0.03
2025.11.07	13:52:00	3998.15500	3998.50500	3997.00500	3997.29500	0.02
2025.11.07	13:53:00	3997.32500	3998.80500	3997.32500	3998.80500	0.02
2025.11.07	13:54:00	3998.77500	3999.15500	3998.51500	3998.82500	0.01
2025.11.07	13:55:00	3998.80500	3999.78500	3998.28500	3998.48500	0.03
2025.11.07	13:56:00	3998.47500	3999.15500	3998.19500	3998.82500	0.02
2025.11.07	13:57:00	3998.84500	3999.44500	3998.55800	3998.75500	0.02
2025.11.07	13:58:00	3998.72500	3998.79500	3996.86500	3996.98500	0.02
2025.11.07	13:59:00	3997.01500	3997.66500	3997.01500	3997.49500	0.02
2025.11.07	14:00:00	3997.46500	3999.59500	3996.82500	3999.22500	0.03
2025.11.07	14:01:00	3999.24500	3999.53500	3999.07500	3999.33500	0.02
2025.11.07	14:02:00	3999.36500	3999.77500	3998.19500	3998.37500	0.02
2025.11.07	14:03:00	3998.39500	3999.13500	3998.27500	3998.66500	0.02
2025.11.07	14:04:00	3998.62500	3998.73500	3997.10500	3997.14500	0.02
2025.11.07	14:05:00	3997.11500	3997.11500	3995.09500	3996.14500	0.03
2025.11.07	14:06:00	3996.11500	3997.18500	3995.56500	3997.18500	0.02
2025.11.07	14:07:00	3997.21500	3998.26500	3996.19500	3998.26500	0.02
2025.11.07	14:08:00	3998.26500	3999.08500	3997.91500	3999.05500	0.02
2025.11.07	14:09:00	3999.03500	3999.35500	3998.38500	3998.66500	0.01
2025.11.07	14:10:00	3998.68500	4000.96500	3998.59500	4000.80500	0.02
2025.11.07	14:11:00	4000.84500	4002.90500	4000.82500	4002.59500	0.04
2025.11.07	14:12:00	4002.61500	4003.57500	4001.57800	4002.12500	0.04
2025.11.07	14:13:00	4002.14500	4003.50500	4002.05500	4003.50500	0.02
2025.11.07	14:14:00	4003.46500	4003.94500	4002.17500	4002.61500	0.03
2025.11.07	14:15:00	4002.59500	4003.61500	4002.14500	4002.36500	0.02
2025.11.07	14:16:00	4002.47500	4003.72500	4002.34500	4003.64500	0.02
2025.11.07	14:17:00	4003.62500	4004.67500	4003.40500	4004.58500	0.03
2025.11.07	14:18:00	4004.42500	4005.43500	4003.87500	4004.91500	0.03
2025.11.07	14:19:00	4004.95500	4005.86500	4004.71500	4005.86500	0.02
2025.11.07	14:20:00	4006.05500	4006.18500	4004.67500	4004.72500	0.03
2025.11.07	14:21:00	4004.69500	4005.03500	4004.18500	4004.84500	0.02
2025.11.07	14:22:00	4004.78500	4007.02500	4004.78500	4006.26500	0.03
2025.11.07	14:23:00	4006.29500	4007.06500	4005.52500	4006.25500	0.02
2025.11.07	14:24:00	4006.39800	4007.07500	4004.42500	4005.05500	0.02
2025.11.07	14:25:00	4005.01500	4005.32500	4003.41800	4003.81500	0.03
2025.11.07	14:26:00	4003.77500	4004.55500	4003.01500	4003.49500	0.03
2025.11.07	14:27:00	4003.55500	4003.73500	4001.12500	4001.17500	0.04
2025.11.07	14:28:00	4001.22500	4002.52500	4001.18500	4001.73800	0.02
2025.11.07	14:29:00	4001.73800	4002.13500	3999.74500	4000.24500	0.02
2025.11.07	14:30:00	4000.26500	4000.26500	3996.11500	3996.89500	0.06
2025.11.07	14:31:00	3996.91500	3997.28500	3991.50500	3992.16500	0.07
2025.11.07	14:32:00	3992.27500	3994.49500	3989.30500	3993.27500	0.07
2025.11.07	14:33:00	3993.25500	3995.53500	3993.02800	3995.53500	0.05
2025.11.07	14:34:00	3995.50500	3995.69500	3991.30500	3992.95500	0.05
2025.11.07	14:35:00	3992.98500	3994.25500	3991.29500	3991.29500	0.05
2025.11.07	14:36:00	3991.32500	3991.69500	3985.52500	3988.63500	0.08
2025.11.07	14:37:00	3988.50500	3988.51500	3984.06500	3987.04500	0.07
2025.11.07	14:38:00	3987.16500	3987.57800	3984.93500	3986.34500	0.13
2025.11.07	14:39:00	3986.37500	3987.78500	3985.05500	3986.06500	0.14
2025.11.07	14:40:00	3986.04500	3989.54500	3985.08500	3987.66500	0.08
2025.11.07	14:41:00	3987.69500	3989.41500	3986.17500	3988.77500	0.08
2025.11.07	14:42:00	3988.72500	3992.02500	3986.92500	3992.02500	0.06
2025.11.07	14:43:00	3991.97500	3992.10500	3988.92500	3991.69500	0.05
2025.11.07	14:44:00	3991.72500	3991.82500	3988.85500	3990.25500	0.06
2025.11.07	14:45:00	3990.38500	3991.99500	3988.66500	3991.99500	0.05
2025.11.07	14:46:00	3991.97500	3994.32500	3990.86500	3990.90500	0.05
2025.11.07	14:47:00	3990.85500	3991.54500	3989.83500	3990.41500	0.05
2025.11.07	14:48:00	3990.46500	3992.72500	3989.78500	3991.88500	0.04
2025.11.07	14:49:00	3991.85500	3993.17500	3988.66500	3989.95500	0.05
2025.11.07	14:50:00	3989.93500	3992.08500	3989.44500	3991.61500	0.05
2025.11.07	14:51:00	3991.59500	3991.80500	3988.89500	3988.95500	0.06
2025.11.07	14:52:00	3989.07500	3989.14500	3985.75500	3988.59500	0.05
2025.11.07	14:53:00	3988.57500	3990.70500	3987.97500	3989.19500	0.05
2025.11.07	14:54:00	3989.08500	3991.43500	3989.01500	3990.91500	0.05
2025.11.07	14:55:00	3990.91500	3992.01500	3989.78500	3990.90500	0.05
2025.11.07	14:56:00	3990.65500	3993.76500	3990.02500	3993.48800	0.04
2025.11.07	14:57:00	3993.47800	3994.30500	3991.96500	3993.94500	0.04
2025.11.07	14:58:00	3993.91500	3995.22500	3993.66500	3994.79500	0.03
2025.11.07	14:59:00	3994.77500	3995.54500	3992.85500	3992.97500	0.03
2025.11.07	15:00:00	3993.02500	3994.73500	3991.99500	3994.69500	0.05
2025.11.07	15:01:00	3994.67500	3997.79500	3993.72500	3997.75500	0.04
2025.11.07	15:02:00	3997.70500	3998.38500	3996.59500	3997.51500	0.05
2025.11.07	15:03:00	3997.49500	3998.03500	3995.66500	3996.06500	0.05
2025.11.07	15:04:00	3996.13500	3997.13500	3995.31500	3996.42500	0.05
2025.11.07	15:05:00	3996.61500	3998.94500	3995.70500	3997.33500	0.05
2025.11.07	15:06:00	3997.35500	3997.35500	3993.69500	3995.20500	0.05
2025.11.07	15:07:00	3995.22500	3995.51500	3992.78500	3994.63500	0.05
2025.11.07	15:08:00	3994.52500	3995.52500	3993.10500	3994.07500	0.04
2025.11.07	15:09:00	3994.10500	3994.79500	3993.41500	3994.22500	0.05
2025.11.07	15:10:00	3994.25500	3994.47500	3991.24500	3992.70500	0.05
2025.11.07	15:11:00	3992.72500	3993.66500	3991.92500	3993.31500	0.04
2025.11.07	15:12:00	3993.33500	3994.12500	3990.84500	3991.53500	0.04
2025.11.07	15:13:00	3991.56500	3992.82500	3990.46500	3991.34500	0.05
2025.11.07	15:14:00	3991.37500	3993.58500	3990.40500	3990.73500	0.04
2025.11.07	15:15:00	3990.77500	3993.02500	3989.52500	3993.02500	0.05
2025.11.07	15:16:00	3992.98500	3994.74500	3991.46500	3991.99500	0.05
2025.11.07	15:17:00	3991.96500	3993.41500	3991.46500	3992.85500	0.04
2025.11.07	15:18:00	3992.82500	3993.17500	3989.42500	3989.50500	0.04
2025.11.07	15:19:00	3989.47500	3990.00500	3987.53500	3989.84500	0.06
2025.11.07	15:20:00	3989.87500	3990.45500	3988.90500	3990.26500	0.04
2025.11.07	15:21:00	3990.33500	3991.08500	3989.10500	3989.22500	0.04
2025.11.07	15:22:00	3989.25500	3992.54500	3988.41500	3992.50500	0.04
2025.11.07	15:23:00	3992.55500	3992.84500	3988.80500	3989.35500	0.04
2025.11.07	15:24:00	3989.33500	3991.09500	3989.08900	3989.96500	0.04
2025.11.07	15:25:00	3989.99500	3993.05500	3989.99500	3992.44500	0.04
2025.11.07	15:26:00	3992.48500	3993.51800	3992.21800	3993.09500	0.03
2025.11.07	15:27:00	3993.16500	3993.91800	3991.95500	3991.97500	0.03
2025.11.07	15:28:00	3991.98500	3993.31500	3991.70500	3991.96500	0.03
2025.11.07	15:29:00	3991.97500	3993.09500	3991.62500	3993.06500	0.03
2025.11.07	15:30:00	3992.80500	3992.80500	3991.27500	3991.68500	0.03
2025.11.07	15:31:00	3991.64500	3992.92500	3990.95500	3991.22500	0.04
2025.11.07	15:32:00	3991.16500	3992.46500	3990.90500	3991.92500	0.03
2025.11.07	15:33:00	3991.96500	3993.96500	3991.96500	3993.28500	0.03
2025.11.07	15:34:00	3993.34500	3994.40500	3991.78500	3992.39500	0.04
2025.11.07	15:35:00	3992.35500	3994.04500	3991.88500	3994.04500	0.03
2025.11.07	15:36:00	3994.08500	3995.43500	3993.25500	3995.22500	0.04
2025.11.07	15:37:00	3995.20500	3995.28500	3992.51500	3992.97500	0.03
2025.11.07	15:38:00	3992.93500	3993.01500	3989.65500	3989.65500	0.03
2025.11.07	15:39:00	3989.50500	3991.02500	3988.65500	3988.90500	0.04
2025.11.07	15:40:00	3988.88500	3990.35500	3986.48500	3990.28500	0.05
2025.11.07	15:41:00	3990.26500	3990.26500	3987.86500	3988.10500	0.04
2025.11.07	15:42:00	3988.08500	3988.49500	3986.96500	3988.09500	0.03
2025.11.07	15:43:00	3988.11500	3989.89500	3987.88500	3989.06500	0.04
2025.11.07	15:44:00	3989.44500	3989.44500	3985.61500	3986.11500	0.06
2025.11.07	15:45:00	3986.16500	3988.04500	3985.92500	3986.04500	0.05
2025.11.07	15:46:00	3986.08500	3987.20500	3983.85500	3986.68500	0.08
2025.11.07	15:47:00	3986.65500	3988.72500	3985.41500	3988.49500	0.06
2025.11.07	15:48:00	3988.55500	3989.37500	3987.84500	3989.31500	0.06
2025.11.07	15:49:00	3989.34500	3991.00500	3988.50500	3990.81500	0.06
2025.11.07	15:50:00	3990.81500	3992.64500	3990.08500	3990.47500	0.07
2025.11.07	15:51:00	3990.44500	3991.83500	3989.57500	3991.23500	0.04
2025.11.07	15:52:00	3991.26500	3992.13500	3990.49500	3990.58500	0.04
2025.11.07	15:53:00	3990.55500	3991.44500	3990.11500	3990.18500	0.03
2025.11.07	15:54:00	3990.15500	3992.03500	3990.14500	3991.50500	0.03
2025.11.07	15:55:00	3991.63500	3992.03500	3990.17500	3990.76500	0.03
2025.11.07	15:56:00	3990.79500	3991.61500	3990.38500	3991.07500	0.03
2025.11.07	15:57:00	3991.04500	3991.55500	3990.16500	3991.22500	0.03
2025.11.07	15:58:00	3991.20500	3991.69500	3990.84500	3991.31500	0.02
2025.11.07	15:59:00	3991.38500	3991.54500	3990.74500	3990.77500	0.03
2025.11.07	16:00:00	3990.77500	3991.33500	3990.23500	3990.23500	0.04
2025.11.07	16:01:00	3990.25500	3992.21500	3989.78500	3991.87500	0.04
2025.11.07	16:02:00	3991.87500	3992.48500	3990.73500	3991.76500	0.04
2025.11.07	16:03:00	3991.76500	3993.96500	3991.12500	3993.90500	0.03
2025.11.07	16:04:00	3993.93500	3995.09500	3993.74500	3994.83500	0.04
2025.11.07	16:05:00	3994.86500	3996.72500	3993.99500	3995.93500	0.04
2025.11.07	16:06:00	3996.16500	3996.78500	3994.83500	3994.83500	0.04
2025.11.07	16:07:00	3994.89500	3996.48500	3994.23500	3996.36500	0.04
2025.11.07	16:08:00	3996.32500	3997.17500	3995.95500	3996.59500	0.04
2025.11.07	16:09:00	3996.56500	3998.01500	3996.56500	3997.56500	0.04
2025.11.07	16:10:00	3997.56500	4000.47500	3997.53500	3997.94500	0.05
2025.11.07	16:11:00	3998.00500	3998.73500	3997.37500	3998.36500	0.04
2025.11.07	16:12:00	3998.36500	3999.36500	3998.24500	3998.29500	0.05
2025.11.07	16:13:00	3998.27500	4000.42500	3997.50500	3999.72500	0.06
2025.11.07	16:14:00	3999.68500	3999.96500	3998.56500	3999.16500	0.04
2025.11.07	16:15:00	3999.20500	3999.27500	3997.45500	3998.13500	0.04
2025.11.07	16:16:00	3998.10500	3998.34500	3997.23500	3997.52500	0.03
2025.11.07	16:17:00	3997.49500	3997.87500	3995.79500	3995.89500	0.03
2025.11.07	16:18:00	3995.93500	3997.59500	3995.82500	3997.30500	0.04
2025.11.07	16:19:00	3997.35500	3997.65500	3996.02500	3996.07500	0.03
2025.11.07	16:20:00	3996.05500	3997.64500	3995.31500	3997.12500	0.03
2025.11.07	16:21:00	3997.16500	3999.58500	3997.03500	3999.40500	0.03
2025.11.07	16:22:00	3999.45500	4001.80500	3999.34500	4001.47500	0.05
2025.11.07	16:23:00	4001.37500	4003.35500	4000.96500	4002.91500	0.05
2025.11.07	16:24:00	4002.93500	4005.47500	4002.93500	4004.91500	0.05
2025.11.07	16:25:00	4005.04500	4008.09500	4005.04500	4008.09500	0.04
2025.11.07	16:26:00	4008.05500	4009.09500	4006.22500	4007.04500	0.06
2025.11.07	16:27:00	4007.08500	4007.88500	4006.59500	4007.12500	0.05
2025.11.07	16:28:00	4007.12500	4007.81500	4006.54500	4006.55500	0.04
2025.11.07	16:29:00	4006.55500	4008.05800	4006.36500	4007.71500	0.03
2025.11.07	16:30:00	4007.72500	4011.30500	4007.66500	4010.91500	0.04
2025.11.07	16:31:00	4010.87500	4015.22500	4010.05500	4013.80500	0.06
2025.11.07	16:32:00	4013.77500	4014.26500	4011.84500	4012.19800	0.06
2025.11.07	16:33:00	4012.19800	4014.19800	4012.19800	4013.63500	0.06
2025.11.07	16:34:00	4013.60500	4017.96500	4012.62500	4017.77500	0.05
2025.11.07	16:35:00	4017.79500	4019.96800	4015.24500	4018.05500	0.07
2025.11.07	16:36:00	4017.95500	4022.30500	4017.31500	4020.86500	0.06
2025.11.07	16:37:00	4020.82500	4024.45500	4020.60800	4023.01500	0.07
2025.11.07	16:38:00	4023.04500	4026.65500	4022.68500	4025.32500	0.06
2025.11.07	16:39:00	4025.17500	4027.08500	4024.41500	4025.55500	0.05
2025.11.07	16:40:00	4025.79500	4027.22500	4024.58500	4025.51500	0.05
2025.11.07	16:41:00	4025.69500	4027.20500	4021.74500	4022.78500	0.08
2025.11.07	16:42:00	4022.80500	4023.84500	4018.48500	4018.50500	0.06
2025.11.07	16:43:00	4018.57500	4021.54500	4017.57500	4019.79500	0.05
2025.11.07	16:44:00	4019.69500	4020.51500	4018.76500	4020.49500	0.04
2025.11.07	16:45:00	4020.53500	4021.87500	4018.78500	4019.09500	0.05
2025.11.07	16:46:00	4019.10500	4019.50500	4014.15500	4015.68500	0.06
2025.11.07	16:47:00	4015.93500	4018.64500	4015.93500	4018.38500	0.04
2025.11.07	16:48:00	4018.36500	4019.64500	4018.32500	4019.19500	0.04
2025.11.07	16:49:00	4019.20500	4019.38500	4017.71500	4018.77500	0.05
2025.11.07	16:50:00	4018.80500	4019.04500	4015.90500	4016.72500	0.08
2025.11.07	16:51:00	4016.72500	4017.46500	4015.29500	4017.28500	0.08
2025.11.07	16:52:00	4017.29500	4017.75500	4016.06500	4016.66500	0.06
2025.11.07	16:53:00	4016.58500	4016.85500	4014.62500	4014.89500	0.05
2025.11.07	16:54:00	4014.81500	4015.73500	4012.75500	4013.41500	0.13
2025.11.07	16:55:00	4013.55500	4013.55500	4009.52500	4010.88500	0.10
2025.11.07	16:56:00	4010.91500	4012.47500	4009.90500	4011.21500	0.07
2025.11.07	16:57:00	4011.13500	4011.21500	4009.55500	4010.52500	0.08
2025.11.07	16:58:00	4010.54500	4010.54500	4006.78500	4007.13500	0.09
2025.11.07	16:59:00	4007.16500	4008.81500	4005.92500	4007.58500	0.12
2025.11.07	17:00:00	4007.62500	4009.54500	4005.21500	4006.79500	0.10
2025.11.07	17:01:00	4006.77500	4007.54500	4003.36500	4007.02500	0.10
2025.11.07	17:02:00	4007.11500	4009.27500	4005.59500	4009.09500	0.09
2025.11.07	17:03:00	4008.98500	4009.51500	4007.20500	4007.86500	0.09
2025.11.07	17:04:00	4007.84500	4008.19500	4003.71500	4004.61500	0.10
2025.11.07	17:05:00	4004.55500	4005.37500	4000.80500	4003.27500	0.11
2025.11.07	17:06:00	4003.23500	4003.31500	3996.85500	3997.20500	0.12
2025.11.07	17:07:00	3997.17500	3998.95500	3994.98500	3997.96500	0.13
2025.11.07	17:08:00	3997.99500	3999.50500	3997.43500	3999.50500	0.11
2025.11.07	17:09:00	3999.48500	4001.56500	3998.64800	4000.63500	0.11
2025.11.07	17:10:00	4000.72500	4000.76500	3997.87500	4000.55500	0.10
2025.11.07	17:11:00	4000.49500	4000.83500	3998.28500	3999.65500	0.10
2025.11.07	17:12:00	3999.64500	3999.71500	3996.40500	3999.20500	0.10
2025.11.07	17:13:00	3999.21500	4000.10500	3996.26500	3999.40500	0.11
2025.11.07	17:14:00	3999.20500	4001.50500	3999.05500	3999.57500	0.09
2025.11.07	17:15:00	3999.59500	4000.94500	3996.95500	3996.95500	0.08
2025.11.07	17:16:00	3996.91500	3999.83500	3996.91500	3999.09500	0.08
2025.11.07	17:17:00	3999.02500	3999.14500	3995.20500	3996.57500	0.09
2025.11.07	17:18:00	3996.59500	3997.12500	3992.16500	3995.08500	0.11
2025.11.07	17:19:00	3995.10500	3995.36500	3992.81500	3994.99500	0.06
2025.11.07	17:20:00	3994.95500	3995.88500	3992.99500	3994.24500	0.05
2025.11.07	17:21:00	3994.30500	3997.13500	3993.95500	3996.95500	0.04
2025.11.07	17:22:00	3996.92500	3996.97500	3994.79500	3995.02500	0.05
2025.11.07	17:23:00	3995.05500	3996.44500	3994.80500	3995.87500	0.04
2025.11.07	17:24:00	3995.84500	3995.84500	3992.40500	3993.92500	0.04
2025.11.07	17:25:00	3993.98500	3997.25500	3993.64500	3996.74500	0.04
2025.11.07	17:26:00	3997.13500	3999.18500	3996.95500	3997.65500	0.05
2025.11.07	17:27:00	3997.20500	3998.94500	3996.73500	3997.94500	0.04
2025.11.07	17:28:00	3997.91500	3998.10500	3996.06500	3997.35500	0.04
2025.11.07	17:29:00	3997.32500	3998.30500	3996.84500	3997.64500	0.03
2025.11.07	17:30:00	3997.60500	3997.60500	3995.11500	3996.06500	0.03
2025.11.07	17:31:00	3995.89500	3996.74500	3994.52500	3996.37500	0.03
2025.11.07	17:32:00	3996.15500	3997.94500	3996.02500	3996.46500	0.02
2025.11.07	17:33:00	3996.44500	3997.18500	3995.58500	3996.63500	0.03
2025.11.07	17:34:00	3996.70500	3996.72500	3993.81500	3994.12500	0.03
2025.11.07	17:35:00	3994.09500	3996.76500	3993.90500	3995.56500	0.04
2025.11.07	17:36:00	3995.55500	3997.15500	3995.39500	3996.83500	0.02
2025.11.07	17:37:00	3996.78500	3998.09500	3996.17500	3998.02500	0.02
2025.11.07	17:38:00	3998.02500	3998.02500	3995.49500	3996.28500	0.06
2025.11.07	17:39:00	3996.14500	3998.44500	3995.55500	3997.97500	0.07
2025.11.07	17:40:00	3998.02500	3999.24500	3997.77500	3999.16500	0.09
2025.11.07	17:41:00	3999.13500	3999.29500	3996.78500	3997.23500	0.07
2025.11.07	17:42:00	3997.22500	3998.49500	3996.74500	3998.49500	0.05
2025.11.07	17:43:00	3998.42500	3998.76500	3997.62500	3998.69500	0.04
2025.11.07	17:44:00	3998.68500	3999.08500	3998.12500	3998.66500	0.03
2025.11.07	17:45:00	3998.59500	3999.74500	3998.40500	3999.17500	0.04
2025.11.07	17:46:00	3998.99500	3999.63500	3998.40500	3999.40500	0.03
2025.11.07	17:47:00	3999.44500	4000.50500	3999.11500	4000.50500	0.04
2025.11.07	17:48:00	4000.47500	4000.50500	3997.40500	3997.83500	0.04
2025.11.07	17:49:00	3997.81500	3999.15500	3996.91500	3997.30500	0.03
2025.11.07	17:50:00	3997.32500	3998.40500	3996.95500	3997.87500	0.04
2025.11.07	17:51:00	3997.82500	4000.12500	3997.14500	3999.62500	0.04
2025.11.07	17:52:00	3999.69500	3999.69500	3998.33500	3998.57500	0.03
2025.11.07	17:53:00	3998.57500	4000.60500	3998.44500	4000.01500	0.04
2025.11.07	17:54:00	3999.98500	4001.50500	3999.98500	4001.45500	0.04
2025.11.07	17:55:00	4001.47500	4004.13500	4001.20500	4003.24500	0.05
2025.11.07	17:56:00	4003.44500	4004.08500	4002.48800	4003.47500	0.05
2025.11.07	17:57:00	4003.43500	4006.06500	4002.49500	4005.70500	0.05
2025.11.07	17:58:00	4005.73500	4006.27500	4004.40500	4005.43500	0.04
2025.11.07	17:59:00	4005.47500	4005.70500	4004.54500	4005.24500	0.04
2025.11.07	18:00:00	4005.38500	4008.98500	4005.38500	4007.73500	0.05
2025.11.07	18:01:00	4007.73500	4008.08500	4006.43500	4007.82500	0.03
2025.11.07	18:02:00	4007.79500	4008.60500	4007.54500	4007.94500	0.03
2025.11.07	18:03:00	4007.90500	4007.98500	4006.60500	4007.16500	0.03
2025.11.07	18:04:00	4007.13500	4007.14500	4004.84500	4005.71500	0.03
2025.11.07	18:05:00	4005.75500	4005.95500	4003.66500	4003.91500	0.04
2025.11.07	18:06:00	4003.97500	4004.46500	4002.89500	4003.93500	0.03
2025.11.07	18:07:00	4003.96500	4005.55500	4003.63500	4004.90500	0.02
2025.11.07	18:08:00	4004.88500	4006.37500	4004.86500	4006.37500	0.03
2025.11.07	18:09:00	4006.29500	4006.39500	4004.55500	4004.75500	0.02
2025.11.07	18:10:00	4004.73500	4005.86500	4004.31500	4005.03500	0.03
2025.11.07	18:11:00	4005.15500	4006.00500	4004.27500	4005.89500	0.03
2025.11.07	18:12:00	4005.92500	4005.92500	4004.57500	4004.61500	0.03
2025.11.07	18:13:00	4004.62500	4005.55500	4004.34500	4004.89500	0.03
2025.11.07	18:14:00	4004.67500	4005.26500	4003.82500	4004.57500	0.04
2025.11.07	18:15:00	4004.61500	4005.08500	4004.01500	4004.65500	0.04
2025.11.07	18:16:00	4004.69500	4006.19800	4004.26500	4005.89800	0.04
2025.11.07	18:17:00	4005.89500	4005.89500	4004.01500	4004.01500	0.03
2025.11.07	18:18:00	4003.99500	4005.07500	4003.81500	4004.79500	0.03
2025.11.07	18:19:00	4004.79500	4005.66500	4003.99500	4004.21500	0.03
2025.11.07	18:20:00	4004.18500	4004.37500	4001.98500	4002.14500	0.03
2025.11.07	18:21:00	4002.12500	4002.66500	3999.36500	4000.50500	0.07
2025.11.07	18:22:00	4000.52500	4001.85500	3999.87500	4001.83500	0.04
2025.11.07	18:23:00	4001.83500	4003.98500	4001.64500	4003.98500	0.03
2025.11.07	18:24:00	4004.00500	4004.29500	4002.57500	4002.71500	0.04
2025.11.07	18:25:00	4002.74500	4005.08500	4002.71500	4004.31500	0.04
2025.11.07	18:26:00	4004.34500	4004.90500	4003.36500	4004.90500	0.03
2025.11.07	18:27:00	4004.90500	4004.90500	4003.53500	4003.53500	0.03
2025.11.07	18:28:00	4003.95500	4004.12500	4001.53500	4002.08500	0.05
2025.11.07	18:29:00	4002.11500	4002.88500	4001.70500	4002.52500	0.08
2025.11.07	18:30:00	4002.49500	4005.31500	4002.37500	4005.05500	0.05
2025.11.07	18:31:00	4005.08500	4007.04500	4004.85500	4006.60500	0.04
2025.11.07	18:32:00	4006.62500	4006.62500	4004.79500	4005.14500	0.02
2025.11.07	18:33:00	4005.10500	4005.16500	4003.68500	4003.98500	0.02
2025.11.07	18:34:00	4003.96500	4004.78500	4003.51500	4004.16500	0.02
2025.11.07	18:35:00	4003.93500	4004.59500	4003.27500	4004.49500	0.02
2025.11.07	18:36:00	4004.47500	4004.56500	4003.32500	4003.42500	0.02
2025.11.07	18:37:00	4003.01500	4003.73500	4002.53500	4002.85500	0.02
2025.11.07	18:38:00	4002.82500	4002.87500	4001.53500	4001.92500	0.02
2025.11.07	18:39:00	4001.90500	4004.79500	4001.78500	4004.77500	0.02
2025.11.07	18:40:00	4004.67500	4005.73500	4004.49800	4005.66500	0.02
2025.11.07	18:41:00	4005.62500	4006.02500	4005.51500	4005.90500	0.02
2025.11.07	18:42:00	4005.92500	4006.55500	4005.37500	4005.42500	0.03
2025.11.07	18:43:00	4005.44500	4006.16500	4005.02500	4006.04500	0.03
2025.11.07	18:44:00	4006.07500	4006.81500	4005.90500	4006.01500	0.04
2025.11.07	18:45:00	4005.94500	4006.22500	4005.35500	4005.49500	0.04
2025.11.07	18:46:00	4005.51500	4006.65500	4005.51500	4006.14500	0.04
2025.11.07	18:47:00	4006.17500	4006.91500	4004.13500	4004.28500	0.04
2025.11.07	18:48:00	4004.31500	4005.53500	4004.13500	4004.74500	0.03
2025.11.07	18:49:00	4004.81500	4005.10500	4004.26500	4004.89500	0.03
2025.11.07	18:50:00	4004.87500	4006.44500	4004.87500	4005.42500	0.03
2025.11.07	18:51:00	4005.39500	4006.17500	4004.49500	4004.50500	0.02
2025.11.07	18:52:00	4004.48500	4005.58500	4003.83500	4005.10500	0.04
2025.11.07	18:53:00	4005.08500	4005.77500	4004.83500	4005.70500	0.03
2025.11.07	18:54:00	4005.72500	4005.95500	4004.93500	4005.95500	0.03
2025.11.07	18:55:00	4006.03500	4007.24500	4006.03500	4006.90500	0.04
2025.11.07	18:56:00	4006.89800	4006.94500	4005.57500	4005.69500	0.03
2025.11.07	18:57:00	4005.72500	4005.96500	4004.80500	4004.80500	0.03
2025.11.07	18:58:00	4004.82500	4006.59500	4004.82500	4006.48500	0.04
2025.11.07	18:59:00	4006.48500	4006.79500	4004.91500	4005.43500	0.04
2025.11.07	19:00:00	4005.39500	4005.80500	4003.27500	4005.08500	0.04
2025.11.07	19:01:00	4005.11500	4007.10500	4005.05500	4006.94500	0.03
2025.11.07	19:02:00	4006.98500	4008.02500	4006.06500	4006.81500	0.03
2025.11.07	19:03:00	4006.85500	4008.79500	4006.66500	4008.48500	0.03
2025.11.07	19:04:00	4008.10900	4008.48500	4006.42500	4006.42500	0.02
2025.11.07	19:05:00	4006.44500	4007.41500	4005.96500	4006.96500	0.02
2025.11.07	19:06:00	4007.01500	4008.50500	4006.91500	4007.50500	0.02
2025.11.07	19:07:00	4007.48500	4007.69500	4006.83500	4006.86500	0.02
2025.11.07	19:08:00	4006.84500	4007.68500	4006.75500	4007.31500	0.02
2025.11.07	19:09:00	4007.31500	4007.85500	4006.87500	4006.87500	0.02
2025.11.07	19:10:00	4006.76500	4007.36500	4005.84500	4006.71500	0.03
2025.11.07	19:11:00	4006.67500	4006.78500	4005.10500	4005.32500	0.03
2025.11.07	19:12:00	4005.34500	4006.98500	4005.22500	4006.93500	0.03
2025.11.07	19:13:00	4006.89500	4007.32500	4006.63500	4006.87500	0.03
2025.11.07	19:14:00	4006.95500	4008.20500	4006.95500	4007.72500	0.03
2025.11.07	19:15:00	4007.72500	4007.78500	4006.86500	4007.56500	0.04
2025.11.07	19:16:00	4007.66500	4008.23500	4007.28500	4007.94500	0.04
2025.11.07	19:17:00	4007.96500	4008.48500	4007.90500	4007.92500	0.04
2025.11.07	19:18:00	4007.97500	4008.13500	4007.49500	4007.87500	0.04
2025.11.07	19:19:00	4007.90500	4007.92500	4006.30500	4006.42500	0.05
2025.11.07	19:20:00	4006.50500	4007.83500	4006.50500	4007.37500	0.04
2025.11.07	19:21:00	4007.34800	4007.48500	4006.66500	4007.12500	0.03
2025.11.07	19:22:00	4007.17500	4007.30500	4006.26500	4006.55500	0.02
2025.11.07	19:23:00	4006.55500	4006.81500	4005.24500	4005.30500	0.03
2025.11.07	19:24:00	4005.28500	4006.62500	4005.28500	4006.62500	0.03
2025.11.07	19:25:00	4006.65500	4007.40500	4006.40500	4006.59500	0.03
2025.11.07	19:26:00	4006.64800	4007.09800	4006.39800	4006.99800	0.02
2025.11.07	19:27:00	4007.01500	4007.08500	4006.30500	4006.97500	0.03
2025.11.07	19:28:00	4006.99500	4007.14800	4006.76500	4006.84800	0.02
2025.11.07	19:29:00	4006.86500	4006.86500	4005.64800	4006.18500	0.03
2025.11.07	19:30:00	4006.18500	4007.34800	4006.18500	4007.24800	0.04
2025.11.07	19:31:00	4007.24800	4007.92500	4007.03500	4007.90500	0.03
2025.11.07	19:32:00	4007.90500	4007.92500	4007.04500	4007.49500	0.03
2025.11.07	19:33:00	4007.52500	4007.87500	4006.84500	4006.90500	0.04
2025.11.07	19:34:00	4006.87500	4006.94500	4005.64500	4005.99500	0.03
2025.11.07	19:35:00	4005.98500	4005.99500	4003.38500	4003.53500	0.04
2025.11.07	19:36:00	4003.55500	4004.91500	4003.53500	4003.82500	0.04
2025.11.07	19:37:00	4003.80500	4004.18500	4001.80500	4001.89500	0.04
2025.11.07	19:38:00	4001.89500	4003.96500	4001.89500	4003.00500	0.03
2025.11.07	19:39:00	4003.03500	4005.95500	4003.03500	4005.77500	0.04
2025.11.07	19:40:00	4005.78500	4007.28500	4005.78500	4007.25500	0.04
2025.11.07	19:41:00	4007.25500	4007.33500	4004.55500	4004.82500	0.05
2025.11.07	19:42:00	4004.78500	4005.29500	4002.77500	4002.99500	0.04
2025.11.07	19:43:00	4003.01500	4003.87500	4002.68500	4003.69500	0.03
2025.11.07	19:44:00	4003.70500	4003.98500	4002.84500	4002.86500	0.04
2025.11.07	19:45:00	4002.82500	4003.18500	4001.55500	4002.20500	0.04
2025.11.07	19:46:00	4002.03500	4003.89500	4001.83500	4003.78500	0.03
2025.11.07	19:47:00	4003.76500	4005.05500	4003.18500	4004.22500	0.05
2025.11.07	19:48:00	4004.25500	4005.00500	4003.67500	4004.89500	0.04
2025.11.07	19:49:00	4004.92500	4004.92500	4003.63500	4003.93500	0.03
2025.11.07	19:50:00	4003.95500	4006.07500	4003.69500	4005.66500	0.03
2025.11.07	19:51:00	4005.79500	4006.24800	4004.84500	4005.11500	0.03
2025.11.07	19:52:00	4005.10500	4007.22500	4005.06500	4006.80500	0.03
2025.11.07	19:53:00	4006.89500	4007.97500	4006.36500	4007.49500	0.03
2025.11.07	19:54:00	4007.51500	4007.75500	4007.27500	4007.52500	0.03
2025.11.07	19:55:00	4007.53500	4007.60500	4005.99500	4006.05500	0.05
2025.11.07	19:56:00	4006.09500	4006.83500	4005.89500	4006.38500	0.05
2025.11.07	19:57:00	4006.37500	4006.62500	4005.97500	4006.62500	0.05
2025.11.07	19:58:00	4006.65500	4007.39500	4006.39500	4006.56500	0.05
2025.11.07	19:59:00	4006.58500	4007.03500	4006.31500	4006.50500	0.02
2025.11.07	20:00:00	4006.42900	4006.42900	4004.46500	4005.00500	0.03
2025.11.07	20:01:00	4005.02500	4005.40500	4003.49500	4003.99500	0.03
2025.11.07	20:02:00	4004.18500	4006.49500	4004.15500	4006.45500	0.03
2025.11.07	20:03:00	4006.47500	4006.66500	4004.74800	4004.84800	0.03
2025.11.07	20:04:00	4004.77500	4006.35500	4004.59500	4005.37500	0.04
2025.11.07	20:05:00	4005.35500	4005.92500	4004.94500	4005.50500	0.04
2025.11.07	20:06:00	4005.63500	4005.83500	4004.94800	4005.02500	0.03
2025.11.07	20:07:00	4005.05500	4005.71500	4004.19500	4004.54500	0.06
2025.11.07	20:08:00	4004.56500	4005.30500	4003.89500	4005.30500	0.04
2025.11.07	20:09:00	4005.33500	4005.57500	4004.31500	4004.64500	0.03
2025.11.07	20:10:00	4004.69500	4005.15500	4003.38500	4003.46500	0.03
2025.11.07	20:11:00	4004.06500	4005.12500	4004.06500	4005.10500	0.02
2025.11.07	20:12:00	4005.08500	4005.24800	4004.50500	4005.07500	0.02
2025.11.07	20:13:00	4005.09500	4005.44800	4004.64800	4004.64800	0.02
2025.11.07	20:14:00	4004.74800	4004.84800	4004.39500	4004.84800	0.03
2025.11.07	20:15:00	4004.85500	4005.14800	4003.79800	4004.34500	0.04
2025.11.07	20:16:00	4004.30500	4004.47500	4002.32500	4002.82500	0.05
2025.11.07	20:17:00	4002.84500	4003.09800	4000.54500	4000.70500	0.06
2025.11.07	20:18:00	4000.79800	4000.90500	3996.59500	3996.80500	0.05
2025.11.07	20:19:00	3996.77500	3998.24500	3995.73500	3998.04500	0.05
2025.11.07	20:20:00	3998.43500	3998.73500	3996.16500	3996.20500	0.05
2025.11.07	20:21:00	3996.17500	3997.10500	3994.69500	3996.51500	0.04
2025.11.07	20:22:00	3996.54500	3997.13500	3996.07500	3996.68500	0.03
2025.11.07	20:23:00	3996.71500	3996.81500	3995.50500	3996.60500	0.02
2025.11.07	20:24:00	3996.57500	3996.87500	3995.40500	3996.11500	0.02
2025.11.07	20:25:00	3996.14500	3996.44500	3994.68500	3994.74500	0.02
2025.11.07	20:26:00	3994.76500	3995.66500	3994.24500	3995.42500	0.03
2025.11.07	20:27:00	3995.39500	3997.78500	3995.13500	3997.74500	0.02
2025.11.07	20:28:00	3997.74500	3998.74500	3997.37500	3998.59500	0.02
2025.11.07	20:29:00	3998.55500	3999.38500	3998.10500	3998.27500	0.03
2025.11.07	20:30:00	3998.25500	3999.98500	3998.21500	3999.05500	0.04
2025.11.07	20:31:00	3999.08500	3999.21500	3997.95500	3998.70500	0.02
2025.11.07	20:32:00	3998.70500	3999.13500	3997.97500	3998.73500	0.02
2025.11.07	20:33:00	3998.38500	3998.56500	3997.09500	3997.42500	0.03
2025.11.07	20:34:00	3997.46500	3998.59500	3997.32500	3997.43500	0.02
2025.11.07	20:35:00	3997.43500	3998.73500	3997.33500	3998.25500	0.02
2025.11.07	20:36:00	3998.23500	4000.41500	3998.20500	4000.38500	0.03
2025.11.07	20:37:00	4000.35500	4000.54500	3999.51500	3999.82500	0.02
2025.11.07	20:38:00	3999.79500	4000.61500	3999.47500	4000.12500	0.03
2025.11.07	20:39:00	4000.12500	4002.79500	4000.12500	4002.42500	0.03
2025.11.07	20:40:00	4002.46500	4003.69500	4002.46500	4002.87500	0.04
2025.11.07	20:41:00	4002.90500	4003.56500	4000.76500	4001.22500	0.05
2025.11.07	20:42:00	4001.20500	4001.77500	4000.59500	4000.79500	0.03
2025.11.07	20:43:00	4000.98500	4001.91500	4000.58500	4001.78500	0.03
2025.11.07	20:44:00	4001.76500	4001.78500	4000.81500	4000.90500	0.03
2025.11.07	20:45:00	4000.86500	4001.31500	3999.98500	3999.99500	0.03
2025.11.07	20:46:00	3999.97500	4000.73500	3999.81500	4000.42500	0.03
2025.11.07	20:47:00	4000.46500	4001.18500	4000.30500	4000.55500	0.03
2025.11.07	20:48:00	4000.59500	4000.94500	3999.55500	3999.58500	0.02
2025.11.07	20:49:00	3999.61500	4000.58500	3999.14500	3999.19500	0.03
2025.11.07	20:50:00	3999.28500	4000.87500	3998.90500	4000.58500	0.03
2025.11.07	20:51:00	4000.61500	4001.14500	4000.33500	4000.82500	0.03
2025.11.07	20:52:00	4000.84500	4000.95500	4000.05500	4000.31500	0.02
2025.11.07	20:53:00	4000.31500	4000.68500	3999.61500	3999.97500	0.03
2025.11.07	20:54:00	3999.91500	4001.15500	3999.91500	4001.11500	0.03
2025.11.07	20:55:00	4001.09500	4002.27500	4000.44500	4002.25500	0.04
2025.11.07	20:56:00	4002.25500	4003.16500	4002.17500	4003.16500	0.03
2025.11.07	20:57:00	4003.14500	4004.39500	4002.99500	4004.23500	0.03
2025.11.07	20:58:00	4004.26500	4005.61500	4003.78500	4005.01500	0.04
2025.11.07	20:59:00	4004.93500	4004.93500	4003.64500	4003.86500	0.02
2025.11.07	21:00:00	4003.64500	4004.86500	4003.51900	4004.54500	0.01
2025.11.07	21:01:00	4004.52500	4004.52500	4003.28500	4003.88500	0.01
2025.11.07	21:02:00	4003.90500	4004.63500	4003.64500	4004.30500	0.01
2025.11.07	21:03:00	4004.30500	4004.95500	4004.00500	4004.64500	0.01
2025.11.07	21:04:00	4004.60500	4004.77500	4004.31500	4004.44500	0.01
2025.11.07	21:05:00	4004.30500	4004.65500	4003.30500	4003.43500	0.01
2025.11.07	21:06:00	4003.47500	4004.22500	4003.20500	4003.98500	0.01
2025.11.07	21:07:00	4003.95500	4003.95500	4003.05500	4003.43500	0.01
2025.11.07	21:08:00	4003.40500	4003.72500	4002.69500	4003.72500	0.01
2025.11.07	21:09:00	4003.70500	4004.10500	4003.37500	4003.95500	0.01
2025.11.07	21:10:00	4003.97500	4004.14500	4002.79500	4002.87500	0.00
2025.11.07	21:11:00	4002.89500	4003.10500	4002.73500	4002.93500	0.00
2025.11.07	21:12:00	4002.96500	4003.10500	4002.87500	4002.90500	0.00
2025.11.07	21:13:00	4002.94500	4003.10500	4002.91500	4002.94500	0.00
2025.11.07	21:14:00	4002.90500	4002.97500	4002.40500	4002.52500	0.01
2025.11.07	21:15:00	4002.54500	4002.78500	4002.31500	4002.31500	0.01
2025.11.07	21:16:00	4002.34500	4002.40500	4001.92500	4002.01500	0.00
2025.11.07	21:17:00	4002.06500	4002.37500	4002.03500	4002.25500	0.00
2025.11.07	21:18:00	4002.27500	4002.52500	4002.27500	4002.46500	0.00
2025.11.07	21:19:00	4002.49500	4002.49500	4001.57500	4001.72500	0.00
2025.11.07	21:20:00	4001.76500	4001.81500	4000.91500	4001.26500	0.01
2025.11.07	21:21:00	4001.28500	4001.40500	4000.98500	4001.40500	0.00
2025.11.07	21:22:00	4001.42500	4001.49500	4001.08500	4001.46500	0.01
2025.11.07	21:23:00	4001.44500	4001.55500	4001.18500	4001.24500	0.00
2025.11.07	21:24:00	4001.22500	4001.43500	4001.20500	4001.43500	0.00
2025.11.07	21:25:00	4001.45500	4002.37500	4001.45500	4002.22500	0.00
2025.11.07	21:26:00	4002.16500	4002.33500	4002.02500	4002.33500	0.00
2025.11.07	21:27:00	4002.35500	4002.35500	4001.79500	4001.90500	0.00
2025.11.07	21:28:00	4001.84500	4001.87500	4001.22500	4001.33500	0.00
2025.11.07	21:29:00	4001.38500	4001.72500	4000.95500	4001.69500	0.01
2025.11.07	21:30:00	4001.71500	4002.22500	4001.32500	4001.75500	0.01
2025.11.07	21:31:00	4001.71500	4002.06500	4001.54500	4001.64500	0.00
2025.11.07	21:32:00	4001.62500	4001.62500	4000.37500	4000.49500	0.00
2025.11.07	21:33:00	4000.50500	4000.54500	4000.24500	4000.24500	0.00
2025.11.07	21:34:00	4000.22500	4000.48500	4000.22500	4000.31500	0.00
2025.11.07	21:35:00	4000.35500	4000.45500	3999.86500	4000.02500	0.00
2025.11.07	21:36:00	3999.99500	3999.99500	3999.75800	3999.87500	0.00
2025.11.07	21:37:00	3999.86500	3999.88500	3999.70800	3999.75800	0.00
2025.11.07	21:38:00	3999.75800	3999.75800	3999.24500	3999.30500	0.01
2025.11.07	21:39:00	3999.22500	3999.34500	3998.98500	3999.11500	0.00
2025.11.07	21:40:00	3999.14500	3999.21500	3998.87500	3998.97500	0.00
2025.11.07	21:41:00	3998.95500	3999.43500	3998.91500	3999.32500	0.00
2025.11.07	21:42:00	3999.28500	3999.74500	3999.28500	3999.59500	0.00
2025.11.07	21:43:00	3999.57500	3999.95500	3999.32500	3999.35500	0.00
2025.11.07	21:44:00	3999.34500	3999.81500	3999.08500	3999.64800	0.02
2025.11.07	21:45:00	3999.76500	3999.76500	3998.57500	3998.88500	0.05
2025.11.07	21:46:00	3998.88500	3999.15500	3998.16500	3999.15500	0.03
2025.11.07	21:47:00	3999.17500	3999.17500	3998.56500	3998.64500	0.02
2025.11.07	21:48:00	3998.63500	3998.89500	3998.56500	3998.75500	0.02
2025.11.07	21:49:00	3998.79800	3999.62500	3998.79500	3999.15500	0.02
2025.11.07	21:50:00	3999.15500	4000.58500	3999.10500	4000.58500	0.04
2025.11.07	21:51:00	4000.58500	4001.65500	4000.16500	4000.49500	0.04
2025.11.07	21:52:00	4000.46500	4001.13500	4000.37500	4001.09500	0.02
2025.11.07	21:53:00	4000.93500	4001.33500	4000.74800	4001.33500	0.02
2025.11.07	21:54:00	4001.41500	4001.84500	4000.87500	4001.20500	0.02
2025.11.07	21:55:00	4000.94500	4001.94500	4000.59800	4001.84500	0.02
2025.11.07	21:56:00	4001.83500	4001.84500	4000.04800	4000.52500	0.02
2025.11.07	21:57:00	4000.50500	4001.14500	4000.34800	4000.89800	0.01
2025.11.07	21:58:00	4000.99800	4000.99800	4000.50500	4000.50500	0.01
2025.11.07	21:59:00	4000.59800	4000.59800	3999.90500	4000.28900	0.03
2025.11.09	23:00:00	3997.89800	4000.44800	3996.69800	3998.79500	0.04
2025.11.09	23:01:00	3998.19800	4006.69800	3997.89800	4005.72500	0.05
2025.11.09	23:02:00	4005.69800	4009.99800	4005.65500	4008.29800	0.03
2025.11.09	23:03:00	4008.49800	4008.99800	4005.02500	4006.59800	0.03
2025.11.09	23:04:00	4006.89800	4007.24800	4004.29800	4005.64800	0.02
2025.11.09	23:05:00	4005.64800	4006.63500	4004.29800	4005.04800	0.02
2025.11.09	23:06:00	4005.07500	4008.31500	4005.04800	4008.25500	0.02
2025.11.09	23:07:00	4008.20500	4009.34800	4007.74800	4009.14800	0.02
2025.11.09	23:08:00	4009.44800	4009.64800	4007.64800	4007.74800	0.02
2025.11.09	23:09:00	4007.84800	4009.84800	4007.60500	4008.79800	0.01
2025.11.09	23:10:00	4008.89800	4009.14800	4007.54800	4008.34800	0.02
2025.11.09	23:11:00	4008.34800	4009.39800	4007.71500	4009.29800	0.02
2025.11.09	23:12:00	4009.39800	4009.49800	4007.79500	4008.69800	0.01
2025.11.09	23:13:00	4008.74500	4010.40500	4008.74500	4010.30500	0.01
2025.11.09	23:14:00	4010.31500	4011.24500	4010.24800	4010.51500	0.02
2025.11.09	23:15:00	4010.46500	4011.18500	4008.67500	4008.67500	0.02
2025.11.09	23:16:00	4008.66500	4008.81500	4007.14500	4007.97500	0.02
2025.11.09	23:17:00	4007.96500	4010.13500	4007.47500	4007.57500	0.02
2025.11.09	23:18:00	4007.56500	4007.77500	4005.56500	4006.34500	0.02
2025.11.09	23:19:00	4006.32500	4006.72500	4004.54500	4006.42500	0.03
2025.11.09	23:20:00	4006.58500	4008.90500	4006.54800	4007.80500	0.02
2025.11.09	23:21:00	4007.84500	4009.97500	4007.84500	4009.39500	0.02
2025.11.09	23:22:00	4009.42500	4009.86500	4008.39500	4009.42500	0.02
2025.11.09	23:23:00	4009.38500	4010.13500	4008.91500	4009.69500	0.01
2025.11.09	23:24:00	4009.77500	4010.84500	4009.56500	4010.42500	0.01
2025.11.09	23:25:00	4010.42500	4010.56500	4008.73500	4009.65500	0.01
2025.11.09	23:26:00	4009.66500	4009.83500	4008.29500	4009.05500	0.01
2025.11.09	23:27:00	4009.03500	4009.26500	4007.70500	4007.70500	0.01
2025.11.09	23:28:00	4007.68500	4008.70500	4007.67500	4008.67500	0.01
2025.11.09	23:29:00	4008.69500	4009.54500	4008.28500	4008.28500	0.01
2025.11.09	23:30:00	4008.26500	4008.52500	4007.47900	4007.69500	0.01
2025.11.09	23:31:00	4007.68500	4008.42500	4006.85500	4007.89500	0.01
2025.11.09	23:32:00	4007.89500	4007.89500	4006.82500	4007.31500	0.01
2025.11.09	23:33:00	4007.26500	4007.84500	4005.39500	4005.93500	0.01
2025.11.09	23:34:00	4006.02500	4006.45500	4003.99800	4004.29500	0.02
2025.11.09	23:35:00	4004.25500	4004.97500	4004.05500	4004.68500	0.01
2025.11.09	23:36:00	4004.66500	4005.40500	4004.06500	4005.40500	0.01
2025.11.09	23:37:00	4005.47500	4005.99500	4004.95500	4005.30500	0.01
2025.11.09	23:38:00	4005.30500	4006.64500	4005.30500	4005.36500	0.01
2025.11.09	23:39:00	4005.37500	4006.45500	4004.55500	4005.87500	0.01
2025.11.09	23:40:00	4005.72500	4007.28500	4005.69500	4007.06500	0.01
2025.11.09	23:41:00	4007.06500	4008.12500	4006.37500	4008.12500	0.01
2025.11.09	23:42:00	4008.05500	4009.03500	4008.05500	4009.01500	0.01
2025.11.09	23:43:00	4008.93500	4008.98500	4007.29500	4007.38500	0.01
2025.11.09	23:44:00	4007.35500	4007.77500	4006.79800	4007.50500	0.01
2025.11.09	23:45:00	4007.48500	4007.64500	4006.45500	4007.11500	0.01
2025.11.09	23:46:00	4007.01500	4007.93500	4006.78500	4007.29500	0.01
2025.11.09	23:47:00	4007.18500	4007.21500	4006.74500	4006.74500	0.01
2025.11.09	23:48:00	4006.75500	4006.84500	4006.13500	4006.71500	0.01
2025.11.09	23:49:00	4006.68500	4007.08500	4006.16500	4006.69500	0.01
2025.11.09	23:50:00	4006.67500	4006.78500	4004.58500	4005.56500	0.02
2025.11.09	23:51:00	4005.60500	4007.43500	4005.55500	4007.01500	0.01
2025.11.09	23:52:00	4007.02500	4008.09500	4007.02500	4008.09500	0.01
2025.11.09	23:53:00	4008.15500	4008.38500	4005.70500	4006.95500	0.01
2025.11.09	23:54:00	4006.67500	4008.52500	4006.67500	4008.29500	0.01
2025.11.09	23:55:00	4008.32500	4008.79500	4007.79500	4008.65500	0.01
2025.11.09	23:56:00	4008.63500	4009.14500	4008.02500	4008.54500	0.01
2025.11.09	23:57:00	4008.58500	4010.18500	4007.89500	4010.10500	0.01
2025.11.09	23:58:00	4010.15500	4010.88800	4010.08500	4010.08500	0.01
2025.11.09	23:59:00	4010.03500	4012.10500	4010.03500	4011.63500	0.02
2025.11.10	00:00:00	4011.66500	4013.01500	4010.91500	4012.31500	0.03
2025.11.10	00:01:00	4012.28500	4014.37500	4012.28500	4013.26500	0.02
2025.11.10	00:02:00	4013.27500	4013.39500	4012.18500	4013.25500	0.02
2025.11.10	00:03:00	4013.40500	4016.41500	4013.33500	4015.53500	0.02
2025.11.10	00:04:00	4015.48500	4016.74500	4015.00500	4016.62500	0.01
2025.11.10	00:05:00	4016.60500	4016.60500	4015.34500	4015.62500	0.02
2025.11.10	00:06:00	4015.57500	4016.25500	4015.01500	4016.11500	0.01
2025.11.10	00:07:00	4016.14500	4016.97500	4015.62500	4015.62500	0.02
2025.11.10	00:08:00	4015.60500	4015.61500	4013.80500	4014.17500	0.02
2025.11.10	00:09:00	4014.20500	4014.99500	4013.64500	4013.99500	0.01
2025.11.10	00:10:00	4014.05500	4016.23500	4013.59500	4016.21500	0.02
2025.11.10	00:11:00	4016.43500	4016.43500	4014.57500	4014.73500	0.01
2025.11.10	00:12:00	4015.12500	4015.52500	4014.12500	4014.53500	0.01
2025.11.10	00:13:00	4014.50500	4015.16500	4014.12500	4015.06500	0.01
2025.11.10	00:14:00	4014.93500	4015.74500	4014.93500	4015.56500	0.01
2025.11.10	00:15:00	4015.54500	4015.78500	4014.71500	4015.20500	0.01
2025.11.10	00:16:00	4015.51500	4015.62500	4014.83500	4015.14500	0.01
2025.11.10	00:17:00	4015.04500	4015.63500	4014.88500	4015.63500	0.01
2025.11.10	00:18:00	4015.66500	4016.24500	4015.28500	4015.70500	0.01
2025.11.10	00:19:00	4015.73500	4015.81500	4014.36500	4014.46500	0.01
2025.11.10	00:20:00	4014.42500	4014.80500	4014.32500	4014.37500	0.01
2025.11.10	00:21:00	4014.35500	4015.12500	4014.35500	4015.01500	0.01
2025.11.10	00:22:00	4015.06500	4015.25500	4014.51500	4014.56500	0.01
2025.11.10	00:23:00	4014.53500	4015.02500	4014.17500	4014.75500	0.01
2025.11.10	00:24:00	4014.77500	4014.77500	4014.08500	4014.19500	0.01
2025.11.10	00:25:00	4014.28800	4016.24500	4014.14500	4016.17500	0.01
2025.11.10	00:26:00	4016.19500	4016.28500	4015.43500	4015.57500	0.01
2025.11.10	00:27:00	4015.54500	4016.67500	4015.47500	4016.67500	0.01
2025.11.10	00:28:00	4016.56500	4016.85500	4015.58500	4015.76500	0.01
2025.11.10	00:29:00	4015.73500	4016.23500	4015.43500	4016.16500	0.01
2025.11.10	00:30:00	4016.14500	4017.30500	4015.71500	4016.94500	0.02
2025.11.10	00:31:00	4016.91500	4017.05500	4014.98500	4016.03500	0.01
2025.11.10	00:32:00	4016.01500	4016.01500	4015.52500	4015.52500	0.01
2025.11.10	00:33:00	4015.57500	4016.56500	4015.07500	4016.28500	0.03
2025.11.10	00:34:00	4016.34500	4016.54500	4015.47500	4015.51500	0.02
2025.11.10	00:35:00	4015.48500	4015.79500	4013.82500	4013.84500	0.04
2025.11.10	00:36:00	4013.77800	4013.77800	4011.06500	4013.42500	0.03
2025.11.10	00:37:00	4013.44500	4013.74500	4011.97500	4012.10500	0.01
2025.11.10	00:38:00	4012.13500	4012.81500	4011.81500	4012.78500	0.02
2025.11.10	00:39:00	4012.74500	4012.82500	4012.01500	4012.28500	0.01
2025.11.10	00:40:00	4012.23500	4012.57500	4011.34500	4011.43500	0.02
2025.11.10	00:41:00	4011.38500	4013.11500	4011.38500	4012.78500	0.02
2025.11.10	00:42:00	4012.84500	4013.51500	4012.54500	4013.19500	0.01
2025.11.10	00:43:00	4013.16500	4014.38500	4013.16500	4014.20500	0.02
2025.11.10	00:44:00	4014.24500	4016.31500	4014.22500	4016.24500	0.01
2025.11.10	00:45:00	4016.28500	4017.70500	4016.25500	4017.50500	0.02
2025.11.10	00:46:00	4017.46500	4020.85500	4017.21500	4019.95500	0.04
2025.11.10	00:47:00	4019.98500	4023.43500	4019.06500	4023.41500	0.04
2025.11.10	00:48:00	4023.44500	4023.68500	4021.02500	4021.66500	0.02
2025.11.10	00:49:00	4021.63500	4023.01500	4021.59500	4022.17500	0.02
2025.11.10	00:50:00	4022.20500	4023.22500	4021.01500	4021.03500	0.02
2025.11.10	00:51:00	4021.09800	4021.12500	4020.14500	4020.24500	0.02
2025.11.10	00:52:00	4020.20500	4020.45500	4019.71500	4019.87500	0.01
2025.11.10	00:53:00	4019.86500	4019.86500	4017.89500	4019.17500	0.02
2025.11.10	00:54:00	4019.15500	4019.64500	4018.44500	4019.58500	0.01
2025.11.10	00:55:00	4019.51500	4020.02500	4018.90500	4019.81500	0.02
2025.11.10	00:56:00	4019.96500	4021.02500	4019.55500	4020.74500	0.02
2025.11.10	00:57:00	4020.76500	4021.20500	4018.89500	4018.99500	0.02
2025.11.10	00:58:00	4019.01500	4020.18500	4018.36500	4019.95500	0.02
2025.11.10	00:59:00	4019.88500	4020.29500	4019.48500	4020.06500	0.03
2025.11.10	01:00:00	4020.04500	4024.31500	4019.53500	4023.29500	0.06
2025.11.10	01:01:00	4023.26500	4023.52500	4020.30500	4021.89500	0.04
2025.11.10	01:02:00	4021.94500	4021.95500	4018.79500	4019.25500	0.05
2025.11.10	01:03:00	4019.28500	4021.35500	4019.28500	4020.99500	0.04
2025.11.10	01:04:00	4021.02500	4022.01500	4020.46500	4020.60500	0.03
2025.11.10	01:05:00	4020.62500	4023.52500	4020.62500	4021.29500	0.04
2025.11.10	01:06:00	4021.33500	4022.39500	4020.13500	4020.29500	0.03
2025.11.10	01:07:00	4020.25500	4022.26500	4020.25500	4021.81500	0.03
2025.11.10	01:08:00	4021.83500	4023.17500	4021.75500	4022.37500	0.03
2025.11.10	01:09:00	4022.41500	4022.49500	4020.14500	4022.44500	0.03
2025.11.10	01:10:00	4022.47500	4025.14500	4022.05500	4024.97500	0.02
2025.11.10	01:11:00	4024.95500	4029.14800	4024.39500	4027.67500	0.06
2025.11.10	01:12:00	4027.70500	4028.90500	4026.05500	4026.94500	0.04
2025.11.10	01:13:00	4026.96500	4027.72500	4024.87500	4027.01500	0.03
2025.11.10	01:14:00	4026.98500	4027.55500	4026.28500	4026.90500	0.03
2025.11.10	01:15:00	4026.93500	4029.73500	4026.88500	4029.02500	0.04
2025.11.10	01:16:00	4029.00500	4031.41500	4028.79500	4029.72500	0.04
2025.11.10	01:17:00	4029.69500	4030.66500	4028.24500	4028.58500	0.03
2025.11.10	01:18:00	4028.60500	4032.20500	4028.53500	4031.67500	0.03
2025.11.10	01:19:00	4031.64500	4035.06500	4031.51500	4034.33500	0.04
2025.11.10	01:20:00	4034.35500	4036.39500	4033.52500	4036.09500	0.04
2025.11.10	01:21:00	4036.79500	4041.31500	4036.79500	4040.85500	0.07
2025.11.10	01:22:00	4040.85500	4045.20500	4040.29500	4043.21500	0.07
2025.11.10	01:23:00	4043.23500	4046.24500	4042.29500	4046.07500	0.05
2025.11.10	01:24:00	4045.78500	4046.83500	4044.38500	4045.27500	0.05
2025.11.10	01:25:00	4045.19500	4046.74500	4043.66500	4046.07500	0.04
2025.11.10	01:26:00	4046.15500	4051.71800	4046.06500	4048.62500	0.05
2025.11.10	01:27:00	4048.71500	4050.88500	4048.00000	4048.00000	0.05
2025.11.10	01:28:00	4048.00000	4050.90500	4046.37500	4048.75500	0.05
2025.11.10	01:29:00	4048.72800	4049.78500	4047.50500	4047.50500	0.04
2025.11.10	01:30:00	4047.53500	4048.72500	4045.42500	4045.55500	0.10
2025.11.10	01:31:00	4045.57500	4049.09500	4045.26500	4048.79500	0.05
2025.11.10	01:32:00	4048.76500	4049.30500	4047.25500	4047.25500	0.03
2025.11.10	01:33:00	4047.22500	4048.02500	4045.85500	4045.85500	0.04
2025.11.10	01:34:00	4045.78500	4050.53500	4045.46500	4050.37500	0.05
2025.11.10	01:35:00	4050.39500	4052.36500	4049.85500	4051.76500	0.05
2025.11.10	01:36:00	4051.63500	4052.79500	4051.07500	4052.51500	0.04
2025.11.10	01:37:00	4052.51500	4053.12500	4050.61500	4052.04500	0.05
2025.11.10	01:38:00	4052.02500	4052.69500	4050.77500	4051.01500	0.04
2025.11.10	01:39:00	4050.98500	4052.10500	4050.28500	4050.50500	0.04
2025.11.10	01:40:00	4050.47500	4051.59500	4049.49500	4050.83500	0.04
2025.11.10	01:41:00	4050.80500	4051.53500	4048.30500	4049.16500	0.04
2025.11.10	01:42:00	4049.21500	4050.04500	4048.35500	4049.47500	0.04
2025.11.10	01:43:00	4049.46500	4052.43500	4049.34500	4050.13500	0.04
2025.11.10	01:44:00	4050.11500	4052.14500	4049.76500	4050.62500	0.04
2025.11.10	01:45:00	4050.57500	4050.88500	4048.97500	4049.80500	0.03
2025.11.10	01:46:00	4049.42500	4050.23500	4049.17500	4049.99500	0.03
2025.11.10	01:47:00	4049.97500	4051.93500	4049.88500	4051.39500	0.02
2025.11.10	01:48:00	4051.57500	4052.49500	4051.06500	4051.13500	0.03
2025.11.10	01:49:00	4051.11500	4052.53500	4050.66500	4052.45500	0.03
2025.11.10	01:50:00	4052.47500	4052.53500	4049.63500	4049.76500	0.03
2025.11.10	01:51:00	4049.72500	4049.79500	4046.74500	4046.80500	0.04
2025.11.10	01:52:00	4046.82500	4049.61500	4045.66500	4045.85500	0.05
2025.11.10	01:53:00	4045.78500	4045.99800	4043.27800	4043.94800	0.07
2025.11.10	01:54:00	4043.94800	4045.86500	4041.36900	4041.51500	0.12
2025.11.10	01:55:00	4041.51500	4043.93500	4041.30500	4042.54800	0.11
2025.11.10	01:56:00	4042.53500	4042.84800	4041.04800	4041.94800	0.05
2025.11.10	01:57:00	4041.94800	4044.38500	4041.54500	4042.75500	0.08
2025.11.10	01:58:00	4042.75500	4044.87500	4042.64500	4043.63500	0.07
2025.11.10	01:59:00	4043.59500	4044.41500	4043.11500	4043.85500	0.04
2025.11.10	02:00:00	4043.82500	4044.42500	4040.66500	4041.49500	0.04
2025.11.10	02:01:00	4041.52500	4045.27500	4041.50500	4045.26500	0.04
2025.11.10	02:02:00	4045.27500	4047.01500	4044.38500	4044.38500	0.04
2025.11.10	02:03:00	4044.42500	4044.98500	4041.87500	4042.14500	0.05
2025.11.10	02:04:00	4042.11500	4044.71500	4042.04500	4043.62500	0.03
2025.11.10	02:05:00	4043.60500	4044.47800	4042.92500	4043.34500	0.03
2025.11.10	02:06:00	4043.30500	4043.52500	4041.28500	4041.32500	0.03
2025.11.10	02:07:00	4041.44500	4042.39500	4039.60800	4039.61800	0.03
2025.11.10	02:08:00	4039.61800	4040.94500	4038.93500	4040.41500	0.07
2025.11.10	02:09:00	4040.39500	4040.96500	4039.26500	4039.29500	0.03
2025.11.10	02:10:00	4039.25500	4040.25500	4038.92500	4039.22500	0.03
2025.11.10	02:11:00	4039.34500	4039.86500	4037.43500	4037.80500	0.05
2025.11.10	02:12:00	4037.78500	4040.22500	4037.56500	4040.22500	0.04
2025.11.10	02:13:00	4040.21500	4042.61500	4040.03500	4041.72500	0.04
2025.11.10	02:14:00	4041.70500	4044.58500	4040.15500	4044.58500	0.04
2025.11.10	02:15:00	4044.63500	4044.63500	4042.15500	4042.94500	0.03
2025.11.10	02:16:00	4043.06500	4045.94800	4042.65500	4044.43500	0.03
2025.11.10	02:17:00	4044.31500	4045.85500	4043.57500	4045.56500	0.02
2025.11.10	02:18:00	4045.54500	4047.75500	4045.02500	4047.67500	0.03
2025.11.10	02:19:00	4047.70500	4047.70500	4044.84500	4044.85500	0.02
2025.11.10	02:20:00	4045.08500	4045.66500	4043.62500	4043.78500	0.03
2025.11.10	02:21:00	4043.76500	4045.17500	4043.57500	4045.07500	0.02
2025.11.10	02:22:00	4045.11500	4045.39500	4044.11500	4044.56500	0.02
2025.11.10	02:23:00	4044.54500	4044.93500	4044.11500	4044.35500	0.02
2025.11.10	02:24:00	4044.57500	4044.57500	4043.62500	4043.79500	0.02
2025.11.10	02:25:00	4043.81500	4044.15500	4043.42500	4043.83500	0.02
2025.11.10	02:26:00	4043.85500	4044.16500	4042.49500	4043.38500	0.02
2025.11.10	02:27:00	4043.41500	4043.41500	4041.00500	4042.17500	0.02
2025.11.10	02:28:00	4042.20500	4042.20500	4039.74500	4039.88500	0.02
2025.11.10	02:29:00	4040.06500	4041.34500	4039.53500	4040.79500	0.02
2025.11.10	02:30:00	4040.81500	4041.01500	4038.97800	4039.57500	0.04
2025.11.10	02:31:00	4039.81500	4040.44500	4038.31500	4038.65500	0.04
2025.11.10	02:32:00	4038.62500	4042.00500	4038.24500	4041.90500	0.03
2025.11.10	02:33:00	4041.93500	4042.59500	4040.27500	4042.52500	0.03
2025.11.10	02:34:00	4042.51500	4042.81500	4040.89500	4041.02500	0.02
2025.11.10	02:35:00	4040.98500	4041.34500	4040.46500	4041.17500	0.02
2025.11.10	02:36:00	4041.19500	4043.83500	4040.91500	4043.33500	0.02
2025.11.10	02:37:00	4043.38500	4045.44500	4042.98500	4045.18500	0.03
2025.11.10	02:38:00	4045.22500	4045.63500	4043.30500	4043.30500	0.03
2025.11.10	02:39:00	4043.09500	4043.72500	4041.97500	4042.23500	0.03
2025.11.10	02:40:00	4042.19500	4045.46500	4042.07500	4044.78500	0.04
2025.11.10	02:41:00	4044.82500	4044.82500	4042.98500	4042.98500	0.03
2025.11.10	02:42:00	4043.05500	4045.03500	4042.66500	4043.94500	0.03
2025.11.10	02:43:00	4043.91500	4045.84500	4043.36500	4045.64500	0.03
2025.11.10	02:44:00	4045.56500	4045.71500	4043.91500	4044.25500	0.03
2025.11.10	02:45:00	4043.82500	4044.91500	4043.73500	4044.54500	0.03
2025.11.10	02:46:00	4044.56500	4045.31900	4044.15500	4044.27500	0.02
2025.11.10	02:47:00	4044.31500	4044.68500	4043.75500	4044.15500	0.02
2025.11.10	02:48:00	4044.13500	4044.83500	4043.93500	4044.59500	0.03
2025.11.10	02:49:00	4044.62500	4045.04500	4043.74500	4043.74500	0.02
2025.11.10	02:50:00	4043.80500	4044.16500	4043.27800	4043.85500	0.01
2025.11.10	02:51:00	4043.83500	4044.13500	4043.30500	4043.85500	0.02
2025.11.10	02:52:00	4043.83500	4044.31500	4043.45500	4043.94500	0.01
2025.11.10	02:53:00	4043.97500	4044.52500	4043.84500	4044.14500	0.02
2025.11.10	02:54:00	4044.11500	4044.19500	4043.50500	4044.05500	0.01
2025.11.10	02:55:00	4044.10500	4045.69500	4043.95500	4045.44500	0.03
2025.11.10	02:56:00	4045.31500	4045.86500	4045.16500	4045.58500	0.01
2025.11.10	02:57:00	4045.60500	4047.84500	4045.49500	4047.82500	0.02
2025.11.10	02:58:00	4047.85500	4048.86500	4047.44500	4048.74500	0.02
2025.11.10	02:59:00	4048.77500	4048.77500	4047.78500	4047.92500	0.02
2025.11.10	03:00:00	4047.90500	4048.01500	4047.21500	4047.68500	0.02
2025.11.10	03:01:00	4047.71500	4047.85500	4046.23800	4046.24800	0.03
2025.11.10	03:02:00	4046.26500	4046.69500	4045.42800	4046.23800	0.05
2025.11.10	03:03:00	4046.24800	4047.06500	4046.16500	4046.62500	0.03
2025.11.10	03:04:00	4046.64500	4046.67500	4045.87800	4046.61500	0.02
2025.11.10	03:05:00	4046.58500	4047.00500	4046.17800	4046.45500	0.02
2025.11.10	03:06:00	4046.47500	4047.00500	4045.35800	4045.94500	0.03
2025.11.10	03:07:00	4045.93500	4046.99500	4045.87500	4046.65500	0.02
2025.11.10	03:08:00	4046.63500	4046.82500	4046.07500	4046.47500	0.02
2025.11.10	03:09:00	4046.44500	4046.81500	4046.15500	4046.71500	0.01
2025.11.10	03:10:00	4046.69500	4046.88500	4046.43500	4046.53500	0.01
2025.11.10	03:11:00	4046.50500	4046.57500	4046.13500	4046.17500	0.01
2025.11.10	03:12:00	4046.32500	4046.48500	4045.46500	4045.70500	0.01
2025.11.10	03:13:00	4045.74500	4045.74500	4045.28500	4045.34500	0.01
2025.11.10	03:14:00	4045.34500	4045.81500	4044.92500	4045.57500	0.02
2025.11.10	03:15:00	4045.59500	4045.92500	4045.32500	4045.35500	0.01
2025.11.10	03:16:00	4045.38500	4045.69500	4044.97500	4045.45500	0.01
2025.11.10	03:17:00	4045.48500	4045.56500	4044.68500	4045.27500	0.02
2025.11.10	03:18:00	4045.36500	4046.33500	4045.24500	4046.33500	0.01
2025.11.10	03:19:00	4046.38500	4046.46500	4045.83500	4046.41500	0.01
2025.11.10	03:20:00	4046.38500	4048.67500	4046.38500	4048.42500	0.02
2025.11.10	03:21:00	4048.44500	4049.22500	4048.02500	4048.25500	0.02
2025.11.10	03:22:00	4048.28500	4048.32500	4046.74500	4046.91500	0.02
2025.11.10	03:23:00	4046.95500	4046.95500	4045.19500	4046.55500	0.03
2025.11.10	03:24:00	4046.57500	4049.40500	4046.57500	4048.81500	0.02
2025.11.10	03:25:00	4048.84500	4050.36500	4048.47500	4050.25500	0.02
2025.11.10	03:26:00	4050.41500	4051.66500	4050.07500	4050.50500	0.03
2025.11.10	03:27:00	4050.54500	4051.47500	4050.07500	4050.63500	0.02
2025.11.10	03:28:00	4050.60500	4050.79500	4050.06500	4050.26500	0.02
2025.11.10	03:29:00	4050.24500	4050.77500	4050.01500	4050.43500	0.02
2025.11.10	03:30:00	4050.41500	4050.58500	4049.87500	4049.95500	0.02
2025.11.10	03:31:00	4050.04500	4051.47500	4050.04500	4050.96500	0.02
2025.11.10	03:32:00	4050.91500	4052.12500	4050.42500	4050.99500	0.02
2025.11.10	03:33:00	4051.01500	4051.44500	4050.17500	4050.36500	0.02
2025.11.10	03:34:00	4050.38500	4050.93500	4050.19500	4050.23500	0.01
2025.11.10	03:35:00	4050.26500	4050.75500	4050.06500	4050.26500	0.01
2025.11.10	03:36:00	4050.30500	4051.35500	4050.27500	4050.71500	0.01
2025.11.10	03:37:00	4050.73500	4051.19500	4050.31500	4050.90500	0.02
2025.11.10	03:38:00	4050.92500	4051.52500	4050.67500	4051.12500	0.01
2025.11.10	03:39:00	4051.14500	4052.23300	4050.63500	4051.80500	0.02
2025.11.10	03:40:00	4051.82500	4052.38500	4051.49500	4052.02500	0.01
2025.11.10	03:41:00	4052.00500	4052.63500	4050.95500	4051.49500	0.02
2025.11.10	03:42:00	4051.13500	4051.52500	4050.00000	4050.00500	0.02
2025.11.10	03:43:00	4050.04500	4050.92500	4050.04500	4050.33500	0.02
2025.11.10	03:44:00	4050.35500	4050.83500	4050.07500	4050.12500	0.02
2025.11.10	03:45:00	4050.15500	4050.69500	4050.05500	4050.28500	0.01
2025.11.10	03:46:00	4050.10500	4050.91500	4050.10500	4050.68500	0.01
2025.11.10	03:47:00	4050.72500	4051.19500	4050.54500	4050.60500	0.01
2025.11.10	03:48:00	4050.63500	4050.69500	4048.63500	4049.27500	0.01
2025.11.10	03:49:00	4049.24500	4049.56500	4048.53800	4048.60500	0.01
2025.11.10	03:50:00	4048.57500	4048.58500	4047.27800	4047.28500	0.03
2025.11.10	03:51:00	4047.27800	4048.20500	4047.27800	4048.15500	0.01
2025.11.10	03:52:00	4048.12500	4048.54500	4047.76500	4048.32500	0.02
2025.11.10	03:53:00	4048.30500	4048.81500	4048.13500	4048.21500	0.01
2025.11.10	03:54:00	4048.19500	4048.27500	4047.30500	4047.41500	0.01
2025.11.10	03:55:00	4047.43500	4048.36500	4047.32500	4048.34500	0.01
2025.11.10	03:56:00	4048.26500	4049.16500	4048.01500	4048.59500	0.01
2025.11.10	03:57:00	4048.61500	4049.87500	4048.61500	4049.49500	0.01
2025.11.10	03:58:00	4049.51500	4050.41500	4049.51500	4050.00500	0.01
2025.11.10	03:59:00	4049.98500	4050.40500	4049.56500	4049.97500	0.01
2025.11.10	04:00:00	4049.83500	4051.31500	4049.76500	4050.70500	0.01
2025.11.10	04:01:00	4050.72500	4051.98500	4050.72500	4051.49500	0.01
2025.11.10	04:02:00	4051.68500	4052.59500	4051.68500	4052.38500	0.01
2025.11.10	04:03:00	4052.36500	4054.27500	4052.24500	4053.52500	0.02
2025.11.10	04:04:00	4053.55500	4054.27500	4052.34800	4052.49500	0.02
2025.11.10	04:05:00	4052.55500	4054.02500	4052.55500	4053.12500	0.02
2025.11.10	04:06:00	4053.06500	4054.04800	4052.82800	4053.44800	0.02
2025.11.10	04:07:00	4053.45500	4054.10500	4053.41500	4054.10500	0.02
2025.11.10	04:08:00	4054.13500	4054.26500	4053.41500	4054.01500	0.01
2025.11.10	04:09:00	4053.99500	4055.17500	4053.98500	4054.43500	0.02
2025.11.10	04:10:00	4054.45500	4056.06500	4054.45500	4055.29500	0.04
2025.11.10	04:11:00	4055.27500	4055.86500	4054.14500	4055.58500	0.02
2025.11.10	04:12:00	4055.55500	4055.63500	4053.17500	4053.25500	0.02
2025.11.10	04:13:00	4053.28500	4055.81500	4053.28500	4055.64500	0.02
2025.11.10	04:14:00	4055.71500	4056.63500	4055.59500	4056.09500	0.02
2025.11.10	04:15:00	4056.04500	4056.38500	4055.34500	4055.34500	0.02
2025.11.10	04:16:00	4055.28500	4055.28500	4054.15500	4054.50500	0.02
2025.11.10	04:17:00	4054.48500	4054.64500	4053.80500	4054.13500	0.01
2025.11.10	04:18:00	4054.15500	4054.69500	4054.01500	4054.17500	0.01
2025.11.10	04:19:00	4054.29500	4055.11500	4054.04500	4054.76500	0.01
2025.11.10	04:20:00	4054.79500	4055.76500	4054.79500	4055.25500	0.01
2025.11.10	04:21:00	4055.23500	4055.31500	4054.76500	4055.08500	0.01
2025.11.10	04:22:00	4054.79500	4056.19500	4054.75500	4056.16500	0.01
2025.11.10	04:23:00	4056.13500	4056.52500	4055.44500	4056.28500	0.01
2025.11.10	04:24:00	4056.31500	4056.52500	4056.05500	4056.10500	0.01
2025.11.10	04:25:00	4056.07500	4056.07500	4054.42500	4054.64500	0.02
2025.11.10	04:26:00	4054.61500	4054.83500	4054.02500	4054.08500	0.01
2025.11.10	04:27:00	4054.11500	4054.11500	4052.50500	4053.89500	0.02
2025.11.10	04:28:00	4053.84500	4054.14500	4053.56500	4053.64500	0.01
2025.11.10	04:29:00	4053.66500	4053.79500	4052.96500	4053.59500	0.01
2025.11.10	04:30:00	4053.54500	4054.84500	4053.54500	4054.82500	0.02
2025.11.10	04:31:00	4054.84500	4055.31500	4054.50500	4054.97500	0.01
2025.11.10	04:32:00	4055.11500	4055.17500	4054.53500	4054.55500	0.01
2025.11.10	04:33:00	4054.58500	4054.83500	4054.09500	4054.19500	0.01
2025.11.10	04:34:00	4054.22500	4054.26500	4053.30500	4053.38500	0.01
2025.11.10	04:35:00	4053.36500	4053.80500	4053.07800	4053.07800	0.01
2025.11.10	04:36:00	4053.07800	4054.43500	4053.07800	4054.19500	0.02
2025.11.10	04:37:00	4054.17500	4054.20500	4053.58500	4053.89500	0.01
2025.11.10	04:38:00	4053.86500	4054.08500	4052.29500	4053.19500	0.04
2025.11.10	04:39:00	4053.15500	4053.27500	4052.70500	4052.93800	0.02
2025.11.10	04:40:00	4052.93800	4053.70500	4052.51500	4053.14500	0.02
2025.11.10	04:41:00	4053.16500	4054.21500	4053.13500	4054.16500	0.02
2025.11.10	04:42:00	4054.18500	4054.25500	4052.96500	4053.46500	0.01
2025.11.10	04:43:00	4053.44500	4053.72500	4053.01500	4053.04500	0.01
2025.11.10	04:44:00	4053.01500	4053.01500	4052.32500	4052.93800	0.03
2025.11.10	04:45:00	4052.87000	4052.93800	4050.93800	4050.93800	0.03
2025.11.10	04:46:00	4050.93800	4050.93800	4049.85500	4049.85500	0.03
2025.11.10	04:47:00	4049.81500	4050.82500	4049.61500	4050.81500	0.02
2025.11.10	04:48:00	4050.77500	4052.60500	4050.71500	4052.58500	0.02
2025.11.10	04:49:00	4052.58500	4053.15500	4052.31500	4053.13500	0.02
2025.11.10	04:50:00	4053.12500	4053.91500	4053.09500	4053.83500	0.01
2025.11.10	04:51:00	4053.86500	4054.07500	4053.35500	4053.48500	0.01
2025.11.10	04:52:00	4053.51500	4054.14500	4052.80500	4053.04500	0.01
2025.11.10	04:53:00	4052.69800	4053.51500	4052.04500	4052.29500	0.01
2025.11.10	04:54:00	4052.26500	4053.34500	4052.26500	4052.34500	0.01
2025.11.10	04:55:00	4052.38500	4052.40500	4051.70800	4051.70800	0.01
2025.11.10	04:56:00	4051.70800	4052.92500	4051.70800	4052.89500	0.02
2025.11.10	04:57:00	4052.84500	4054.33500	4052.80500	4054.03500	0.02
2025.11.10	04:58:00	4054.10500	4054.12500	4053.62500	4054.05500	0.01
2025.11.10	04:59:00	4054.07500	4054.55500	4053.92500	4053.93500	0.01
2025.11.10	05:00:00	4053.96500	4054.04500	4052.22800	4052.26500	0.02
2025.11.10	05:01:00	4052.22800	4053.09500	4052.13800	4052.63500	0.01
2025.11.10	05:02:00	4052.67500	4053.47500	4052.64500	4052.68500	0.01
2025.11.10	05:03:00	4052.66500	4053.52500	4052.57500	4052.81500	0.01
2025.11.10	05:04:00	4052.79500	4052.82500	4051.38500	4051.58500	0.02
2025.11.10	05:05:00	4051.50500	4051.57500	4050.83500	4051.18500	0.01
2025.11.10	05:06:00	4051.20500	4051.84500	4051.11500	4051.73500	0.01
2025.11.10	05:07:00	4051.75500	4052.27500	4051.21500	4052.27500	0.02
2025.11.10	05:08:00	4052.29500	4052.64500	4051.91500	4051.97500	0.01
2025.11.10	05:09:00	4051.77500	4051.88500	4051.45500	4051.54500	0.01
2025.11.10	05:10:00	4051.53500	4051.64500	4050.73500	4051.03500	0.02
2025.11.10	05:11:00	4051.12500	4051.27500	4050.40500	4050.74500	0.02
2025.11.10	05:12:00	4050.69500	4051.16500	4050.26500	4050.93500	0.01
2025.11.10	05:13:00	4050.90500	4050.95500	4049.99500	4050.18500	0.01
2025.11.10	05:14:00	4050.23500	4050.67500	4050.00500	4050.00500	0.01
2025.11.10	05:15:00	4050.02500	4051.08500	4050.01500	4051.02500	0.01
2025.11.10	05:16:00	4051.04500	4051.24500	4050.34500	4050.66500	0.02
2025.11.10	05:17:00	4050.64500	4052.60500	4050.52500	4052.60500	0.01
2025.11.10	05:18:00	4052.63500	4054.11500	4052.63500	4053.17500	0.01
2025.11.10	05:19:00	4053.15500	4053.15500	4051.79500	4052.72500	0.01
2025.11.10	05:20:00	4052.75500	4053.38500	4051.64500	4052.63500	0.01
2025.11.10	05:21:00	4053.03500	4053.24500	4052.65500	4053.02500	0.01
2025.11.10	05:22:00	4052.99500	4053.83500	4052.99500	4053.79500	0.01
2025.11.10	05:23:00	4053.77500	4053.85500	4053.58500	4053.58500	0.01
2025.11.10	05:24:00	4053.61500	4055.11500	4053.32500	4054.93500	0.01
2025.11.10	05:25:00	4054.96500	4055.59500	4054.90500	4055.13500	0.02
2025.11.10	05:26:00	4055.09500	4055.19500	4054.46500	4054.46500	0.02
2025.11.10	05:27:00	4054.49500	4055.53500	4054.39500	4055.47500	0.01
2025.11.10	05:28:00	4055.50500	4055.70500	4054.10500	4054.50500	0.02
2025.11.10	05:29:00	4054.56500	4055.03500	4053.53500	4055.03500	0.01
2025.11.10	05:30:00	4055.07500	4060.02500	4054.61500	4059.16500	0.05
2025.11.10	05:31:00	4059.12500	4060.39500	4058.47500	4059.26500	0.04
2025.11.10	05:32:00	4059.11500	4059.55500	4057.52500	4057.52500	0.03
2025.11.10	05:33:00	4057.59500	4059.57500	4057.20800	4058.70500	0.03
2025.11.10	05:34:00	4058.72500	4059.76500	4057.76500	4059.33500	0.02
2025.11.10	05:35:00	4059.36500	4059.88500	4057.70500	4058.89500	0.02
2025.11.10	05:36:00	4058.93500	4060.40500	4058.42500	4060.12500	0.02
2025.11.10	05:37:00	4060.14500	4061.68500	4059.79500	4061.05500	0.03
2025.11.10	05:38:00	4061.07500	4062.20500	4061.01500	4061.80500	0.03
2025.11.10	05:39:00	4061.78500	4062.02500	4060.81500	4061.57500	0.02
2025.11.10	05:40:00	4061.56500	4062.32500	4061.48500	4062.00500	0.02
2025.11.10	05:41:00	4062.00500	4063.38500	4061.79500	4063.14500	0.03
2025.11.10	05:42:00	4063.16500	4064.69500	4063.09500	4063.65500	0.03
2025.11.10	05:43:00	4063.67500	4064.88500	4063.29500	4064.77500	0.02
2025.11.10	05:44:00	4064.77500	4064.96500	4062.85500	4062.85500	0.02
2025.11.10	05:45:00	4062.86500	4063.19500	4062.02500	4063.08500	0.02
2025.11.10	05:46:00	4063.08500	4063.57500	4062.10500	4062.22500	0.02
2025.11.10	05:47:00	4062.24500	4063.13500	4061.80500	4062.80500	0.02
2025.11.10	05:48:00	4062.83500	4063.66500	4062.62500	4063.14500	0.01
2025.11.10	05:49:00	4063.10500	4063.31500	4062.38500	4062.50500	0.02
2025.11.10	05:50:00	4062.64500	4065.88500	4062.55500	4065.88500	0.03
2025.11.10	05:51:00	4065.91500	4067.11500	4065.66500	4066.10500	0.04
2025.11.10	05:52:00	4066.10500	4067.10500	4065.36500	4066.40500	0.04
2025.11.10	05:53:00	4066.44500	4068.06500	4065.64500	4067.06500	0.03
2025.11.10	05:54:00	4067.03500	4067.87500	4066.65500	4067.71500	0.03
2025.11.10	05:55:00	4067.51500	4068.63500	4067.00500	4068.63500	0.03
2025.11.10	05:56:00	4068.60500	4069.29500	4066.99500	4067.30500	0.04
2025.11.10	05:57:00	4067.28500	4067.38500	4066.33500	4066.66500	0.02
2025.11.10	05:58:00	4066.68500	4068.20500	4066.25800	4068.13500	0.02
2025.11.10	05:59:00	4068.17500	4069.71500	4067.93500	4069.22500	0.03
2025.11.10	06:00:00	4069.29500	4070.74500	4069.15500	4070.60500	0.03
2025.11.10	06:01:00	4070.58500	4071.01500	4067.81500	4068.07500	0.03
2025.11.10	06:02:00	4068.04500	4069.19500	4067.20500	4069.19500	0.02
2025.11.10	06:03:00	4069.15500	4069.29500	4067.87500	4068.09500	0.02
2025.11.10	06:04:00	4068.12500	4068.35500	4067.18500	4068.18500	0.02
2025.11.10	06:05:00	4068.21500	4069.13500	4067.77500	4068.69500	0.02
2025.11.10	06:06:00	4068.73500	4068.79500	4066.63500	4068.20500	0.02
2025.11.10	06:07:00	4068.23500	4068.97500	4067.78500	4068.97500	0.02
2025.11.10	06:08:00	4069.03500	4070.48500	4069.01500	4070.35500	0.03
2025.11.10	06:09:00	4070.41500	4071.03500	4068.85500	4069.45500	0.03
2025.11.10	06:10:00	4069.46500	4070.11500	4068.96500	4069.76500	0.02
2025.11.10	06:11:00	4069.80500	4070.17500	4069.21500	4069.58500	0.02
2025.11.10	06:12:00	4069.54500	4069.74500	4068.05500	4068.30500	0.02
2025.11.10	06:13:00	4068.25500	4068.35500	4066.93500	4067.18500	0.02
2025.11.10	06:14:00	4067.20500	4068.01500	4067.07500	4067.71500	0.02
2025.11.10	06:15:00	4067.73500	4069.75500	4067.73500	4069.69500	0.03
2025.11.10	06:16:00	4069.68500	4069.87500	4069.03500	4069.66500	0.02
2025.11.10	06:17:00	4069.64500	4070.99500	4069.58500	4070.86500	0.03
2025.11.10	06:18:00	4070.84500	4071.37500	4069.59500	4070.62500	0.03
2025.11.10	06:19:00	4070.59500	4071.07500	4068.97500	4069.39500	0.02
2025.11.10	06:20:00	4069.43500	4071.37500	4069.43500	4071.35500	0.02
2025.11.10	06:21:00	4071.38500	4071.38500	4070.00500	4070.36500	0.03
2025.11.10	06:22:00	4070.38500	4071.10500	4070.02500	4070.06500	0.02
2025.11.10	06:23:00	4070.04500	4072.01500	4070.04500	4071.14500	0.03
2025.11.10	06:24:00	4071.14500	4072.17500	4070.49500	4071.63500	0.03
2025.11.10	06:25:00	4071.60500	4072.45500	4071.06500	4071.06500	0.03
2025.11.10	06:26:00	4071.09500	4071.98500	4070.32500	4071.88500	0.02
2025.11.10	06:27:00	4071.88500	4072.93500	4071.79500	4072.86500	0.03
2025.11.10	06:28:00	4072.89500	4073.56500	4072.63500	4073.32500	0.02
2025.11.10	06:29:00	4073.26500	4073.36500	4072.66500	4072.78500	0.03
2025.11.10	06:30:00	4072.67500	4073.44500	4072.36500	4072.74500	0.03
2025.11.10	06:31:00	4072.77500	4074.38500	4072.66500	4074.12500	0.03
2025.11.10	06:32:00	4074.14500	4074.45500	4073.69500	4073.98500	0.03
2025.11.10	06:33:00	4073.93500	4074.26500	4073.62500	4074.22500	0.01
2025.11.10	06:34:00	4074.21500	4075.37500	4074.12500	4074.97500	0.02
2025.11.10	06:35:00	4074.88500	4077.13500	4074.86500	4076.28500	0.04
2025.11.10	06:36:00	4076.30500	4077.55500	4075.08500	4077.06500	0.03
2025.11.10	06:37:00	4077.03500	4077.68500	4076.62500	4076.82500	0.02
2025.11.10	06:38:00	4076.84500	4078.31500	4076.49500	4076.70500	0.02
2025.11.10	06:39:00	4076.75500	4078.08500	4075.70500	4075.70500	0.02
2025.11.10	06:40:00	4075.68500	4076.59500	4075.59500	4076.18500	0.03
2025.11.10	06:41:00	4076.16500	4076.16500	4074.79500	4075.13500	0.03
2025.11.10	06:42:00	4075.04500	4075.04500	4072.91500	4073.21500	0.04
2025.11.10	06:43:00	4073.21500	4073.50500	4070.91500	4071.19500	0.05
2025.11.10	06:44:00	4071.16500	4073.37500	4070.72500	4073.08500	0.03
2025.11.10	06:45:00	4073.11500	4074.88500	4071.57500	4071.68500	0.03
2025.11.10	06:46:00	4071.70500	4072.58500	4070.91500	4070.92500	0.04
2025.11.10	06:47:00	4070.94500	4071.68500	4069.70500	4071.08500	0.07
2025.11.10	06:48:00	4071.10500	4071.55500	4070.25500	4071.41500	0.03
2025.11.10	06:49:00	4071.43500	4073.71500	4070.83500	4072.97500	0.03
2025.11.10	06:50:00	4072.93500	4074.20500	4072.43500	4073.31500	0.03
2025.11.10	06:51:00	4073.29500	4074.14500	4072.77500	4073.98500	0.02
2025.11.10	06:52:00	4074.00500	4074.54500	4072.92500	4073.32500	0.02
2025.11.10	06:53:00	4073.34500	4073.60500	4072.81500	4073.06500	0.01
2025.11.10	06:54:00	4073.03500	4073.68500	4072.60500	4073.08500	0.01
2025.11.10	06:55:00	4073.05500	4073.53500	4072.00500	4072.17500	0.02
2025.11.10	06:56:00	4072.14500	4073.95500	4072.11500	4073.88500	0.02
2025.11.10	06:57:00	4073.84500	4075.07500	4073.37500	4074.94500	0.02
2025.11.10	06:58:00	4075.05500	4076.22500	4073.76500	4075.21500	0.03
2025.11.10	06:59:00	4075.17500	4075.19500	4073.74500	4074.85500	0.02
2025.11.10	07:00:00	4074.87500	4076.71500	4074.46500	4075.69500	0.03
2025.11.10	07:01:00	4076.02500	4077.16500	4075.35500	4075.46500	0.03
2025.11.10	07:02:00	4075.48500	4076.80500	4074.53500	4076.51500	0.02
2025.11.10	07:03:00	4076.44500	4076.44500	4075.23500	4076.00500	0.02
2025.11.10	07:04:00	4075.96500	4075.96500	4072.94500	4072.94500	0.03
2025.11.10	07:05:00	4072.92500	4075.27500	4072.77500	4074.05500	0.02
2025.11.10	07:06:00	4074.03500	4075.58500	4073.95500	4074.56500	0.02
2025.11.10	07:07:00	4074.54500	4075.22500	4074.14500	4074.25500	0.01
2025.11.10	07:08:00	4074.24500	4075.00500	4074.09500	4074.85500	0.01
2025.11.10	07:09:00	4074.82500	4074.97500	4074.20500	4074.95500	0.01
2025.11.10	07:10:00	4074.92500	4076.42500	4074.82500	4076.34500	0.01
2025.11.10	07:11:00	4076.31500	4077.87500	4076.18500	4077.84500	0.02
2025.11.10	07:12:00	4077.86500	4077.88500	4076.77500	4077.49500	0.03
2025.11.10	07:13:00	4077.45500	4078.56500	4077.25500	4078.36500	0.01
2025.11.10	07:14:00	4078.39500	4078.46500	4077.31500	4078.35500	0.02
2025.11.10	07:15:00	4078.37500	4078.87500	4077.52500	4077.98500	0.02
2025.11.10	07:16:00	4077.94500	4078.34500	4077.08500	4077.61500	0.02
2025.11.10	07:17:00	4077.58500	4077.72500	4075.92500	4076.06500	0.02
2025.11.10	07:18:00	4076.09500	4076.71500	4075.62500	4076.30500	0.02
2025.11.10	07:19:00	4076.29500	4076.29500	4075.08500	4075.99500	0.02
2025.11.10	07:20:00	4075.96500	4076.12500	4074.12500	4074.17500	0.02
2025.11.10	07:21:00	4074.14500	4074.17500	4072.04500	4072.63500	0.02
2025.11.10	07:22:00	4072.61500	4074.12500	4072.57500	4073.65500	0.02
2025.11.10	07:23:00	4073.65500	4074.71500	4073.28500	4073.82500	0.02
2025.11.10	07:24:00	4073.85500	4074.57500	4073.79500	4074.11500	0.01
2025.11.10	07:25:00	4074.14500	4074.75500	4073.69500	4073.97500	0.02
2025.11.10	07:26:00	4074.00500	4074.89500	4073.60500	4074.54500	0.02
2025.11.10	07:27:00	4074.52500	4075.75800	4074.29500	4075.75500	0.02
2025.11.10	07:28:00	4075.78500	4076.05500	4074.96500	4075.20500	0.01
2025.11.10	07:29:00	4075.30500	4076.61500	4074.46500	4075.46500	0.02
2025.11.10	07:30:00	4075.42500	4077.29500	4075.40500	4076.90500	0.02
2025.11.10	07:31:00	4076.91500	4077.78500	4076.83500	4077.43500	0.02
2025.11.10	07:32:00	4077.45500	4078.29500	4077.40500	4077.81500	0.02
2025.11.10	07:33:00	4077.75500	4078.58500	4076.89500	4078.34500	0.02
2025.11.10	07:34:00	4078.35500	4078.80500	4075.32800	4077.13500	0.04
2025.11.10	07:35:00	4077.27500	4077.46500	4076.12500	4076.78500	0.02
2025.11.10	07:36:00	4076.75500	4076.78500	4075.58500	4076.21500	0.01
2025.11.10	07:37:00	4076.19500	4077.04500	4075.79500	4076.25500	0.01
2025.11.10	07:38:00	4076.27500	4076.34500	4075.13500	4075.30500	0.02
2025.11.10	07:39:00	4075.32500	4075.35500	4074.08500	4074.10500	0.01
2025.11.10	07:40:00	4074.17500	4075.15500	4074.09500	4074.89500	0.01
2025.11.10	07:41:00	4074.86500	4075.74500	4074.77500	4075.07500	0.01
2025.11.10	07:42:00	4075.03500	4075.03500	4074.44500	4074.60500	0.01
2025.11.10	07:43:00	4074.58500	4074.87500	4074.30500	4074.40500	0.01
2025.11.10	07:44:00	4074.38500	4075.48800	4073.86500	4075.36500	0.02
2025.11.10	07:45:00	4075.39500	4076.73500	4074.92500	4076.66500	0.02
2025.11.10	07:46:00	4076.68500	4078.34500	4076.67500	4078.06500	0.02
2025.11.10	07:47:00	4078.03500	4078.24500	4076.32500	4076.58500	0.02
2025.11.10	07:48:00	4076.55500	4077.20500	4076.03500	4076.14500	0.01
2025.11.10	07:49:00	4076.16500	4077.52500	4076.11500	4077.43500	0.02
2025.11.10	07:50:00	4077.40500	4078.09500	4077.03500	4077.43500	0.02
2025.11.10	07:51:00	4077.46500	4078.39500	4076.37500	4076.48500	0.03
2025.11.10	07:52:00	4076.46500	4076.65500	4076.11500	4076.48500	0.02
2025.11.10	07:53:00	4076.39500	4076.76500	4076.28500	4076.41500	0.01
2025.11.10	07:54:00	4076.43500	4076.62500	4075.18500	4075.94500	0.02
2025.11.10	07:55:00	4075.92500	4076.37500	4075.16500	4075.78500	0.01
2025.11.10	07:56:00	4075.83500	4075.83500	4074.39500	4074.52500	0.02
2025.11.10	07:57:00	4074.50500	4075.23500	4073.80500	4074.94500	0.02
2025.11.10	07:58:00	4074.97500	4075.03500	4074.24500	4074.82500	0.02
2025.11.10	07:59:00	4074.81500	4075.71500	4074.77500	4075.07500	0.02
2025.11.10	08:00:00	4075.10500	4077.74500	4074.94500	4077.02500	0.03
2025.11.10	08:01:00	4077.06500	4078.28500	4076.96500	4077.86500	0.03
2025.11.10	08:02:00	4077.90500	4077.90500	4075.96500	4075.99500	0.03
2025.11.10	08:03:00	4076.01500	4077.03500	4075.94500	4076.28500	0.02
2025.11.10	08:04:00	4076.31500	4076.70500	4075.84500	4076.26500	0.02
2025.11.10	08:05:00	4076.28500	4078.34500	4076.06500	4077.66500	0.03
2025.11.10	08:06:00	4077.79500	4080.57500	4077.06500	4080.25500	0.03
2025.11.10	08:07:00	4080.23500	4083.17500	4080.21500	4081.98500	0.04
2025.11.10	08:08:00	4081.96500	4082.90500	4081.10500	4081.24500	0.03
2025.11.10	08:09:00	4081.26500	4082.31500	4080.84500	4081.02500	0.03
2025.11.10	08:10:00	4081.05500	4081.17500	4079.09500	4079.58500	0.03
2025.11.10	08:11:00	4079.62500	4080.57500	4078.99500	4079.56500	0.03
2025.11.10	08:12:00	4079.53500	4080.26500	4078.03500	4078.84500	0.03
2025.11.10	08:13:00	4078.82500	4079.47500	4077.03500	4079.46500	0.02
2025.11.10	08:14:00	4079.40500	4080.06500	4078.67500	4078.89500	0.06
2025.11.10	08:15:00	4078.93500	4079.62500	4077.45500	4077.49500	0.07
2025.11.10	08:16:00	4077.52500	4077.54500	4075.18300	4076.40500	0.04
2025.11.10	08:17:00	4076.38500	4078.13500	4076.28500	4078.06500	0.03
2025.11.10	08:18:00	4078.13500	4078.71500	4076.00500	4077.38500	0.04
2025.11.10	08:19:00	4077.47500	4077.48500	4074.92500	4076.32500	0.12
2025.11.10	08:20:00	4076.34500	4077.19500	4076.26500	4077.18500	0.10
2025.11.10	08:21:00	4077.13500	4078.85500	4077.08500	4078.85500	0.02
2025.11.10	08:22:00	4078.82500	4079.10500	4076.60500	4076.70500	0.04
2025.11.10	08:23:00	4076.72500	4078.24500	4076.72500	4077.97500	0.02
2025.11.10	08:24:00	4077.99500	4078.45500	4077.70500	4078.38500	0.02
2025.11.10	08:25:00	4078.37500	4078.94500	4077.96500	4078.72500	0.02
2025.11.10	08:26:00	4078.74500	4079.18500	4078.32500	4078.91500	0.02
2025.11.10	08:27:00	4078.93500	4080.26500	4078.93500	4079.67500	0.02
2025.11.10	08:28:00	4079.70500	4080.18500	4079.11500	4080.18500	0.02
2025.11.10	08:29:00	4080.20500	4080.84500	4079.76500	4080.13500	0.02
2025.11.10	08:30:00	4080.09500	4080.88500	4079.07500	4079.49500	0.02
2025.11.10	08:31:00	4079.54500	4080.01500	4078.82500	4079.84500	0.01
2025.11.10	08:32:00	4079.86500	4080.31500	4078.82500	4079.39500	0.02
2025.11.10	08:33:00	4079.36500	4081.59500	4079.22500	4081.59500	0.02
2025.11.10	08:34:00	4081.54500	4082.45500	4080.99500	4082.45500	0.02
2025.11.10	08:35:00	4082.43500	4084.12500	4082.24500	4083.86500	0.03
2025.11.10	08:36:00	4083.93500	4084.99500	4083.09500	4083.87500	0.03
2025.11.10	08:37:00	4083.86500	4084.09500	4083.08500	4083.75500	0.02
2025.11.10	08:38:00	4083.78500	4084.96500	4083.57500	4083.98500	0.03
2025.11.10	08:39:00	4083.96500	4084.81500	4082.64500	4084.77500	0.03
2025.11.10	08:40:00	4084.78500	4084.79500	4083.54500	4083.58500	0.02
2025.11.10	08:41:00	4083.60500	4084.00500	4082.41500	4083.08500	0.02
2025.11.10	08:42:00	4083.10500	4083.36500	4081.79500	4082.02500	0.01
2025.11.10	08:43:00	4081.90500	4081.94500	4080.23500	4080.51500	0.03
2025.11.10	08:44:00	4080.49500	4080.92500	4078.17500	4078.69500	0.03
2025.11.10	08:45:00	4078.72500	4080.16500	4077.98500	4079.87500	0.04
2025.11.10	08:46:00	4079.84500	4080.84500	4079.17500	4080.59500	0.03
2025.11.10	08:47:00	4080.64500	4081.93500	4079.94500	4080.01500	0.02
2025.11.10	08:48:00	4080.03500	4081.47500	4079.85500	4081.06500	0.02
2025.11.10	08:49:00	4081.09500	4081.36500	4080.36500	4080.36500	0.02
2025.11.10	08:50:00	4080.34500	4082.56500	4080.20500	4082.38500	0.03
2025.11.10	08:51:00	4082.26500	4082.43500	4080.25500	4081.27500	0.03
2025.11.10	08:52:00	4081.16500	4082.17500	4080.75500	4081.78500	0.02
2025.11.10	08:53:00	4081.85500	4082.87500	4081.79500	4082.00500	0.02
2025.11.10	08:54:00	4082.03500	4082.18500	4080.93500	4081.53500	0.01
2025.11.10	08:55:00	4081.51500	4081.86500	4081.16500	4081.48500	0.01
2025.11.10	08:56:00	4081.20500	4082.02500	4081.15500	4081.99500	0.01
2025.11.10	08:57:00	4081.96500	4082.02500	4080.02500	4080.44500	0.03
2025.11.10	08:58:00	4080.46500	4082.28500	4080.36500	4081.54500	0.03
2025.11.10	08:59:00	4081.58500	4082.23500	4080.83500	4082.06500	0.02
2025.11.10	09:00:00	4082.09500	4083.25500	4081.92500	4082.73500	0.02
2025.11.10	09:01:00	4082.71500	4082.91500	4081.00500	4081.59500	0.03
2025.11.10	09:02:00	4081.63500	4081.93500	4079.48500	4079.99500	0.03
2025.11.10	09:03:00	4079.94500	4080.53500	4079.01500	4079.01500	0.02
2025.11.10	09:04:00	4078.98500	4078.99500	4077.32500	4077.82500	0.02
2025.11.10	09:05:00	4077.79500	4079.53500	4075.87500	4079.51500	0.03
2025.11.10	09:06:00	4079.51500	4080.21500	4079.11500	4079.11500	0.02
2025.11.10	09:07:00	4079.41500	4080.48500	4079.38500	4080.01500	0.01
2025.11.10	09:08:00	4079.98500	4080.68500	4079.33500	4079.86500	0.02
2025.11.10	09:09:00	4079.89500	4080.31500	4079.37500	4079.48500	0.01
2025.11.10	09:10:00	4079.51500	4080.37500	4078.46500	4078.52500	0.02
2025.11.10	09:11:00	4078.54500	4078.59500	4076.93500	4077.13500	0.02
2025.11.10	09:12:00	4077.17500	4077.52500	4075.94500	4076.42500	0.02
2025.11.10	09:13:00	4076.39500	4076.94500	4074.63500	4074.63500	0.03
2025.11.10	09:14:00	4074.65500	4075.05500	4074.33900	4074.67500	0.03
2025.11.10	09:15:00	4074.64500	4074.69500	4071.26500	4074.11500	0.05
2025.11.10	09:16:00	4074.15500	4076.08500	4073.92500	4075.53500	0.04
2025.11.10	09:17:00	4075.50500	4077.70500	4075.38500	4077.14500	0.03
2025.11.10	09:18:00	4077.11500	4077.11500	4075.47500	4076.93500	0.02
2025.11.10	09:19:00	4076.96500	4078.09500	4076.85500	4078.06500	0.03
2025.11.10	09:20:00	4078.06500	4078.76500	4077.57500	4077.70500	0.02
2025.11.10	09:21:00	4077.70500	4077.70500	4076.61500	4076.99500	0.02
2025.11.10	09:22:00	4077.02500	4077.79500	4074.89500	4077.79500	0.03
2025.11.10	09:23:00	4077.81500	4078.39500	4076.90500	4077.89500	0.02
2025.11.10	09:24:00	4077.92500	4077.92500	4075.98500	4076.56500	0.01
2025.11.10	09:25:00	4076.60500	4078.87500	4076.25500	4078.84500	0.02
2025.11.10	09:26:00	4078.90500	4080.04500	4078.51500	4080.03500	0.02
2025.11.10	09:27:00	4080.10500	4080.12500	4078.55800	4078.81500	0.03
2025.11.10	09:28:00	4078.83500	4079.13500	4077.81500	4079.05500	0.03
2025.11.10	09:29:00	4079.08500	4080.27500	4078.72500	4079.85500	0.03
2025.11.10	09:30:00	4079.82500	4080.21500	4078.89500	4078.89500	0.01
2025.11.10	09:31:00	4078.91500	4078.98500	4078.28500	4078.31500	0.01
2025.11.10	09:32:00	4078.33500	4079.71500	4078.01500	4079.60500	0.01
2025.11.10	09:33:00	4079.63500	4080.81500	4078.79500	4080.39500	0.03
2025.11.10	09:34:00	4080.39500	4082.09500	4080.33500	4082.07500	0.02
2025.11.10	09:35:00	4082.05500	4083.07500	4081.94500	4082.97500	0.02
2025.11.10	09:36:00	4082.97500	4083.25500	4081.94500	4082.60500	0.02
2025.11.10	09:37:00	4082.60500	4085.90500	4082.36500	4084.31500	0.04
2025.11.10	09:38:00	4084.29500	4085.08500	4082.98500	4084.25500	0.03
2025.11.10	09:39:00	4084.28500	4085.64500	4084.10500	4085.63500	0.02
2025.11.10	09:40:00	4085.29500	4086.11500	4084.26500	4085.39500	0.02
2025.11.10	09:41:00	4085.34500	4085.34500	4083.58500	4083.63500	0.02
2025.11.10	09:42:00	4083.64500	4083.67500	4081.61500	4081.97500	0.02
2025.11.10	09:43:00	4082.01500	4082.04500	4079.73500	4079.83500	0.02
2025.11.10	09:44:00	4079.85500	4081.87500	4079.50500	4080.84500	0.02
2025.11.10	09:45:00	4080.86500	4082.00500	4079.30500	4080.82500	0.03
2025.11.10	09:46:00	4080.79500	4081.97500	4080.49500	4081.50500	0.03
2025.11.10	09:47:00	4081.55500	4082.29500	4081.07500	4081.23500	0.01
2025.11.10	09:48:00	4081.20500	4081.47500	4080.34500	4080.49500	0.01
2025.11.10	09:49:00	4080.52500	4080.56500	4079.89800	4080.41500	0.01
2025.11.10	09:50:00	4080.50500	4081.96500	4079.36500	4079.78500	0.02
2025.11.10	09:51:00	4079.77500	4080.49500	4079.08500	4079.93500	0.01
2025.11.10	09:52:00	4079.93500	4080.61500	4079.53500	4079.73500	0.02
2025.11.10	09:53:00	4079.75500	4079.91500	4078.89500	4079.51500	0.01
2025.11.10	09:54:00	4079.56500	4079.73500	4078.92500	4079.22500	0.01
2025.11.10	09:55:00	4079.25500	4080.21500	4079.25500	4079.50500	0.01
2025.11.10	09:56:00	4079.54500	4079.93500	4077.84500	4078.29500	0.02
2025.11.10	09:57:00	4078.26500	4078.75500	4078.05500	4078.64500	0.01
2025.11.10	09:58:00	4078.67500	4079.12500	4077.53500	4077.67500	0.02
2025.11.10	09:59:00	4077.69500	4078.13500	4075.82500	4076.39500	0.03
2025.11.10	10:00:00	4076.41500	4078.22500	4076.41500	4078.18500	0.02
2025.11.10	10:01:00	4078.12500	4079.48500	4078.10500	4079.32500	0.01
2025.11.10	10:02:00	4079.29500	4079.63500	4078.67500	4078.77500	0.01
2025.11.10	10:03:00	4078.80500	4080.59500	4078.71500	4080.55500	0.01
2025.11.10	10:04:00	4080.57500	4080.92500	4079.44500	4080.60500	0.01
2025.11.10	10:05:00	4080.67500	4080.78500	4079.31500	4080.24500	0.01
2025.11.10	10:06:00	4080.20500	4080.47500	4079.33500	4079.73500	0.02
2025.11.10	10:07:00	4079.75500	4080.44500	4079.48500	4079.85500	0.02
2025.11.10	10:08:00	4079.87500	4079.92500	4079.09500	4079.67500	0.02
2025.11.10	10:09:00	4079.72500	4079.82500	4079.00500	4079.03500	0.01
2025.11.10	10:10:00	4079.01500	4079.32500	4078.52500	4079.31500	0.02
2025.11.10	10:11:00	4079.34500	4080.20500	4079.21500	4079.47500	0.01
2025.11.10	10:12:00	4079.49500	4080.49500	4079.43500	4080.39500	0.02
2025.11.10	10:13:00	4080.36500	4080.48500	4079.55500	4080.37500	0.02
2025.11.10	10:14:00	4080.34500	4081.29500	4080.24500	4081.08500	0.01
2025.11.10	10:15:00	4081.10500	4082.18500	4081.02500	4081.63500	0.01
2025.11.10	10:16:00	4081.60500	4081.71500	4080.73500	4081.26500	0.02
2025.11.10	10:17:00	4081.30500	4082.33500	4081.25500	4081.50500	0.01
2025.11.10	10:18:00	4081.53500	4082.56500	4081.53500	4082.18500	0.01
2025.11.10	10:19:00	4082.15500	4082.45500	4081.65500	4081.65500	0.01
2025.11.10	10:20:00	4081.67500	4082.03500	4080.27500	4080.30500	0.01
2025.11.10	10:21:00	4080.32500	4081.47500	4080.25500	4081.14500	0.01
2025.11.10	10:22:00	4081.12500	4081.98500	4080.89500	4081.84500	0.01
2025.11.10	10:23:00	4081.87500	4081.87500	4080.60500	4080.92500	0.02
2025.11.10	10:24:00	4080.94500	4081.44500	4080.22500	4080.61500	0.01
2025.11.10	10:25:00	4080.59500	4081.41500	4080.09500	4081.05500	0.01
2025.11.10	10:26:00	4081.03500	4081.08500	4079.37500	4080.38500	0.02
2025.11.10	10:27:00	4080.35500	4080.94500	4080.09500	4080.09500	0.01
2025.11.10	10:28:00	4080.06500	4080.98500	4078.73500	4078.75500	0.02
2025.11.10	10:29:00	4078.72500	4078.86500	4077.34500	4077.62500	0.02
2025.11.10	10:30:00	4077.40500	4079.45500	4077.32500	4077.97500	0.03
2025.11.10	10:31:00	4077.95500	4078.95500	4077.51500	4078.88500	0.03
2025.11.10	10:32:00	4078.90500	4079.68500	4078.55500	4079.49500	0.02
2025.11.10	10:33:00	4079.52500	4079.71500	4078.57500	4078.57500	0.01
2025.11.10	10:34:00	4078.55500	4078.90500	4078.36800	4078.45500	0.01
2025.11.10	10:35:00	4078.42500	4078.98500	4078.29500	4078.40500	0.01
2025.11.10	10:36:00	4078.41500	4080.38500	4078.34500	4080.21500	0.01
2025.11.10	10:37:00	4080.24500	4080.68500	4079.72800	4080.63500	0.02
2025.11.10	10:38:00	4080.66500	4081.47500	4080.48500	4081.42500	0.03
2025.11.10	10:39:00	4081.60500	4082.46500	4081.54800	4082.22500	0.03
2025.11.10	10:40:00	4082.24500	4082.77500	4082.19500	4082.56500	0.02
2025.11.10	10:41:00	4082.64800	4083.24800	4080.06500	4081.25500	0.03
2025.11.10	10:42:00	4081.21500	4081.27500	4078.97500	4079.07500	0.02
2025.11.10	10:43:00	4079.05500	4080.06500	4078.53500	4078.54500	0.02
2025.11.10	10:44:00	4078.57500	4079.84500	4077.88500	4077.99500	0.02
2025.11.10	10:45:00	4077.96500	4079.16500	4077.86500	4078.12500	0.02
2025.11.10	10:46:00	4078.15500	4078.48500	4076.66500	4076.69500	0.02
2025.11.10	10:47:00	4076.71500	4078.82500	4075.97500	4078.18500	0.02
2025.11.10	10:48:00	4078.11500	4078.41500	4077.27500	4077.45500	0.01
2025.11.10	10:49:00	4077.41500	4077.91500	4076.48500	4076.60500	0.04
2025.11.10	10:50:00	4076.92500	4077.21500	4075.98500	4076.28500	0.03
2025.11.10	10:51:00	4076.29500	4076.88500	4075.70500	4076.53500	0.04
2025.11.10	10:52:00	4076.61500	4078.31500	4076.54500	4078.11500	0.02
2025.11.10	10:53:00	4078.13500	4078.66500	4077.66500	4077.75500	0.01
2025.11.10	10:54:00	4077.75500	4078.26500	4077.70500	4078.07500	0.01
2025.11.10	10:55:00	4078.25500	4080.58500	4078.21500	4079.24500	0.03
2025.11.10	10:56:00	4079.26500	4079.62500	4078.62500	4079.58500	0.02
2025.11.10	10:57:00	4079.59500	4080.16500	4079.59500	4080.01500	0.01
2025.11.10	10:58:00	4079.96500	4080.50500	4079.64500	4079.85500	0.02
2025.11.10	10:59:00	4079.83500	4081.04500	4079.83500	4080.77500	0.01
2025.11.10	11:00:00	4080.83500	4082.26500	4080.52500	4081.96500	0.02
2025.11.10	11:01:00	4081.98500	4082.04500	4079.95500	4080.39500	0.03
2025.11.10	11:02:00	4080.35500	4081.52500	4080.06500	4081.20500	0.02
2025.11.10	11:03:00	4081.20500	4081.33500	4080.25500	4080.78500	0.03
2025.11.10	11:04:00	4080.54500	4081.67500	4079.75500	4081.38500	0.04
2025.11.10	11:05:00	4081.37500	4081.95500	4080.98500	4081.12500	0.06
2025.11.10	11:06:00	4081.04500	4081.40500	4079.20500	4079.26500	0.03
2025.11.10	11:07:00	4079.22500	4079.71500	4077.96500	4078.12500	0.03
2025.11.10	11:08:00	4078.09500	4079.46500	4077.12500	4078.48500	0.03
2025.11.10	11:09:00	4078.43500	4079.23500	4077.04500	4077.17500	0.02
2025.11.10	11:10:00	4077.22500	4078.29500	4077.04500	4078.05500	0.02
2025.11.10	11:11:00	4078.03500	4078.36500	4075.62500	4075.97500	0.03
2025.11.10	11:12:00	4075.84500	4076.69500	4075.64500	4076.69500	0.02
2025.11.10	11:13:00	4076.72500	4077.54500	4075.98500	4077.10500	0.02
2025.11.10	11:14:00	4077.14500	4078.17500	4077.14500	4077.79500	0.01
2025.11.10	11:15:00	4077.83500	4078.24500	4077.57500	4078.21500	0.01
2025.11.10	11:16:00	4078.18500	4078.92500	4078.10500	4078.29500	0.01
2025.11.10	11:17:00	4078.26500	4078.26500	4077.13500	4077.27500	0.01
2025.11.10	11:18:00	4077.22500	4077.82500	4077.02500	4077.52500	0.01
2025.11.10	11:19:00	4077.55500	4078.65500	4077.54500	4077.62500	0.01
2025.11.10	11:20:00	4077.64500	4078.53500	4077.59500	4078.36500	0.01
2025.11.10	11:21:00	4078.40500	4079.01500	4078.34500	4078.73500	0.01
2025.11.10	11:22:00	4078.36500	4079.36500	4078.26500	4079.14500	0.01
2025.11.10	11:23:00	4079.16500	4079.28500	4078.23500	4078.25500	0.01
2025.11.10	11:24:00	4078.39500	4078.42500	4077.80500	4077.93500	0.01
2025.11.10	11:25:00	4077.90500	4078.97500	4077.59500	4078.75500	0.01
2025.11.10	11:26:00	4078.69500	4079.57500	4078.69500	4079.41500	0.01
2025.11.10	11:27:00	4079.40500	4079.48500	4078.91500	4079.29500	0.01
2025.11.10	11:28:00	4079.27500	4080.27500	4079.11500	4079.91500	0.01
2025.11.10	11:29:00	4079.93500	4079.97500	4078.85500	4079.04500	0.02
2025.11.10	11:30:00	4079.05500	4079.49500	4078.62500	4079.30500	0.01
2025.11.10	11:31:00	4079.27500	4079.41500	4079.04500	4079.13500	0.01
2025.11.10	11:32:00	4079.25500	4079.97500	4079.25500	4079.70500	0.01
2025.11.10	11:33:00	4079.67500	4080.66500	4079.58500	4080.42500	0.01
2025.11.10	11:34:00	4080.44500	4080.59500	4080.04500	4080.54500	0.01
2025.11.10	11:35:00	4080.52500	4080.62500	4080.04500	4080.19500	0.01
2025.11.10	11:36:00	4080.20500	4080.99500	4080.20500	4080.77500	0.02
2025.11.10	11:37:00	4080.79500	4081.95500	4080.78500	4081.55500	0.01
2025.11.10	11:38:00	4081.55500	4082.25500	4081.25500	4081.25500	0.02
2025.11.10	11:39:00	4081.41500	4082.98500	4081.41500	4082.70500	0.01
2025.11.10	11:40:00	4082.68500	4082.74500	4082.12500	4082.71500	0.02
2025.11.10	11:41:00	4082.38500	4082.38500	4080.78500	4080.97500	0.02
2025.11.10	11:42:00	4080.95500	4082.75500	4080.95500	4082.32500	0.02
2025.11.10	11:43:00	4082.04800	4083.54800	4082.04800	4083.54800	0.02
2025.11.10	11:44:00	4083.41500	4083.58500	4082.28500	4082.53500	0.02
2025.11.10	11:45:00	4082.56500	4082.67500	4081.49500	4081.63500	0.01
2025.11.10	11:46:00	4081.58500	4082.49500	4081.03500	4081.43500	0.02
2025.11.10	11:47:00	4081.40500	4081.42500	4080.86500	4081.26500	0.02
2025.11.10	11:48:00	4081.58500	4082.49500	4081.58500	4082.45500	0.03
2025.11.10	11:49:00	4082.47500	4083.02500	4081.77500	4082.09500	0.02
2025.11.10	11:50:00	4082.12500	4082.90500	4081.83500	4082.70500	0.01
2025.11.10	11:51:00	4082.73500	4082.79500	4082.21500	4082.37500	0.01
2025.11.10	11:52:00	4082.40500	4082.78500	4082.09500	4082.55500	0.01
2025.11.10	11:53:00	4082.48500	4082.70500	4081.03500	4081.07500	0.02
2025.11.10	11:54:00	4081.12500	4082.03500	4080.96500	4082.02500	0.02
2025.11.10	11:55:00	4082.00500	4082.00500	4080.96500	4081.84500	0.01
2025.11.10	11:56:00	4081.81500	4082.04500	4081.16500	4081.93500	0.01
2025.11.10	11:57:00	4081.91500	4082.84500	4081.83500	4082.37500	0.02
2025.11.10	11:58:00	4082.39500	4083.60500	4082.39500	4083.58500	0.01
2025.11.10	11:59:00	4083.75500	4085.29500	4083.37500	4085.16500	0.03
2025.11.10	12:00:00	4085.20500	4085.95500	4084.19500	4085.63500	0.04
2025.11.10	12:01:00	4085.67500	4088.30500	4085.01500	4088.24500	0.03
2025.11.10	12:02:00	4088.16500	4088.16500	4086.51500	4086.74500	0.04
2025.11.10	12:03:00	4086.69500	4087.29500	4085.51500	4085.92500	0.03
2025.11.10	12:04:00	4085.96500	4086.66500	4085.09500	4085.12500	0.03
2025.11.10	12:05:00	4085.15500	4086.06500	4084.33500	4085.26500	0.02
2025.11.10	12:06:00	4085.23500	4087.79500	4084.87500	4087.68500	0.03
2025.11.10	12:07:00	4087.71500	4088.61500	4087.58500	4088.33500	0.03
2025.11.10	12:08:00	4088.36500	4088.69500	4088.33500	4088.57500	0.01
2025.11.10	12:09:00	4088.55500	4088.55500	4086.82500	4087.36500	0.02
2025.11.10	12:10:00	4087.33500	4088.45500	4087.25500	4088.26500	0.02
2025.11.10	12:11:00	4088.24500	4088.39500	4087.45500	4087.62500	0.02
2025.11.10	12:12:00	4087.56500	4088.08500	4087.27500	4087.59500	0.02
2025.11.10	12:13:00	4087.55500	4088.73500	4087.55500	4088.73500	0.01
2025.11.10	12:14:00	4088.76500	4089.70500	4088.18500	4089.34500	0.02
2025.11.10	12:15:00	4089.32500	4089.65500	4088.10500	4088.21500	0.02
2025.11.10	12:16:00	4088.17500	4089.93500	4087.66500	4089.76500	0.03
2025.11.10	12:17:00	4089.76500	4093.93500	4089.53500	4091.32500	0.05
2025.11.10	12:18:00	4091.26500	4092.40500	4089.49500	4091.82500	0.05
2025.11.10	12:19:00	4091.82500	4093.31500	4090.51500	4092.49500	0.04
2025.11.10	12:20:00	4092.42500	4094.63500	4092.42500	4093.51500	0.03
2025.11.10	12:21:00	4093.26500	4095.62500	4092.66500	4094.97500	0.04
2025.11.10	12:22:00	4094.94500	4095.28500	4094.32500	4094.64500	0.03
2025.11.10	12:23:00	4094.60500	4094.82500	4094.27500	4094.56500	0.02
2025.11.10	12:24:00	4094.66500	4095.24500	4094.28500	4094.80500	0.02
2025.11.10	12:25:00	4094.77500	4095.74500	4093.90500	4094.45500	0.03
2025.11.10	12:26:00	4094.36500	4095.43500	4094.31500	4094.98500	0.03
2025.11.10	12:27:00	4095.00500	4095.11500	4092.15500	4092.25500	0.03
2025.11.10	12:28:00	4092.27500	4094.25500	4091.90500	4093.95500	0.02
2025.11.10	12:29:00	4093.92500	4094.34500	4093.62500	4093.97500	0.02
2025.11.10	12:30:00	4094.01500	4094.89500	4093.60500	4094.45500	0.02
2025.11.10	12:31:00	4094.48500	4095.76500	4094.11500	4094.79500	0.02
2025.11.10	12:32:00	4094.81500	4095.36500	4094.19500	4095.11500	0.02
2025.11.10	12:33:00	4095.11500	4095.96500	4095.01500	4095.11500	0.03
2025.11.10	12:34:00	4095.13500	4095.69500	4094.25500	4095.28500	0.01
2025.11.10	12:35:00	4095.25500	4096.14500	4095.21500	4096.10500	0.01
2025.11.10	12:36:00	4096.07500	4096.34500	4094.47500	4094.47500	0.01
2025.11.10	12:37:00	4094.45500	4096.40500	4093.79500	4096.40500	0.02
2025.11.10	12:38:00	4096.38500	4096.42500	4095.32500	4095.77500	0.01
2025.11.10	12:39:00	4095.54500	4095.54500	4094.64500	4095.36500	0.01
2025.11.10	12:40:00	4095.32500	4095.37500	4094.53500	4095.03500	0.02
2025.11.10	12:41:00	4095.02500	4095.32500	4094.34500	4095.03500	0.01
2025.11.10	12:42:00	4095.05500	4095.20500	4094.08500	4094.40500	0.01
2025.11.10	12:43:00	4094.44500	4094.95500	4094.22500	4094.46500	0.01
2025.11.10	12:44:00	4094.44500	4095.01500	4094.26500	4094.51500	0.01
2025.11.10	12:45:00	4094.49500	4094.59500	4093.78500	4094.10500	0.01
2025.11.10	12:46:00	4094.02500	4094.32500	4093.42500	4094.05500	0.01
2025.11.10	12:47:00	4094.08500	4094.66500	4094.08500	4094.34500	0.01
2025.11.10	12:48:00	4094.37500	4095.67500	4094.09500	4095.04500	0.02
2025.11.10	12:49:00	4095.07500	4095.98500	4094.86500	4095.46500	0.02
2025.11.10	12:50:00	4095.49500	4096.00500	4094.90500	4095.54500	0.02
2025.11.10	12:51:00	4095.58500	4097.56500	4095.58500	4097.09500	0.02
2025.11.10	12:52:00	4097.05500	4097.05500	4096.12500	4096.65500	0.02
2025.11.10	12:53:00	4096.68500	4099.49800	4096.58500	4099.12500	0.03
2025.11.10	12:54:00	4099.15500	4099.83500	4098.77500	4099.66500	0.03
2025.11.10	12:55:00	4099.64500	4099.64500	4097.34800	4098.07800	0.04
2025.11.10	12:56:00	4098.09500	4098.21500	4097.67500	4097.77500	0.05
2025.11.10	12:57:00	4097.78500	4099.31500	4097.77500	4099.00500	0.05
2025.11.10	12:58:00	4099.04500	4099.14500	4097.29500	4097.49500	0.03
2025.11.10	12:59:00	4097.46500	4097.58500	4096.85500	4097.36500	0.02
2025.11.10	13:00:00	4097.43500	4099.55500	4096.79500	4099.11500	0.05
2025.11.10	13:01:00	4099.09500	4100.23500	4098.45500	4099.61500	0.04
2025.11.10	13:02:00	4099.58500	4104.46500	4099.55500	4103.64500	0.06
2025.11.10	13:03:00	4103.64500	4105.71500	4103.48500	4105.50500	0.07
2025.11.10	13:04:00	4105.53500	4105.60500	4103.25500	4104.58500	0.05
2025.11.10	13:05:00	4104.72500	4105.62500	4103.83800	4104.75500	0.04
2025.11.10	13:06:00	4104.77500	4105.25500	4102.77500	4103.53500	0.04
2025.11.10	13:07:00	4103.50500	4105.21500	4103.24800	4103.66500	0.03
2025.11.10	13:08:00	4103.67800	4103.75500	4101.82500	4103.30500	0.05
2025.11.10	13:09:00	4103.33500	4104.86500	4102.87500	4104.71500	0.04
2025.11.10	13:10:00	4104.66500	4105.20500	4103.23500	4103.71500	0.04
2025.11.10	13:11:00	4103.73500	4104.50500	4103.26500	4103.43500	0.03
2025.11.10	13:12:00	4103.40500	4103.40500	4101.69500	4102.02500	0.03
2025.11.10	13:13:00	4101.99500	4102.40500	4099.40500	4102.19500	0.04
2025.11.10	13:14:00	4102.15500	4103.72500	4101.98500	4102.72500	0.04
2025.11.10	13:15:00	4102.75500	4102.90500	4100.93500	4101.06500	0.04
2025.11.10	13:16:00	4101.03500	4101.39500	4099.22500	4099.81500	0.03
2025.11.10	13:17:00	4099.83500	4101.02500	4098.52500	4100.58500	0.03
2025.11.10	13:18:00	4100.60500	4101.90500	4099.60500	4100.71500	0.05
2025.11.10	13:19:00	4100.74500	4103.10500	4100.74500	4102.09500	0.06
2025.11.10	13:20:00	4102.10500	4103.49500	4100.79500	4103.16500	0.05
2025.11.10	13:21:00	4103.49500	4104.87500	4103.15500	4103.19500	0.05
2025.11.10	13:22:00	4103.22500	4104.96500	4102.36500	4102.48500	0.04
2025.11.10	13:23:00	4102.50500	4103.68500	4101.99500	4102.98500	0.03
2025.11.10	13:24:00	4103.00500	4103.88500	4102.60500	4103.12500	0.02
2025.11.10	13:25:00	4103.14500	4104.07500	4102.41500	4103.88500	0.03
2025.11.10	13:26:00	4103.91500	4104.61500	4102.21500	4103.03500	0.03
2025.11.10	13:27:00	4103.01500	4103.43500	4101.25500	4101.28500	0.03
2025.11.10	13:28:00	4101.31500	4103.01500	4100.70500	4102.72500	0.03
2025.11.10	13:29:00	4102.70500	4102.99500	4101.74500	4101.80500	0.03
2025.11.10	13:30:00	4101.78500	4103.20500	4101.78500	4102.75500	0.03
2025.11.10	13:31:00	4102.78500	4102.96500	4101.56500	4101.65500	0.02
2025.11.10	13:32:00	4101.62500	4102.46500	4101.16500	4101.72500	0.03
2025.11.10	13:33:00	4101.69500	4102.19500	4100.16500	4100.32500	0.03
2025.11.10	13:34:00	4100.28500	4101.69500	4098.45500	4099.83500	0.03
2025.11.10	13:35:00	4099.90500	4101.87500	4099.57500	4101.20500	0.04
2025.11.10	13:36:00	4101.16500	4102.01500	4100.70500	4101.24500	0.03
2025.11.10	13:37:00	4101.03500	4101.33500	4098.43500	4099.78500	0.05
2025.11.10	13:38:00	4099.78500	4100.51500	4097.20500	4097.26500	0.04
2025.11.10	13:39:00	4097.42500	4098.53500	4095.89500	4096.68500	0.04
2025.11.10	13:40:00	4096.66500	4098.63500	4096.39500	4097.20500	0.06
2025.11.10	13:41:00	4097.21500	4097.84500	4096.28500	4096.97500	0.04
2025.11.10	13:42:00	4096.94500	4097.55500	4095.09500	4096.37500	0.07
2025.11.10	13:43:00	4096.26500	4098.44500	4095.93800	4097.36500	0.07
2025.11.10	13:44:00	4097.39500	4098.25500	4097.35500	4097.71500	0.08
2025.11.10	13:45:00	4097.71500	4097.81500	4096.29500	4096.70500	0.10
2025.11.10	13:46:00	4096.74500	4097.56500	4094.19500	4095.51500	0.09
2025.11.10	13:47:00	4095.56500	4095.70500	4093.38500	4094.03500	0.04
2025.11.10	13:48:00	4094.07500	4096.50500	4093.82500	4096.40500	0.03
2025.11.10	13:49:00	4096.34500	4097.93500	4095.50500	4095.79500	0.05
2025.11.10	13:50:00	4095.30500	4096.31500	4094.42500	4095.66500	0.05
2025.11.10	13:51:00	4095.50500	4095.55500	4092.33500	4092.40500	0.07
2025.11.10	13:52:00	4092.43500	4093.52500	4090.51500	4090.88500	0.08
2025.11.10	13:53:00	4090.85500	4091.41500	4090.15500	4090.93500	0.05
2025.11.10	13:54:00	4090.91500	4092.50500	4090.31500	4091.66500	0.04
2025.11.10	13:55:00	4091.85500	4093.35500	4090.57500	4092.88500	0.04
2025.11.10	13:56:00	4092.85500	4093.84500	4091.56500	4092.44500	0.03
2025.11.10	13:57:00	4092.41500	4092.66500	4091.45500	4091.80500	0.03
2025.11.10	13:58:00	4091.83500	4093.50500	4091.64800	4092.99500	0.05
2025.11.10	13:59:00	4092.95500	4093.40500	4091.43500	4091.43500	0.03
2025.11.10	14:00:00	4091.40500	4093.92500	4091.39500	4092.62500	0.06
2025.11.10	14:01:00	4092.59500	4093.24800	4090.49500	4090.49500	0.05
2025.11.10	14:02:00	4090.45500	4091.03500	4088.36500	4089.69500	0.05
2025.11.10	14:03:00	4089.70500	4091.22500	4088.04500	4088.23500	0.04
2025.11.10	14:04:00	4088.21500	4089.06500	4086.75500	4088.03500	0.05
2025.11.10	14:05:00	4088.01500	4088.01500	4085.57500	4085.78500	0.06
2025.11.10	14:06:00	4085.72500	4090.54500	4085.72500	4090.27500	0.05
2025.11.10	14:07:00	4090.31500	4090.31500	4088.35500	4089.24500	0.03
2025.11.10	14:08:00	4089.27500	4090.16500	4088.64500	4090.00500	0.02
2025.11.10	14:09:00	4090.00500	4090.77500	4088.31500	4088.77500	0.04
2025.11.10	14:10:00	4088.72500	4089.51500	4088.17500	4088.59500	0.03
2025.11.10	14:11:00	4088.61500	4089.62500	4088.00500	4088.02500	0.03
2025.11.10	14:12:00	4087.99500	4088.58500	4085.22500	4085.28500	0.06
2025.11.10	14:13:00	4085.29500	4086.59500	4083.84500	4085.71500	0.06
2025.11.10	14:14:00	4085.73500	4086.79500	4085.36500	4086.25500	0.03
2025.11.10	14:15:00	4086.21500	4087.82500	4086.07500	4086.66500	0.03
2025.11.10	14:16:00	4086.63500	4086.75500	4083.05500	4083.28500	0.04
2025.11.10	14:17:00	4083.26500	4084.82500	4082.24500	4084.12500	0.05
2025.11.10	14:18:00	4084.13500	4084.74500	4082.91500	4084.36500	0.04
2025.11.10	14:19:00	4084.37500	4084.90500	4082.59500	4082.86500	0.04
2025.11.10	14:20:00	4082.84500	4084.28500	4081.77500	4083.99500	0.05
2025.11.10	14:21:00	4083.97500	4085.33500	4083.33500	4085.30500	0.03
2025.11.10	14:22:00	4085.27500	4086.06500	4084.27500	4086.00500	0.03
2025.11.10	14:23:00	4085.95500	4087.46500	4085.75500	4087.37500	0.03
2025.11.10	14:24:00	4087.34500	4087.38500	4085.26500	4086.77500	0.03
2025.11.10	14:25:00	4086.78500	4088.10500	4086.48500	4088.03500	0.03
2025.11.10	14:26:00	4087.99500	4088.56500	4087.05500	4087.29500	0.03
2025.11.10	14:27:00	4087.27500	4087.36500	4086.47500	4087.17500	0.02
2025.11.10	14:28:00	4087.13500	4087.13500	4085.77500	4086.43500	0.02
2025.11.10	14:29:00	4086.46500	4086.65500	4084.28500	4086.08500	0.03
2025.11.10	14:30:00	4086.10500	4086.10500	4081.42500	4082.79500	0.08
2025.11.10	14:31:00	4082.83500	4084.79500	4081.77500	4083.00500	0.07
2025.11.10	14:32:00	4083.05500	4083.75500	4081.31500	4082.14500	0.07
2025.11.10	14:33:00	4082.15500	4082.55500	4077.15500	4077.99500	0.07
2025.11.10	14:34:00	4078.04500	4078.34500	4075.08500	4078.11500	0.08
2025.11.10	14:35:00	4078.17500	4078.17500	4074.06500	4076.21500	0.08
2025.11.10	14:36:00	4076.29500	4079.05500	4075.41500	4079.04500	0.06
2025.11.10	14:37:00	4079.00500	4082.03500	4078.76500	4081.96500	0.06
2025.11.10	14:38:00	4081.62500	4082.50500	4079.73500	4080.22500	0.06
2025.11.10	14:39:00	4080.29500	4080.68500	4076.97500	4078.59500	0.06
2025.11.10	14:40:00	4078.90500	4080.12500	4077.70500	4080.01500	0.06
2025.11.10	14:41:00	4079.98500	4080.35500	4077.90500	4079.92500	0.05
2025.11.10	14:42:00	4080.09500	4081.27500	4079.29500	4081.06500	0.05
2025.11.10	14:43:00	4081.02500	4081.06500	4078.93500	4079.90500	0.05
2025.11.10	14:44:00	4079.91500	4081.36500	4079.04500	4081.10500	0.06
2025.11.10	14:45:00	4081.10500	4084.67500	4080.70500	4084.03500	0.06
2025.11.10	14:46:00	4083.89500	4085.20500	4082.98500	4085.18500	0.05
2025.11.10	14:47:00	4085.21500	4085.33500	4082.95500	4083.65500	0.06
2025.11.10	14:48:00	4083.60500	4084.07500	4079.12500	4080.80500	0.10
2025.11.10	14:49:00	4080.85500	4082.42500	4079.99500	4080.43500	0.07
2025.11.10	14:50:00	4080.14500	4080.87500	4078.10500	4080.36500	0.07
2025.11.10	14:51:00	4080.32500	4082.61500	4079.38500	4080.89500	0.07
2025.11.10	14:52:00	4080.87500	4081.55500	4079.81500	4080.02500	0.04
2025.11.10	14:53:00	4079.97500	4081.81500	4079.97500	4081.37500	0.05
2025.11.10	14:54:00	4081.39500	4084.28500	4081.39500	4083.54500	0.04
2025.11.10	14:55:00	4083.34500	4086.02500	4083.31500	4085.37500	0.06
2025.11.10	14:56:00	4085.34500	4086.44500	4083.34500	4086.10500	0.06
2025.11.10	14:57:00	4086.07500	4086.72500	4084.88500	4085.07500	0.04
2025.11.10	14:58:00	4085.05500	4086.13500	4083.43500	4085.91500	0.04
2025.11.10	14:59:00	4085.87500	4086.16500	4083.31500	4083.35500	0.04
2025.11.10	15:00:00	4083.25500	4088.20500	4083.21500	4087.26500	0.07
2025.11.10	15:01:00	4087.43500	4088.68500	4086.34500	4087.72500	0.05
2025.11.10	15:02:00	4087.57500	4089.69500	4086.99500	4089.53500	0.04
2025.11.10	15:03:00	4089.49500	4090.16500	4088.12800	4088.35500	0.07
2025.11.10	15:04:00	4088.35500	4090.12500	4087.73500	4090.12500	0.10
2025.11.10	15:05:00	4090.12500	4090.45800	4088.28500	4088.65500	0.12
2025.11.10	15:06:00	4088.61800	4089.32500	4087.75500	4088.21500	0.05
2025.11.10	15:07:00	4088.16500	4092.69800	4087.88500	4091.61500	0.06
2025.11.10	15:08:00	4091.69800	4092.45500	4089.97800	4090.07500	0.09
2025.11.10	15:09:00	4090.10500	4091.59500	4090.10500	4090.37500	0.07
2025.11.10	15:10:00	4090.34500	4091.19500	4090.06500	4090.69500	0.04
2025.11.10	15:11:00	4090.67500	4091.04500	4090.36500	4090.75500	0.03
2025.11.10	15:12:00	4090.72500	4090.94500	4088.45500	4089.16500	0.05
2025.11.10	15:13:00	4089.14500	4089.37500	4087.18500	4088.39500	0.05
2025.11.10	15:14:00	4088.46500	4088.97500	4087.10500	4087.32500	0.04
2025.11.10	15:15:00	4087.28500	4088.43500	4086.80500	4087.12500	0.04
2025.11.10	15:16:00	4087.21500	4088.25500	4086.75500	4087.90500	0.04
2025.11.10	15:17:00	4087.86500	4088.81500	4086.57500	4088.34800	0.04
2025.11.10	15:18:00	4088.48500	4090.04500	4087.69800	4089.36500	0.05
2025.11.10	15:19:00	4089.32500	4090.90500	4088.66500	4090.89500	0.05
2025.11.10	15:20:00	4090.89500	4091.85500	4090.30500	4091.79500	0.04
2025.11.10	15:21:00	4091.77500	4093.39500	4090.81500	4093.28500	0.04
2025.11.10	15:22:00	4093.26500	4093.98500	4092.34500	4093.01500	0.05
2025.11.10	15:23:00	4092.89500	4094.12500	4092.44500	4093.12500	0.04
2025.11.10	15:24:00	4092.94500	4094.09500	4092.35500	4092.69500	0.03
2025.11.10	15:25:00	4092.66500	4092.97500	4090.29500	4090.38500	0.04
2025.11.10	15:26:00	4090.42500	4090.59500	4088.15500	4090.21500	0.08
2025.11.10	15:27:00	4089.92500	4090.87500	4088.56500	4089.18500	0.06
2025.11.10	15:28:00	4089.15500	4089.82500	4087.40500	4089.32500	0.04
2025.11.10	15:29:00	4089.31500	4090.25500	4088.61500	4088.91500	0.04
2025.11.10	15:30:00	4088.88500	4089.09500	4087.32500	4087.90500	0.04
2025.11.10	15:31:00	4087.89500	4089.00500	4087.01500	4088.97500	0.04
2025.11.10	15:32:00	4089.00500	4089.31500	4084.85500	4085.32500	0.05
2025.11.10	15:33:00	4085.30500	4086.51500	4084.80500	4085.30500	0.04
2025.11.10	15:34:00	4085.32500	4086.68500	4085.12500	4085.69500	0.04
2025.11.10	15:35:00	4085.71500	4085.71500	4083.34500	4083.90500	0.05
2025.11.10	15:36:00	4083.87500	4085.32500	4083.58500	4083.96500	0.05
2025.11.10	15:37:00	4083.98500	4084.97500	4082.69500	4083.73500	0.05
2025.11.10	15:38:00	4083.78500	4085.43500	4083.69500	4084.24500	0.03
2025.11.10	15:39:00	4084.22500	4086.44500	4084.08500	4085.91500	0.03
2025.11.10	15:40:00	4086.20500	4087.64500	4085.33500	4086.38500	0.05
2025.11.10	15:41:00	4086.35500	4087.62500	4085.90500	4085.99500	0.04
2025.11.10	15:42:00	4085.97500	4087.94500	4085.46500	4087.81500	0.04
2025.11.10	15:43:00	4087.81500	4088.15500	4086.01500	4086.71500	0.04
2025.11.10	15:44:00	4086.69500	4087.73500	4086.07500	4087.45500	0.03
2025.11.10	15:45:00	4087.43500	4087.61500	4085.76500	4086.37500	0.04
2025.11.10	15:46:00	4086.35500	4086.42500	4082.90500	4083.11500	0.04
2025.11.10	15:47:00	4083.11500	4083.91500	4080.44500	4081.18500	0.06
2025.11.10	15:48:00	4081.12500	4081.29500	4079.35500	4079.40500	0.06
2025.11.10	15:49:00	4079.38500	4080.43500	4077.59500	4079.35500	0.05
2025.11.10	15:50:00	4079.37500	4081.45500	4078.34500	4080.72500	0.06
2025.11.10	15:51:00	4080.74500	4083.67500	4079.93500	4081.93500	0.06
2025.11.10	15:52:00	4081.89500	4083.68500	4081.39500	4082.88500	0.04
2025.11.10	15:53:00	4082.86500	4085.09500	4082.66500	4085.05500	0.04
2025.11.10	15:54:00	4085.02500	4085.40500	4084.03500	4085.10500	0.03
2025.11.10	15:55:00	4085.18500	4085.20500	4083.08500	4083.81500	0.03
2025.11.10	15:56:00	4083.79500	4084.62500	4083.19500	4084.58500	0.03
2025.11.10	15:57:00	4084.55500	4085.72500	4083.88500	4084.63500	0.04
2025.11.10	15:58:00	4084.61500	4085.65500	4083.93500	4084.03500	0.04
2025.11.10	15:59:00	4084.00500	4084.51500	4083.62500	4084.14500	0.04
2025.11.10	16:00:00	4084.12500	4084.27500	4082.52500	4083.40500	0.05
2025.11.10	16:01:00	4083.39500	4083.39500	4081.81500	4083.15500	0.04
2025.11.10	16:02:00	4083.20500	4083.70500	4082.57500	4083.23500	0.03
2025.11.10	16:03:00	4083.26500	4087.52500	4083.22500	4086.04500	0.04
2025.11.10	16:04:00	4085.91500	4087.17500	4085.84500	4086.39500	0.03
2025.11.10	16:05:00	4086.34500	4086.34500	4084.33500	4085.61500	0.04
2025.11.10	16:06:00	4085.59500	4085.80500	4084.27500	4085.68500	0.03
2025.11.10	16:07:00	4085.71500	4086.71500	4085.67500	4086.69500	0.03
2025.11.10	16:08:00	4086.73500	4089.12500	4086.58500	4089.10500	0.04
2025.11.10	16:09:00	4089.08500	4089.48500	4087.62500	4089.39500	0.04
2025.11.10	16:10:00	4089.37500	4090.87500	4089.37500	4090.31500	0.04
2025.11.10	16:11:00	4090.31500	4090.66500	4089.62500	4089.77500	0.04
2025.11.10	16:12:00	4089.80500	4090.86500	4089.09500	4090.86500	0.03
2025.11.10	16:13:00	4090.89500	4091.51500	4090.26500	4091.49500	0.03
2025.11.10	16:14:00	4091.60500	4091.60500	4090.42500	4091.00500	0.04
2025.11.10	16:15:00	4091.02500	4091.77500	4090.69800	4091.29800	0.06
2025.11.10	16:16:00	4091.31500	4091.65500	4090.33800	4090.41800	0.08
2025.11.10	16:17:00	4090.41800	4091.09500	4089.97500	4090.17500	0.04
2025.11.10	16:18:00	4090.36500	4090.43500	4089.48500	4090.28500	0.03
2025.11.10	16:19:00	4090.30500	4090.44500	4089.60500	4090.21500	0.03
2025.11.10	16:20:00	4090.23500	4091.30500	4089.99500	4090.94500	0.03
2025.11.10	16:21:00	4090.91500	4091.10500	4089.88500	4091.01500	0.03
2025.11.10	16:22:00	4091.04500	4091.15500	4089.75500	4090.40500	0.03
2025.11.10	16:23:00	4090.44500	4093.12500	4090.44500	4092.77500	0.03
2025.11.10	16:24:00	4092.83500	4093.00500	4091.89800	4091.91500	0.04
2025.11.10	16:25:00	4091.89800	4092.33500	4091.19500	4092.33500	0.04
2025.11.10	16:26:00	4092.37500	4093.15500	4092.37500	4092.72500	0.03
2025.11.10	16:27:00	4092.70500	4093.02500	4092.12500	4092.39500	0.03
2025.11.10	16:28:00	4092.37500	4092.39500	4091.46500	4091.92500	0.03
2025.11.10	16:29:00	4091.95500	4093.05500	4091.64500	4092.84500	0.02
2025.11.10	16:30:00	4092.86500	4094.57500	4092.67500	4093.59800	0.04
2025.11.10	16:31:00	4093.59800	4094.24800	4091.84800	4094.24800	0.07
2025.11.10	16:32:00	4094.15500	4095.49800	4094.14800	4095.04800	0.07
2025.11.10	16:33:00	4094.94800	4095.14800	4094.02800	4094.69800	0.05
2025.11.10	16:34:00	4094.69800	4094.79800	4093.36800	4094.14500	0.06
2025.11.10	16:35:00	4094.12500	4095.46500	4094.10500	4094.28500	0.05
2025.11.10	16:36:00	4094.33500	4095.25500	4094.22500	4095.23500	0.07
2025.11.10	16:37:00	4095.21500	4095.47500	4094.44800	4094.69500	0.07
2025.11.10	16:38:00	4094.69500	4095.03500	4094.36500	4094.93500	0.07
2025.11.10	16:39:00	4094.93500	4095.02500	4094.34500	4094.66500	0.06
2025.11.10	16:40:00	4094.66500	4094.66500	4091.58500	4091.83500	0.08
2025.11.10	16:41:00	4091.86500	4093.52500	4091.65500	4092.96500	0.07
2025.11.10	16:42:00	4092.96500	4093.17500	4090.61500	4090.65500	0.07
2025.11.10	16:43:00	4090.60500	4091.98500	4090.60500	4090.93500	0.03
2025.11.10	16:44:00	4090.90500	4091.52500	4089.97500	4090.88500	0.04
2025.11.10	16:45:00	4091.01500	4092.28500	4090.51500	4090.54500	0.03
2025.11.10	16:46:00	4090.51500	4091.44500	4089.79500	4089.90500	0.03
2025.11.10	16:47:00	4089.86500	4089.98500	4089.06500	4089.98500	0.03
2025.11.10	16:48:00	4089.95500	4090.28500	4088.51500	4090.23500	0.03
2025.11.10	16:49:00	4090.21500	4091.30500	4089.90500	4091.20500	0.02
2025.11.10	16:50:00	4091.16500	4092.96500	4090.98500	4091.69500	0.03
2025.11.10	16:51:00	4091.67500	4091.80500	4091.11500	4091.78500	0.02
2025.11.10	16:52:00	4091.81500	4092.84500	4091.52500	4092.23500	0.02
2025.11.10	16:53:00	4092.20500	4093.65500	4091.97500	4093.48500	0.02
2025.11.10	16:54:00	4093.45500	4094.11800	4093.42500	4093.70500	0.02
2025.11.10	16:55:00	4093.75500	4094.71500	4093.59500	4094.51500	0.03
2025.11.10	16:56:00	4094.48500	4095.34500	4094.44500	4094.73500	0.03
2025.11.10	16:57:00	4094.75500	4095.16500	4094.41500	4094.77500	0.02
2025.11.10	16:58:00	4094.75500	4095.37500	4094.59500	4095.07500	0.02
2025.11.10	16:59:00	4095.11500	4095.29500	4094.60500	4094.82500	0.02
2025.11.10	17:00:00	4094.84500	4096.01500	4094.67500	4095.87500	0.03
2025.11.10	17:01:00	4095.90500	4095.94500	4094.41500	4095.48500	0.03
2025.11.10	17:02:00	4095.36500	4095.42500	4093.82500	4094.61500	0.03
2025.11.10	17:03:00	4094.59500	4096.05500	4094.33500	4095.35500	0.03
2025.11.10	17:04:00	4095.32500	4096.84500	4095.32500	4096.24500	0.03
2025.11.10	17:05:00	4096.13500	4097.20500	4095.56500	4096.47500	0.03
2025.11.10	17:06:00	4096.56500	4096.63500	4094.92500	4094.97500	0.03
2025.11.10	17:07:00	4095.00500	4096.42500	4094.73500	4096.41500	0.02
2025.11.10	17:08:00	4096.44500	4097.76500	4096.44500	4096.75500	0.02
2025.11.10	17:09:00	4096.80500	4097.24500	4096.35500	4097.11500	0.02
2025.11.10	17:10:00	4097.09500	4097.93500	4096.99500	4097.21500	0.02
2025.11.10	17:11:00	4097.23500	4097.77500	4096.93500	4097.64500	0.02
2025.11.10	17:12:00	4097.62500	4097.79500	4096.35500	4096.52500	0.03
2025.11.10	17:13:00	4096.48500	4096.48500	4093.98500	4094.25500	0.03
2025.11.10	17:14:00	4094.23500	4096.03500	4094.18800	4096.02500	0.03
2025.11.10	17:15:00	4096.06500	4096.33500	4094.75800	4095.19500	0.03
2025.11.10	17:16:00	4095.16500	4095.29500	4094.15500	4095.25500	0.03
2025.11.10	17:17:00	4095.20500	4095.37500	4093.21500	4093.35500	0.03
2025.11.10	17:18:00	4093.41500	4094.73500	4093.28500	4094.69500	0.03
2025.11.10	17:19:00	4094.65500	4095.14500	4094.40500	4094.65500	0.03
2025.11.10	17:20:00	4094.68500	4095.55500	4094.67500	4095.39500	0.03
2025.11.10	17:21:00	4095.42500	4096.03500	4094.93500	4095.47500	0.02
2025.11.10	17:22:00	4095.44500	4096.68500	4095.44500	4096.50800	0.03
2025.11.10	17:23:00	4096.45500	4096.47500	4095.58500	4096.21500	0.02
2025.11.10	17:24:00	4096.24500	4096.75500	4095.49500	4096.75500	0.03
2025.11.10	17:25:00	4096.71500	4097.84500	4096.67500	4097.68500	0.02
2025.11.10	17:26:00	4097.60500	4098.20500	4096.21500	4096.75500	0.02
2025.11.10	17:27:00	4096.79500	4097.20500	4096.43500	4097.03500	0.02
2025.11.10	17:28:00	4097.01500	4097.07500	4096.27500	4096.30500	0.02
2025.11.10	17:29:00	4096.26500	4096.77500	4096.14500	4096.65500	0.02
2025.11.10	17:30:00	4096.63500	4097.57500	4096.47500	4097.18500	0.02
2025.11.10	17:31:00	4097.20500	4097.39500	4096.08500	4096.38500	0.02
2025.11.10	17:32:00	4096.36500	4096.59500	4095.75500	4095.98500	0.02
2025.11.10	17:33:00	4095.95500	4095.97500	4095.09500	4095.78500	0.02
2025.11.10	17:34:00	4095.86500	4097.23500	4095.54500	4096.99500	0.02
2025.11.10	17:35:00	4097.04500	4097.91500	4096.39500	4096.53500	0.02
2025.11.10	17:36:00	4096.48500	4097.16500	4096.18500	4096.36500	0.02
2025.11.10	17:37:00	4096.39500	4096.43500	4095.30500	4095.50500	0.02
2025.11.10	17:38:00	4095.50800	4095.85500	4094.87500	4095.13500	0.02
2025.11.10	17:39:00	4095.16500	4095.73500	4095.16500	4095.56500	0.02
2025.11.10	17:40:00	4095.58800	4096.18500	4095.48800	4095.89800	0.02
2025.11.10	17:41:00	4095.91800	4096.07800	4095.17800	4095.68500	0.02
2025.11.10	17:42:00	4095.64500	4096.62500	4095.58500	4096.26500	0.02
2025.11.10	17:43:00	4096.23500	4096.27500	4094.84500	4094.91500	0.02
2025.11.10	17:44:00	4094.89500	4094.93500	4093.70500	4094.53500	0.02
2025.11.10	17:45:00	4094.55500	4094.91500	4094.34500	4094.74500	0.02
2025.11.10	17:46:00	4094.89500	4096.50500	4094.86500	4096.08500	0.03
2025.11.10	17:47:00	4096.10500	4096.49500	4095.21500	4096.09500	0.02
2025.11.10	17:48:00	4096.17500	4096.19500	4094.51500	4095.09500	0.02
2025.11.10	17:49:00	4095.03500	4098.21500	4095.03500	4098.18500	0.03
2025.11.10	17:50:00	4098.23500	4098.91500	4096.87500	4098.08500	0.03
2025.11.10	17:51:00	4098.08500	4098.21500	4097.10500	4098.10500	0.02
2025.11.10	17:52:00	4098.16500	4099.44500	4098.11500	4099.21500	0.03
2025.11.10	17:53:00	4099.23500	4099.23500	4098.18500	4098.47500	0.03
2025.11.10	17:54:00	4098.49500	4099.38500	4098.15500	4099.19500	0.02
2025.11.10	17:55:00	4099.21500	4100.87500	4099.21500	4100.69500	0.04
2025.11.10	17:56:00	4100.69500	4101.93500	4100.61500	4101.93500	0.04
2025.11.10	17:57:00	4101.93500	4101.93500	4101.17500	4101.46500	0.04
2025.11.10	17:58:00	4101.43500	4102.12500	4100.90500	4101.52500	0.03
2025.11.10	17:59:00	4101.58500	4102.54500	4101.18500	4102.36500	0.03
2025.11.10	18:00:00	4102.38500	4102.68500	4101.44500	4102.10500	0.03
2025.11.10	18:01:00	4102.07500	4102.73500	4101.65500	4102.43500	0.02
2025.11.10	18:02:00	4102.43500	4103.03500	4101.99500	4102.51500	0.03
2025.11.10	18:03:00	4102.54500	4103.73500	4102.47500	4102.84500	0.04
2025.11.10	18:04:00	4102.86500	4103.72500	4102.37500	4102.53500	0.04
2025.11.10	18:05:00	4102.53500	4102.80500	4102.16500	4102.19500	0.04
2025.11.10	18:06:00	4102.24500	4103.49500	4102.24500	4103.02500	0.04
2025.11.10	18:07:00	4103.03500	4103.71500	4102.74800	4102.89500	0.03
2025.11.10	18:08:00	4102.91500	4103.54500	4102.38500	4103.25500	0.04
2025.11.10	18:09:00	4103.28500	4103.87500	4103.14800	4103.18500	0.04
2025.11.10	18:10:00	4103.21500	4103.74500	4102.60800	4103.23500	0.02
2025.11.10	18:11:00	4103.23800	4103.90500	4102.99500	4103.44500	0.03
2025.11.10	18:12:00	4103.49500	4103.85500	4103.45800	4103.68500	0.02
2025.11.10	18:13:00	4103.70500	4104.93500	4103.51500	4104.43500	0.03
2025.11.10	18:14:00	4104.46500	4104.64500	4103.74500	4104.56500	0.03
2025.11.10	18:15:00	4104.62500	4105.58500	4104.57500	4105.34500	0.03
2025.11.10	18:16:00	4105.32500	4106.59500	4104.99500	4106.54500	0.04
2025.11.10	18:17:00	4106.50500	4108.13500	4105.26500	4108.01500	0.04
2025.11.10	18:18:00	4108.06500	4110.44500	4108.04500	4109.69500	0.05
2025.11.10	18:19:00	4109.71500	4110.29500	4108.77500	4109.18500	0.04
2025.11.10	18:20:00	4109.15500	4109.43500	4108.38500	4109.15500	0.03
2025.11.10	18:21:00	4109.16800	4110.61500	4108.45500	4110.61500	0.03
2025.11.10	18:22:00	4110.61800	4110.73500	4109.18500	4109.92500	0.04
2025.11.10	18:23:00	4109.95800	4110.26500	4109.04500	4109.53800	0.04
2025.11.10	18:24:00	4109.54800	4110.57500	4108.92800	4109.67500	0.04
2025.11.10	18:25:00	4109.75500	4110.53500	4108.04500	4109.92500	0.04
2025.11.10	18:26:00	4109.97800	4111.50500	4109.97800	4111.45500	0.04
2025.11.10	18:27:00	4111.51500	4113.32500	4111.09500	4113.28500	0.04
2025.11.10	18:28:00	4113.33500	4113.37500	4111.46500	4112.70500	0.05
2025.11.10	18:29:00	4112.73500	4114.37500	4112.37500	4113.98500	0.06
2025.11.10	18:30:00	4114.01500	4115.12500	4113.28500	4114.49500	0.03
2025.11.10	18:31:00	4114.45500	4115.05500	4113.59500	4114.96500	0.03
2025.11.10	18:32:00	4114.94500	4115.60500	4114.49800	4115.37500	0.03
2025.11.10	18:33:00	4115.35500	4115.37500	4113.97800	4114.66500	0.03
2025.11.10	18:34:00	4114.63500	4114.66500	4112.78500	4113.30500	0.03
2025.11.10	18:35:00	4113.32500	4113.32500	4110.85800	4110.85800	0.03
2025.11.10	18:36:00	4110.86500	4111.66500	4110.13500	4111.48500	0.03
2025.11.10	18:37:00	4111.47500	4111.91500	4109.96500	4110.14500	0.03
2025.11.10	18:38:00	4110.11500	4110.89500	4110.03800	4110.63500	0.02
2025.11.10	18:39:00	4110.65500	4111.43500	4109.45500	4109.81500	0.02
2025.11.10	18:40:00	4109.84500	4109.96500	4108.43500	4108.77500	0.03
2025.11.10	18:41:00	4108.80500	4109.29500	4107.10500	4107.64500	0.03
2025.11.10	18:42:00	4107.67500	4108.72500	4107.02500	4108.65500	0.03
2025.11.10	18:43:00	4108.63500	4109.88500	4108.21500	4108.98500	0.03
2025.11.10	18:44:00	4109.02500	4109.43500	4108.70500	4109.08500	0.03
2025.11.10	18:45:00	4109.04500	4109.22500	4108.52500	4108.68500	0.02
2025.11.10	18:46:00	4108.70500	4108.96500	4107.37500	4108.21500	0.03
2025.11.10	18:47:00	4108.18500	4108.23500	4107.05500	4107.46500	0.03
2025.11.10	18:48:00	4107.49500	4108.63500	4106.49500	4108.45500	0.02
2025.11.10	18:49:00	4108.41500	4108.76500	4106.00500	4106.47500	0.03
2025.11.10	18:50:00	4106.45500	4106.77500	4105.55500	4106.08500	0.04
2025.11.10	18:51:00	4106.24500	4107.55500	4106.16500	4107.40500	0.04
2025.11.10	18:52:00	4107.37500	4107.47500	4106.24500	4107.06500	0.03
2025.11.10	18:53:00	4107.04500	4107.18500	4105.60500	4106.84500	0.04
2025.11.10	18:54:00	4106.81500	4107.33500	4105.73500	4107.32500	0.03
2025.11.10	18:55:00	4107.29500	4108.76500	4107.16500	4107.91500	0.05
2025.11.10	18:56:00	4107.91500	4110.16500	4107.86500	4109.85500	0.05
2025.11.10	18:57:00	4109.81500	4110.04500	4109.07500	4109.39500	0.04
2025.11.10	18:58:00	4109.37500	4109.70800	4108.54500	4109.35500	0.03
2025.11.10	18:59:00	4109.32800	4110.16500	4109.32800	4109.88500	0.06
2025.11.10	19:00:00	4109.88500	4110.12500	4109.28500	4109.83800	0.07
2025.11.10	19:01:00	4109.90500	4110.04500	4108.98500	4109.59500	0.06
2025.11.10	19:02:00	4109.71500	4109.77500	4108.27800	4108.61500	0.07
2025.11.10	19:03:00	4108.59800	4110.32500	4107.63800	4109.98500	0.05
2025.11.10	19:04:00	4110.01500	4110.16500	4108.45500	4109.01800	0.05
2025.11.10	19:05:00	4109.03500	4109.18800	4108.18500	4108.89500	0.06
2025.11.10	19:06:00	4108.86500	4110.00500	4108.56500	4109.94500	0.04
2025.11.10	19:07:00	4110.00500	4110.12500	4108.98500	4109.24800	0.04
2025.11.10	19:08:00	4109.25800	4109.84500	4108.81500	4109.30500	0.02
2025.11.10	19:09:00	4109.27500	4110.53500	4109.27500	4109.90500	0.04
2025.11.10	19:10:00	4109.94500	4110.40500	4109.66500	4110.01500	0.05
2025.11.10	19:11:00	4110.02500	4112.55500	4109.99500	4112.14800	0.07
2025.11.10	19:12:00	4112.16800	4113.22500	4112.12500	4112.99500	0.05
2025.11.10	19:13:00	4113.03500	4114.17500	4112.72500	4114.10500	0.04
2025.11.10	19:14:00	4114.08500	4114.09500	4112.65500	4113.08500	0.05
2025.11.10	19:15:00	4113.10500	4113.43500	4111.90500	4112.43500	0.04
2025.11.10	19:16:00	4112.39500	4112.97500	4112.27500	4112.48500	0.03
2025.11.10	19:17:00	4112.51500	4112.55500	4110.81500	4111.31500	0.03
2025.11.10	19:18:00	4111.25500	4111.34800	4110.14800	4110.54800	0.04
2025.11.10	19:19:00	4110.60800	4111.04800	4109.99800	4110.89800	0.03
2025.11.10	19:20:00	4110.89800	4111.83500	4110.49800	4111.83500	0.03
2025.11.10	19:21:00	4111.81500	4111.96500	4111.23500	4111.80500	0.02
2025.11.10	19:22:00	4111.78500	4111.96500	4110.44500	4110.94500	0.02
2025.11.10	19:23:00	4110.97500	4113.28500	4110.17500	4113.18500	0.03
2025.11.10	19:24:00	4113.18500	4113.25500	4112.30500	4112.68500	0.02
2025.11.10	19:25:00	4112.64500	4113.23500	4112.50500	4113.20500	0.02
2025.11.10	19:26:00	4113.22500	4113.34500	4112.82500	4113.33500	0.02
2025.11.10	19:27:00	4113.66500	4115.00500	4113.60500	4114.99500	0.03
2025.11.10	19:28:00	4114.95500	4115.20500	4114.42500	4114.93500	0.02
2025.11.10	19:29:00	4114.89500	4115.23500	4114.18500	4114.24500	0.02
2025.11.10	19:30:00	4114.28500	4114.42500	4113.07500	4113.25500	0.02
2025.11.10	19:31:00	4113.28500	4113.73500	4111.30500	4111.69500	0.02
2025.11.10	19:32:00	4111.72500	4112.71500	4111.41500	4111.84500	0.02
2025.11.10	19:33:00	4111.88500	4112.78500	4111.88500	4112.76500	0.02
2025.11.10	19:34:00	4112.78500	4113.53500	4112.76500	4112.83500	0.01
2025.11.10	19:35:00	4112.85500	4113.48500	4112.57500	4113.19500	0.01
2025.11.10	19:36:00	4113.26500	4113.32500	4112.44500	4112.57500	0.01
2025.11.10	19:37:00	4112.59500	4113.02500	4111.67500	4112.07500	0.01
2025.11.10	19:38:00	4112.01500	4112.05500	4111.38500	4112.01500	0.01
2025.11.10	19:39:00	4112.05500	4112.39500	4111.86500	4112.04500	0.01
2025.11.10	19:40:00	4112.09500	4113.24500	4111.75500	4113.20500	0.02
2025.11.10	19:41:00	4113.27500	4113.80500	4113.10500	4113.80500	0.01
2025.11.10	19:42:00	4113.77500	4113.99500	4112.43500	4112.43500	0.02
2025.11.10	19:43:00	4112.40500	4112.43500	4111.77500	4111.79500	0.01
2025.11.10	19:44:00	4111.82500	4111.84500	4110.49500	4110.58500	0.02
2025.11.10	19:45:00	4110.60500	4110.60500	4109.33500	4109.56500	0.02
2025.11.10	19:46:00	4109.60500	4111.30500	4109.34500	4111.24500	0.02
2025.11.10	19:47:00	4111.21500	4112.02500	4111.15500	4111.99500	0.02
2025.11.10	19:48:00	4111.80500	4112.25500	4111.44500	4112.19500	0.01
2025.11.10	19:49:00	4112.21500	4112.34500	4111.03500	4111.26500	0.02
2025.11.10	19:50:00	4111.28500	4111.46500	4110.79500	4111.26500	0.01
2025.11.10	19:51:00	4111.24500	4112.34500	4111.02500	4111.91500	0.02
2025.11.10	19:52:00	4111.87500	4112.03500	4111.09500	4111.93500	0.02
2025.11.10	19:53:00	4111.89500	4112.49500	4111.73500	4112.49500	0.02
2025.11.10	19:54:00	4112.52500	4112.59500	4111.77500	4112.15500	0.02
2025.11.10	19:55:00	4112.12500	4112.46500	4111.42500	4112.08500	0.02
2025.11.10	19:56:00	4112.10500	4113.51500	4112.02500	4113.14500	0.02
2025.11.10	19:57:00	4113.09500	4113.56500	4112.91500	4113.46500	0.02
2025.11.10	19:58:00	4113.50500	4113.66500	4112.98500	4113.32500	0.02
2025.11.10	19:59:00	4113.36500	4113.36500	4112.79500	4113.02500	0.02
2025.11.10	20:00:00	4113.04500	4114.15500	4113.00500	4114.06500	0.02
2025.11.10	20:01:00	4114.02500	4114.35500	4112.82500	4112.82500	0.02
2025.11.10	20:02:00	4112.80500	4113.39500	4112.47500	4113.23500	0.02
2025.11.10	20:03:00	4113.26500	4113.42500	4112.94500	4113.15500	0.02
2025.11.10	20:04:00	4113.18500	4113.68500	4113.13500	4113.59500	0.02
2025.11.10	20:05:00	4113.56500	4113.60500	4112.98500	4113.37500	0.02
2025.11.10	20:06:00	4113.34500	4113.63500	4112.62500	4113.54800	0.01
2025.11.10	20:07:00	4113.53500	4113.82500	4113.34500	4113.39500	0.01
2025.11.10	20:08:00	4113.42500	4113.82500	4113.12500	4113.15500	0.01
2025.11.10	20:09:00	4113.03500	4113.73500	4113.03500	4113.65500	0.01
2025.11.10	20:10:00	4113.62500	4114.04500	4112.58500	4112.87500	0.02
2025.11.10	20:11:00	4112.84500	4112.86500	4111.82500	4111.98500	0.02
2025.11.10	20:12:00	4112.02500	4112.32500	4111.75500	4112.04500	0.02
2025.11.10	20:13:00	4112.02500	4112.37500	4111.56800	4111.87500	0.02
2025.11.10	20:14:00	4111.85500	4111.87500	4110.94500	4111.64500	0.02
2025.11.10	20:15:00	4111.67500	4111.71500	4109.06500	4109.06500	0.03
2025.11.10	20:16:00	4108.77500	4109.19500	4107.96500	4108.13500	0.03
2025.11.10	20:17:00	4108.11500	4108.62500	4107.39500	4107.51500	0.05
2025.11.10	20:18:00	4107.54500	4108.61500	4107.31500	4107.75500	0.04
2025.11.10	20:19:00	4107.78500	4108.42500	4106.95500	4107.04500	0.05
2025.11.10	20:20:00	4107.03500	4107.79500	4106.42500	4107.28500	0.03
2025.11.10	20:21:00	4107.32500	4107.82500	4106.53500	4107.51500	0.03
2025.11.10	20:22:00	4107.49500	4109.63500	4107.34500	4109.27500	0.03
2025.11.10	20:23:00	4109.30500	4109.89500	4108.59500	4109.89500	0.03
2025.11.10	20:24:00	4109.89500	4110.93500	4109.73500	4110.90500	0.03
2025.11.10	20:25:00	4110.85500	4111.36500	4110.41500	4111.12500	0.02
2025.11.10	20:26:00	4111.16500	4112.14500	4111.16500	4111.47500	0.02
2025.11.10	20:27:00	4111.51500	4111.98500	4110.75500	4111.98500	0.02
2025.11.10	20:28:00	4111.93500	4112.56500	4111.83500	4112.06500	0.03
2025.11.10	20:29:00	4112.08500	4112.40500	4111.09500	4111.09500	0.02
2025.11.10	20:30:00	4111.11500	4111.11500	4108.97500	4109.06500	0.03
2025.11.10	20:31:00	4109.09500	4109.28500	4108.03500	4108.59500	0.04
2025.11.10	20:32:00	4108.25500	4110.34500	4107.99500	4110.11500	0.04
2025.11.10	20:33:00	4110.11500	4111.30500	4109.73500	4110.58500	0.04
2025.11.10	20:34:00	4110.58500	4110.91500	4110.03500	4110.26500	0.04
2025.11.10	20:35:00	4110.23500	4110.27500	4109.36500	4109.94500	0.03
2025.11.10	20:36:00	4109.98500	4111.76500	4109.86500	4111.65500	0.04
2025.11.10	20:37:00	4111.83500	4112.01500	4110.83500	4111.65500	0.04
2025.11.10	20:38:00	4111.62500	4112.24500	4111.47500	4111.90500	0.04
2025.11.10	20:39:00	4111.93500	4112.02500	4110.04800	4110.34800	0.03
2025.11.10	20:40:00	4110.34800	4111.84800	4110.34800	4111.74800	0.04
2025.11.10	20:41:00	4111.74800	4111.74800	4110.84800	4111.24800	0.03
2025.11.10	20:42:00	4111.24800	4111.99800	4110.99800	4111.74800	0.02
2025.11.10	20:43:00	4111.74800	4112.04800	4111.44800	4111.94800	0.03
2025.11.10	20:44:00	4111.94800	4112.84800	4111.53500	4112.84800	0.04
2025.11.10	20:45:00	4112.84800	4112.84800	4111.38800	4112.04800	0.04
2025.11.10	20:46:00	4111.99500	4112.94800	4111.99500	4112.84800	0.04
2025.11.10	20:47:00	4112.84800	4112.84800	4112.24800	4112.64800	0.02
2025.11.10	20:48:00	4112.64800	4112.80500	4110.73500	4111.53500	0.04
2025.11.10	20:49:00	4111.50500	4112.08500	4110.18500	4110.29500	0.04
2025.11.10	20:50:00	4110.27500	4110.84500	4109.89500	4110.78500	0.03
2025.11.10	20:51:00	4110.76500	4111.59500	4110.48500	4111.51500	0.06
2025.11.10	20:52:00	4111.50500	4111.56500	4110.15500	4111.08500	0.11
2025.11.10	20:53:00	4111.05500	4111.21500	4109.36500	4109.76500	0.09
2025.11.10	20:54:00	4109.57800	4110.05500	4108.90500	4109.01500	0.09
2025.11.10	20:55:00	4109.04800	4109.47500	4107.71500	4108.53500	0.10
2025.11.10	20:56:00	4108.55500	4110.11500	4108.49500	4109.55500	0.09
2025.11.10	20:57:00	4109.54500	4110.23500	4109.36500	4109.67500	0.05
2025.11.10	20:58:00	4109.61500	4112.02500	4109.36500	4111.48500	0.12
2025.11.10	20:59:00	4111.48500	4112.49800	4111.09800	4111.44800	0.12
2025.11.10	21:00:00	4111.44800	4111.74800	4110.88500	4111.04800	0.01
2025.11.10	21:01:00	4110.99500	4111.54800	4110.22500	4110.22500	0.01
2025.11.10	21:02:00	4110.29800	4111.20500	4110.29800	4110.89500	0.00
2025.11.10	21:03:00	4110.94800	4111.84800	4110.89500	4111.78500	0.01
2025.11.10	21:04:00	4111.84800	4111.89800	4111.37500	4111.69800	0.01
2025.11.10	21:05:00	4111.63500	4111.99800	4111.44800	4111.74800	0.01
2025.11.10	21:06:00	4111.75500	4112.74800	4111.69500	4112.54800	0.01
2025.11.10	21:07:00	4112.54800	4112.54800	4111.34800	4111.94800	0.01
2025.11.10	21:08:00	4111.94800	4111.94800	4111.44800	4111.74800	0.01
2025.11.10	21:09:00	4111.64800	4112.54800	4111.64800	4112.18500	0.01
2025.11.10	21:10:00	4112.13500	4112.15500	4111.43500	4111.55500	0.01
2025.11.10	21:11:00	4111.59500	4111.95500	4111.05500	4111.36500	0.01
2025.11.10	21:12:00	4111.39500	4111.48500	4110.80500	4111.18500	0.01
2025.11.10	21:13:00	4111.25500	4111.54800	4111.14800	4111.47500	0.01
2025.11.10	21:14:00	4111.44800	4111.66500	4111.36500	4111.48500	0.00
2025.11.10	21:15:00	4111.54800	4112.94500	4111.41500	4112.77500	0.01
2025.11.10	21:16:00	4112.75500	4112.87500	4112.38500	4112.50500	0.01
2025.11.10	21:17:00	4112.48500	4112.67500	4112.26500	4112.30500	0.00
2025.11.10	21:18:00	4112.34800	4112.97500	4112.34800	4112.40500	0.01
2025.11.10	21:19:00	4112.44500	4112.87500	4112.43500	4112.81500	0.00
2025.11.10	21:20:00	4112.84500	4113.13500	4112.82500	4113.03500	0.00
2025.11.10	21:21:00	4113.05500	4113.24500	4113.00500	4113.24500	0.00
2025.11.10	21:22:00	4113.27500	4114.33500	4113.27500	4114.30500	0.01
2025.11.10	21:23:00	4114.24500	4114.43500	4113.75500	4114.39500	0.01
2025.11.10	21:24:00	4114.33500	4114.45500	4114.01500	4114.38500	0.01
2025.11.10	21:25:00	4114.28500	4114.31500	4113.96500	4114.06500	0.00
2025.11.10	21:26:00	4114.02500	4114.02500	4112.99500	4113.22500	0.01
2025.11.10	21:27:00	4113.24500	4113.65500	4113.21500	4113.47500	0.00
2025.11.10	21:28:00	4113.50500	4113.80500	4113.21500	4113.22500	0.01
2025.11.10	21:29:00	4113.20500	4113.20500	4112.00500	4112.30500	0.01
2025.11.10	21:30:00	4112.25500	4112.32500	4111.47500	4112.11500	0.01
2025.11.10	21:31:00	4112.14500	4112.36500	4112.02500	4112.30500	0.00
2025.11.10	21:32:00	4112.34800	4113.00500	4112.34800	4113.00500	0.00
2025.11.10	21:33:00	4113.03500	4113.13500	4111.94500	4112.30500	0.01
2025.11.10	21:34:00	4112.32500	4112.79500	4112.32500	4112.77500	0.00
2025.11.10	21:35:00	4112.80500	4113.26500	4112.77500	4113.12500	0.00
2025.11.10	21:36:00	4113.05500	4113.61500	4113.05500	4113.55500	0.00
2025.11.10	21:37:00	4113.43500	4113.49500	4112.93500	4112.93500	0.00
2025.11.10	21:38:00	4112.86500	4113.17500	4112.78500	4112.91500	0.00
2025.11.10	21:39:00	4112.88500	4113.32500	4112.54500	4113.32500	0.00
2025.11.10	21:40:00	4113.26500	4113.26500	4112.57500	4113.11500	0.00
2025.11.10	21:41:00	4113.21500	4113.34500	4113.07500	4113.34500	0.00
2025.11.10	21:42:00	4113.38500	4113.55500	4113.08500	4113.37500	0.00
2025.11.10	21:43:00	4113.33500	4113.61500	4113.19500	4113.61500	0.00
2025.11.10	21:44:00	4113.57500	4113.82500	4113.39500	4113.73500	0.00
2025.11.10	21:45:00	4113.70500	4114.01500	4113.22500	4114.01500	0.01
2025.11.10	21:46:00	4114.05500	4115.11500	4114.05500	4115.03500	0.01
2025.11.10	21:47:00	4115.00500	4115.04500	4114.54500	4114.77500	0.01
2025.11.10	21:48:00	4114.79500	4115.73500	4114.79500	4115.58500	0.01
2025.11.10	21:49:00	4115.53500	4115.70500	4115.20500	4115.65500	0.01
2025.11.10	21:50:00	4115.68500	4115.85500	4114.60500	4115.03500	0.01
2025.11.10	21:51:00	4115.01500	4115.77500	4114.68500	4115.70500	0.01
2025.11.10	21:52:00	4115.68500	4116.26500	4115.65500	4115.99500	0.01
2025.11.10	21:53:00	4115.96500	4116.39500	4115.69500	4116.37500	0.01
2025.11.10	21:54:00	4116.35500	4116.35500	4115.74500	4115.86500	0.00
2025.11.10	21:55:00	4115.84500	4115.86500	4114.73500	4115.57500	0.01
2025.11.10	21:56:00	4115.58500	4115.64500	4115.33500	4115.36500	0.00
2025.11.10	21:57:00	4115.20500	4115.43500	4115.17500	4115.36500	0.01
2025.11.10	21:58:00	4115.34500	4115.72500	4115.34500	4115.72500	0.00
2025.11.10	21:59:00	4115.65500	4115.67500	4115.18500	4115.61500	0.01
2025.11.10	23:00:00	4113.09800	4116.64800	4112.90800	4116.19800	0.01
2025.11.10	23:01:00	4116.19800	4116.49800	4114.69500	4115.11500	0.02
2025.11.10	23:02:00	4115.19800	4116.49800	4114.89800	4116.39800	0.01
2025.11.10	23:03:00	4116.39800	4116.69800	4116.20500	4116.39800	0.01
2025.11.10	23:04:00	4116.49800	4116.69800	4115.55800	4115.99800	0.01
2025.11.10	23:05:00	4115.99800	4116.49800	4115.89800	4116.49800	0.01
2025.11.10	23:06:00	4116.39800	4117.47500	4116.19800	4117.29800	0.03
2025.11.10	23:07:00	4117.40500	4118.02500	4116.82800	4117.99800	0.03
2025.11.10	23:08:00	4117.89800	4118.39800	4117.85800	4118.09800	0.03
2025.11.10	23:09:00	4118.09800	4119.94800	4117.99800	4119.84800	0.03
2025.11.10	23:10:00	4119.84800	4120.14800	4118.54800	4119.61500	0.03
2025.11.10	23:11:00	4119.48500	4119.98500	4118.79500	4119.89500	0.06
2025.11.10	23:12:00	4119.92500	4120.09500	4119.08500	4119.76500	0.02
2025.11.10	23:13:00	4119.46500	4119.55500	4118.77500	4119.19500	0.07
2025.11.10	23:14:00	4119.19500	4119.40500	4118.64800	4118.96500	0.04
2025.11.10	23:15:00	4118.80500	4119.35500	4118.80500	4118.86500	0.05
2025.11.10	23:16:00	4119.17500	4119.45500	4118.88500	4119.09500	0.05
2025.11.10	23:17:00	4119.07500	4119.96500	4118.94500	4119.42500	0.02
2025.11.10	23:18:00	4119.40500	4119.40500	4118.08500	4118.56500	0.02
2025.11.10	23:19:00	4118.55500	4119.30500	4117.40500	4117.40500	0.02
2025.11.10	23:20:00	4117.43500	4117.86500	4115.61500	4117.65500	0.02
2025.11.10	23:21:00	4117.67500	4120.17500	4117.67500	4120.08500	0.02
2025.11.10	23:22:00	4120.03500	4120.46500	4119.72500	4119.99500	0.01
2025.11.10	23:23:00	4119.96500	4120.14500	4119.23500	4119.90500	0.01
2025.11.10	23:24:00	4119.89500	4120.00500	4119.15500	4119.48500	0.01
2025.11.10	23:25:00	4119.51500	4120.27500	4118.72500	4119.88500	0.01
2025.11.10	23:26:00	4119.87500	4119.87500	4118.85500	4119.04500	0.01
2025.11.10	23:27:00	4119.01500	4119.84500	4118.65500	4119.59500	0.01
2025.11.10	23:28:00	4119.49500	4120.02500	4119.08500	4120.00500	0.01
2025.11.10	23:29:00	4120.03500	4120.03500	4119.03500	4119.99500	0.01
2025.11.10	23:30:00	4120.22500	4120.26500	4119.34500	4120.08500	0.01
2025.11.10	23:31:00	4120.16500	4120.16500	4118.11500	4118.56500	0.01
2025.11.10	23:32:00	4118.53500	4119.70500	4118.35500	4119.19500	0.01
2025.11.10	23:33:00	4119.20500	4119.32500	4118.40500	4118.40500	0.01
2025.11.10	23:34:00	4118.50500	4119.46500	4118.45500	4119.05500	0.01
2025.11.10	23:35:00	4119.05500	4119.57500	4118.92500	4119.07500	0.01
2025.11.10	23:36:00	4119.10500	4119.27500	4118.77500	4118.80500	0.01
2025.11.10	23:37:00	4118.76500	4118.88500	4118.17500	4118.52500	0.01
2025.11.10	23:38:00	4118.49500	4118.88500	4118.36500	4118.79500	0.01
2025.11.10	23:39:00	4118.77500	4118.77500	4118.41500	4118.72500	0.00
2025.11.10	23:40:00	4118.72500	4118.97500	4118.59500	4118.86500	0.01
2025.11.10	23:41:00	4118.92500	4119.75500	4118.88500	4119.68500	0.01
2025.11.10	23:42:00	4119.65500	4119.69800	4119.15500	4119.47500	0.01
2025.11.10	23:43:00	4119.47500	4120.13500	4119.47500	4119.94500	0.01
2025.11.10	23:44:00	4119.91500	4119.98500	4119.51500	4119.85500	0.01
2025.11.10	23:45:00	4119.89500	4120.24500	4119.46500	4119.67500	0.01
2025.11.10	23:46:00	4119.71500	4120.88500	4119.48500	4120.57500	0.02
2025.11.10	23:47:00	4120.60500	4120.79800	4120.35500	4120.69800	0.01
2025.11.10	23:48:00	4120.79800	4120.87500	4120.26500	4120.74500	0.03
2025.11.10	23:49:00	4120.79800	4122.51500	4119.82500	4122.35500	0.03
2025.11.10	23:50:00	4122.35500	4122.35500	4119.71500	4120.38500	0.02
2025.11.10	23:51:00	4120.37500	4120.37500	4117.95500	4117.97500	0.02
2025.11.10	23:52:00	4117.99500	4118.50500	4116.98500	4118.22500	0.02
2025.11.10	23:53:00	4118.25500	4118.89500	4117.86500	4118.10500	0.01
2025.11.10	23:54:00	4118.08500	4119.49500	4117.93500	4119.09500	0.01
2025.11.10	23:55:00	4119.12500	4119.59500	4118.47500	4118.59500	0.01
2025.11.10	23:56:00	4118.55500	4118.55500	4117.30500	4117.30500	0.01
2025.11.10	23:57:00	4117.27500	4118.73500	4117.18500	4118.58500	0.01
2025.11.10	23:58:00	4118.62500	4119.62500	4118.23500	4119.49500	0.01
2025.11.10	23:59:00	4119.52500	4119.72500	4118.81500	4119.70500	0.01
2025.11.11	00:00:00	4119.99500	4120.29500	4117.11500	4117.74500	0.02
2025.11.11	00:01:00	4117.70500	4118.80500	4117.64500	4118.07500	0.01
2025.11.11	00:02:00	4118.10500	4118.34500	4116.63500	4116.66500	0.01
2025.11.11	00:03:00	4116.59500	4117.41500	4116.35500	4117.23500	0.01
2025.11.11	00:04:00	4117.03500	4117.82500	4116.54500	4117.12500	0.01
2025.11.11	00:05:00	4117.08500	4117.08500	4116.05500	4116.82500	0.02
2025.11.11	00:06:00	4116.79500	4117.68500	4116.65500	4117.26500	0.01
2025.11.11	00:07:00	4117.31500	4117.87500	4117.24500	4117.75500	0.01
2025.11.11	00:08:00	4117.78500	4118.30500	4117.78500	4117.88500	0.01
2025.11.11	00:09:00	4117.86500	4118.02500	4117.77500	4117.94500	0.01
2025.11.11	00:10:00	4117.97500	4118.29500	4117.79500	4117.92500	0.00
2025.11.11	00:11:00	4117.96500	4118.30500	4117.53500	4117.98500	0.01
2025.11.11	00:12:00	4118.02500	4119.26500	4118.02500	4118.99500	0.01
2025.11.11	00:13:00	4118.82500	4119.64500	4118.80500	4119.37500	0.01
2025.11.11	00:14:00	4119.34500	4119.74500	4119.24500	4119.53500	0.01
2025.11.11	00:15:00	4119.51500	4121.34500	4119.51500	4121.07500	0.01
2025.11.11	00:16:00	4121.13500	4121.32500	4120.39500	4120.47500	0.01
2025.11.11	00:17:00	4120.46500	4120.46500	4119.79500	4120.38500	0.02
2025.11.11	00:18:00	4120.34500	4120.99500	4120.20500	4120.65500	0.01
2025.11.11	00:19:00	4120.69500	4120.93500	4119.98500	4120.19500	0.01
2025.11.11	00:20:00	4120.31500	4120.34500	4119.82500	4119.93500	0.01
2025.11.11	00:21:00	4119.96500	4120.55500	4119.96500	4120.38500	0.01
2025.11.11	00:22:00	4120.41500	4120.43500	4119.62500	4120.23500	0.01
2025.11.11	00:23:00	4120.27500	4122.16500	4120.27500	4121.95500	0.01
2025.11.11	00:24:00	4121.93500	4121.93500	4120.80500	4120.89500	0.01
2025.11.11	00:25:00	4120.89500	4121.68500	4120.45500	4121.68500	0.01
2025.11.11	00:26:00	4121.71500	4124.18500	4121.71500	4123.62500	0.03
2025.11.11	00:27:00	4123.62500	4124.43500	4123.26500	4124.43500	0.02
2025.11.11	00:28:00	4124.45500	4125.09500	4124.00500	4124.00500	0.02
2025.11.11	00:29:00	4124.00500	4125.95500	4123.93500	4124.81500	0.02
2025.11.11	00:30:00	4124.80500	4126.64500	4124.66500	4126.05500	0.03
2025.11.11	00:31:00	4126.01500	4126.36500	4125.30500	4126.32500	0.01
2025.11.11	00:32:00	4126.28500	4127.89500	4126.28500	4127.78500	0.02
2025.11.11	00:33:00	4127.76500	4127.95500	4127.32500	4127.57500	0.02
2025.11.11	00:34:00	4127.55500	4128.05500	4126.68500	4126.97500	0.02
2025.11.11	00:35:00	4126.92500	4127.92500	4126.90500	4127.01500	0.02
2025.11.11	00:36:00	4126.97500	4127.40500	4125.54500	4125.97500	0.03
2025.11.11	00:37:00	4126.00500	4127.64500	4125.86500	4127.46500	0.02
2025.11.11	00:38:00	4127.41500	4127.70500	4126.68500	4127.16500	0.02
2025.11.11	00:39:00	4127.14500	4127.37500	4126.56500	4126.68500	0.01
2025.11.11	00:40:00	4126.70500	4126.82500	4125.94500	4126.05500	0.03
2025.11.11	00:41:00	4126.09500	4126.56500	4125.22500	4126.55500	0.03
2025.11.11	00:42:00	4126.58500	4127.74800	4126.19800	4127.54800	0.02
2025.11.11	00:43:00	4127.54800	4128.11500	4127.47500	4127.89500	0.02
2025.11.11	00:44:00	4127.86500	4129.18500	4127.86500	4129.18500	0.02
2025.11.11	00:45:00	4129.21500	4129.21500	4127.33500	4128.04800	0.03
2025.11.11	00:46:00	4127.92500	4128.34500	4127.44800	4127.50500	0.02
2025.11.11	00:47:00	4127.53500	4128.54500	4127.39500	4128.34500	0.02
2025.11.11	00:48:00	4128.43500	4130.32500	4128.39500	4130.32500	0.02
2025.11.11	00:49:00	4130.32500	4130.50500	4129.80500	4130.26500	0.02
2025.11.11	00:50:00	4130.25500	4131.19500	4130.16500	4131.14500	0.02
2025.11.11	00:51:00	4131.16500	4132.30500	4130.62500	4131.99500	0.03
2025.11.11	00:52:00	4131.97500	4132.01500	4130.58500	4131.34500	0.03
2025.11.11	00:53:00	4131.32500	4132.49500	4131.27500	4132.45500	0.02
2025.11.11	00:54:00	4132.45500	4132.62500	4131.72500	4132.36500	0.02
2025.11.11	00:55:00	4132.38500	4133.34500	4132.34500	4133.34500	0.02
2025.11.11	00:56:00	4133.31500	4133.49500	4132.20800	4133.36500	0.02
2025.11.11	00:57:00	4133.39500	4133.43500	4131.14500	4131.45500	0.03
2025.11.11	00:58:00	4131.48500	4131.48500	4129.59800	4130.70500	0.05
2025.11.11	00:59:00	4130.65500	4131.56500	4129.67500	4130.71500	0.02
2025.11.11	01:00:00	4130.69500	4132.93500	4130.30500	4131.34500	0.06
2025.11.11	01:01:00	4131.30500	4133.30500	4128.97500	4133.13500	0.05
2025.11.11	01:02:00	4133.24500	4134.19500	4132.60500	4133.50500	0.04
2025.11.11	01:03:00	4133.47500	4135.07500	4133.25500	4133.35500	0.04
2025.11.11	01:04:00	4133.32500	4133.55500	4129.81500	4129.96500	0.04
2025.11.11	01:05:00	4129.92500	4132.87500	4129.78500	4130.01500	0.04
2025.11.11	01:06:00	4130.03500	4131.71500	4129.51800	4131.65500	0.04
2025.11.11	01:07:00	4131.68500	4131.69500	4127.84500	4128.33500	0.04
2025.11.11	01:08:00	4128.31500	4129.94500	4127.79500	4129.78500	0.04
2025.11.11	01:09:00	4129.81500	4131.53500	4128.46500	4129.65500	0.04
2025.11.11	01:10:00	4129.69500	4131.21500	4129.35500	4130.57500	0.04
2025.11.11	01:11:00	4130.42500	4131.34500	4129.54500	4130.51500	0.04
2025.11.11	01:12:00	4130.54500	4132.39500	4129.16500	4131.72500	0.04
2025.11.11	01:13:00	4131.70500	4133.24500	4131.36500	4132.25500	0.04
2025.11.11	01:14:00	4132.49500	4132.94500	4131.20500	4132.17500	0.04
2025.11.11	01:15:00	4132.11500	4135.79500	4131.83500	4135.66500	0.04
2025.11.11	01:16:00	4135.61500	4136.32500	4133.35500	4134.49800	0.05
2025.11.11	01:17:00	4134.59800	4134.59800	4133.29800	4133.91800	0.06
2025.11.11	01:18:00	4134.00800	4134.50800	4131.15500	4131.42500	0.06
2025.11.11	01:19:00	4131.30500	4131.89500	4130.00500	4130.98500	0.03
2025.11.11	01:20:00	4130.96500	4132.98500	4130.47500	4132.61500	0.03
2025.11.11	01:21:00	4132.57500	4132.93500	4131.82500	4132.39500	0.02
2025.11.11	01:22:00	4132.43500	4133.15500	4131.88500	4132.17500	0.02
2025.11.11	01:23:00	4132.13500	4132.19500	4130.87500	4131.61500	0.02
2025.11.11	01:24:00	4131.58500	4132.50500	4130.93500	4132.49500	0.02
2025.11.11	01:25:00	4132.55500	4134.48500	4132.55500	4134.13500	0.03
2025.11.11	01:26:00	4134.15500	4135.41500	4133.98500	4135.26500	0.03
2025.11.11	01:27:00	4135.29500	4136.46500	4135.29500	4135.99500	0.04
2025.11.11	01:28:00	4135.99500	4137.08500	4135.39500	4136.87500	0.04
2025.11.11	01:29:00	4136.84500	4137.78500	4136.62500	4137.20500	0.03
2025.11.11	01:30:00	4137.17500	4138.01500	4137.00500	4137.96500	0.02
2025.11.11	01:31:00	4137.94500	4139.62500	4137.56500	4139.37500	0.03
2025.11.11	01:32:00	4139.40500	4140.41500	4138.31500	4140.41500	0.04
2025.11.11	01:33:00	4140.44500	4140.44500	4138.44500	4138.77500	0.03
2025.11.11	01:34:00	4138.72500	4141.04500	4138.53500	4140.93500	0.03
2025.11.11	01:35:00	4140.90500	4140.90500	4139.12500	4139.89500	0.03
2025.11.11	01:36:00	4139.87500	4139.87500	4137.08500	4137.08500	0.04
2025.11.11	01:37:00	4137.11500	4139.15500	4136.42500	4139.14500	0.03
2025.11.11	01:38:00	4139.11500	4139.45500	4137.08500	4137.95500	0.03
2025.11.11	01:39:00	4137.86500	4139.58500	4137.86500	4139.45500	0.03
2025.11.11	01:40:00	4139.41500	4140.75500	4139.27500	4140.68500	0.02
2025.11.11	01:41:00	4140.66500	4140.70500	4139.52500	4140.35500	0.02
2025.11.11	01:42:00	4140.32500	4140.67500	4139.53500	4139.76500	0.02
2025.11.11	01:43:00	4139.72500	4139.86500	4137.39500	4137.50500	0.03
2025.11.11	01:44:00	4137.46500	4138.66500	4135.43500	4135.43500	0.03
2025.11.11	01:45:00	4135.25500	4136.20500	4134.11500	4134.61500	0.04
2025.11.11	01:46:00	4134.74500	4135.26500	4131.81500	4133.31500	0.05
2025.11.11	01:47:00	4133.32500	4134.30500	4132.52500	4133.65500	0.04
2025.11.11	01:48:00	4133.65500	4135.82500	4132.81500	4135.81500	0.03
2025.11.11	01:49:00	4135.79500	4136.92500	4134.78500	4135.56500	0.03
2025.11.11	01:50:00	4135.53500	4135.72500	4133.52500	4135.53500	0.03
2025.11.11	01:51:00	4135.56500	4136.34500	4135.11500	4136.21500	0.02
2025.11.11	01:52:00	4136.25500	4136.70500	4135.24500	4135.34500	0.02
2025.11.11	01:53:00	4135.31500	4136.05500	4135.11500	4135.51500	0.01
2025.11.11	01:54:00	4135.48500	4135.57500	4131.44800	4131.46500	0.02
2025.11.11	01:55:00	4131.50500	4132.56800	4131.28800	4132.16800	0.08
2025.11.11	01:56:00	4132.02500	4134.14500	4130.15500	4133.65500	0.05
2025.11.11	01:57:00	4133.62500	4134.61500	4133.17500	4134.27500	0.03
2025.11.11	01:58:00	4134.30500	4136.71500	4134.30500	4136.47500	0.03
2025.11.11	01:59:00	4136.51500	4136.73500	4135.20500	4136.10500	0.02
2025.11.11	02:00:00	4136.08500	4136.94500	4135.21500	4136.23500	0.03
2025.11.11	02:01:00	4136.29500	4136.71500	4134.54800	4134.54800	0.02
2025.11.11	02:02:00	4134.54800	4134.73500	4131.48500	4131.93500	0.03
2025.11.11	02:03:00	4131.91500	4132.51500	4130.69800	4132.34500	0.04
2025.11.11	02:04:00	4132.16500	4132.84500	4131.63500	4132.53500	0.03
2025.11.11	02:05:00	4132.18500	4132.34800	4130.76500	4131.94800	0.03
2025.11.11	02:06:00	4131.94800	4133.07500	4130.15500	4132.91500	0.03
2025.11.11	02:07:00	4132.93500	4133.66500	4132.23500	4133.52500	0.02
2025.11.11	02:08:00	4133.59800	4135.01500	4133.08500	4134.18500	0.03
2025.11.11	02:09:00	4134.10500	4134.62500	4133.26500	4134.33500	0.02
2025.11.11	02:10:00	4134.30500	4135.30500	4134.28500	4134.89800	0.02
2025.11.11	02:11:00	4134.89800	4135.34500	4133.56500	4133.75500	0.02
2025.11.11	02:12:00	4133.73500	4134.53500	4133.18500	4134.27500	0.01
2025.11.11	02:13:00	4134.25500	4134.50500	4133.60500	4134.46500	0.01
2025.11.11	02:14:00	4134.49500	4134.80500	4133.75500	4134.50500	0.02
2025.11.11	02:15:00	4134.48500	4134.56500	4132.81500	4133.07500	0.01
2025.11.11	02:16:00	4133.03500	4134.45500	4132.72500	4134.45500	0.01
2025.11.11	02:17:00	4134.38500	4134.68500	4131.97500	4132.47500	0.02
2025.11.11	02:18:00	4132.45500	4133.24500	4132.45500	4132.88500	0.01
2025.11.11	02:19:00	4132.86500	4133.49500	4132.79500	4133.06500	0.01
2025.11.11	02:20:00	4133.06500	4135.00500	4132.94500	4133.38500	0.03
2025.11.11	02:21:00	4133.41500	4135.48500	4133.41500	4135.23500	0.02
2025.11.11	02:22:00	4135.23500	4137.29500	4134.94500	4137.03500	0.04
2025.11.11	02:23:00	4137.00500	4137.40500	4136.57500	4136.92500	0.03
2025.11.11	02:24:00	4136.92500	4137.05500	4135.93500	4136.66500	0.02
2025.11.11	02:25:00	4136.63500	4136.63500	4133.26500	4133.37500	0.02
2025.11.11	02:26:00	4133.35500	4134.96500	4133.27500	4134.84500	0.02
2025.11.11	02:27:00	4134.88500	4134.98500	4133.96500	4134.66500	0.01
2025.11.11	02:28:00	4134.61500	4135.31500	4134.40500	4134.44500	0.01
2025.11.11	02:29:00	4134.40500	4134.46500	4133.37500	4133.94500	0.02
2025.11.11	02:30:00	4133.98500	4134.07500	4130.54500	4131.54500	0.04
2025.11.11	02:31:00	4131.51500	4132.45500	4130.05500	4131.02500	0.03
2025.11.11	02:32:00	4131.01500	4131.56500	4129.32500	4130.38500	0.04
2025.11.11	02:33:00	4130.35500	4133.34500	4129.71500	4131.84500	0.03
2025.11.11	02:34:00	4131.87500	4131.87500	4129.99500	4130.48500	0.02
2025.11.11	02:35:00	4130.43500	4131.23500	4129.73500	4131.06500	0.03
2025.11.11	02:36:00	4131.09500	4132.03500	4130.39500	4130.44500	0.02
2025.11.11	02:37:00	4130.50500	4131.59500	4129.78500	4131.59500	0.02
2025.11.11	02:38:00	4131.56500	4131.80500	4130.52500	4130.67500	0.02
2025.11.11	02:39:00	4130.70500	4132.53500	4130.63500	4132.44500	0.02
2025.11.11	02:40:00	4132.39500	4134.03500	4132.08500	4134.03500	0.02
2025.11.11	02:41:00	4134.05500	4134.98500	4133.95500	4134.77500	0.03
2025.11.11	02:42:00	4134.77500	4137.25500	4134.74500	4137.01500	0.02
2025.11.11	02:43:00	4137.01500	4138.06500	4136.54500	4137.16500	0.03
2025.11.11	02:44:00	4137.16500	4138.68500	4136.80500	4138.62500	0.02
2025.11.11	02:45:00	4138.64500	4139.23500	4137.90500	4139.19500	0.02
2025.11.11	02:46:00	4139.16500	4139.27500	4138.41500	4138.54500	0.02
2025.11.11	02:47:00	4138.56500	4138.69500	4137.94500	4138.41500	0.02
2025.11.11	02:48:00	4138.39500	4138.50500	4137.11500	4137.49500	0.01
2025.11.11	02:49:00	4137.33500	4137.50500	4135.46500	4136.40500	0.02
2025.11.11	02:50:00	4136.37500	4136.57500	4134.84500	4134.84500	0.02
2025.11.11	02:51:00	4134.81500	4136.55500	4134.77500	4136.14500	0.02
2025.11.11	02:52:00	4136.11500	4136.70500	4135.62500	4135.82500	0.02
2025.11.11	02:53:00	4135.79500	4135.88500	4134.69500	4135.00500	0.02
2025.11.11	02:54:00	4135.02500	4136.04500	4134.18500	4134.41500	0.02
2025.11.11	02:55:00	4134.38500	4136.19500	4134.09500	4135.70500	0.02
2025.11.11	02:56:00	4135.73500	4136.66500	4135.15500	4136.57500	0.02
2025.11.11	02:57:00	4136.62500	4137.69500	4136.29500	4137.21500	0.02
2025.11.11	02:58:00	4137.24500	4139.41500	4136.97500	4138.94500	0.03
2025.11.11	02:59:00	4138.96500	4139.07500	4137.19500	4137.85500	0.02
2025.11.11	03:00:00	4137.87500	4138.29500	4136.92500	4137.23500	0.02
2025.11.11	03:01:00	4137.26500	4138.02500	4137.14500	4137.57500	0.01
2025.11.11	03:02:00	4137.48500	4138.57500	4137.17500	4137.88500	0.02
2025.11.11	03:03:00	4137.83500	4137.83500	4136.95500	4137.64500	0.01
2025.11.11	03:04:00	4137.59500	4138.15500	4136.93500	4138.08500	0.02
2025.11.11	03:05:00	4138.10500	4139.88500	4137.98500	4139.56500	0.02
2025.11.11	03:06:00	4139.59500	4139.71500	4137.86500	4138.46500	0.02
2025.11.11	03:07:00	4138.50500	4139.31500	4138.22500	4139.01500	0.02
2025.11.11	03:08:00	4139.03500	4139.36500	4138.55500	4139.15500	0.01
2025.11.11	03:09:00	4139.19500	4140.99500	4138.87500	4140.84500	0.02
2025.11.11	03:10:00	4140.82500	4143.02500	4140.64500	4141.99500	0.03
2025.11.11	03:11:00	4141.98500	4143.63500	4141.86500	4143.18500	0.03
2025.11.11	03:12:00	4143.21500	4144.01500	4142.89500	4143.13500	0.02
2025.11.11	03:13:00	4143.14500	4143.14500	4142.21500	4142.33500	0.02
2025.11.11	03:14:00	4142.31500	4142.99500	4142.31500	4142.97500	0.02
2025.11.11	03:15:00	4143.00500	4144.35500	4143.00500	4143.69500	0.02
2025.11.11	03:16:00	4143.65500	4145.25500	4143.65500	4145.01500	0.04
2025.11.11	03:17:00	4145.01500	4145.05500	4143.00500	4143.24500	0.02
2025.11.11	03:18:00	4143.12500	4143.93500	4142.90500	4143.16500	0.02
2025.11.11	03:19:00	4143.20500	4145.17500	4142.86500	4145.09500	0.03
2025.11.11	03:20:00	4145.09500	4145.54500	4143.44500	4144.02500	0.02
2025.11.11	03:21:00	4144.05500	4144.15500	4143.28500	4144.08500	0.01
2025.11.11	03:22:00	4144.06500	4144.86500	4143.53500	4143.93500	0.01
2025.11.11	03:23:00	4143.96500	4144.46500	4143.83500	4144.46500	0.01
2025.11.11	03:24:00	4144.44500	4144.49500	4144.04500	4144.16500	0.01
2025.11.11	03:25:00	4144.19500	4144.93800	4144.01500	4144.47500	0.01
2025.11.11	03:26:00	4144.48500	4144.55500	4143.28500	4144.50500	0.01
2025.11.11	03:27:00	4144.55500	4145.28500	4144.36500	4145.00500	0.02
2025.11.11	03:28:00	4145.04500	4145.23500	4144.18500	4144.69500	0.01
2025.11.11	03:29:00	4144.71500	4144.71500	4143.45500	4144.08500	0.02
2025.11.11	03:30:00	4144.06500	4144.06500	4143.03800	4143.58500	0.02
2025.11.11	03:31:00	4143.56500	4145.41500	4143.56500	4145.32500	0.02
2025.11.11	03:32:00	4145.29500	4147.18500	4144.92500	4146.02500	0.03
2025.11.11	03:33:00	4146.06500	4147.59500	4145.89500	4146.63500	0.02
2025.11.11	03:34:00	4146.67500	4147.54500	4146.55500	4147.54500	0.02
2025.11.11	03:35:00	4147.58500	4147.84500	4147.29500	4147.71500	0.01
2025.11.11	03:36:00	4147.73500	4147.81500	4146.96500	4147.13500	0.01
2025.11.11	03:37:00	4147.10500	4147.75500	4147.01500	4147.51500	0.01
2025.11.11	03:38:00	4147.52500	4147.66500	4146.84500	4147.12500	0.02
2025.11.11	03:39:00	4147.07500	4147.07500	4145.68500	4145.71500	0.02
2025.11.11	03:40:00	4145.68500	4145.84500	4144.99500	4145.82500	0.01
2025.11.11	03:41:00	4145.92500	4146.35500	4145.43500	4145.45500	0.01
2025.11.11	03:42:00	4145.42500	4145.63500	4144.99500	4145.04500	0.02
2025.11.11	03:43:00	4145.06500	4145.08500	4143.68500	4144.11500	0.02
2025.11.11	03:44:00	4144.13500	4144.67500	4144.12500	4144.54500	0.01
2025.11.11	03:45:00	4144.51500	4145.79500	4144.33500	4145.49500	0.02
2025.11.11	03:46:00	4145.53500	4146.63500	4145.53500	4146.40500	0.02
2025.11.11	03:47:00	4146.37500	4146.53500	4145.97500	4146.49500	0.01
2025.11.11	03:48:00	4146.57500	4146.84500	4145.46500	4145.64500	0.01
2025.11.11	03:49:00	4145.62500	4146.72500	4145.62500	4146.13500	0.01
2025.11.11	03:50:00	4146.19500	4146.81500	4145.98500	4146.53500	0.01
2025.11.11	03:51:00	4146.54500	4146.74500	4145.78500	4145.81500	0.01
2025.11.11	03:52:00	4145.79500	4145.94500	4145.41500	4145.67500	0.01
2025.11.11	03:53:00	4145.72500	4145.91500	4144.75800	4145.41500	0.01
2025.11.11	03:54:00	4145.43500	4145.50500	4144.85500	4144.98500	0.01
2025.11.11	03:55:00	4145.00500	4145.41500	4144.84500	4145.32500	0.01
2025.11.11	03:56:00	4145.34500	4145.35500	4144.29500	4144.40500	0.02
2025.11.11	03:57:00	4144.38500	4146.17500	4144.12500	4146.10500	0.02
2025.11.11	03:58:00	4146.15500	4146.51500	4145.96500	4146.51500	0.02
2025.11.11	03:59:00	4146.49500	4146.83500	4146.27500	4146.67500	0.01
2025.11.11	04:00:00	4146.65500	4147.26500	4146.46500	4147.11500	0.01
2025.11.11	04:01:00	4147.09500	4147.29500	4146.50500	4147.19500	0.01
2025.11.11	04:02:00	4147.21500	4148.53500	4147.18500	4148.19500	0.01
2025.11.11	04:03:00	4148.23500	4148.75500	4147.44500	4148.71500	0.02
2025.11.11	04:04:00	4148.66500	4148.66500	4147.54500	4148.05500	0.02
2025.11.11	04:05:00	4147.92500	4148.14500	4146.66500	4146.70500	0.02
2025.11.11	04:06:00	4146.68500	4146.68500	4145.25500	4145.41500	0.02
2025.11.11	04:07:00	4145.47500	4145.71500	4144.92500	4144.93500	0.01
2025.11.11	04:08:00	4144.95500	4144.95500	4144.00500	4144.24500	0.02
2025.11.11	04:09:00	4144.22500	4144.89500	4144.05500	4144.70500	0.02
2025.11.11	04:10:00	4144.72500	4144.82500	4143.22500	4144.26500	0.02
2025.11.11	04:11:00	4144.25500	4144.59500	4143.67500	4143.95500	0.01
2025.11.11	04:12:00	4143.97500	4144.25500	4142.68500	4142.79500	0.01
2025.11.11	04:13:00	4143.00500	4143.12500	4142.55500	4142.84500	0.01
2025.11.11	04:14:00	4142.93500	4143.04500	4142.43500	4142.98500	0.01
2025.11.11	04:15:00	4142.99500	4143.94500	4142.97500	4143.67500	0.01
2025.11.11	04:16:00	4143.70500	4143.74500	4142.97500	4143.02500	0.01
2025.11.11	04:17:00	4143.00500	4143.28500	4142.22500	4142.49500	0.01
2025.11.11	04:18:00	4142.45500	4143.05500	4142.42500	4142.94500	0.01
2025.11.11	04:19:00	4142.97500	4143.92500	4142.52500	4143.69500	0.01
2025.11.11	04:20:00	4143.71500	4143.81500	4143.41500	4143.65500	0.01
2025.11.11	04:21:00	4143.62500	4143.79500	4142.73500	4142.97500	0.01
2025.11.11	04:22:00	4143.00500	4143.23500	4142.83500	4142.87500	0.01
2025.11.11	04:23:00	4142.85500	4143.45500	4142.83500	4143.26500	0.01
2025.11.11	04:24:00	4143.24500	4143.29500	4142.78500	4142.84500	0.01
2025.11.11	04:25:00	4142.81500	4142.96500	4142.23500	4142.23500	0.01
2025.11.11	04:26:00	4142.30500	4143.22500	4142.12500	4143.07500	0.01
2025.11.11	04:27:00	4142.98500	4143.18500	4142.80500	4142.84500	0.01
2025.11.11	04:28:00	4142.88500	4144.27500	4142.88500	4143.75500	0.01
2025.11.11	04:29:00	4143.72500	4144.25500	4143.64500	4143.83500	0.01
2025.11.11	04:30:00	4143.80500	4144.70500	4143.59500	4144.68500	0.01
2025.11.11	04:31:00	4144.65500	4144.65500	4143.18500	4143.43500	0.01
2025.11.11	04:32:00	4143.40500	4144.19500	4142.61500	4144.09500	0.01
2025.11.11	04:33:00	4144.14800	4144.30500	4143.81500	4143.95500	0.01
2025.11.11	04:34:00	4143.94800	4144.54800	4143.90500	4144.04800	0.01
2025.11.11	04:35:00	4144.04800	4144.27500	4143.85500	4143.98500	0.01
2025.11.11	04:36:00	4143.95500	4144.16500	4143.83500	4144.11500	0.01
2025.11.11	04:37:00	4144.14500	4144.17500	4143.23500	4143.80500	0.01
2025.11.11	04:38:00	4143.84800	4144.94500	4143.37500	4144.21500	0.01
2025.11.11	04:39:00	4144.24500	4145.38500	4143.34500	4145.13500	0.02
2025.11.11	04:40:00	4145.16500	4146.19500	4143.56500	4143.56500	0.03
2025.11.11	04:41:00	4143.48500	4143.72500	4142.72500	4142.74500	0.01
2025.11.11	04:42:00	4142.76500	4142.87500	4142.01500	4142.37500	0.02
2025.11.11	04:43:00	4142.40500	4142.56500	4141.82500	4141.87800	0.02
2025.11.11	04:44:00	4141.88500	4142.16500	4141.76800	4141.86500	0.02
2025.11.11	04:45:00	4141.93500	4142.91500	4141.79500	4142.88500	0.01
2025.11.11	04:46:00	4142.81500	4142.84500	4142.31500	4142.38500	0.01
2025.11.11	04:47:00	4142.42500	4143.80500	4142.42500	4143.44800	0.01
2025.11.11	04:48:00	4143.45800	4144.14800	4143.44800	4143.89800	0.02
2025.11.11	04:49:00	4143.89800	4143.99800	4143.09500	4143.37500	0.02
2025.11.11	04:50:00	4143.39500	4143.63500	4143.15500	4143.53500	0.03
2025.11.11	04:51:00	4143.55500	4144.90500	4143.14800	4144.72500	0.03
2025.11.11	04:52:00	4144.77800	4146.07500	4144.40800	4145.22500	0.03
2025.11.11	04:53:00	4145.19500	4146.01500	4144.15500	4144.38500	0.02
2025.11.11	04:54:00	4144.36500	4144.38500	4143.25500	4143.44500	0.02
2025.11.11	04:55:00	4143.40500	4143.40500	4141.97500	4142.04800	0.02
2025.11.11	04:56:00	4142.11500	4142.36500	4141.75800	4141.79500	0.03
2025.11.11	04:57:00	4141.76500	4142.99500	4141.76500	4142.97500	0.01
2025.11.11	04:58:00	4143.03500	4143.20500	4142.58500	4142.67500	0.01
2025.11.11	04:59:00	4142.65500	4143.17500	4142.54500	4142.94500	0.01
2025.11.11	05:00:00	4142.90500	4143.34500	4142.24500	4142.33500	0.01
2025.11.11	05:01:00	4142.19500	4142.50500	4142.02500	4142.14500	0.01
2025.11.11	05:02:00	4142.11500	4142.27500	4140.59800	4141.08500	0.03
2025.11.11	05:03:00	4141.05500	4144.17500	4141.05500	4142.87500	0.03
2025.11.11	05:04:00	4142.84500	4143.17500	4139.08500	4140.21500	0.05
2025.11.11	05:05:00	4140.19500	4140.58500	4137.23500	4139.27500	0.04
2025.11.11	05:06:00	4139.31500	4139.62500	4137.02500	4137.24500	0.03
2025.11.11	05:07:00	4137.26500	4138.01500	4134.64500	4135.30500	0.04
2025.11.11	05:08:00	4135.35500	4137.77500	4135.12500	4137.77500	0.02
2025.11.11	05:09:00	4137.79500	4139.40500	4137.78500	4139.11500	0.02
2025.11.11	05:10:00	4139.14500	4140.83500	4138.74500	4138.76500	0.02
2025.11.11	05:11:00	4138.80500	4140.29500	4138.73500	4140.17500	0.01
2025.11.11	05:12:00	4140.19500	4140.22500	4139.27500	4139.27500	0.01
2025.11.11	05:13:00	4139.29500	4140.39500	4139.08500	4140.39500	0.01
2025.11.11	05:14:00	4140.39500	4140.66500	4139.62500	4140.46500	0.02
2025.11.11	05:15:00	4140.44500	4141.31500	4140.08500	4141.14500	0.02
2025.11.11	05:16:00	4140.94500	4141.27500	4139.81500	4140.19500	0.02
2025.11.11	05:17:00	4140.24500	4141.90500	4139.93500	4141.45500	0.02
2025.11.11	05:18:00	4141.43500	4141.73500	4140.01500	4140.09500	0.02
2025.11.11	05:19:00	4140.12500	4141.37500	4140.04500	4140.36500	0.02
2025.11.11	05:20:00	4140.35500	4140.35500	4139.38500	4140.00500	0.02
2025.11.11	05:21:00	4140.03500	4140.12500	4137.58500	4137.85500	0.02
2025.11.11	05:22:00	4137.87500	4138.19500	4137.23500	4137.71500	0.02
2025.11.11	05:23:00	4137.76500	4137.88500	4135.14500	4135.30500	0.02
2025.11.11	05:24:00	4135.35500	4136.18500	4134.84500	4135.94500	0.03
2025.11.11	05:25:00	4135.91500	4136.45500	4135.77500	4136.39500	0.02
2025.11.11	05:26:00	4136.37500	4137.24500	4135.99500	4136.76500	0.02
2025.11.11	05:27:00	4136.78500	4136.78500	4135.40500	4136.46500	0.02
2025.11.11	05:28:00	4136.45500	4136.86500	4135.87500	4136.30500	0.02
2025.11.11	05:29:00	4136.28500	4136.66500	4135.61500	4135.98500	0.01
2025.11.11	05:30:00	4136.06500	4136.10500	4133.62500	4134.73500	0.05
2025.11.11	05:31:00	4134.79500	4136.82500	4133.72500	4133.90500	0.03
2025.11.11	05:32:00	4133.92500	4136.36500	4133.73500	4135.94500	0.02
2025.11.11	05:33:00	4135.91500	4135.91500	4132.74500	4133.66500	0.03
2025.11.11	05:34:00	4133.53500	4133.81500	4130.98500	4131.23500	0.04
2025.11.11	05:35:00	4131.27500	4131.55500	4128.33500	4129.46500	0.05
2025.11.11	05:36:00	4129.43500	4129.43500	4125.35500	4125.68500	0.05
2025.11.11	05:37:00	4125.74500	4127.13500	4124.52500	4126.83500	0.05
2025.11.11	05:38:00	4126.85500	4126.87500	4124.75500	4126.61500	0.04
2025.11.11	05:39:00	4126.63500	4128.43500	4125.90500	4127.19500	0.03
2025.11.11	05:40:00	4127.18500	4129.35500	4126.85500	4129.04500	0.03
2025.11.11	05:41:00	4129.02500	4129.49500	4126.87500	4127.09500	0.03
2025.11.11	05:42:00	4127.31500	4130.64500	4127.31500	4130.21500	0.02
2025.11.11	05:43:00	4129.66500	4130.68500	4128.77500	4130.12500	0.03
2025.11.11	05:44:00	4130.15500	4130.15500	4128.80500	4129.68500	0.02
2025.11.11	05:45:00	4129.65500	4130.48500	4128.14500	4129.56500	0.03
2025.11.11	05:46:00	4129.59500	4131.96500	4128.91500	4131.81500	0.02
2025.11.11	05:47:00	4131.87500	4133.47500	4131.33500	4133.47500	0.03
2025.11.11	05:48:00	4133.44500	4133.75500	4132.57500	4133.15500	0.02
2025.11.11	05:49:00	4133.12500	4133.80500	4131.93500	4132.52500	0.02
2025.11.11	05:50:00	4132.52500	4135.18500	4132.15500	4134.81500	0.03
2025.11.11	05:51:00	4134.81500	4135.10500	4132.13500	4132.22500	0.03
2025.11.11	05:52:00	4132.26500	4133.09500	4132.00500	4132.71500	0.03
2025.11.11	05:53:00	4132.76500	4133.12500	4131.77500	4132.72500	0.02
2025.11.11	05:54:00	4132.75500	4132.98500	4132.12500	4132.96500	0.01
2025.11.11	05:55:00	4132.99500	4134.49500	4132.67500	4134.39500	0.03
2025.11.11	05:56:00	4134.40500	4135.34500	4133.65500	4134.56500	0.02
2025.11.11	05:57:00	4134.53500	4134.53500	4131.80500	4132.35500	0.02
2025.11.11	05:58:00	4132.31500	4132.31500	4130.87500	4131.25500	0.02
2025.11.11	05:59:00	4131.28500	4132.18500	4130.77500	4130.77500	0.02
2025.11.11	06:00:00	4130.74500	4131.05500	4129.37500	4131.05500	0.03
2025.11.11	06:01:00	4131.01500	4131.01500	4127.65800	4128.07800	0.04
2025.11.11	06:02:00	4128.07800	4129.23800	4127.61800	4128.95800	0.06
2025.11.11	06:03:00	4128.86800	4128.89800	4127.71500	4127.82800	0.04
2025.11.11	06:04:00	4127.82800	4127.94800	4126.57800	4127.43800	0.04
2025.11.11	06:05:00	4127.43800	4128.48500	4126.76800	4128.37500	0.03
2025.11.11	06:06:00	4128.39500	4128.68500	4126.55500	4127.58500	0.02
2025.11.11	06:07:00	4127.56500	4128.18500	4127.00500	4127.62500	0.02
2025.11.11	06:08:00	4127.60500	4130.57500	4127.55500	4130.46500	0.03
2025.11.11	06:09:00	4130.44500	4132.18500	4130.34500	4131.65500	0.04
2025.11.11	06:10:00	4131.61500	4131.85500	4130.11500	4130.73500	0.02
2025.11.11	06:11:00	4130.76500	4134.29500	4130.53500	4133.99500	0.03
2025.11.11	06:12:00	4134.01500	4134.22500	4132.99500	4133.36500	0.02
2025.11.11	06:13:00	4133.34500	4134.03500	4132.32500	4133.48500	0.02
2025.11.11	06:14:00	4133.44500	4134.43500	4133.20500	4133.84500	0.02
2025.11.11	06:15:00	4133.80500	4134.42500	4133.69500	4134.19500	0.02
2025.11.11	06:16:00	4134.21500	4134.37500	4133.19500	4133.51500	0.02
2025.11.11	06:17:00	4133.50500	4134.54500	4132.75500	4134.36500	0.02
2025.11.11	06:18:00	4134.37500	4135.16500	4132.76500	4134.61500	0.03
2025.11.11	06:19:00	4134.32500	4135.20500	4133.58500	4133.84500	0.03
2025.11.11	06:20:00	4133.79500	4137.50500	4133.63500	4136.54500	0.03
2025.11.11	06:21:00	4136.56500	4137.18500	4136.44500	4136.66500	0.02
2025.11.11	06:22:00	4136.44500	4137.12500	4135.91500	4136.93500	0.02
2025.11.11	06:23:00	4136.99500	4137.48500	4136.84500	4137.08500	0.01
2025.11.11	06:24:00	4137.01500	4137.11500	4136.13500	4136.66500	0.01
2025.11.11	06:25:00	4136.63500	4136.74500	4136.14500	4136.62500	0.01
2025.11.11	06:26:00	4136.64500	4136.66500	4135.93500	4136.10500	0.01
2025.11.11	06:27:00	4135.98500	4136.75500	4135.93500	4136.75500	0.01
2025.11.11	06:28:00	4136.77500	4137.35500	4136.62500	4137.19500	0.01
2025.11.11	06:29:00	4137.15500	4137.64500	4136.40500	4137.47500	0.02
2025.11.11	06:30:00	4137.51500	4137.51500	4135.99500	4136.31500	0.01
2025.11.11	06:31:00	4136.26500	4136.30500	4133.60500	4133.87500	0.02
2025.11.11	06:32:00	4133.89500	4135.93500	4132.82500	4135.89500	0.02
2025.11.11	06:33:00	4135.85500	4135.85500	4133.01500	4133.01500	0.02
2025.11.11	06:34:00	4133.04500	4133.09500	4129.79800	4130.49800	0.06
2025.11.11	06:35:00	4130.49800	4131.49800	4129.99800	4131.09800	0.04
2025.11.11	06:36:00	4131.01800	4131.84800	4130.74800	4131.44800	0.03
2025.11.11	06:37:00	4131.54800	4131.74800	4130.54800	4131.34800	0.03
2025.11.11	06:38:00	4131.34800	4131.64800	4129.35500	4130.80500	0.03
2025.11.11	06:39:00	4130.82500	4131.42500	4129.88500	4130.58500	0.02
2025.11.11	06:40:00	4130.56500	4131.89500	4130.32500	4131.74500	0.01
2025.11.11	06:41:00	4131.76500	4131.76500	4129.62500	4129.81500	0.02
2025.11.11	06:42:00	4129.78500	4129.83500	4128.81500	4129.27500	0.02
2025.11.11	06:43:00	4129.25500	4130.05500	4129.20500	4129.63500	0.01
2025.11.11	06:44:00	4129.61500	4129.64500	4128.33500	4129.37500	0.02
2025.11.11	06:45:00	4129.73500	4130.01500	4128.13500	4128.46500	0.02
2025.11.11	06:46:00	4128.58500	4130.90500	4128.40500	4130.66500	0.03
2025.11.11	06:47:00	4130.68500	4130.68500	4129.68500	4130.43500	0.02
2025.11.11	06:48:00	4130.41500	4130.41500	4129.21500	4129.22500	0.01
2025.11.11	06:49:00	4129.25500	4129.39500	4126.95500	4127.50500	0.03
2025.11.11	06:50:00	4127.52500	4129.85500	4127.48500	4129.82500	0.02
2025.11.11	06:51:00	4129.80500	4130.97500	4128.88500	4130.78500	0.03
2025.11.11	06:52:00	4130.81500	4132.20500	4130.06500	4131.80500	0.03
2025.11.11	06:53:00	4131.78500	4132.44500	4130.74500	4132.23500	0.03
2025.11.11	06:54:00	4132.20500	4132.68500	4130.98500	4130.98500	0.03
2025.11.11	06:55:00	4130.88500	4131.38500	4130.60500	4131.16500	0.02
2025.11.11	06:56:00	4131.18500	4132.13500	4130.86500	4131.47500	0.02
2025.11.11	06:57:00	4131.39500	4131.51500	4130.82500	4131.41500	0.01
2025.11.11	06:58:00	4131.44500	4131.97500	4130.13500	4130.51500	0.01
2025.11.11	06:59:00	4130.52500	4130.61500	4129.39500	4129.72500	0.01
2025.11.11	07:00:00	4129.74500	4130.73500	4129.01500	4130.36500	0.03
2025.11.11	07:01:00	4130.36500	4130.91500	4129.49500	4129.56500	0.02
2025.11.11	07:02:00	4129.20500	4129.56500	4127.84500	4128.14500	0.02
2025.11.11	07:03:00	4128.17500	4128.86500	4126.85500	4128.86500	0.03
2025.11.11	07:04:00	4128.88500	4129.28500	4126.36500	4126.44500	0.02
2025.11.11	07:05:00	4126.46500	4127.21500	4125.94500	4126.09500	0.02
2025.11.11	07:06:00	4126.12500	4128.53500	4126.12500	4128.15500	0.02
2025.11.11	07:07:00	4128.13500	4129.55500	4127.72500	4128.96500	0.02
2025.11.11	07:08:00	4128.97500	4129.19500	4127.72500	4128.08500	0.01
2025.11.11	07:09:00	4128.11500	4128.14500	4127.09500	4127.66500	0.02
2025.11.11	07:10:00	4127.71500	4128.04500	4126.87500	4127.75500	0.02
2025.11.11	07:11:00	4127.77500	4129.92500	4127.77500	4129.17500	0.02
2025.11.11	07:12:00	4129.20500	4130.60500	4129.19500	4129.64500	0.02
2025.11.11	07:13:00	4129.66500	4130.29500	4129.47500	4130.00500	0.01
2025.11.11	07:14:00	4130.02500	4130.32500	4128.86500	4129.34500	0.02
2025.11.11	07:15:00	4129.38500	4129.60500	4128.44500	4128.56500	0.01
2025.11.11	07:16:00	4128.60500	4129.84500	4128.08500	4129.29500	0.02
2025.11.11	07:17:00	4129.29500	4130.11500	4128.79800	4130.05500	0.02
2025.11.11	07:18:00	4130.02500	4131.42500	4130.02500	4130.99800	0.02
2025.11.11	07:19:00	4130.84500	4131.86500	4130.63500	4130.97500	0.02
2025.11.11	07:20:00	4130.90500	4131.82500	4130.83500	4131.82500	0.01
2025.11.11	07:21:00	4132.14800	4132.84800	4131.67500	4132.44800	0.06
2025.11.11	07:22:00	4132.45500	4132.60500	4130.44800	4130.50500	0.05
2025.11.11	07:23:00	4130.44800	4131.02500	4128.79500	4129.06500	0.04
2025.11.11	07:24:00	4129.17500	4129.86500	4128.14500	4129.09500	0.03
2025.11.11	07:25:00	4129.07500	4130.38500	4129.04500	4129.39500	0.03
2025.11.11	07:26:00	4129.53500	4130.24500	4128.41500	4130.10500	0.02
2025.11.11	07:27:00	4130.07500	4131.57500	4129.92500	4130.69500	0.02
2025.11.11	07:28:00	4130.71500	4131.52500	4130.14500	4130.20500	0.01
2025.11.11	07:29:00	4130.22500	4131.26500	4129.75500	4131.08500	0.01
2025.11.11	07:30:00	4131.06500	4131.24500	4129.82500	4130.19500	0.02
2025.11.11	07:31:00	4130.16500	4130.26500	4129.60500	4129.75500	0.01
2025.11.11	07:32:00	4129.75500	4129.80500	4128.96500	4128.99500	0.01
2025.11.11	07:33:00	4128.97500	4129.13500	4128.13500	4128.54500	0.01
2025.11.11	07:34:00	4128.52500	4128.98500	4127.77500	4128.98500	0.02
2025.11.11	07:35:00	4128.98500	4129.91500	4128.46500	4129.86500	0.02
2025.11.11	07:36:00	4129.84500	4130.13500	4129.40500	4129.48500	0.01
2025.11.11	07:37:00	4129.46500	4129.46500	4127.23500	4127.23500	0.01
2025.11.11	07:38:00	4127.24500	4128.23500	4127.19500	4127.80500	0.02
2025.11.11	07:39:00	4127.83500	4127.88500	4127.13500	4127.48500	0.01
2025.11.11	07:40:00	4127.43500	4128.31500	4126.82500	4128.17500	0.02
2025.11.11	07:41:00	4128.19500	4128.55500	4127.16500	4127.91500	0.03
2025.11.11	07:42:00	4127.93500	4128.81500	4127.87500	4128.43500	0.02
2025.11.11	07:43:00	4128.46500	4130.32500	4128.42500	4129.87500	0.02
2025.11.11	07:44:00	4129.62500	4131.44500	4128.68500	4130.65500	0.03
2025.11.11	07:45:00	4130.66500	4131.89500	4130.61500	4130.99500	0.02
2025.11.11	07:46:00	4131.13500	4132.61500	4131.13500	4131.82500	0.02
2025.11.11	07:47:00	4131.81500	4131.93500	4130.66500	4131.13500	0.02
2025.11.11	07:48:00	4131.11500	4131.32500	4130.00000	4130.13500	0.02
2025.11.11	07:49:00	4130.11500	4130.63500	4128.86500	4128.86500	0.03
2025.11.11	07:50:00	4128.80500	4129.35500	4127.52500	4127.82500	0.06
2025.11.11	07:51:00	4127.85500	4127.97500	4124.79500	4124.92500	0.07
2025.11.11	07:52:00	4124.88500	4127.76500	4124.82500	4127.46500	0.03
2025.11.11	07:53:00	4127.43500	4129.18500	4127.33500	4128.90500	0.02
2025.11.11	07:54:00	4128.93500	4129.87500	4128.93500	4129.72500	0.02
2025.11.11	07:55:00	4129.64500	4131.35500	4129.63500	4131.18500	0.02
2025.11.11	07:56:00	4131.15500	4132.05500	4130.97500	4131.51500	0.01
2025.11.11	07:57:00	4131.61500	4132.02500	4130.83500	4131.09500	0.02
2025.11.11	07:58:00	4131.06500	4131.40500	4129.93500	4130.12500	0.02
2025.11.11	07:59:00	4130.15500	4130.17500	4129.11500	4129.42500	0.02
2025.11.11	08:00:00	4129.30500	4130.19500	4128.78500	4129.25500	0.03
2025.11.11	08:01:00	4128.92500	4130.84500	4128.58500	4130.84500	0.03
2025.11.11	08:02:00	4130.84500	4133.73500	4130.84500	4133.55500	0.03
2025.11.11	08:03:00	4133.53500	4134.22500	4132.42500	4132.71500	0.03
2025.11.11	08:04:00	4132.71500	4134.76500	4132.71500	4134.72500	0.03
2025.11.11	08:05:00	4134.78500	4136.05500	4134.09500	4135.38500	0.03
2025.11.11	08:06:00	4135.40500	4135.40500	4133.72500	4134.42500	0.06
2025.11.11	08:07:00	4134.39500	4134.43500	4133.05500	4133.11500	0.05
2025.11.11	08:08:00	4133.11500	4133.90500	4132.72500	4133.76500	0.04
2025.11.11	08:09:00	4133.78500	4135.10500	4133.35500	4133.74500	0.04
2025.11.11	08:10:00	4133.72500	4134.54500	4133.61500	4134.20500	0.02
2025.11.11	08:11:00	4134.22500	4137.19800	4134.06500	4136.89800	0.02
2025.11.11	08:12:00	4136.99800	4136.99800	4135.38500	4135.68500	0.03
2025.11.11	08:13:00	4135.60500	4136.56500	4135.39500	4136.23500	0.02
2025.11.11	08:14:00	4136.25500	4136.70500	4135.40500	4136.69500	0.02
2025.11.11	08:15:00	4136.72500	4137.55500	4136.68500	4137.46500	0.02
2025.11.11	08:16:00	4137.47500	4137.53500	4135.56500	4135.61500	0.03
2025.11.11	08:17:00	4135.58500	4136.70500	4135.58500	4136.12500	0.02
2025.11.11	08:18:00	4136.16500	4136.26500	4134.76500	4135.04500	0.03
2025.11.11	08:19:00	4135.04500	4135.96500	4134.82500	4135.40500	0.02
2025.11.11	08:20:00	4135.42500	4135.50500	4134.28500	4134.95500	0.03
2025.11.11	08:21:00	4134.91500	4134.91500	4133.01500	4133.20500	0.04
2025.11.11	08:22:00	4133.12500	4133.26500	4131.44500	4132.33500	0.04
2025.11.11	08:23:00	4132.30500	4133.47500	4132.05500	4132.69500	0.04
2025.11.11	08:24:00	4132.71500	4134.82500	4132.70500	4134.55500	0.03
2025.11.11	08:25:00	4134.55500	4134.77500	4133.34500	4134.21500	0.03
2025.11.11	08:26:00	4134.41500	4135.02500	4133.87500	4133.93500	0.02
2025.11.11	08:27:00	4133.88500	4135.58500	4133.86500	4135.53500	0.03
2025.11.11	08:28:00	4135.53500	4135.53500	4134.38500	4134.58500	0.03
2025.11.11	08:29:00	4134.54500	4135.19500	4133.85500	4134.51500	0.03
2025.11.11	08:30:00	4134.51500	4134.89500	4133.35500	4134.31500	0.03
2025.11.11	08:31:00	4134.35500	4134.66500	4133.88500	4133.90500	0.02
2025.11.11	08:32:00	4133.86500	4133.86500	4131.90500	4131.97500	0.03
2025.11.11	08:33:00	4132.07500	4133.52500	4131.90500	4131.92500	0.03
2025.11.11	08:34:00	4131.91500	4132.07500	4130.69500	4131.57500	0.03
2025.11.11	08:35:00	4131.57500	4131.63500	4128.91500	4129.03500	0.03
2025.11.11	08:36:00	4129.00500	4131.94500	4129.00500	4130.85500	0.04
2025.11.11	08:37:00	4130.83500	4131.38500	4128.97500	4129.12500	0.04
2025.11.11	08:38:00	4129.14500	4130.53500	4128.88500	4130.53500	0.03
2025.11.11	08:39:00	4130.51500	4131.72500	4130.43500	4131.65500	0.02
2025.11.11	08:40:00	4131.67500	4133.17500	4131.67500	4132.83500	0.02
2025.11.11	08:41:00	4132.85500	4133.11500	4132.13500	4132.72500	0.02
2025.11.11	08:42:00	4132.75500	4133.19500	4130.46500	4130.50500	0.02
2025.11.11	08:43:00	4130.47500	4131.68500	4130.40500	4131.57500	0.02
2025.11.11	08:44:00	4131.59500	4132.13500	4130.48500	4132.13500	0.02
2025.11.11	08:45:00	4132.11500	4132.19500	4131.26500	4131.26500	0.02
2025.11.11	08:46:00	4131.24500	4132.41500	4130.71500	4131.76500	0.01
2025.11.11	08:47:00	4131.69500	4132.76500	4130.99500	4132.70500	0.02
2025.11.11	08:48:00	4132.70500	4133.14500	4131.85500	4132.62500	0.03
2025.11.11	08:49:00	4132.60500	4134.99500	4131.67500	4134.91500	0.03
2025.11.11	08:50:00	4134.91500	4136.50500	4134.65500	4136.48500	0.02
2025.11.11	08:51:00	4136.50500	4136.87500	4134.90500	4135.21500	0.02
2025.11.11	08:52:00	4135.22500	4135.44500	4134.29500	4134.79500	0.02
2025.11.11	08:53:00	4134.83500	4135.52500	4134.35500	4135.48500	0.01
2025.11.11	08:54:00	4135.51500	4136.67500	4135.51500	4136.59500	0.01
2025.11.11	08:55:00	4136.57500	4137.13500	4136.15500	4136.65500	0.02
2025.11.11	08:56:00	4136.63500	4136.64500	4134.99500	4135.59500	0.02
2025.11.11	08:57:00	4135.55500	4136.33500	4135.28500	4135.97500	0.01
2025.11.11	08:58:00	4135.94500	4136.28500	4135.45500	4135.96500	0.01
2025.11.11	08:59:00	4135.99500	4136.05500	4134.77500	4135.42500	0.03
2025.11.11	09:00:00	4135.40500	4136.45500	4134.99500	4135.48500	0.03
2025.11.11	09:01:00	4135.50500	4135.76500	4134.20500	4135.43500	0.02
2025.11.11	09:02:00	4135.41500	4139.41500	4135.35500	4139.32500	0.04
2025.11.11	09:03:00	4139.30500	4139.95500	4138.75500	4139.59500	0.03
2025.11.11	09:04:00	4139.62500	4141.39500	4139.28500	4141.36500	0.03
2025.11.11	09:05:00	4141.38500	4141.89500	4140.89500	4141.66500	0.02
2025.11.11	09:06:00	4141.69500	4141.90500	4141.02500	4141.02500	0.02
2025.11.11	09:07:00	4140.99500	4141.00500	4139.92500	4140.06500	0.01
2025.11.11	09:08:00	4140.08500	4141.20500	4140.04500	4141.20500	0.02
2025.11.11	09:09:00	4141.21500	4142.97500	4141.16500	4142.66500	0.03
2025.11.11	09:10:00	4142.65500	4143.44500	4141.86500	4143.44500	0.03
2025.11.11	09:11:00	4143.46500	4143.98500	4142.20500	4142.69500	0.03
2025.11.11	09:12:00	4142.67500	4142.83500	4141.69500	4142.74500	0.03
2025.11.11	09:13:00	4142.74500	4142.83500	4141.82500	4142.24500	0.02
2025.11.11	09:14:00	4142.24500	4143.30500	4142.24500	4143.12500	0.02
2025.11.11	09:15:00	4143.12500	4143.47500	4142.38500	4142.48500	0.03
2025.11.11	09:16:00	4142.50500	4142.76500	4141.97500	4142.40500	0.02
2025.11.11	09:17:00	4142.40500	4143.14500	4142.04500	4143.14500	0.02
2025.11.11	09:18:00	4143.18500	4143.18500	4141.86500	4142.26500	0.02
2025.11.11	09:19:00	4142.26500	4142.82500	4141.99500	4142.40500	0.02
2025.11.11	09:20:00	4142.42500	4143.15500	4142.00500	4142.47500	0.03
2025.11.11	09:21:00	4142.49500	4144.11500	4142.12500	4142.97500	0.03
2025.11.11	09:22:00	4143.01500	4143.36500	4142.48500	4143.36500	0.03
2025.11.11	09:23:00	4143.41500	4143.64500	4141.39500	4141.40500	0.03
2025.11.11	09:24:00	4141.40500	4141.87500	4140.85500	4141.55500	0.03
2025.11.11	09:25:00	4141.52500	4142.42500	4141.43500	4142.39500	0.02
2025.11.11	09:26:00	4142.38500	4143.38500	4142.27500	4143.31500	0.03
2025.11.11	09:27:00	4143.30500	4144.09500	4142.76500	4143.36500	0.03
2025.11.11	09:28:00	4143.36500	4144.03500	4143.23500	4144.01500	0.02
2025.11.11	09:29:00	4144.04500	4144.28500	4143.42500	4143.67500	0.03
2025.11.11	09:30:00	4143.67500	4144.53500	4143.43500	4143.50500	0.03
2025.11.11	09:31:00	4143.50500	4143.93500	4143.43500	4143.63500	0.01
2025.11.11	09:32:00	4143.65500	4143.87500	4143.51500	4143.77500	0.01
2025.11.11	09:33:00	4143.79500	4144.89500	4143.79500	4144.71500	0.02
2025.11.11	09:34:00	4144.71500	4144.71500	4144.09500	4144.44500	0.02
2025.11.11	09:35:00	4144.46500	4145.23500	4144.38500	4144.44500	0.03
2025.11.11	09:36:00	4144.42500	4144.58500	4144.07500	4144.33500	0.02
2025.11.11	09:37:00	4144.33500	4144.34500	4143.87500	4144.02500	0.02
2025.11.11	09:38:00	4143.99500	4144.10500	4143.38500	4143.70500	0.02
2025.11.11	09:39:00	4143.74500	4143.80500	4143.31500	4143.52500	0.01
2025.11.11	09:40:00	4143.56500	4143.74500	4143.42500	4143.55500	0.01
2025.11.11	09:41:00	4143.58500	4143.87500	4143.50500	4143.55500	0.01
2025.11.11	09:42:00	4143.57500	4143.65500	4143.30500	4143.46500	0.01
2025.11.11	09:43:00	4143.42500	4143.74500	4142.76500	4143.40500	0.02
2025.11.11	09:44:00	4143.40500	4143.82500	4143.27500	4143.42500	0.01
2025.11.11	09:45:00	4143.46500	4143.84500	4143.41500	4143.47500	0.01
2025.11.11	09:46:00	4143.43500	4143.86500	4143.40500	4143.76500	0.01
2025.11.11	09:47:00	4143.79500	4143.86500	4142.81500	4143.62500	0.01
2025.11.11	09:48:00	4143.60500	4145.42500	4143.60500	4145.21500	0.02
2025.11.11	09:49:00	4145.21500	4145.72500	4144.38500	4145.31500	0.02
2025.11.11	09:50:00	4145.33500	4145.41500	4143.46500	4143.53800	0.02
2025.11.11	09:51:00	4143.53800	4144.29500	4143.37500	4143.96500	0.02
2025.11.11	09:52:00	4143.91500	4143.92500	4143.11500	4143.11500	0.01
2025.11.11	09:53:00	4143.19500	4143.35500	4142.89500	4143.21500	0.01
2025.11.11	09:54:00	4143.23500	4144.01500	4142.90500	4143.75500	0.01
2025.11.11	09:55:00	4143.79500	4144.05500	4143.44500	4143.82500	0.01
2025.11.11	09:56:00	4143.86500	4144.37500	4142.60500	4142.60500	0.02
2025.11.11	09:57:00	4142.58500	4142.76500	4141.70500	4142.36500	0.02
2025.11.11	09:58:00	4142.36500	4142.64500	4141.94500	4142.05500	0.01
2025.11.11	09:59:00	4142.00500	4142.11500	4141.59500	4141.60500	0.01
2025.11.11	10:00:00	4141.65500	4142.25500	4140.88500	4141.91800	0.01
2025.11.11	10:01:00	4141.91800	4142.04500	4140.79500	4140.84500	0.02
2025.11.11	10:02:00	4140.79500	4140.92500	4139.64500	4140.06500	0.02
2025.11.11	10:03:00	4140.08500	4140.08500	4137.73500	4137.81500	0.03
2025.11.11	10:04:00	4137.87500	4138.40500	4137.40500	4137.86500	0.02
2025.11.11	10:05:00	4137.88500	4138.92500	4137.76500	4138.77500	0.02
2025.11.11	10:06:00	4138.49500	4139.40500	4137.36500	4139.40500	0.03
2025.11.11	10:07:00	4139.43500	4139.94500	4139.17500	4139.21500	0.01
2025.11.11	10:08:00	4139.18500	4139.25500	4138.73500	4138.79500	0.01
2025.11.11	10:09:00	4138.83500	4139.20500	4138.20500	4138.61500	0.01
2025.11.11	10:10:00	4138.61500	4140.33500	4138.41500	4140.23500	0.02
2025.11.11	10:11:00	4140.23500	4140.23500	4138.74500	4139.92500	0.02
2025.11.11	10:12:00	4139.92500	4141.33500	4139.77500	4141.14500	0.02
2025.11.11	10:13:00	4141.12500	4141.45500	4140.59500	4141.45500	0.02
2025.11.11	10:14:00	4141.45500	4142.01500	4140.59500	4141.06500	0.02
2025.11.11	10:15:00	4141.06500	4141.34500	4140.25500	4141.03500	0.02
2025.11.11	10:16:00	4141.00500	4141.24500	4140.41500	4141.24500	0.01
2025.11.11	10:17:00	4141.26500	4141.54500	4141.09900	4141.24500	0.01
2025.11.11	10:18:00	4141.26500	4142.26500	4141.26500	4142.23500	0.01
2025.11.11	10:19:00	4142.19500	4142.46500	4141.88500	4142.17500	0.01
2025.11.11	10:20:00	4142.18500	4142.19500	4141.20500	4141.29500	0.01
2025.11.11	10:21:00	4141.38500	4142.66500	4141.24500	4142.42500	0.02
2025.11.11	10:22:00	4142.44500	4142.91500	4142.44500	4142.84500	0.01
2025.11.11	10:23:00	4142.84500	4143.88500	4142.66500	4143.88500	0.02
2025.11.11	10:24:00	4143.90500	4143.90500	4143.42500	4143.73500	0.01
2025.11.11	10:25:00	4143.70500	4143.70500	4142.86500	4143.05500	0.01
2025.11.11	10:26:00	4143.02500	4143.32500	4142.70500	4142.84500	0.01
2025.11.11	10:27:00	4142.89500	4143.46500	4142.30500	4143.46500	0.01
2025.11.11	10:28:00	4143.48500	4143.64500	4142.13500	4142.61500	0.01
2025.11.11	10:29:00	4142.63500	4142.88500	4141.84500	4141.84500	0.01
2025.11.11	10:30:00	4141.86500	4141.91500	4140.00500	4140.12500	0.03
2025.11.11	10:31:00	4139.69500	4139.69500	4136.98500	4137.42500	0.03
2025.11.11	10:32:00	4137.40500	4138.02500	4136.90500	4137.91500	0.03
2025.11.11	10:33:00	4137.87500	4139.24500	4137.03500	4137.11500	0.03
2025.11.11	10:34:00	4137.08500	4138.80500	4136.59500	4138.43500	0.03
2025.11.11	10:35:00	4138.40500	4139.98500	4138.38500	4139.65500	0.03
2025.11.11	10:36:00	4139.58500	4140.65500	4139.11500	4139.46500	0.03
2025.11.11	10:37:00	4139.48500	4139.99500	4139.18500	4139.51500	0.01
2025.11.11	10:38:00	4139.45500	4139.48500	4137.12500	4137.55800	0.03
2025.11.11	10:39:00	4137.57800	4137.65900	4136.75500	4137.32500	0.02
2025.11.11	10:40:00	4137.30500	4139.28500	4137.27500	4139.13500	0.02
2025.11.11	10:41:00	4139.12500	4139.12500	4137.64500	4137.69500	0.01
2025.11.11	10:42:00	4137.71500	4137.92500	4136.79500	4137.64500	0.02
2025.11.11	10:43:00	4137.62500	4138.16500	4137.37500	4137.64800	0.01
2025.11.11	10:44:00	4137.65900	4139.34500	4137.64900	4139.25500	0.03
2025.11.11	10:45:00	4139.27500	4140.35500	4139.12500	4140.28500	0.01
2025.11.11	10:46:00	4140.34800	4141.02500	4139.87500	4139.87500	0.01
2025.11.11	10:47:00	4139.85500	4140.30500	4139.41500	4140.24500	0.01
2025.11.11	10:48:00	4140.29500	4140.92500	4139.78500	4140.72500	0.01
2025.11.11	10:49:00	4140.75500	4141.32500	4140.55500	4140.98500	0.01
2025.11.11	10:50:00	4141.01500	4141.73500	4141.01500	4141.51500	0.01
2025.11.11	10:51:00	4141.50500	4142.19500	4140.77500	4142.07500	0.01
2025.11.11	10:52:00	4142.10500	4142.76500	4142.08500	4142.39500	0.01
2025.11.11	10:53:00	4142.39500	4142.96500	4142.39500	4142.58500	0.01
2025.11.11	10:54:00	4142.60500	4143.06500	4142.07500	4142.28500	0.01
2025.11.11	10:55:00	4142.26500	4142.69500	4141.85500	4142.07500	0.02
2025.11.11	10:56:00	4142.04500	4142.99500	4142.04500	4142.73500	0.02
2025.11.11	10:57:00	4142.76500	4144.05500	4142.62500	4143.22500	0.02
2025.11.11	10:58:00	4143.25500	4143.44500	4142.00500	4142.00500	0.01
2025.11.11	10:59:00	4141.93500	4141.99500	4141.00500	4141.67500	0.01
2025.11.11	11:00:00	4141.80500	4143.09500	4141.80500	4143.09500	0.01
2025.11.11	11:01:00	4143.01500	4143.18500	4140.58500	4140.72500	0.02
2025.11.11	11:02:00	4140.75500	4140.98500	4140.13500	4140.50500	0.01
2025.11.11	11:03:00	4140.48500	4141.25500	4140.38500	4141.24500	0.01
2025.11.11	11:04:00	4141.21500	4141.79500	4140.79500	4141.79500	0.01
2025.11.11	11:05:00	4141.81500	4143.13500	4141.71500	4143.07500	0.01
2025.11.11	11:06:00	4143.09500	4143.38500	4142.49800	4143.34500	0.01
2025.11.11	11:07:00	4143.36500	4143.36500	4142.55500	4142.97500	0.01
2025.11.11	11:08:00	4142.95500	4143.44500	4142.49500	4142.88500	0.01
2025.11.11	11:09:00	4142.91500	4143.20500	4142.11500	4142.89500	0.01
2025.11.11	11:10:00	4142.87500	4143.27500	4142.78500	4143.27500	0.01
2025.11.11	11:11:00	4143.31500	4143.34500	4142.00500	4142.00500	0.01
2025.11.11	11:12:00	4141.94500	4142.14500	4141.33500	4141.72500	0.01
2025.11.11	11:13:00	4141.70500	4141.70500	4139.81500	4139.95500	0.02
2025.11.11	11:14:00	4139.93500	4140.29500	4139.54500	4139.88500	0.01
2025.11.11	11:15:00	4139.91500	4140.47500	4139.19500	4140.39500	0.02
2025.11.11	11:16:00	4140.38500	4140.73500	4139.67500	4140.15500	0.02
2025.11.11	11:17:00	4139.96500	4140.35500	4139.93500	4140.07500	0.01
2025.11.11	11:18:00	4140.04500	4140.57500	4140.04500	4140.44500	0.01
2025.11.11	11:19:00	4140.44500	4140.68500	4139.85500	4140.26500	0.01
2025.11.11	11:20:00	4140.24500	4140.31500	4139.06500	4139.57500	0.01
2025.11.11	11:21:00	4139.46500	4140.61500	4139.43500	4140.43500	0.01
2025.11.11	11:22:00	4140.45500	4141.30500	4140.13500	4140.20500	0.02
2025.11.11	11:23:00	4140.16500	4140.62500	4139.56500	4140.03500	0.02
2025.11.11	11:24:00	4140.01500	4140.01500	4138.90500	4139.38500	0.01
2025.11.11	11:25:00	4139.36500	4141.38500	4139.17500	4141.32500	0.02
2025.11.11	11:26:00	4141.29500	4143.10500	4141.29500	4142.53900	0.02
2025.11.11	11:27:00	4142.56500	4143.37500	4141.94500	4143.00900	0.04
2025.11.11	11:28:00	4143.02500	4143.18500	4141.36800	4141.48900	0.05
2025.11.11	11:29:00	4141.53900	4141.53900	4140.66800	4140.90900	0.06
2025.11.11	11:30:00	4140.90900	4142.00500	4140.48500	4140.98900	0.03
2025.11.11	11:31:00	4140.90900	4142.08900	4140.55800	4141.75900	0.04
2025.11.11	11:32:00	4141.79900	4142.22900	4141.17900	4141.37900	0.03
2025.11.11	11:33:00	4141.34900	4141.50900	4138.89800	4139.83900	0.06
2025.11.11	11:34:00	4139.94900	4141.66500	4139.75500	4140.69800	0.04
2025.11.11	11:35:00	4140.66500	4140.80900	4140.26500	4140.63900	0.03
2025.11.11	11:36:00	4140.58500	4140.58500	4139.37900	4139.54900	0.02
2025.11.11	11:37:00	4139.61900	4140.22500	4139.12500	4140.14500	0.03
2025.11.11	11:38:00	4140.12500	4141.50500	4140.12500	4141.48500	0.01
2025.11.11	11:39:00	4141.48500	4141.58500	4140.66500	4140.93500	0.01
2025.11.11	11:40:00	4140.92500	4141.67500	4140.59500	4141.54500	0.01
2025.11.11	11:41:00	4141.55500	4142.49500	4141.46500	4142.35500	0.02
2025.11.11	11:42:00	4142.37500	4144.52500	4142.21500	4142.70500	0.02
2025.11.11	11:43:00	4142.72500	4142.90500	4141.53500	4141.59500	0.01
2025.11.11	11:44:00	4141.61500	4142.18500	4141.61500	4141.98500	0.01
2025.11.11	11:45:00	4141.94500	4142.73500	4141.40500	4142.59500	0.02
2025.11.11	11:46:00	4142.57500	4144.05500	4142.41500	4143.98500	0.02
2025.11.11	11:47:00	4144.02500	4144.28500	4143.40500	4143.40500	0.01
2025.11.11	11:48:00	4143.38500	4143.49500	4142.65500	4142.81500	0.02
2025.11.11	11:49:00	4142.79500	4143.03500	4142.10500	4142.56500	0.02
2025.11.11	11:50:00	4142.59500	4143.09500	4142.18500	4142.28900	0.02
2025.11.11	11:51:00	4142.28900	4142.47900	4141.72900	4141.90500	0.02
2025.11.11	11:52:00	4141.95900	4142.74500	4141.85800	4142.06500	0.02
2025.11.11	11:53:00	4142.09500	4143.70500	4142.00900	4143.70500	0.01
2025.11.11	11:54:00	4143.68500	4143.77500	4143.31500	4143.69500	0.01
2025.11.11	11:55:00	4143.72500	4144.30500	4142.91500	4143.44500	0.02
2025.11.11	11:56:00	4143.47500	4144.12500	4142.82900	4142.87800	0.02
2025.11.11	11:57:00	4142.84900	4143.11900	4141.81900	4141.88900	0.03
2025.11.11	11:58:00	4141.92900	4142.92900	4141.19800	4142.23900	0.05
2025.11.11	11:59:00	4142.24900	4142.64900	4140.63800	4142.59900	0.05
2025.11.11	12:00:00	4142.59900	4143.11900	4141.49800	4142.26900	0.05
2025.11.11	12:01:00	4142.26900	4143.10900	4142.26900	4142.71500	0.04
2025.11.11	12:02:00	4142.72900	4143.65900	4142.12800	4142.71900	0.05
2025.11.11	12:03:00	4142.72900	4142.94900	4141.24500	4141.49900	0.05
2025.11.11	12:04:00	4141.49900	4141.87800	4141.15500	4141.69500	0.04
2025.11.11	12:05:00	4141.68900	4141.95500	4140.13500	4140.27500	0.03
2025.11.11	12:06:00	4140.29500	4140.58500	4139.35500	4140.47500	0.03
2025.11.11	12:07:00	4140.64500	4141.30500	4139.83500	4140.66500	0.03
2025.11.11	12:08:00	4140.68500	4141.20500	4140.56500	4140.96500	0.02
2025.11.11	12:09:00	4140.89500	4140.89500	4139.52500	4139.84500	0.02
2025.11.11	12:10:00	4139.81500	4139.81500	4138.08500	4138.32500	0.02
2025.11.11	12:11:00	4138.34500	4139.42500	4138.31500	4138.87500	0.02
2025.11.11	12:12:00	4138.88500	4138.97500	4137.06500	4137.46500	0.03
2025.11.11	12:13:00	4137.44500	4138.90500	4137.25500	4138.63500	0.02
2025.11.11	12:14:00	4138.60500	4138.90500	4138.17500	4138.74500	0.02
2025.11.11	12:15:00	4138.77500	4139.27500	4138.19500	4138.36500	0.02
2025.11.11	12:16:00	4138.39500	4138.94500	4138.22500	4138.84500	0.01
2025.11.11	12:17:00	4138.80500	4139.29500	4138.27500	4138.67500	0.02
2025.11.11	12:18:00	4138.69500	4139.00500	4138.61500	4138.61500	0.01
2025.11.11	12:19:00	4138.64500	4138.77500	4136.87500	4136.89500	0.02
2025.11.11	12:20:00	4137.00500	4138.02500	4136.53500	4138.01500	0.03
2025.11.11	12:21:00	4138.01500	4138.73500	4137.91500	4138.00500	0.04
2025.11.11	12:22:00	4138.00500	4139.21500	4137.56500	4139.21500	0.02
2025.11.11	12:23:00	4139.21500	4139.50500	4138.68500	4138.90500	0.02
2025.11.11	12:24:00	4138.92500	4140.09500	4138.64500	4139.86500	0.02
2025.11.11	12:25:00	4139.88500	4140.48500	4138.99500	4140.31500	0.03
2025.11.11	12:26:00	4140.26500	4140.50500	4140.10500	4140.34500	0.03
2025.11.11	12:27:00	4140.32500	4140.80500	4139.95500	4140.69500	0.03
2025.11.11	12:28:00	4140.67500	4140.76500	4140.02500	4140.18500	0.02
2025.11.11	12:29:00	4140.15500	4140.15500	4138.41500	4138.81500	0.02
2025.11.11	12:30:00	4138.81500	4139.39500	4138.49500	4138.49500	0.01
2025.11.11	12:31:00	4138.49500	4139.00500	4137.88500	4138.66500	0.02
2025.11.11	12:32:00	4138.63500	4138.89500	4137.66500	4137.85500	0.01
2025.11.11	12:33:00	4138.25500	4138.42500	4137.87500	4137.99500	0.01
2025.11.11	12:34:00	4137.96500	4139.49500	4137.96500	4139.34500	0.01
2025.11.11	12:35:00	4139.31500	4140.62500	4139.21500	4140.43500	0.01
2025.11.11	12:36:00	4140.45500	4141.44500	4140.41500	4141.06500	0.02
2025.11.11	12:37:00	4141.08500	4141.52500	4140.06500	4140.48500	0.02
2025.11.11	12:38:00	4140.45500	4140.84500	4140.07500	4140.62500	0.01
2025.11.11	12:39:00	4140.64500	4141.62500	4140.45500	4140.56500	0.01
2025.11.11	12:40:00	4140.55500	4140.79500	4140.39500	4140.68500	0.01
2025.11.11	12:41:00	4140.73500	4141.27500	4140.59500	4140.59500	0.01
2025.11.11	12:42:00	4140.62500	4140.78500	4139.83500	4139.83500	0.01
2025.11.11	12:43:00	4139.85500	4140.35500	4139.83500	4140.15500	0.01
2025.11.11	12:44:00	4140.20500	4141.18500	4140.20500	4141.05500	0.01
2025.11.11	12:45:00	4141.02500	4141.04500	4140.36500	4140.55500	0.01
2025.11.11	12:46:00	4140.51500	4140.94500	4139.57500	4139.94500	0.02
2025.11.11	12:47:00	4139.92500	4139.97500	4138.69500	4138.88500	0.02
2025.11.11	12:48:00	4138.86500	4138.86500	4138.06500	4138.35500	0.02
2025.11.11	12:49:00	4138.33500	4138.33500	4136.70500	4137.98500	0.04
2025.11.11	12:50:00	4138.00500	4138.03500	4136.75500	4137.37500	0.02
2025.11.11	12:51:00	4137.43500	4138.23500	4137.17500	4138.16500	0.03
2025.11.11	12:52:00	4138.13500	4138.13500	4136.31500	4136.50500	0.04
2025.11.11	12:53:00	4136.50500	4137.72500	4133.08500	4134.36900	0.06
2025.11.11	12:54:00	4134.40900	4135.20500	4133.66900	4134.84900	0.10
2025.11.11	12:55:00	4134.90900	4135.90500	4133.90500	4134.07900	0.05
2025.11.11	12:56:00	4134.12500	4135.30500	4132.99500	4135.29500	0.03
2025.11.11	12:57:00	4135.26500	4135.94500	4134.80500	4135.93500	0.03
2025.11.11	12:58:00	4135.91500	4136.56500	4134.87500	4136.01900	0.03
2025.11.11	12:59:00	4136.00900	4136.00900	4134.15500	4134.20500	0.04
2025.11.11	13:00:00	4134.24500	4135.20500	4133.67500	4134.57500	0.06
2025.11.11	13:01:00	4134.59500	4136.20500	4134.42500	4136.08500	0.03
2025.11.11	13:02:00	4136.10500	4136.92500	4134.57500	4136.06500	0.03
2025.11.11	13:03:00	4136.03500	4136.28500	4134.65500	4135.67500	0.02
2025.11.11	13:04:00	4135.69500	4136.76500	4134.43500	4135.15500	0.03
2025.11.11	13:05:00	4135.11500	4136.43500	4134.91500	4136.28500	0.02
2025.11.11	13:06:00	4136.33500	4136.85500	4135.98500	4136.68500	0.03
2025.11.11	13:07:00	4136.68500	4137.92500	4136.55500	4136.92500	0.04
2025.11.11	13:08:00	4136.84500	4137.28500	4135.69500	4136.75500	0.02
2025.11.11	13:09:00	4136.77500	4138.41500	4136.75500	4138.07500	0.02
2025.11.11	13:10:00	4137.91500	4139.10500	4137.89500	4139.10500	0.02
2025.11.11	13:11:00	4139.07500	4139.31500	4138.17500	4138.95500	0.02
2025.11.11	13:12:00	4138.97500	4139.69500	4138.22500	4139.69500	0.02
2025.11.11	13:13:00	4139.72500	4140.23500	4139.19500	4139.88500	0.02
2025.11.11	13:14:00	4139.86500	4140.56500	4139.43500	4140.02500	0.02
2025.11.11	13:15:00	4139.97500	4140.14500	4138.30500	4138.33500	0.03
2025.11.11	13:16:00	4138.22500	4140.51500	4138.01500	4140.19500	0.03
2025.11.11	13:17:00	4140.22500	4141.02500	4140.17500	4140.33500	0.02
2025.11.11	13:18:00	4140.36500	4140.95500	4140.15500	4140.52500	0.02
2025.11.11	13:19:00	4140.50500	4141.05500	4139.93500	4141.01500	0.02
2025.11.11	13:20:00	4140.70500	4140.88500	4139.17500	4140.70500	0.04
2025.11.11	13:21:00	4140.70500	4141.36500	4140.15500	4140.44500	0.04
2025.11.11	13:22:00	4140.48500	4142.42500	4140.48500	4141.98500	0.04
2025.11.11	13:23:00	4141.94500	4143.17500	4141.80500	4143.01500	0.03
2025.11.11	13:24:00	4142.98500	4143.39500	4142.02500	4143.14500	0.03
2025.11.11	13:25:00	4143.09500	4143.51500	4142.37500	4142.64500	0.03
2025.11.11	13:26:00	4142.68500	4143.44500	4142.35500	4143.10500	0.04
2025.11.11	13:27:00	4143.10500	4143.28500	4142.19500	4142.19500	0.03
2025.11.11	13:28:00	4142.16500	4142.16500	4141.45500	4141.47500	0.03
2025.11.11	13:29:00	4141.50500	4142.04500	4140.91500	4141.36500	0.03
2025.11.11	13:30:00	4141.34500	4141.60500	4139.35500	4139.39500	0.03
2025.11.11	13:31:00	4139.36500	4141.58500	4138.89800	4141.41500	0.03
2025.11.11	13:32:00	4141.44500	4142.55500	4141.44500	4142.39500	0.02
2025.11.11	13:33:00	4142.42500	4143.62500	4142.26500	4142.95500	0.02
2025.11.11	13:34:00	4142.93500	4144.95500	4142.69500	4144.92500	0.03
2025.11.11	13:35:00	4144.94500	4145.12500	4143.75500	4144.16500	0.04
2025.11.11	13:36:00	4144.10500	4146.54500	4143.10500	4145.48500	0.06
2025.11.11	13:37:00	4145.51500	4145.73500	4143.91500	4144.53500	0.03
2025.11.11	13:38:00	4144.50500	4146.29500	4144.42500	4146.16500	0.03
2025.11.11	13:39:00	4146.14500	4146.39500	4145.36500	4145.48500	0.03
2025.11.11	13:40:00	4145.52500	4145.63500	4144.72500	4145.26500	0.02
2025.11.11	13:41:00	4145.29500	4145.94500	4143.60500	4143.75500	0.02
2025.11.11	13:42:00	4143.73500	4143.73800	4142.30500	4143.65500	0.03
2025.11.11	13:43:00	4143.67500	4143.82500	4141.76500	4142.26500	0.03
2025.11.11	13:44:00	4142.30500	4142.45500	4140.98500	4141.61500	0.03
2025.11.11	13:45:00	4141.64500	4142.62500	4140.92500	4142.42500	0.02
2025.11.11	13:46:00	4142.47500	4142.76500	4141.48500	4142.50500	0.03
2025.11.11	13:47:00	4142.47500	4143.43500	4142.10500	4143.04500	0.03
2025.11.11	13:48:00	4143.08500	4143.74500	4142.61500	4143.56500	0.03
2025.11.11	13:49:00	4143.50500	4144.91500	4143.38500	4144.80500	0.04
2025.11.11	13:50:00	4144.82500	4145.37500	4144.30500	4145.01500	0.03
2025.11.11	13:51:00	4144.98500	4145.47500	4144.21500	4144.36500	0.02
2025.11.11	13:52:00	4144.33500	4144.60500	4143.94500	4144.36500	0.02
2025.11.11	13:53:00	4144.34500	4144.76500	4143.54500	4143.98500	0.02
2025.11.11	13:54:00	4143.96500	4144.50500	4143.80500	4144.07500	0.01
2025.11.11	13:55:00	4144.10500	4144.29500	4143.24500	4143.85500	0.03
2025.11.11	13:56:00	4143.85500	4144.99500	4143.85500	4144.50500	0.03
2025.11.11	13:57:00	4144.52500	4144.55500	4143.68500	4143.83500	0.03
2025.11.11	13:58:00	4143.85500	4144.16500	4143.54500	4143.76500	0.01
2025.11.11	13:59:00	4143.74500	4143.89500	4142.32500	4142.42500	0.02
2025.11.11	14:00:00	4142.38500	4142.90500	4141.70500	4141.79500	0.03
2025.11.11	14:01:00	4141.84500	4141.92500	4140.15500	4141.82500	0.03
2025.11.11	14:02:00	4141.88500	4142.96500	4141.54500	4142.01500	0.03
2025.11.11	14:03:00	4141.98500	4142.19500	4139.99500	4140.11500	0.03
2025.11.11	14:04:00	4140.13500	4140.13500	4139.00500	4139.49500	0.03
2025.11.11	14:05:00	4139.46500	4139.48500	4137.71500	4138.73500	0.04
2025.11.11	14:06:00	4138.71500	4139.10500	4137.00500	4138.59500	0.04
2025.11.11	14:07:00	4138.59500	4139.78500	4137.42500	4139.35500	0.03
2025.11.11	14:08:00	4139.37500	4140.20500	4138.17500	4138.45500	0.03
2025.11.11	14:09:00	4138.47500	4139.60500	4138.44500	4139.56500	0.02
2025.11.11	14:10:00	4139.71500	4139.77500	4138.00500	4138.05500	0.03
2025.11.11	14:11:00	4138.03500	4138.40500	4137.18500	4137.64500	0.02
2025.11.11	14:12:00	4137.61500	4138.07500	4136.70800	4136.72800	0.03
2025.11.11	14:13:00	4136.74900	4137.85500	4136.74900	4137.55500	0.03
2025.11.11	14:14:00	4137.41500	4139.66500	4137.04500	4139.35500	0.03
2025.11.11	14:15:00	4139.33500	4140.05500	4139.10500	4139.39500	0.02
2025.11.11	14:16:00	4139.32500	4139.32500	4136.67500	4137.50500	0.03
2025.11.11	14:17:00	4137.45500	4137.65500	4136.54500	4137.33500	0.02
2025.11.11	14:18:00	4137.31500	4137.32500	4135.84500	4137.22500	0.03
2025.11.11	14:19:00	4137.26500	4137.34500	4136.60500	4136.79500	0.02
2025.11.11	14:20:00	4136.75500	4136.75500	4132.15500	4132.15500	0.04
2025.11.11	14:21:00	4131.93500	4133.22500	4129.15500	4131.30500	0.08
2025.11.11	14:22:00	4131.28500	4132.79500	4130.50500	4131.35500	0.06
2025.11.11	14:23:00	4131.60500	4133.00500	4131.19500	4132.75500	0.04
2025.11.11	14:24:00	4132.73500	4134.47500	4132.28500	4132.50500	0.05
2025.11.11	14:25:00	4132.50500	4132.90500	4130.98500	4131.86500	0.05
2025.11.11	14:26:00	4131.86500	4133.49500	4130.41500	4130.93500	0.05
2025.11.11	14:27:00	4130.93500	4131.14500	4128.27500	4129.04500	0.05
2025.11.11	14:28:00	4129.07500	4131.15500	4129.07500	4130.61500	0.03
2025.11.11	14:29:00	4130.64500	4131.74500	4129.91500	4130.14500	0.03
2025.11.11	14:30:00	4129.88900	4132.59500	4128.46500	4130.59500	0.06
2025.11.11	14:31:00	4130.75500	4132.64500	4128.40500	4128.40500	0.05
2025.11.11	14:32:00	4128.09500	4129.99500	4126.33500	4126.45500	0.06
2025.11.11	14:33:00	4126.52500	4127.89500	4123.32500	4125.03500	0.07
2025.11.11	14:34:00	4125.24500	4126.33500	4124.09500	4125.03500	0.07
2025.11.11	14:35:00	4124.99500	4127.27500	4124.36500	4125.34500	0.07
2025.11.11	14:36:00	4125.31500	4128.46500	4124.10500	4128.06500	0.06
2025.11.11	14:37:00	4128.01500	4128.85500	4125.97500	4127.22500	0.06
2025.11.11	14:38:00	4127.24500	4129.82500	4126.79500	4129.69500	0.05
2025.11.11	14:39:00	4129.71500	4129.83500	4126.49500	4128.29500	0.05
2025.11.11	14:40:00	4128.17500	4129.37500	4125.68500	4129.11500	0.06
2025.11.11	14:41:00	4129.20500	4132.01500	4129.12500	4130.96500	0.06
2025.11.11	14:42:00	4131.01500	4131.77500	4129.65500	4130.14500	0.07
2025.11.11	14:43:00	4130.09900	4132.35500	4129.33500	4131.86500	0.05
2025.11.11	14:44:00	4131.89500	4133.28500	4130.71500	4132.69500	0.04
2025.11.11	14:45:00	4132.73500	4134.58500	4131.52500	4131.76500	0.06
2025.11.11	14:46:00	4131.73500	4131.73500	4127.22900	4128.83500	0.10
2025.11.11	14:47:00	4128.89900	4129.47500	4126.73500	4127.02500	0.06
2025.11.11	14:48:00	4127.04500	4127.61500	4125.31500	4125.31500	0.07
2025.11.11	14:49:00	4125.82500	4126.00500	4119.81500	4119.93900	0.09
2025.11.11	14:50:00	4119.93900	4124.52500	4119.65500	4123.55500	0.11
2025.11.11	14:51:00	4123.78500	4126.44500	4122.11500	4125.38500	0.05
2025.11.11	14:52:00	4125.34500	4126.04500	4124.38500	4125.22500	0.05
2025.11.11	14:53:00	4125.24500	4125.24500	4121.54500	4122.27500	0.05
2025.11.11	14:54:00	4122.27500	4124.11500	4121.93500	4124.04500	0.05
2025.11.11	14:55:00	4124.04500	4127.03500	4123.05500	4126.87500	0.06
2025.11.11	14:56:00	4126.85500	4127.45500	4125.41500	4125.46500	0.05
2025.11.11	14:57:00	4125.41500	4127.20500	4125.41500	4126.76500	0.04
2025.11.11	14:58:00	4126.71500	4128.59500	4126.18500	4128.37500	0.04
2025.11.11	14:59:00	4128.28500	4128.62500	4124.75500	4124.76500	0.05
2025.11.11	15:00:00	4124.43900	4124.43900	4121.88500	4123.14500	0.07
2025.11.11	15:01:00	4123.11500	4125.62500	4121.98500	4125.53500	0.05
2025.11.11	15:02:00	4125.49500	4125.93500	4122.30500	4122.58500	0.05
2025.11.11	15:03:00	4122.55500	4124.32500	4121.94500	4123.67500	0.04
2025.11.11	15:04:00	4123.87500	4125.10500	4122.89500	4123.46500	0.05
2025.11.11	15:05:00	4123.42500	4124.41900	4122.67500	4123.43900	0.10
2025.11.11	15:06:00	4123.39900	4123.88900	4119.98500	4120.73500	0.07
2025.11.11	15:07:00	4120.76500	4123.14500	4120.12500	4120.75500	0.06
2025.11.11	15:08:00	4120.79900	4121.07500	4117.92500	4120.90500	0.06
2025.11.11	15:09:00	4120.86500	4122.67500	4119.51500	4122.38500	0.04
2025.11.11	15:10:00	4122.38500	4122.89500	4120.89500	4122.82500	0.04
2025.11.11	15:11:00	4122.85500	4122.91500	4120.93500	4121.77500	0.05
2025.11.11	15:12:00	4121.74900	4122.16500	4120.25500	4121.95500	0.04
2025.11.11	15:13:00	4121.93500	4121.97500	4119.14500	4119.65500	0.04
2025.11.11	15:14:00	4119.71500	4121.20500	4119.16500	4120.81500	0.05
2025.11.11	15:15:00	4120.83500	4121.12500	4118.36500	4118.93500	0.05
2025.11.11	15:16:00	4118.91500	4119.14500	4117.78500	4118.08500	0.04
2025.11.11	15:17:00	4118.14500	4119.21500	4117.23500	4118.64500	0.05
2025.11.11	15:18:00	4118.64500	4118.95500	4117.01500	4117.38500	0.05
2025.11.11	15:19:00	4117.36500	4117.84500	4115.33500	4115.71500	0.07
2025.11.11	15:20:00	4115.76500	4116.42500	4113.51500	4114.21500	0.10
2025.11.11	15:21:00	4114.26500	4114.97500	4110.79500	4110.79500	0.06
2025.11.11	15:22:00	4110.40500	4111.14500	4106.65500	4106.87500	0.08
2025.11.11	15:23:00	4106.83500	4109.71500	4105.12500	4106.30500	0.07
2025.11.11	15:24:00	4106.32500	4108.49500	4106.22500	4107.61500	0.07
2025.11.11	15:25:00	4108.05500	4110.03500	4107.40500	4108.86500	0.06
2025.11.11	15:26:00	4108.83500	4109.19500	4105.58500	4107.78500	0.07
2025.11.11	15:27:00	4108.11500	4109.09500	4101.96500	4102.89500	0.06
2025.11.11	15:28:00	4102.84500	4102.84500	4097.19500	4098.33500	0.10
2025.11.11	15:29:00	4098.35500	4101.79500	4096.90500	4101.30500	0.08
2025.11.11	15:30:00	4101.26500	4102.73500	4098.71500	4101.96500	0.06
2025.11.11	15:31:00	4101.94500	4103.93500	4101.48500	4102.57500	0.06
2025.11.11	15:32:00	4102.43500	4103.16500	4099.61500	4099.81500	0.05
2025.11.11	15:33:00	4099.79500	4099.93500	4096.84500	4099.93500	0.08
2025.11.11	15:34:00	4099.93500	4102.43500	4099.79800	4102.35500	0.07
2025.11.11	15:35:00	4102.31500	4103.38500	4101.78500	4101.91500	0.05
2025.11.11	15:36:00	4101.87500	4101.87500	4098.29500	4100.84500	0.07
2025.11.11	15:37:00	4100.86500	4102.78500	4099.42500	4101.48500	0.05
2025.11.11	15:38:00	4101.47500	4104.33500	4100.18500	4104.33500	0.05
2025.11.11	15:39:00	4104.12500	4107.41500	4104.10500	4107.16500	0.06
2025.11.11	15:40:00	4107.19500	4107.27500	4103.46500	4104.21500	0.07
2025.11.11	15:41:00	4104.19500	4104.49500	4101.92500	4103.48500	0.05
2025.11.11	15:42:00	4103.46500	4105.79500	4103.45500	4105.04500	0.05
2025.11.11	15:43:00	4105.02500	4107.74500	4104.65500	4107.52500	0.06
2025.11.11	15:44:00	4107.48500	4107.78500	4105.24500	4107.70500	0.06
2025.11.11	15:45:00	4107.70500	4109.27500	4107.22500	4109.16500	0.07
2025.11.11	15:46:00	4109.17500	4109.20500	4107.05500	4108.17500	0.06
2025.11.11	15:47:00	4108.23500	4109.90500	4108.03500	4109.20500	0.06
2025.11.11	15:48:00	4109.21500	4110.49500	4108.81500	4110.27500	0.06
2025.11.11	15:49:00	4110.25500	4110.25500	4108.52500	4109.78500	0.05
2025.11.11	15:50:00	4109.75500	4111.22500	4109.42500	4110.13500	0.05
2025.11.11	15:51:00	4110.16500	4112.26500	4110.16500	4112.24500	0.04
2025.11.11	15:52:00	4112.20500	4112.20500	4109.83500	4110.34500	0.04
2025.11.11	15:53:00	4110.31500	4110.98500	4108.79500	4109.20500	0.05
2025.11.11	15:54:00	4109.20500	4109.24500	4104.98500	4106.07500	0.05
2025.11.11	15:55:00	4106.04500	4106.75500	4104.31500	4106.75500	0.04
2025.11.11	15:56:00	4106.73500	4107.57500	4105.92500	4106.03500	0.04
2025.11.11	15:57:00	4106.03500	4108.19500	4105.26500	4107.67500	0.05
2025.11.11	15:58:00	4107.71500	4108.13500	4106.41500	4108.04500	0.03
2025.11.11	15:59:00	4108.07500	4108.07500	4106.17500	4106.47500	0.04
2025.11.11	16:00:00	4106.46500	4106.81500	4105.26500	4105.93500	0.04
2025.11.11	16:01:00	4105.93500	4107.49500	4105.57500	4106.86500	0.04
2025.11.11	16:02:00	4106.87500	4109.87500	4106.87500	4109.79500	0.05
2025.11.11	16:03:00	4109.77500	4109.82500	4108.11500	4108.20500	0.04
2025.11.11	16:04:00	4108.17500	4110.24500	4108.11500	4110.22500	0.04
2025.11.11	16:05:00	4110.22500	4111.82500	4110.07500	4110.75500	0.03
2025.11.11	16:06:00	4110.78500	4112.36500	4110.53500	4110.69500	0.03
2025.11.11	16:07:00	4110.72500	4112.02500	4110.59500	4111.62500	0.03
2025.11.11	16:08:00	4111.70500	4112.04500	4110.49500	4110.76500	0.03
2025.11.11	16:09:00	4110.79500	4111.37500	4109.07500	4109.71500	0.03
2025.11.11	16:10:00	4109.75500	4110.96500	4109.32500	4110.68500	0.03
2025.11.11	16:11:00	4110.68500	4112.29500	4110.68500	4111.47500	0.03
2025.11.11	16:12:00	4111.45500	4112.87500	4111.20500	4112.78500	0.03
2025.11.11	16:13:00	4112.80500	4113.30500	4110.92500	4111.91500	0.05
2025.11.11	16:14:00	4111.91500	4113.27500	4111.75500	4113.24500	0.04
2025.11.11	16:15:00	4113.21500	4114.64500	4113.21500	4114.58500	0.04
2025.11.11	16:16:00	4114.63500	4114.81500	4113.98500	4114.12500	0.04
2025.11.11	16:17:00	4114.09500	4114.42500	4112.73500	4113.65500	0.03
2025.11.11	16:18:00	4113.67500	4113.87500	4111.79500	4112.00500	0.03
2025.11.11	16:19:00	4111.98500	4112.64500	4111.41500	4112.06500	0.04
2025.11.11	16:20:00	4112.09500	4113.56500	4112.09500	4112.77500	0.04
2025.11.11	16:21:00	4112.70500	4113.43500	4112.55500	4113.34500	0.03
2025.11.11	16:22:00	4113.30500	4113.44500	4112.22500	4112.58500	0.03
2025.11.11	16:23:00	4112.62500	4112.85500	4111.06500	4111.15500	0.04
2025.11.11	16:24:00	4111.18500	4112.05500	4110.86500	4111.04500	0.03
2025.11.11	16:25:00	4111.00500	4111.45500	4110.63500	4110.97500	0.03
2025.11.11	16:26:00	4110.99500	4111.02500	4110.25800	4110.37500	0.03
2025.11.11	16:27:00	4110.44500	4110.98500	4107.83500	4109.34500	0.05
2025.11.11	16:28:00	4109.56500	4110.74500	4108.47500	4108.51500	0.04
2025.11.11	16:29:00	4108.48500	4109.70500	4108.39500	4109.20500	0.04
2025.11.11	16:30:00	4109.19500	4109.22500	4105.66500	4105.86500	0.05
2025.11.11	16:31:00	4105.83500	4108.16500	4105.00000	4107.20500	0.04
2025.11.11	16:32:00	4107.23500	4108.64500	4106.09500	4106.21500	0.04
2025.11.11	16:33:00	4106.24500	4107.84500	4105.61500	4107.84500	0.04
2025.11.11	16:34:00	4107.88500	4108.70500	4106.72500	4108.50500	0.03
2025.11.11	16:35:00	4108.64500	4111.28500	4108.63500	4111.19500	0.03
2025.11.11	16:36:00	4111.07500	4112.12500	4110.85500	4111.26500	0.03
2025.11.11	16:37:00	4111.24500	4112.00500	4111.05500	4111.52500	0.03
2025.11.11	16:38:00	4111.58500	4111.79500	4110.76500	4111.36500	0.02
2025.11.11	16:39:00	4111.34500	4112.70500	4111.18500	4112.29500	0.03
2025.11.11	16:40:00	4112.32500	4113.27500	4111.70500	4111.77500	0.03
2025.11.11	16:41:00	4111.80500	4113.87500	4111.80500	4113.30500	0.03
2025.11.11	16:42:00	4113.33500	4114.36500	4113.33500	4113.58500	0.02
2025.11.11	16:43:00	4113.50500	4113.80500	4113.07500	4113.36500	0.02
2025.11.11	16:44:00	4113.39500	4114.63800	4113.39500	4113.77500	0.03
2025.11.11	16:45:00	4113.75500	4114.30500	4112.96500	4113.28500	0.02
2025.11.11	16:46:00	4113.26500	4113.90500	4113.08500	4113.70500	0.02
2025.11.11	16:47:00	4113.67500	4113.67500	4112.31500	4113.04500	0.02
2025.11.11	16:48:00	4113.01500	4113.03500	4111.90500	4112.18500	0.03
2025.11.11	16:49:00	4112.20500	4114.60500	4112.16500	4114.60500	0.03
2025.11.11	16:50:00	4114.79500	4115.58500	4114.23500	4114.40500	0.03
2025.11.11	16:51:00	4114.42500	4114.78500	4113.12500	4113.21500	0.03
2025.11.11	16:52:00	4113.20500	4113.36500	4112.55500	4112.70500	0.03
2025.11.11	16:53:00	4112.68500	4113.80500	4112.64800	4113.33500	0.03
2025.11.11	16:54:00	4113.30500	4114.16500	4112.86500	4113.57500	0.02
2025.11.11	16:55:00	4113.61500	4114.39500	4112.83500	4113.00500	0.02
2025.11.11	16:56:00	4112.98500	4113.17500	4111.57500	4111.61500	0.03
2025.11.11	16:57:00	4111.65500	4113.72500	4111.59500	4113.69500	0.03
2025.11.11	16:58:00	4113.67500	4114.65500	4113.49500	4113.49500	0.05
2025.11.11	16:59:00	4113.53500	4113.75500	4112.39500	4113.06500	0.03
2025.11.11	17:00:00	4113.03500	4113.95500	4112.17500	4112.43500	0.03
2025.11.11	17:01:00	4112.62500	4114.22500	4112.47500	4113.39500	0.03
2025.11.11	17:02:00	4113.37500	4113.44500	4112.16500	4112.26500	0.02
2025.11.11	17:03:00	4112.22500	4113.94500	4112.07500	4113.63500	0.02
2025.11.11	17:04:00	4113.57500	4113.63500	4112.70500	4113.35500	0.02
2025.11.11	17:05:00	4113.38500	4113.66500	4112.69500	4113.54500	0.02
2025.11.11	17:06:00	4113.56500	4115.61500	4113.55500	4115.00500	0.03
2025.11.11	17:07:00	4115.03500	4115.31500	4114.66500	4115.18500	0.02
2025.11.11	17:08:00	4115.20500	4115.54500	4114.22500	4115.26500	0.03
2025.11.11	17:09:00	4115.27500	4115.42500	4114.94500	4115.21500	0.02
2025.11.11	17:10:00	4115.24500	4115.76500	4114.72500	4115.69500	0.02
2025.11.11	17:11:00	4115.66500	4116.10500	4115.31500	4115.66500	0.02
2025.11.11	17:12:00	4115.63500	4117.23500	4115.28500	4117.21500	0.02
2025.11.11	17:13:00	4117.23500	4117.56500	4116.95500	4117.36500	0.03
2025.11.11	17:14:00	4117.39500	4117.66500	4115.34500	4115.47500	0.03
2025.11.11	17:15:00	4115.45500	4116.26500	4114.31500	4114.53500	0.03
2025.11.11	17:16:00	4114.55500	4114.99500	4113.47500	4113.56500	0.03
2025.11.11	17:17:00	4113.54500	4114.43500	4113.54500	4114.14500	0.02
2025.11.11	17:18:00	4113.99500	4113.99500	4111.52500	4113.06500	0.03
2025.11.11	17:19:00	4113.08500	4115.82500	4112.87500	4115.57500	0.03
2025.11.11	17:20:00	4115.55500	4117.37500	4115.41500	4117.34500	0.03
2025.11.11	17:21:00	4117.37500	4117.37500	4114.30500	4114.32500	0.02
2025.11.11	17:22:00	4114.30500	4115.14500	4114.28500	4115.05500	0.02
2025.11.11	17:23:00	4115.09500	4115.09500	4114.25500	4114.43500	0.02
2025.11.11	17:24:00	4114.36500	4114.68500	4113.46500	4114.11500	0.02
2025.11.11	17:25:00	4114.16500	4114.46500	4113.54500	4114.01500	0.02
2025.11.11	17:26:00	4114.04500	4114.24500	4112.54500	4113.04500	0.02
2025.11.11	17:27:00	4113.07500	4114.19500	4112.52500	4113.97500	0.03
2025.11.11	17:28:00	4113.99500	4114.85500	4113.88500	4114.63500	0.02
2025.11.11	17:29:00	4114.67500	4114.68500	4113.85500	4114.10500	0.02
2025.11.11	17:30:00	4114.12500	4114.56500	4113.27500	4114.01500	0.02
2025.11.11	17:31:00	4113.99500	4113.99500	4112.80500	4113.18500	0.02
2025.11.11	17:32:00	4113.20500	4113.59500	4111.28500	4111.44500	0.03
2025.11.11	17:33:00	4111.48500	4112.01500	4110.36500	4111.91500	0.03
2025.11.11	17:34:00	4111.89500	4111.97500	4110.54500	4110.59500	0.01
2025.11.11	17:35:00	4110.56500	4111.94500	4110.43500	4111.51500	0.02
2025.11.11	17:36:00	4111.47500	4111.98500	4111.19500	4111.51500	0.02
2025.11.11	17:37:00	4111.49500	4112.08500	4111.29500	4111.29500	0.02
2025.11.11	17:38:00	4111.21500	4112.49500	4111.21500	4112.18500	0.02
2025.11.11	17:39:00	4112.16500	4113.49500	4112.12500	4113.13500	0.02
2025.11.11	17:40:00	4113.18500	4114.37500	4113.18500	4113.73500	0.02
2025.11.11	17:41:00	4113.68500	4113.68500	4112.25500	4112.46500	0.02
2025.11.11	17:42:00	4112.51500	4114.43500	4112.45500	4114.41500	0.02
2025.11.11	17:43:00	4114.37500	4114.73500	4114.24500	4114.33500	0.02
2025.11.11	17:44:00	4114.36500	4114.37500	4113.31500	4113.61500	0.02
2025.11.11	17:45:00	4113.51500	4114.18500	4112.67500	4112.94500	0.02
2025.11.11	17:46:00	4112.91500	4112.91500	4111.98500	4112.81500	0.02
2025.11.11	17:47:00	4112.75500	4113.72500	4112.69500	4113.31500	0.02
2025.11.11	17:48:00	4113.35500	4114.14500	4113.01500	4114.11500	0.02
2025.11.11	17:49:00	4114.09500	4114.09500	4112.98500	4113.70500	0.02
2025.11.11	17:50:00	4113.72500	4114.29500	4113.08500	4113.18500	0.02
2025.11.11	17:51:00	4113.16500	4114.11500	4113.06500	4113.95500	0.01
2025.11.11	17:52:00	4113.97500	4115.20500	4113.97500	4115.08500	0.02
2025.11.11	17:53:00	4115.07500	4116.17500	4114.89500	4115.21500	0.03
2025.11.11	17:54:00	4115.16500	4115.19500	4114.07500	4114.42500	0.02
2025.11.11	17:55:00	4114.44500	4115.25500	4114.44500	4114.66500	0.02
2025.11.11	17:56:00	4114.63500	4114.84500	4113.81500	4113.97500	0.01
2025.11.11	17:57:00	4113.94500	4114.88500	4113.59500	4114.65500	0.02
2025.11.11	17:58:00	4114.61500	4114.89500	4113.75500	4114.02500	0.02
2025.11.11	17:59:00	4114.06500	4114.53500	4113.79500	4114.15500	0.02
2025.11.11	18:00:00	4114.18500	4114.63500	4113.61500	4114.60500	0.02
2025.11.11	18:01:00	4114.58500	4115.38500	4114.27500	4115.38500	0.02
2025.11.11	18:02:00	4115.35500	4115.87500	4115.04500	4115.65500	0.01
2025.11.11	18:03:00	4115.69500	4116.15500	4114.96500	4115.47500	0.03
2025.11.11	18:04:00	4115.45500	4115.58500	4114.69500	4115.08500	0.02
2025.11.11	18:05:00	4115.05500	4115.11500	4114.00500	4114.06500	0.02
2025.11.11	18:06:00	4114.08500	4114.35500	4112.94500	4114.35500	0.03
2025.11.11	18:07:00	4114.32500	4115.44500	4114.10500	4115.38500	0.02
2025.11.11	18:08:00	4115.52500	4115.55500	4114.55500	4114.60500	0.02
2025.11.11	18:09:00	4114.56500	4114.74500	4113.85500	4114.41500	0.02
2025.11.11	18:10:00	4114.35500	4114.87500	4114.11500	4114.13500	0.02
2025.11.11	18:11:00	4114.09500	4114.47500	4111.40500	4111.69500	0.03
2025.11.11	18:12:00	4111.64500	4113.50500	4111.54500	4112.14500	0.04
2025.11.11	18:13:00	4112.13500	4112.13500	4109.44500	4111.41500	0.05
2025.11.11	18:14:00	4111.39500	4111.49500	4109.07500	4109.42500	0.04
2025.11.11	18:15:00	4109.41500	4110.80500	4108.99500	4110.72500	0.05
2025.11.11	18:16:00	4110.71500	4112.57500	4110.66500	4112.55500	0.05
2025.11.11	18:17:00	4112.56500	4113.53500	4112.56500	4113.39500	0.04
2025.11.11	18:18:00	4113.40500	4114.78500	4113.18500	4114.54500	0.03
2025.11.11	18:19:00	4114.62500	4114.78500	4112.66500	4113.02500	0.02
2025.11.11	18:20:00	4113.04500	4113.44500	4112.57500	4112.87500	0.04
2025.11.11	18:21:00	4112.89500	4113.79500	4112.86500	4113.49500	0.04
2025.11.11	18:22:00	4113.47500	4113.48500	4112.28500	4112.85500	0.05
2025.11.11	18:23:00	4112.90500	4113.34500	4112.51500	4112.52500	0.04
2025.11.11	18:24:00	4112.60500	4113.52500	4112.57500	4113.20500	0.05
2025.11.11	18:25:00	4113.01500	4113.75500	4111.89500	4112.04500	0.04
2025.11.11	18:26:00	4112.07500	4112.48500	4110.88500	4111.40500	0.04
2025.11.11	18:27:00	4111.41500	4112.01500	4110.27500	4110.29500	0.05
2025.11.11	18:28:00	4110.31500	4111.84500	4110.13500	4111.46500	0.04
2025.11.11	18:29:00	4111.79500	4111.79500	4109.81500	4110.21500	0.09
2025.11.11	18:30:00	4110.27500	4110.91500	4109.38500	4110.65500	0.08
2025.11.11	18:31:00	4110.69500	4111.52500	4109.48500	4109.72500	0.06
2025.11.11	18:32:00	4109.75500	4109.75500	4107.50800	4107.86500	0.08
2025.11.11	18:33:00	4107.91800	4108.42500	4106.79500	4107.80500	0.06
2025.11.11	18:34:00	4107.71500	4108.97500	4107.64500	4108.74500	0.05
2025.11.11	18:35:00	4108.79500	4108.81500	4106.43500	4106.76500	0.05
2025.11.11	18:36:00	4106.74500	4107.43500	4106.57500	4107.24500	0.06
2025.11.11	18:37:00	4107.31500	4109.73500	4106.68500	4109.62500	0.04
2025.11.11	18:38:00	4109.65500	4110.57500	4109.25500	4110.37500	0.02
2025.11.11	18:39:00	4110.40500	4110.65500	4109.14800	4110.32500	0.03
2025.11.11	18:40:00	4110.36500	4111.30500	4110.36500	4110.63500	0.02
2025.11.11	18:41:00	4110.65500	4110.94500	4110.05500	4110.77500	0.02
2025.11.11	18:42:00	4110.75500	4110.75500	4108.52500	4108.76500	0.03
2025.11.11	18:43:00	4108.73500	4109.51500	4108.66500	4109.51500	0.02
2025.11.11	18:44:00	4109.66500	4109.82500	4108.71500	4109.18500	0.01
2025.11.11	18:45:00	4109.20500	4110.09500	4108.85500	4110.01500	0.02
2025.11.11	18:46:00	4110.05500	4111.90500	4110.04500	4111.90500	0.02
2025.11.11	18:47:00	4111.93500	4112.76500	4111.81500	4112.05500	0.02
2025.11.11	18:48:00	4112.03500	4113.52500	4111.87500	4112.16500	0.05
2025.11.11	18:49:00	4112.20500	4113.16500	4111.93500	4113.01500	0.04
2025.11.11	18:50:00	4113.05500	4113.63500	4112.08500	4112.15500	0.03
2025.11.11	18:51:00	4112.27500	4113.09500	4112.27500	4112.84500	0.03
2025.11.11	18:52:00	4112.88500	4113.12500	4112.47500	4112.79500	0.04
2025.11.11	18:53:00	4112.84500	4113.72500	4112.72500	4113.38500	0.04
2025.11.11	18:54:00	4113.41500	4113.71500	4112.71500	4113.71500	0.03
2025.11.11	18:55:00	4113.68500	4114.72500	4113.62500	4114.15500	0.03
2025.11.11	18:56:00	4114.19500	4114.40500	4113.09500	4113.56500	0.03
2025.11.11	18:57:00	4113.55500	4114.66500	4113.53500	4114.66500	0.04
2025.11.11	18:58:00	4114.68500	4114.69500	4113.82500	4113.92500	0.04
2025.11.11	18:59:00	4113.87500	4114.45500	4113.44500	4113.67500	0.05
2025.11.11	19:00:00	4113.66500	4113.92500	4113.00500	4113.14500	0.05
2025.11.11	19:01:00	4113.10500	4113.43500	4111.84500	4112.19500	0.07
2025.11.11	19:02:00	4112.21500	4114.51500	4112.08500	4114.30500	0.05
2025.11.11	19:03:00	4114.32500	4114.88500	4114.27500	4114.57500	0.04
2025.11.11	19:04:00	4114.57500	4114.91500	4114.47500	4114.85500	0.03
2025.11.11	19:05:00	4114.83500	4115.26500	4114.72500	4115.00500	0.04
2025.11.11	19:06:00	4115.05500	4115.62500	4114.59500	4114.85500	0.03
2025.11.11	19:07:00	4114.82500	4115.32500	4114.57500	4115.02500	0.03
2025.11.11	19:08:00	4115.01500	4115.24500	4114.62500	4114.68500	0.04
2025.11.11	19:09:00	4114.68500	4115.63500	4114.28500	4115.33500	0.03
2025.11.11	19:10:00	4115.35500	4115.68500	4115.08500	4115.45500	0.03
2025.11.11	19:11:00	4115.48500	4116.10500	4115.13500	4115.29500	0.04
2025.11.11	19:12:00	4115.33500	4115.89500	4115.30500	4115.82500	0.03
2025.11.11	19:13:00	4115.81500	4117.23500	4115.64500	4117.02500	0.05
2025.11.11	19:14:00	4117.02500	4117.43500	4116.83500	4117.37500	0.05
2025.11.11	19:15:00	4117.41500	4117.76500	4117.19500	4117.50500	0.05
2025.11.11	19:16:00	4117.50500	4118.52500	4117.41500	4118.15500	0.06
2025.11.11	19:17:00	4118.18500	4118.74500	4117.91500	4118.62500	0.02
2025.11.11	19:18:00	4118.60500	4118.83500	4117.96500	4118.13500	0.02
2025.11.11	19:19:00	4118.10500	4118.59500	4117.59500	4117.75500	0.02
2025.11.11	19:20:00	4117.82500	4118.28500	4117.31500	4118.18500	0.02
2025.11.11	19:21:00	4118.21500	4118.32500	4116.63500	4117.05500	0.02
2025.11.11	19:22:00	4117.02500	4117.65500	4116.83500	4117.58500	0.02
2025.11.11	19:23:00	4117.56500	4117.66500	4116.97500	4117.38500	0.01
2025.11.11	19:24:00	4117.40500	4117.83500	4117.31500	4117.80500	0.01
2025.11.11	19:25:00	4117.78500	4117.78500	4116.72500	4117.33500	0.01
2025.11.11	19:26:00	4117.35500	4117.38500	4116.83500	4117.14500	0.01
2025.11.11	19:27:00	4117.13500	4117.13500	4116.45500	4116.65500	0.01
2025.11.11	19:28:00	4116.68500	4117.14500	4116.31500	4116.99500	0.01
2025.11.11	19:29:00	4116.96500	4117.49500	4116.83500	4117.45500	0.02
2025.11.11	19:30:00	4117.47500	4119.15500	4117.47500	4118.60500	0.02
2025.11.11	19:31:00	4118.56500	4119.58500	4118.33500	4119.21500	0.02
2025.11.11	19:32:00	4119.19500	4119.55500	4118.57500	4118.65500	0.02
2025.11.11	19:33:00	4118.67500	4118.94500	4118.19500	4118.80500	0.03
2025.11.11	19:34:00	4118.72500	4118.81500	4117.33500	4117.72500	0.04
2025.11.11	19:35:00	4117.80500	4118.59500	4117.80500	4118.05500	0.05
2025.11.11	19:36:00	4118.07500	4118.86500	4118.01500	4118.73500	0.05
2025.11.11	19:37:00	4118.75500	4119.38500	4118.01500	4119.36500	0.05
2025.11.11	19:38:00	4119.31500	4119.55500	4118.51500	4118.85500	0.04
2025.11.11	19:39:00	4118.88500	4119.27500	4118.69500	4119.26500	0.03
2025.11.11	19:40:00	4119.30500	4119.76500	4119.20500	4119.75500	0.03
2025.11.11	19:41:00	4119.75500	4120.10500	4118.88500	4119.14500	0.05
2025.11.11	19:42:00	4119.16500	4119.84500	4119.13500	4119.75500	0.04
2025.11.11	19:43:00	4119.75500	4120.50500	4119.70500	4120.46500	0.05
2025.11.11	19:44:00	4120.46500	4122.00500	4120.39500	4121.49500	0.05
2025.11.11	19:45:00	4121.50500	4122.16500	4120.98500	4121.92500	0.05
2025.11.11	19:46:00	4121.91500	4123.62500	4121.24500	4123.62500	0.05
2025.11.11	19:47:00	4123.58500	4124.34500	4123.41500	4124.32500	0.04
2025.11.11	19:48:00	4124.34500	4124.62500	4124.23500	4124.41500	0.04
2025.11.11	19:49:00	4124.39500	4125.02500	4124.03500	4124.67500	0.03
2025.11.11	19:50:00	4124.69500	4124.89500	4123.62500	4124.67500	0.04
2025.11.11	19:51:00	4124.64500	4125.47500	4124.16500	4125.29500	0.05
2025.11.11	19:52:00	4125.29500	4125.73500	4124.00500	4124.00500	0.04
2025.11.11	19:53:00	4124.01500	4125.31500	4123.93500	4125.08500	0.03
2025.11.11	19:54:00	4125.08500	4125.94500	4125.01500	4125.46500	0.04
2025.11.11	19:55:00	4125.47500	4125.62500	4124.64500	4125.31500	0.02
2025.11.11	19:56:00	4125.26500	4125.70500	4124.70500	4124.99500	0.02
2025.11.11	19:57:00	4125.02500	4125.02500	4123.77500	4123.78500	0.02
2025.11.11	19:58:00	4123.81500	4123.81500	4121.80500	4121.83500	0.03
2025.11.11	19:59:00	4121.81500	4123.23500	4121.16500	4122.88500	0.02
2025.11.11	20:00:00	4122.98500	4124.75500	4122.98500	4123.49500	0.02
2025.11.11	20:01:00	4123.47500	4124.81500	4123.00500	4124.73500	0.02
2025.11.11	20:02:00	4124.71500	4124.86500	4124.02500	4124.18500	0.02
2025.11.11	20:03:00	4124.15500	4124.18500	4122.36500	4122.41500	0.02
2025.11.11	20:04:00	4122.37500	4123.58500	4122.23500	4123.22500	0.02
2025.11.11	20:05:00	4122.91500	4124.14500	4122.84500	4123.85500	0.02
2025.11.11	20:06:00	4123.82500	4124.98500	4123.78500	4124.57500	0.02
2025.11.11	20:07:00	4124.55500	4125.77500	4124.55500	4125.25500	0.02
2025.11.11	20:08:00	4125.22500	4125.71500	4125.12500	4125.63500	0.01
2025.11.11	20:09:00	4125.60500	4125.84500	4124.36500	4124.42500	0.02
2025.11.11	20:10:00	4124.44500	4125.38500	4124.37500	4125.07500	0.02
2025.11.11	20:11:00	4125.04500	4126.15500	4124.97500	4126.13500	0.02
2025.11.11	20:12:00	4126.10500	4126.70500	4125.98500	4126.52500	0.03
2025.11.11	20:13:00	4126.50500	4127.01500	4126.47500	4126.69500	0.02
2025.11.11	20:14:00	4126.65500	4127.21500	4126.51500	4127.17500	0.02
2025.11.11	20:15:00	4127.17500	4127.58500	4127.13500	4127.30500	0.02
2025.11.11	20:16:00	4127.32500	4127.80500	4126.49500	4127.13500	0.03
2025.11.11	20:17:00	4127.16500	4128.17500	4126.97500	4127.86500	0.03
2025.11.11	20:18:00	4127.88500	4128.62500	4127.25500	4127.53500	0.03
2025.11.11	20:19:00	4127.56500	4127.81500	4127.00500	4127.71500	0.02
2025.11.11	20:20:00	4127.69500	4127.88500	4126.32500	4127.05500	0.02
2025.11.11	20:21:00	4127.02500	4127.17500	4125.86500	4125.98500	0.02
2025.11.11	20:22:00	4126.01500	4126.02500	4124.94500	4125.27500	0.02
2025.11.11	20:23:00	4125.27500	4126.83500	4125.27500	4126.37500	0.02
2025.11.11	20:24:00	4126.40500	4126.95500	4126.08500	4126.42500	0.02
2025.11.11	20:25:00	4126.52500	4127.57500	4126.26500	4127.55500	0.03
2025.11.11	20:26:00	4127.52500	4128.05500	4127.42500	4127.69500	0.02
2025.11.11	20:27:00	4127.66500	4127.72500	4126.08500	4126.11500	0.02
2025.11.11	20:28:00	4126.08500	4126.30500	4124.49500	4124.59500	0.03
2025.11.11	20:29:00	4124.62500	4125.80500	4124.10500	4125.51500	0.02
2025.11.11	20:30:00	4125.49500	4126.15500	4125.45500	4125.88500	0.02
2025.11.11	20:31:00	4125.91500	4125.97500	4125.09500	4125.42500	0.02
2025.11.11	20:32:00	4125.44500	4125.45500	4124.15500	4124.30500	0.02
2025.11.11	20:33:00	4124.28500	4126.57500	4124.21500	4126.36500	0.02
2025.11.11	20:34:00	4126.33500	4126.93500	4126.24500	4126.35500	0.02
2025.11.11	20:35:00	4126.33500	4127.16500	4126.31500	4126.58500	0.02
2025.11.11	20:36:00	4126.64500	4129.08500	4126.64500	4128.37500	0.03
2025.11.11	20:37:00	4128.35500	4129.08500	4128.35500	4128.94500	0.02
2025.11.11	20:38:00	4128.90500	4129.29500	4128.54500	4129.20500	0.02
2025.11.11	20:39:00	4129.23500	4130.09500	4128.52500	4128.60500	0.02
2025.11.11	20:40:00	4128.57500	4129.66500	4128.10500	4129.24500	0.02
2025.11.11	20:41:00	4129.20500	4129.73500	4128.71500	4129.26500	0.02
2025.11.11	20:42:00	4129.29500	4129.44500	4128.18500	4128.62800	0.03
2025.11.11	20:43:00	4128.56500	4129.60500	4128.50800	4129.02500	0.02
2025.11.11	20:44:00	4129.05500	4129.66500	4128.38500	4129.23500	0.02
2025.11.11	20:45:00	4129.26500	4129.71500	4128.57500	4128.92500	0.02
2025.11.11	20:46:00	4128.93500	4129.01500	4128.31500	4128.44500	0.01
2025.11.11	20:47:00	4128.54500	4129.04500	4128.38500	4128.87500	0.02
2025.11.11	20:48:00	4128.85500	4130.15500	4128.68500	4129.75800	0.02
2025.11.11	20:49:00	4129.73800	4129.91500	4129.43800	4129.51500	0.02
2025.11.11	20:50:00	4129.19500	4129.39500	4128.18500	4128.27500	0.03
2025.11.11	20:51:00	4128.32500	4129.68500	4128.31500	4129.61500	0.02
2025.11.11	20:52:00	4129.58500	4130.41500	4128.96800	4130.36500	0.02
2025.11.11	20:53:00	4130.33500	4131.35500	4130.33500	4130.47500	0.02
2025.11.11	20:54:00	4130.44500	4131.68500	4130.37500	4131.47500	0.03
2025.11.11	20:55:00	4131.45500	4131.66500	4130.61500	4130.81500	0.03
2025.11.11	20:56:00	4130.92500	4131.47500	4130.75500	4131.39500	0.03
2025.11.11	20:57:00	4131.40500	4131.73500	4130.40500	4130.52500	0.03
2025.11.11	20:58:00	4130.56500	4130.82500	4128.88800	4129.07500	0.10
2025.11.11	20:59:00	4129.09500	4129.71500	4128.95800	4129.24500	0.07
2025.11.11	21:00:00	4129.36500	4129.36500	4127.98500	4128.77500	0.03
2025.11.11	21:01:00	4128.80500	4129.57800	4128.42500	4129.57800	0.02
2025.11.11	21:02:00	4129.50500	4130.14800	4129.00500	4129.96500	0.02
2025.11.11	21:03:00	4129.92500	4129.92500	4128.60800	4128.60800	0.02
2025.11.11	21:04:00	4128.60800	4128.65500	4127.91500	4128.65500	0.01
2025.11.11	21:05:00	4128.69500	4128.74500	4128.10500	4128.48500	0.01
2025.11.11	21:06:00	4128.23500	4128.88500	4127.80500	4128.88500	0.01
2025.11.11	21:07:00	4128.92500	4129.60500	4128.74500	4129.09500	0.01
2025.11.11	21:08:00	4129.12500	4129.42500	4128.92500	4129.31500	0.00
2025.11.11	21:09:00	4129.33500	4129.57500	4129.04500	4129.07500	0.01
2025.11.11	21:10:00	4129.13500	4129.67500	4129.13500	4129.67500	0.01
2025.11.11	21:11:00	4129.70500	4130.06500	4129.48500	4129.52500	0.00
2025.11.11	21:12:00	4129.55500	4129.65500	4129.43500	4129.60500	0.00
2025.11.11	21:13:00	4129.65500	4129.99500	4129.61500	4129.71500	0.01
2025.11.11	21:14:00	4129.69500	4130.25500	4129.57500	4130.22500	0.00
2025.11.11	21:15:00	4130.17500	4131.24500	4130.17500	4130.81500	0.01
2025.11.11	21:16:00	4130.79800	4130.79800	4130.05500	4130.19500	0.01
2025.11.11	21:17:00	4130.22500	4130.26500	4129.39500	4129.86500	0.01
2025.11.11	21:18:00	4129.74500	4130.76500	4129.71500	4130.76500	0.01
2025.11.11	21:19:00	4130.79800	4130.90800	4130.02500	4130.10800	0.01
2025.11.11	21:20:00	4130.04500	4130.04500	4129.47500	4129.82500	0.01
2025.11.11	21:21:00	4129.84500	4129.89500	4129.28500	4129.48500	0.00
2025.11.11	21:22:00	4129.45500	4129.84500	4129.45500	4129.70500	0.00
2025.11.11	21:23:00	4129.59500	4129.65500	4129.30500	4129.30500	0.01
2025.11.11	21:24:00	4129.33500	4129.33500	4128.16500	4128.53500	0.01
2025.11.11	21:25:00	4128.57500	4128.78500	4128.28500	4128.28500	0.00
2025.11.11	21:26:00	4128.24500	4129.12500	4127.05500	4129.01500	0.01
2025.11.11	21:27:00	4128.99500	4129.36500	4128.56500	4129.33500	0.01
2025.11.11	21:28:00	4129.31500	4129.50500	4129.19500	4129.50500	0.00
2025.11.11	21:29:00	4129.53500	4129.63500	4128.53500	4128.70500	0.01
2025.11.11	21:30:00	4128.73500	4129.11500	4128.47500	4128.56500	0.00
2025.11.11	21:31:00	4128.51500	4128.61500	4128.00500	4128.02500	0.01
2025.11.11	21:32:00	4128.00500	4128.18500	4126.56500	4126.65500	0.01
2025.11.11	21:33:00	4126.62500	4127.23500	4126.59500	4126.66500	0.01
2025.11.11	21:34:00	4126.68500	4128.22500	4126.68500	4128.22500	0.01
2025.11.11	21:35:00	4128.17500	4128.67500	4127.86500	4128.67500	0.01
2025.11.11	21:36:00	4128.65500	4128.65500	4127.45500	4127.54500	0.00
2025.11.11	21:37:00	4127.56500	4127.69500	4127.15500	4127.27500	0.00
2025.11.11	21:38:00	4127.22500	4127.35500	4126.46500	4126.53500	0.01
2025.11.11	21:39:00	4126.62500	4127.08500	4126.53500	4127.06500	0.01
2025.11.11	21:40:00	4127.10500	4127.12500	4126.24500	4126.36500	0.01
2025.11.11	21:41:00	4126.40500	4127.11500	4126.40500	4127.04500	0.00
2025.11.11	21:42:00	4127.07500	4127.42500	4127.05500	4127.24500	0.01
2025.11.11	21:43:00	4127.20500	4128.00500	4126.92500	4127.77500	0.01
2025.11.11	21:44:00	4127.74500	4128.43500	4127.61500	4128.26500	0.00
2025.11.11	21:45:00	4128.23500	4128.23500	4127.12500	4127.48500	0.01
2025.11.11	21:46:00	4127.50500	4128.09500	4126.52500	4126.57500	0.01
2025.11.11	21:47:00	4126.54500	4127.14500	4125.39500	4126.82500	0.01
2025.11.11	21:48:00	4126.78500	4126.83500	4126.06500	4126.21500	0.01
2025.11.11	21:49:00	4126.18500	4126.51800	4126.11500	4126.24800	0.00
2025.11.11	21:50:00	4126.25500	4126.81500	4125.87500	4126.57500	0.01
2025.11.11	21:51:00	4126.52500	4126.96500	4126.51500	4126.95500	0.01
2025.11.11	21:52:00	4126.91500	4126.95500	4126.48500	4126.74800	0.00
2025.11.11	21:53:00	4126.65500	4126.66500	4125.74500	4125.74500	0.01
2025.11.11	21:54:00	4125.72500	4126.39800	4125.59500	4126.39800	0.01
2025.11.11	21:55:00	4126.39800	4126.89800	4125.90800	4126.54800	0.02
2025.11.11	21:56:00	4126.45800	4127.14800	4126.35800	4127.04800	0.01
2025.11.11	21:57:00	4126.94800	4127.04800	4125.99800	4126.09800	0.01
2025.11.11	21:58:00	4126.19800	4126.64800	4126.03500	4126.54800	0.01
2025.11.11	21:59:00	4126.44500	4126.64800	4125.47500	4125.49500	0.02
2025.11.11	23:00:00	4125.49800	4129.99800	4125.49800	4129.59800	0.02
2025.11.11	23:01:00	4129.49800	4130.84800	4129.09800	4130.59800	0.02
2025.11.11	23:02:00	4130.49800	4131.24800	4130.12500	4130.64800	0.02
2025.11.11	23:03:00	4130.24800	4131.24800	4128.89800	4131.14800	0.01
2025.11.11	23:04:00	4131.14800	4131.24800	4129.84800	4130.44800	0.01
2025.11.11	23:05:00	4130.14800	4130.34800	4129.54800	4129.54800	0.01
2025.11.11	23:06:00	4129.54800	4130.14800	4129.34800	4129.64800	0.01
2025.11.11	23:07:00	4129.64800	4129.84800	4129.54800	4129.54800	0.00
2025.11.11	23:08:00	4128.89800	4129.24800	4128.84800	4128.84800	0.00
2025.11.11	23:09:00	4128.58500	4129.19800	4128.58500	4128.99800	0.01
2025.11.11	23:10:00	4128.99800	4130.17500	4128.89800	4130.07500	0.01
2025.11.11	23:11:00	4130.00500	4131.74500	4130.00500	4131.36500	0.01
2025.11.11	23:12:00	4131.30500	4132.44500	4130.99500	4132.39500	0.01
2025.11.11	23:13:00	4132.39500	4132.77500	4131.56500	4131.81500	0.02
2025.11.11	23:14:00	4131.82500	4132.81500	4131.72500	4132.77500	0.01
2025.11.11	23:15:00	4132.81500	4134.19500	4132.43500	4133.71500	0.02
2025.11.11	23:16:00	4133.73500	4134.69800	4133.73500	4134.52500	0.02
2025.11.11	23:17:00	4134.58500	4134.89800	4134.03500	4134.49500	0.01
2025.11.11	23:18:00	4134.53500	4135.34500	4134.48500	4134.91500	0.01
2025.11.11	23:19:00	4134.65500	4134.74800	4133.61500	4134.60500	0.02
2025.11.11	23:20:00	4134.64800	4136.19500	4134.21500	4136.19500	0.02
2025.11.11	23:21:00	4136.10500	4136.70500	4135.33500	4135.63500	0.02
2025.11.11	23:22:00	4135.63500	4136.45500	4135.63500	4135.92500	0.01
2025.11.11	23:23:00	4135.90500	4136.12500	4135.45500	4135.75500	0.02
2025.11.11	23:24:00	4135.73500	4137.51500	4135.73500	4136.94500	0.02
2025.11.11	23:25:00	4136.94500	4138.50500	4136.72500	4138.50500	0.02
2025.11.11	23:26:00	4138.50500	4138.59500	4137.62500	4138.36500	0.02
2025.11.11	23:27:00	4138.37500	4139.05500	4136.98500	4137.40500	0.03
2025.11.11	23:28:00	4137.40500	4138.00500	4137.38500	4137.69500	0.02
2025.11.11	23:29:00	4137.74500	4138.58500	4137.66500	4138.17500	0.02
2025.11.11	23:30:00	4138.17500	4138.27500	4136.77500	4137.07500	0.02
2025.11.11	23:31:00	4137.10500	4137.37500	4136.39500	4136.61500	0.02
2025.11.11	23:32:00	4136.61500	4138.23500	4136.06500	4138.02500	0.02
2025.11.11	23:33:00	4138.05500	4139.74500	4137.42500	4139.11500	0.03
2025.11.11	23:34:00	4139.10500	4139.46500	4137.62500	4137.88500	0.02
2025.11.11	23:35:00	4137.88500	4139.65500	4137.19500	4139.36500	0.02
2025.11.11	23:36:00	4138.96500	4139.91500	4138.96500	4139.31500	0.02
2025.11.11	23:37:00	4139.38500	4140.41800	4138.76500	4139.77500	0.03
2025.11.11	23:38:00	4139.72500	4140.61500	4139.43500	4140.22500	0.02
2025.11.11	23:39:00	4140.25500	4142.07500	4140.25500	4141.61500	0.02
2025.11.11	23:40:00	4141.64500	4143.61500	4141.46500	4142.91500	0.02
2025.11.11	23:41:00	4142.88500	4143.09500	4141.91500	4142.33500	0.02
2025.11.11	23:42:00	4142.33500	4143.40500	4142.15500	4143.22500	0.01
2025.11.11	23:43:00	4143.25500	4143.25500	4142.22500	4142.83500	0.01
2025.11.11	23:44:00	4142.84500	4143.29500	4142.42500	4143.13500	0.01
2025.11.11	23:45:00	4143.09500	4143.44500	4142.83500	4143.06500	0.01
2025.11.11	23:46:00	4143.04500	4144.29500	4142.96500	4143.80500	0.02
2025.11.11	23:47:00	4143.83500	4143.88500	4143.08500	4143.11500	0.01
2025.11.11	23:48:00	4143.08500	4143.35500	4141.70500	4141.70500	0.01
2025.11.11	23:49:00	4141.59500	4142.98500	4141.58500	4142.92500	0.01
2025.11.11	23:50:00	4142.95500	4144.46500	4142.76500	4144.12500	0.01
2025.11.11	23:51:00	4144.15500	4144.46500	4143.47500	4144.24500	0.01
2025.11.11	23:52:00	4144.21500	4144.26500	4143.05500	4143.32500	0.01
2025.11.11	23:53:00	4143.30500	4143.59500	4142.57500	4143.56500	0.01
2025.11.11	23:54:00	4143.59500	4143.81500	4143.14500	4143.20500	0.01
2025.11.11	23:55:00	4143.18500	4143.18500	4141.61800	4141.89800	0.02
2025.11.11	23:56:00	4141.94800	4142.51800	4141.70800	4142.27500	0.01
2025.11.11	23:57:00	4142.43800	4142.72800	4142.09800	4142.28500	0.01
2025.11.11	23:58:00	4142.35500	4142.78800	4141.98800	4142.07800	0.01
2025.11.11	23:59:00	4141.98800	4142.40500	4141.11500	4142.40500	0.01
2025.11.12	00:00:00	4142.37500	4142.45500	4138.86500	4140.22500	0.03
2025.11.12	00:01:00	4140.21500	4141.92500	4139.50500	4141.76500	0.02
2025.11.12	00:02:00	4141.87500	4142.94500	4141.68500	4142.94500	0.01
2025.11.12	00:03:00	4142.97500	4144.43500	4142.94500	4144.11500	0.01
2025.11.12	00:04:00	4144.11500	4144.78500	4144.05500	4144.31500	0.01
2025.11.12	00:05:00	4144.33500	4145.19500	4144.21500	4145.05500	0.02
2025.11.12	00:06:00	4145.05500	4145.25500	4143.50500	4143.59500	0.01
2025.11.12	00:07:00	4143.61500	4143.69500	4142.75500	4143.20500	0.01
2025.11.12	00:08:00	4143.18500	4143.94500	4142.94500	4143.68500	0.01
2025.11.12	00:09:00	4143.73500	4144.54500	4142.56500	4142.77500	0.01
2025.11.12	00:10:00	4142.73500	4142.80500	4141.61500	4142.39500	0.02
2025.11.12	00:11:00	4142.44500	4143.72500	4142.44500	4142.79500	0.01
2025.11.12	00:12:00	4142.81500	4143.62500	4142.81500	4143.42500	0.01
2025.11.12	00:13:00	4143.44500	4143.78500	4143.22500	4143.22500	0.01
2025.11.12	00:14:00	4143.00500	4144.28500	4142.71500	4143.70500	0.01
2025.11.12	00:15:00	4143.75500	4143.92500	4143.18500	4143.92500	0.01
2025.11.12	00:16:00	4143.95500	4144.32500	4143.11500	4143.23500	0.01
2025.11.12	00:17:00	4143.21500	4143.21500	4141.12500	4141.70500	0.01
2025.11.12	00:18:00	4141.69500	4143.23500	4141.69500	4143.23500	0.01
2025.11.12	00:19:00	4143.26500	4143.44500	4142.34500	4142.56500	0.01
2025.11.12	00:20:00	4142.77500	4143.13500	4142.23500	4142.38500	0.01
2025.11.12	00:21:00	4142.35500	4142.35500	4140.96500	4142.01500	0.01
2025.11.12	00:22:00	4141.98500	4142.01500	4140.96500	4141.35500	0.01
2025.11.12	00:23:00	4141.37500	4141.87500	4140.87500	4141.12500	0.01
2025.11.12	00:24:00	4141.11500	4141.43500	4140.96500	4141.31500	0.01
2025.11.12	00:25:00	4141.34500	4141.34500	4139.54500	4140.00500	0.01
2025.11.12	00:26:00	4139.98500	4140.95500	4139.49500	4140.51500	0.01
2025.11.12	00:27:00	4140.45500	4140.66500	4139.41500	4140.17500	0.01
2025.11.12	00:28:00	4140.15500	4140.97500	4139.90500	4140.67500	0.01
2025.11.12	00:29:00	4140.63500	4141.60500	4140.60500	4141.50500	0.01
2025.11.12	00:30:00	4141.47500	4143.35500	4141.16500	4142.10500	0.01
2025.11.12	00:31:00	4141.92500	4142.80500	4141.66500	4142.19500	0.01
2025.11.12	00:32:00	4142.17500	4143.75500	4142.04500	4143.75500	0.01
2025.11.12	00:33:00	4143.78500	4144.19500	4142.86500	4143.44500	0.02
2025.11.12	00:34:00	4143.42500	4143.75500	4142.27500	4142.62500	0.01
2025.11.12	00:35:00	4142.58500	4144.25500	4142.33500	4143.96500	0.01
2025.11.12	00:36:00	4143.99500	4144.01500	4142.27500	4142.87500	0.01
2025.11.12	00:37:00	4142.84500	4142.84500	4141.81500	4142.42500	0.01
2025.11.12	00:38:00	4142.38500	4142.44500	4140.63500	4140.63500	0.01
2025.11.12	00:39:00	4140.61500	4141.39500	4140.36500	4141.37500	0.01
2025.11.12	00:40:00	4141.32500	4141.58500	4140.68500	4141.39500	0.01
2025.11.12	00:41:00	4141.42500	4141.65500	4140.86500	4140.86500	0.01
2025.11.12	00:42:00	4140.75500	4141.86500	4140.75500	4141.86500	0.01
2025.11.12	00:43:00	4141.90500	4142.02500	4141.03500	4141.05500	0.01
2025.11.12	00:44:00	4141.16500	4141.90500	4140.97500	4141.34800	0.03
2025.11.12	00:45:00	4141.53500	4142.32500	4141.38500	4142.32500	0.06
2025.11.12	00:46:00	4142.35500	4142.46500	4139.64500	4139.79800	0.08
2025.11.12	00:47:00	4139.67500	4139.79800	4138.09800	4138.53500	0.07
2025.11.12	00:48:00	4138.51500	4139.79800	4138.51500	4139.79800	0.04
2025.11.12	00:49:00	4139.79800	4139.79800	4138.19800	4138.74800	0.02
2025.11.12	00:50:00	4138.64800	4139.54800	4136.69500	4137.11500	0.05
2025.11.12	00:51:00	4137.14500	4137.55500	4135.73500	4136.04500	0.03
2025.11.12	00:52:00	4136.07500	4138.51500	4136.07500	4137.12500	0.03
2025.11.12	00:53:00	4137.08500	4138.39500	4136.31500	4137.28500	0.03
2025.11.12	00:54:00	4137.25500	4137.65500	4135.02500	4136.04500	0.04
2025.11.12	00:55:00	4136.07500	4137.67500	4135.93500	4137.38500	0.03
2025.11.12	00:56:00	4137.42500	4137.48500	4136.14500	4136.37500	0.03
2025.11.12	00:57:00	4136.35500	4136.35500	4133.89800	4134.92500	0.05
2025.11.12	00:58:00	4134.88500	4135.38500	4133.26500	4133.31500	0.04
2025.11.12	00:59:00	4133.39500	4133.46500	4131.99500	4132.82500	0.04
2025.11.12	01:00:00	4132.86500	4132.88500	4127.49500	4130.73500	0.08
2025.11.12	01:01:00	4130.75500	4132.86500	4128.30500	4132.85500	0.07
2025.11.12	01:02:00	4132.89500	4133.57500	4130.77500	4131.57500	0.05
2025.11.12	01:03:00	4131.54500	4133.97500	4131.36500	4131.98500	0.05
2025.11.12	01:04:00	4131.95500	4133.44500	4131.26500	4132.08500	0.05
2025.11.12	01:05:00	4132.06500	4135.24500	4132.06500	4134.44500	0.05
2025.11.12	01:06:00	4134.41500	4136.94800	4134.15500	4135.64800	0.06
2025.11.12	01:07:00	4135.64800	4136.36500	4134.99500	4136.26500	0.03
2025.11.12	01:08:00	4136.24800	4136.96500	4134.42500	4134.42500	0.04
2025.11.12	01:09:00	4134.50500	4135.39500	4133.54500	4134.76500	0.05
2025.11.12	01:10:00	4134.73900	4135.35500	4132.94800	4133.44800	0.04
2025.11.12	01:11:00	4133.41500	4133.92500	4132.06500	4132.80500	0.03
2025.11.12	01:12:00	4132.74500	4135.78500	4132.54500	4134.51500	0.04
2025.11.12	01:13:00	4134.49500	4136.38500	4134.26500	4134.53500	0.05
2025.11.12	01:14:00	4134.49500	4135.05500	4134.48500	4134.69500	0.03
2025.11.12	01:15:00	4134.65500	4134.76500	4132.59500	4132.62500	0.03
2025.11.12	01:16:00	4132.60500	4133.78500	4132.26500	4133.75500	0.04
2025.11.12	01:17:00	4133.77500	4134.31500	4132.63500	4132.83500	0.03
2025.11.12	01:18:00	4132.81500	4133.98500	4131.58500	4131.93500	0.03
2025.11.12	01:19:00	4131.91500	4132.28500	4130.09500	4132.00500	0.03
2025.11.12	01:20:00	4132.01500	4132.25500	4130.38500	4131.61500	0.03
2025.11.12	01:21:00	4131.58500	4131.60500	4129.48500	4130.58500	0.03
2025.11.12	01:22:00	4130.61500	4132.52500	4130.57500	4131.28500	0.04
2025.11.12	01:23:00	4131.26500	4132.28500	4131.17500	4131.70500	0.03
2025.11.12	01:24:00	4131.73500	4132.00500	4129.49500	4130.69500	0.03
2025.11.12	01:25:00	4130.79500	4131.01500	4128.98500	4129.15500	0.03
2025.11.12	01:26:00	4129.13500	4130.80500	4129.13500	4130.61500	0.03
2025.11.12	01:27:00	4130.70500	4132.04500	4129.73500	4131.67500	0.04
2025.11.12	01:28:00	4131.65500	4132.26500	4130.16500	4130.56500	0.03
2025.11.12	01:29:00	4130.52500	4131.67500	4130.28500	4130.79500	0.04
2025.11.12	01:30:00	4130.79500	4132.86500	4130.78500	4131.62500	0.03
2025.11.12	01:31:00	4131.60500	4132.62500	4128.28500	4129.14500	0.03
2025.11.12	01:32:00	4129.19500	4130.75500	4129.15500	4130.21500	0.02
2025.11.12	01:33:00	4130.16500	4130.27500	4128.67500	4129.53500	0.03
2025.11.12	01:34:00	4129.57500	4129.64500	4126.82800	4127.12500	0.04
2025.11.12	01:35:00	4127.14500	4129.59800	4125.93500	4129.19800	0.07
2025.11.12	01:36:00	4129.19800	4130.19800	4128.71500	4129.83500	0.05
2025.11.12	01:37:00	4129.85500	4130.14500	4127.86500	4128.01500	0.03
2025.11.12	01:38:00	4127.95500	4128.09500	4126.67500	4127.17500	0.03
2025.11.12	01:39:00	4127.22500	4129.15500	4127.16500	4128.32500	0.03
2025.11.12	01:40:00	4128.37500	4129.12500	4127.13500	4127.51500	0.03
2025.11.12	01:41:00	4127.53500	4129.74500	4127.45500	4129.71500	0.03
2025.11.12	01:42:00	4129.73500	4131.41500	4129.73500	4131.30500	0.03
2025.11.12	01:43:00	4131.30500	4131.55500	4130.95500	4131.34800	0.03
2025.11.12	01:44:00	4131.44800	4133.70500	4131.24500	4133.51500	0.03
2025.11.12	01:45:00	4133.49800	4133.75500	4132.24500	4132.82500	0.03
2025.11.12	01:46:00	4132.84500	4133.31500	4131.93500	4132.22500	0.02
2025.11.12	01:47:00	4132.24500	4132.83500	4131.72500	4132.76500	0.02
2025.11.12	01:48:00	4132.78500	4133.93500	4132.69500	4133.61500	0.03
2025.11.12	01:49:00	4133.68500	4135.14500	4133.49500	4134.11500	0.03
2025.11.12	01:50:00	4134.08500	4134.77500	4133.63500	4133.91500	0.02
2025.11.12	01:51:00	4133.88500	4134.62500	4133.48500	4133.75500	0.02
2025.11.12	01:52:00	4133.80500	4135.49800	4133.67500	4135.29800	0.02
2025.11.12	01:53:00	4135.30500	4135.46500	4134.27500	4134.40500	0.02
2025.11.12	01:54:00	4134.44500	4134.73500	4133.55500	4134.26500	0.02
2025.11.12	01:55:00	4134.22500	4134.74500	4133.62500	4134.05500	0.02
2025.11.12	01:56:00	4134.07500	4134.24500	4132.04800	4132.34800	0.04
2025.11.12	01:57:00	4132.42500	4132.60500	4130.85500	4130.87500	0.03
2025.11.12	01:58:00	4130.85500	4131.44800	4130.14800	4130.14800	0.03
2025.11.12	01:59:00	4130.07500	4131.54800	4130.07500	4131.24800	0.03
2025.11.12	02:00:00	4131.20500	4132.16500	4130.29800	4131.66500	0.03
2025.11.12	02:01:00	4131.62500	4133.30500	4131.56500	4133.23500	0.02
2025.11.12	02:02:00	4133.21500	4134.05500	4132.44800	4133.83500	0.02
2025.11.12	02:03:00	4133.98500	4134.84800	4133.89500	4134.84800	0.01
2025.11.12	02:04:00	4134.50500	4134.84800	4133.09800	4133.19800	0.03
2025.11.12	02:05:00	4133.19800	4133.64800	4132.08500	4133.64800	0.03
2025.11.12	02:06:00	4133.62500	4134.86500	4133.26500	4134.16500	0.02
2025.11.12	02:07:00	4134.13500	4135.19800	4132.95500	4134.84500	0.03
2025.11.12	02:08:00	4134.81500	4135.25500	4134.10500	4134.58500	0.02
2025.11.12	02:09:00	4134.61500	4135.25500	4134.24800	4134.50500	0.01
2025.11.12	02:10:00	4134.52500	4135.24800	4134.27500	4134.45500	0.01
2025.11.12	02:11:00	4134.48500	4134.67500	4133.41500	4133.88500	0.02
2025.11.12	02:12:00	4133.86500	4133.96500	4132.95500	4133.80500	0.01
2025.11.12	02:13:00	4133.79800	4133.89800	4132.75800	4132.96500	0.02
2025.11.12	02:14:00	4132.94500	4133.84800	4132.83500	4133.76500	0.02
2025.11.12	02:15:00	4133.70500	4133.73500	4132.69500	4133.29800	0.02
2025.11.12	02:16:00	4133.39800	4133.78500	4132.99800	4133.17500	0.01
2025.11.12	02:17:00	4133.15500	4133.38500	4132.80500	4133.03500	0.01
2025.11.12	02:18:00	4133.09800	4133.44500	4132.63500	4133.38500	0.02
2025.11.12	02:19:00	4133.35500	4134.86500	4133.35500	4134.63500	0.01
2025.11.12	02:20:00	4134.65500	4134.87500	4133.56500	4133.71500	0.02
2025.11.12	02:21:00	4133.75500	4133.89500	4133.55500	4133.89500	0.00
2025.11.12	02:22:00	4133.91500	4134.77500	4133.86500	4133.88500	0.01
2025.11.12	02:23:00	4133.83500	4133.94500	4133.57500	4133.57500	0.01
2025.11.12	02:24:00	4133.55500	4133.85500	4133.47500	4133.62500	0.01
2025.11.12	02:25:00	4133.65500	4133.67500	4132.77500	4133.02500	0.01
2025.11.12	02:26:00	4133.00500	4133.46500	4131.45500	4132.05500	0.02
2025.11.12	02:27:00	4132.03500	4132.57500	4131.72500	4132.33500	0.02
2025.11.12	02:28:00	4132.38500	4132.73500	4130.82500	4131.17500	0.01
2025.11.12	02:29:00	4131.15500	4131.64500	4130.81500	4131.41500	0.01
2025.11.12	02:30:00	4131.49500	4131.50500	4128.72500	4129.44500	0.03
2025.11.12	02:31:00	4129.42500	4129.59500	4128.43500	4129.32500	0.02
2025.11.12	02:32:00	4129.28500	4130.74500	4128.90500	4130.53500	0.03
2025.11.12	02:33:00	4130.50500	4130.53500	4128.96500	4129.25500	0.03
2025.11.12	02:34:00	4129.24500	4130.11500	4129.04500	4129.49500	0.03
2025.11.12	02:35:00	4129.52500	4130.05500	4127.55500	4127.55500	0.03
2025.11.12	02:36:00	4127.53500	4128.17500	4126.29500	4126.92500	0.03
2025.11.12	02:37:00	4126.99500	4128.46500	4126.64500	4127.19500	0.03
2025.11.12	02:38:00	4127.16500	4128.42500	4126.42500	4128.35500	0.03
2025.11.12	02:39:00	4128.37500	4128.86500	4126.83500	4127.46500	0.03
2025.11.12	02:40:00	4127.49500	4127.96500	4126.24500	4126.48500	0.03
2025.11.12	02:41:00	4126.45500	4126.45500	4120.58500	4122.74500	0.06
2025.11.12	02:42:00	4122.72500	4123.95500	4121.68500	4122.44500	0.05
2025.11.12	02:43:00	4122.47500	4124.86500	4121.85500	4123.19500	0.04
2025.11.12	02:44:00	4123.22500	4125.51500	4122.58500	4125.05500	0.04
2025.11.12	02:45:00	4125.03500	4126.12500	4124.31500	4125.82500	0.03
2025.11.12	02:46:00	4125.79500	4125.90500	4124.01500	4124.79500	0.03
2025.11.12	02:47:00	4124.82500	4124.90500	4123.18500	4124.12500	0.03
2025.11.12	02:48:00	4124.07500	4124.26500	4122.96500	4123.64500	0.03
2025.11.12	02:49:00	4123.66500	4123.69500	4122.15500	4123.18500	0.03
2025.11.12	02:50:00	4123.21500	4123.72500	4121.44800	4121.80500	0.06
2025.11.12	02:51:00	4121.78500	4121.84500	4118.48500	4118.48500	0.09
2025.11.12	02:52:00	4118.51800	4120.45800	4118.51800	4120.06500	0.05
2025.11.12	02:53:00	4120.08500	4121.29500	4119.01500	4121.11500	0.10
2025.11.12	02:54:00	4120.98500	4121.30800	4119.99500	4119.99500	0.09
2025.11.12	02:55:00	4120.01500	4121.52500	4119.67500	4121.39500	0.06
2025.11.12	02:56:00	4121.32500	4122.59500	4121.01500	4121.10500	0.03
2025.11.12	02:57:00	4121.07500	4122.46500	4120.81500	4122.46500	0.03
2025.11.12	02:58:00	4122.39500	4122.58500	4122.08500	4122.30500	0.02
2025.11.12	02:59:00	4122.30500	4123.95500	4122.06500	4123.86500	0.03
2025.11.12	03:00:00	4123.94500	4123.94500	4122.61500	4123.60500	0.03
2025.11.12	03:01:00	4123.57500	4125.13500	4123.36500	4125.13500	0.02
2025.11.12	03:02:00	4125.07500	4125.09500	4123.27500	4123.35500	0.02
2025.11.12	03:03:00	4123.32500	4123.32500	4120.61500	4122.00500	0.04
2025.11.12	03:04:00	4122.04500	4122.04500	4119.77500	4119.96500	0.06
2025.11.12	03:05:00	4119.99500	4120.39500	4117.59500	4117.90500	0.05
2025.11.12	03:06:00	4117.93500	4119.07500	4116.32800	4118.97500	0.07
2025.11.12	03:07:00	4118.99500	4121.15500	4118.98500	4120.42500	0.03
2025.11.12	03:08:00	4120.44500	4121.91500	4119.22500	4121.91500	0.03
2025.11.12	03:09:00	4121.96500	4122.04500	4121.15500	4122.04500	0.01
2025.11.12	03:10:00	4122.06500	4123.55500	4122.04500	4122.95500	0.03
2025.11.12	03:11:00	4122.81500	4122.93500	4122.23500	4122.37500	0.02
2025.11.12	03:12:00	4122.39500	4122.69500	4121.18500	4122.41500	0.02
2025.11.12	03:13:00	4122.39500	4123.10500	4122.03500	4123.08500	0.02
2025.11.12	03:14:00	4123.11500	4123.29500	4122.44500	4122.75500	0.02
2025.11.12	03:15:00	4122.81500	4123.28500	4122.55500	4122.84500	0.02
2025.11.12	03:16:00	4122.79500	4123.60500	4122.63500	4123.31500	0.01
2025.11.12	03:17:00	4123.29500	4123.39500	4122.40500	4122.50500	0.02
2025.11.12	03:18:00	4122.48500	4122.48500	4121.47500	4121.60500	0.03
2025.11.12	03:19:00	4121.62500	4122.74500	4121.40500	4122.33500	0.03
2025.11.12	03:20:00	4122.35500	4122.35500	4120.68500	4121.67500	0.02
2025.11.12	03:21:00	4121.66500	4122.91500	4120.79500	4122.77500	0.03
2025.11.12	03:22:00	4122.75500	4123.36500	4122.24500	4122.34500	0.02
2025.11.12	03:23:00	4122.32500	4122.88500	4121.95500	4122.58500	0.02
2025.11.12	03:24:00	4122.58500	4122.58500	4121.09500	4121.53500	0.02
2025.11.12	03:25:00	4121.43500	4121.73500	4120.38500	4120.50500	0.03
2025.11.12	03:26:00	4120.45500	4121.73500	4119.92500	4121.19500	0.03
2025.11.12	03:27:00	4121.16500	4121.20500	4120.36500	4120.84500	0.03
2025.11.12	03:28:00	4120.87500	4120.89500	4119.56500	4119.62500	0.02
2025.11.12	03:29:00	4119.60500	4119.76500	4119.14500	4119.28500	0.03
2025.11.12	03:30:00	4119.31500	4119.44500	4117.71500	4117.93500	0.02
2025.11.12	03:31:00	4117.97500	4119.70500	4117.91500	4119.67500	0.03
2025.11.12	03:32:00	4119.69500	4119.74500	4118.54500	4119.52500	0.02
2025.11.12	03:33:00	4119.55500	4120.22500	4119.30500	4120.20500	0.02
2025.11.12	03:34:00	4120.17500	4120.44500	4119.38500	4119.77500	0.01
2025.11.12	03:35:00	4119.71500	4120.59500	4119.69500	4119.86500	0.01
2025.11.12	03:36:00	4119.90500	4120.87500	4119.90500	4120.75500	0.02
2025.11.12	03:37:00	4120.77500	4121.40500	4120.77500	4120.99500	0.01
2025.11.12	03:38:00	4120.97500	4120.97500	4119.85500	4120.05500	0.02
2025.11.12	03:39:00	4120.08500	4120.26500	4119.16500	4119.52500	0.01
2025.11.12	03:40:00	4119.55500	4120.20500	4119.55500	4119.84500	0.01
2025.11.12	03:41:00	4119.88500	4120.31500	4119.49500	4120.05500	0.01
2025.11.12	03:42:00	4120.00500	4120.17500	4119.49500	4119.94500	0.01
2025.11.12	03:43:00	4119.89500	4119.97500	4119.57500	4119.93500	0.01
2025.11.12	03:44:00	4120.04800	4120.24500	4119.98500	4120.07500	0.01
2025.11.12	03:45:00	4120.05500	4121.06500	4119.12500	4119.64500	0.01
2025.11.12	03:46:00	4119.71500	4119.86500	4118.96500	4119.20500	0.02
2025.11.12	03:47:00	4118.97500	4118.97500	4117.39800	4118.56500	0.03
2025.11.12	03:48:00	4118.59500	4118.67500	4117.16500	4117.33500	0.01
2025.11.12	03:49:00	4117.30500	4117.76500	4116.92500	4117.27500	0.02
2025.11.12	03:50:00	4117.25500	4117.61500	4115.01500	4115.44500	0.03
2025.11.12	03:51:00	4115.39500	4116.09800	4115.07500	4115.43500	0.02
2025.11.12	03:52:00	4115.38500	4115.65500	4113.09500	4113.82500	0.03
2025.11.12	03:53:00	4113.84500	4115.38500	4113.41500	4114.76500	0.03
2025.11.12	03:54:00	4114.74500	4114.85500	4113.18500	4113.30500	0.02
2025.11.12	03:55:00	4113.33500	4113.35500	4111.64500	4112.90500	0.03
2025.11.12	03:56:00	4112.93500	4113.22500	4111.68500	4112.21500	0.03
2025.11.12	03:57:00	4112.09500	4113.59500	4112.09500	4112.47500	0.02
2025.11.12	03:58:00	4112.50500	4113.61500	4112.46500	4113.10500	0.02
2025.11.12	03:59:00	4113.12500	4113.50500	4111.61500	4111.78500	0.02
2025.11.12	04:00:00	4111.74500	4113.07500	4111.11500	4111.31500	0.02
2025.11.12	04:01:00	4111.29500	4112.61500	4111.01500	4111.51500	0.03
2025.11.12	04:02:00	4111.40500	4112.06500	4110.06500	4110.28500	0.03
2025.11.12	04:03:00	4110.66500	4110.66500	4108.28800	4108.41500	0.04
2025.11.12	04:04:00	4108.38500	4109.03500	4106.48500	4107.85500	0.05
2025.11.12	04:05:00	4107.82500	4107.82500	4104.81500	4105.03500	0.04
2025.11.12	04:06:00	4105.06500	4106.37500	4103.50500	4104.24500	0.04
2025.11.12	04:07:00	4104.22500	4106.34800	4104.19500	4106.04800	0.04
2025.11.12	04:08:00	4106.14800	4106.49800	4105.09800	4106.17500	0.06
2025.11.12	04:09:00	4106.13500	4106.39800	4104.90500	4105.82500	0.03
2025.11.12	04:10:00	4105.75500	4106.34500	4104.46500	4104.96500	0.02
2025.11.12	04:11:00	4105.03500	4106.25500	4104.79500	4105.15500	0.03
2025.11.12	04:12:00	4105.18500	4106.35500	4105.16500	4106.15500	0.03
2025.11.12	04:13:00	4106.26500	4108.44500	4106.12500	4108.33500	0.03
2025.11.12	04:14:00	4108.37500	4109.52500	4107.75500	4109.42500	0.03
2025.11.12	04:15:00	4109.42500	4109.95500	4108.97500	4109.53500	0.04
2025.11.12	04:16:00	4109.55500	4109.55500	4106.98500	4107.66500	0.03
2025.11.12	04:17:00	4107.63500	4107.68500	4105.79500	4106.24500	0.03
2025.11.12	04:18:00	4106.20500	4107.28500	4104.74500	4104.90500	0.02
2025.11.12	04:19:00	4104.90500	4107.91500	4104.85500	4107.54500	0.04
2025.11.12	04:20:00	4107.51500	4107.90500	4106.27500	4106.73500	0.02
2025.11.12	04:21:00	4106.75500	4107.83500	4106.31500	4107.48500	0.03
2025.11.12	04:22:00	4107.46500	4108.60500	4107.29500	4108.60500	0.02
2025.11.12	04:23:00	4108.63500	4109.37500	4108.40500	4108.96500	0.03
2025.11.12	04:24:00	4108.99500	4109.59500	4108.57500	4109.51500	0.02
2025.11.12	04:25:00	4109.36500	4109.66500	4109.08500	4109.66500	0.01
2025.11.12	04:26:00	4109.68500	4109.78500	4108.38500	4108.68500	0.01
2025.11.12	04:27:00	4108.68500	4109.06500	4108.02500	4108.89500	0.01
2025.11.12	04:28:00	4108.92500	4110.55500	4108.72500	4110.49500	0.01
2025.11.12	04:29:00	4110.47500	4111.43500	4109.97500	4111.34500	0.02
2025.11.12	04:30:00	4111.32500	4112.06500	4110.29500	4111.56500	0.02
2025.11.12	04:31:00	4111.54500	4111.76500	4111.11500	4111.48500	0.02
2025.11.12	04:32:00	4111.50500	4112.17500	4111.34500	4112.09800	0.02
2025.11.12	04:33:00	4112.17500	4112.17500	4109.23500	4109.87500	0.02
2025.11.12	04:34:00	4109.85500	4109.87500	4107.63500	4108.20500	0.02
2025.11.12	04:35:00	4108.23500	4108.27500	4106.97500	4108.13500	0.01
2025.11.12	04:36:00	4108.08500	4108.83500	4106.98500	4107.01500	0.02
2025.11.12	04:37:00	4107.06500	4108.34500	4106.44500	4108.10500	0.02
2025.11.12	04:38:00	4108.09500	4108.85500	4107.32500	4108.38500	0.01
2025.11.12	04:39:00	4108.34500	4108.45500	4106.66500	4106.66500	0.01
2025.11.12	04:40:00	4106.67500	4107.07500	4106.04500	4107.02500	0.02
2025.11.12	04:41:00	4107.06500	4107.77500	4105.54500	4107.72500	0.02
2025.11.12	04:42:00	4107.66500	4108.64500	4107.51500	4107.87500	0.02
2025.11.12	04:43:00	4107.86500	4107.90500	4106.85500	4107.21500	0.01
2025.11.12	04:44:00	4107.24500	4107.70500	4107.09500	4107.37500	0.01
2025.11.12	04:45:00	4107.30500	4108.73500	4107.20500	4108.47500	0.02
2025.11.12	04:46:00	4108.45500	4109.43500	4108.20500	4108.73500	0.03
2025.11.12	04:47:00	4108.69500	4109.49500	4108.27500	4109.49500	0.02
2025.11.12	04:48:00	4109.52500	4110.30500	4108.90500	4110.21500	0.02
2025.11.12	04:49:00	4110.23500	4110.80500	4110.09500	4110.75500	0.01
2025.11.12	04:50:00	4110.80500	4111.48500	4110.66500	4110.78500	0.01
2025.11.12	04:51:00	4110.76500	4111.17500	4109.56500	4110.37500	0.01
2025.11.12	04:52:00	4110.38500	4111.91500	4110.25500	4111.89500	0.01
2025.11.12	04:53:00	4111.93500	4112.10500	4111.43500	4111.79500	0.02
2025.11.12	04:54:00	4111.76500	4111.79500	4110.61500	4111.48500	0.02
2025.11.12	04:55:00	4111.43500	4111.43500	4109.96500	4110.21500	0.01
2025.11.12	04:56:00	4110.18500	4110.60500	4109.84500	4110.57500	0.01
2025.11.12	04:57:00	4110.59500	4110.94500	4110.59500	4110.93500	0.01
2025.11.12	04:58:00	4110.95500	4111.06500	4110.50500	4110.63500	0.01
2025.11.12	04:59:00	4110.63500	4111.06500	4110.26500	4110.37500	0.01
2025.11.12	05:00:00	4110.34500	4110.83500	4109.18500	4109.38500	0.02
2025.11.12	05:01:00	4109.34500	4109.46500	4106.61500	4106.86500	0.03
2025.11.12	05:02:00	4106.88500	4107.10500	4105.69500	4106.10500	0.03
2025.11.12	05:03:00	4106.08500	4108.53500	4106.05500	4108.26500	0.03
2025.11.12	05:04:00	4108.29500	4109.32500	4108.29500	4108.80500	0.02
2025.11.12	05:05:00	4108.78500	4109.56500	4108.12500	4108.15500	0.02
2025.11.12	05:06:00	4108.12500	4108.39500	4107.49500	4108.31500	0.02
2025.11.12	05:07:00	4108.29500	4109.62500	4108.21500	4109.51500	0.02
2025.11.12	05:08:00	4109.39500	4109.42500	4108.38500	4108.91500	0.02
2025.11.12	05:09:00	4108.94500	4109.19500	4108.41500	4108.96500	0.01
2025.11.12	05:10:00	4109.00500	4109.04500	4107.46500	4107.57500	0.02
2025.11.12	05:11:00	4107.59500	4107.89500	4106.79500	4107.50500	0.01
2025.11.12	05:12:00	4107.53500	4109.21500	4107.48500	4108.91500	0.02
2025.11.12	05:13:00	4108.82500	4109.58500	4108.74500	4109.31500	0.02
2025.11.12	05:14:00	4109.27500	4109.30500	4107.54500	4107.71800	0.01
2025.11.12	05:15:00	4107.71800	4108.09500	4107.71800	4107.98500	0.01
2025.11.12	05:16:00	4108.01500	4108.31500	4107.29500	4107.34500	0.02
2025.11.12	05:17:00	4107.58800	4107.58800	4105.85500	4106.65800	0.02
2025.11.12	05:18:00	4106.65800	4106.65800	4104.93500	4105.57500	0.02
2025.11.12	05:19:00	4105.59500	4107.68500	4105.56500	4107.52500	0.02
2025.11.12	05:20:00	4107.50500	4107.68500	4106.20500	4106.24500	0.02
2025.11.12	05:21:00	4106.27500	4108.16500	4106.02500	4108.03500	0.02
2025.11.12	05:22:00	4108.05500	4109.54500	4108.05500	4109.20500	0.02
2025.11.12	05:23:00	4109.14500	4109.47500	4108.19500	4108.19500	0.02
2025.11.12	05:24:00	4108.17500	4109.38500	4107.90500	4109.11500	0.02
2025.11.12	05:25:00	4109.09500	4109.32500	4106.95500	4107.44500	0.02
2025.11.12	05:26:00	4107.39500	4107.48500	4106.13500	4106.74500	0.01
2025.11.12	05:27:00	4106.72500	4107.78500	4106.34500	4107.41500	0.02
2025.11.12	05:28:00	4107.41500	4107.56500	4106.32500	4107.07500	0.02
2025.11.12	05:29:00	4107.10500	4107.32500	4104.97500	4105.25500	0.02
2025.11.12	05:30:00	4105.28500	4105.61500	4102.73500	4103.72500	0.07
2025.11.12	05:31:00	4103.94500	4105.34500	4099.40500	4101.02500	0.05
2025.11.12	05:32:00	4101.08500	4102.34500	4099.66500	4099.73500	0.04
2025.11.12	05:33:00	4099.75500	4102.31500	4098.66500	4101.30500	0.04
2025.11.12	05:34:00	4101.33500	4103.01500	4101.06500	4101.58500	0.04
2025.11.12	05:35:00	4101.56500	4105.31500	4101.50500	4105.24500	0.04
2025.11.12	05:36:00	4105.26500	4106.74500	4104.93500	4106.23500	0.03
2025.11.12	05:37:00	4106.28500	4107.17500	4105.75500	4106.35500	0.02
2025.11.12	05:38:00	4106.39500	4106.94500	4106.20500	4106.69500	0.02
2025.11.12	05:39:00	4106.71500	4107.73500	4106.09500	4107.57500	0.02
2025.11.12	05:40:00	4107.59500	4107.64500	4105.58500	4105.84500	0.02
2025.11.12	05:41:00	4105.88500	4106.48500	4105.40500	4106.17500	0.02
2025.11.12	05:42:00	4106.21500	4106.82500	4104.41500	4104.59500	0.03
2025.11.12	05:43:00	4104.63500	4104.63500	4103.13500	4103.91500	0.02
2025.11.12	05:44:00	4103.94500	4105.35500	4103.72500	4104.87500	0.02
2025.11.12	05:45:00	4104.85500	4105.24500	4102.73500	4103.72500	0.04
2025.11.12	05:46:00	4103.93500	4104.59500	4102.72500	4104.25500	0.02
2025.11.12	05:47:00	4104.30500	4105.22500	4103.37500	4103.37500	0.03
2025.11.12	05:48:00	4103.38500	4103.86500	4102.51500	4103.66500	0.02
2025.11.12	05:49:00	4103.69500	4103.83500	4102.09500	4102.80500	0.02
2025.11.12	05:50:00	4102.78500	4105.41500	4102.77500	4104.58500	0.03
2025.11.12	05:51:00	4104.60500	4105.85500	4104.34500	4104.89500	0.02
2025.11.12	05:52:00	4104.93500	4105.84500	4104.04500	4105.81500	0.02
2025.11.12	05:53:00	4105.86500	4106.97500	4105.22500	4106.72500	0.02
2025.11.12	05:54:00	4106.70500	4107.27500	4106.08500	4106.71500	0.03
2025.11.12	05:55:00	4106.70500	4106.85500	4105.61500	4106.84500	0.02
2025.11.12	05:56:00	4106.93500	4107.16500	4104.03500	4104.28500	0.02
2025.11.12	05:57:00	4104.30500	4105.64500	4103.99500	4104.07500	0.03
2025.11.12	05:58:00	4104.04500	4104.20500	4103.25500	4103.63500	0.02
2025.11.12	05:59:00	4103.58500	4104.53500	4103.54500	4104.46500	0.02
2025.11.12	06:00:00	4104.49500	4104.98500	4103.25500	4104.98500	0.02
2025.11.12	06:01:00	4104.96500	4105.38500	4102.97500	4103.59500	0.02
2025.11.12	06:02:00	4103.61500	4105.86500	4103.20500	4105.54500	0.02
2025.11.12	06:03:00	4105.50500	4105.96500	4105.33500	4105.78500	0.01
2025.11.12	06:04:00	4105.79500	4106.14500	4104.23500	4105.41500	0.04
2025.11.12	06:05:00	4105.39500	4108.05500	4105.09500	4107.28500	0.03
2025.11.12	06:06:00	4107.26500	4108.50500	4106.65500	4108.41500	0.04
2025.11.12	06:07:00	4108.41500	4109.50500	4107.88500	4109.20500	0.04
2025.11.12	06:08:00	4109.15500	4109.49500	4106.82500	4107.15500	0.03
2025.11.12	06:09:00	4107.13500	4107.50500	4105.37500	4106.66500	0.04
2025.11.12	06:10:00	4106.59500	4106.66500	4104.89500	4105.32500	0.04
2025.11.12	06:11:00	4105.26500	4106.06500	4104.59800	4104.90500	0.03
2025.11.12	06:12:00	4104.91500	4105.82500	4104.87500	4105.49500	0.03
2025.11.12	06:13:00	4105.92500	4106.17500	4104.77500	4104.98500	0.02
2025.11.12	06:14:00	4104.92500	4106.00500	4104.53800	4105.98500	0.06
2025.11.12	06:15:00	4105.99500	4107.10500	4105.77500	4106.91500	0.04
2025.11.12	06:16:00	4106.94500	4108.08500	4106.87500	4107.49500	0.02
2025.11.12	06:17:00	4107.47500	4109.19500	4107.39500	4109.15500	0.08
2025.11.12	06:18:00	4109.18500	4109.18500	4108.31500	4108.56500	0.02
2025.11.12	06:19:00	4108.51500	4108.86500	4107.85500	4108.75500	0.02
2025.11.12	06:20:00	4108.77500	4110.30500	4108.32500	4110.25500	0.04
2025.11.12	06:21:00	4110.25500	4110.48500	4109.19500	4109.40500	0.04
2025.11.12	06:22:00	4109.40500	4111.58500	4109.33500	4111.22500	0.04
2025.11.12	06:23:00	4111.20500	4112.26500	4110.97500	4112.09500	0.04
2025.11.12	06:24:00	4112.11500	4112.54500	4111.50500	4112.35500	0.03
2025.11.12	06:25:00	4112.38500	4114.78500	4112.38500	4113.90500	0.04
2025.11.12	06:26:00	4113.85500	4114.46500	4112.67500	4113.12500	0.04
2025.11.12	06:27:00	4113.10500	4115.63500	4113.08500	4115.06500	0.05
2025.11.12	06:28:00	4115.04500	4115.75500	4114.51500	4115.31500	0.04
2025.11.12	06:29:00	4115.31500	4115.76500	4114.50500	4114.69500	0.03
2025.11.12	06:30:00	4114.74500	4115.42500	4114.44500	4115.37500	0.03
2025.11.12	06:31:00	4115.37500	4116.31500	4114.54500	4114.69500	0.05
2025.11.12	06:32:00	4114.67500	4115.80500	4114.48500	4114.48500	0.04
2025.11.12	06:33:00	4114.48500	4114.64500	4111.85500	4112.31500	0.04
2025.11.12	06:34:00	4112.38500	4116.17500	4112.02500	4116.17500	0.04
2025.11.12	06:35:00	4116.15500	4116.58500	4115.33500	4115.91800	0.05
2025.11.12	06:36:00	4115.91800	4117.31500	4114.66800	4117.09500	0.05
2025.11.12	06:37:00	4117.04500	4117.04500	4116.27800	4116.59500	0.03
2025.11.12	06:38:00	4116.54500	4117.97500	4115.72500	4117.87500	0.05
2025.11.12	06:39:00	4117.87500	4118.88500	4117.36500	4117.44500	0.04
2025.11.12	06:40:00	4117.42500	4117.54500	4116.08500	4116.27500	0.03
2025.11.12	06:41:00	4116.23500	4116.79500	4115.21500	4115.87500	0.02
2025.11.12	06:42:00	4115.99500	4117.75500	4115.97500	4117.75500	0.02
2025.11.12	06:43:00	4117.83500	4118.01500	4117.28500	4117.83500	0.02
2025.11.12	06:44:00	4117.81500	4118.04500	4116.50500	4116.61500	0.03
2025.11.12	06:45:00	4116.65500	4117.25500	4116.16500	4116.29500	0.02
2025.11.12	06:46:00	4116.31500	4116.90500	4114.23800	4114.26500	0.04
2025.11.12	06:47:00	4114.23500	4114.85500	4113.50500	4113.52800	0.04
2025.11.12	06:48:00	4113.53800	4115.14500	4112.88500	4114.58500	0.06
2025.11.12	06:49:00	4114.58500	4115.14800	4113.90800	4114.45800	0.04
2025.11.12	06:50:00	4114.46800	4114.46800	4112.75800	4113.14800	0.07
2025.11.12	06:51:00	4113.16500	4114.66500	4112.93500	4114.29500	0.05
2025.11.12	06:52:00	4114.32500	4115.08500	4114.10500	4114.92500	0.02
2025.11.12	06:53:00	4114.94500	4116.28500	4114.88500	4116.14500	0.03
2025.11.12	06:54:00	4116.17500	4116.87500	4115.63500	4115.71500	0.03
2025.11.12	06:55:00	4115.69500	4117.98500	4115.68500	4117.96500	0.04
2025.11.12	06:56:00	4117.93500	4118.24500	4116.77500	4116.83500	0.03
2025.11.12	06:57:00	4116.83500	4117.30500	4116.66500	4117.28500	0.03
2025.11.12	06:58:00	4116.90500	4118.52500	4116.90500	4118.52500	0.02
2025.11.12	06:59:00	4118.49500	4118.49500	4117.91500	4118.32500	0.02
2025.11.12	07:00:00	4118.33500	4118.38500	4117.44500	4117.68500	0.02
2025.11.12	07:01:00	4117.72500	4118.53500	4116.03500	4116.32500	0.02
2025.11.12	07:02:00	4116.34500	4116.90500	4115.57500	4116.46500	0.03
2025.11.12	07:03:00	4116.43500	4116.54500	4115.29500	4116.38500	0.03
2025.11.12	07:04:00	4116.38500	4117.81500	4116.38500	4117.79500	0.02
2025.11.12	07:05:00	4117.83500	4120.96500	4117.83500	4120.40500	0.03
2025.11.12	07:06:00	4120.42500	4120.79500	4118.64500	4120.15500	0.03
2025.11.12	07:07:00	4120.17500	4120.44500	4119.74500	4120.01500	0.02
2025.11.12	07:08:00	4120.05500	4121.43500	4119.89500	4121.16500	0.02
2025.11.12	07:09:00	4121.21500	4122.25500	4121.21500	4121.92500	0.03
2025.11.12	07:10:00	4121.95500	4124.04500	4121.95500	4123.32500	0.03
2025.11.12	07:11:00	4123.29500	4124.96500	4123.26500	4124.16500	0.03
2025.11.12	07:12:00	4124.19500	4124.66500	4123.71500	4124.66500	0.02
2025.11.12	07:13:00	4124.64500	4124.64500	4123.46500	4123.78500	0.03
2025.11.12	07:14:00	4123.76500	4124.96500	4123.49500	4124.72500	0.01
2025.11.12	07:15:00	4124.75500	4125.04500	4123.54800	4124.29500	0.02
2025.11.12	07:16:00	4124.32500	4124.55500	4123.45500	4123.63500	0.02
2025.11.12	07:17:00	4123.60500	4124.33500	4123.43500	4123.84500	0.02
2025.11.12	07:18:00	4123.90500	4124.21500	4123.24500	4123.73500	0.02
2025.11.12	07:19:00	4123.85500	4123.87500	4122.74500	4123.56500	0.02
2025.11.12	07:20:00	4123.58500	4123.67500	4122.35500	4122.76500	0.03
2025.11.12	07:21:00	4122.73500	4122.84500	4121.58500	4121.78500	0.03
2025.11.12	07:22:00	4121.75500	4122.33500	4121.06800	4122.10500	0.03
2025.11.12	07:23:00	4122.12500	4123.02500	4121.88500	4122.77500	0.02
2025.11.12	07:24:00	4122.80500	4122.90500	4122.07500	4122.07500	0.01
2025.11.12	07:25:00	4122.03500	4122.03500	4121.08500	4121.24500	0.01
2025.11.12	07:26:00	4121.27500	4121.53500	4121.06800	4121.37500	0.01
2025.11.12	07:27:00	4121.35500	4122.72500	4121.29500	4122.31500	0.02
2025.11.12	07:28:00	4122.23500	4123.65500	4122.04800	4122.84500	0.03
2025.11.12	07:29:00	4122.87500	4124.22500	4122.80500	4123.75500	0.02
2025.11.12	07:30:00	4123.78500	4123.90500	4122.09500	4122.69500	0.02
2025.11.12	07:31:00	4122.66500	4122.73500	4121.49800	4121.51500	0.02
2025.11.12	07:32:00	4121.54500	4121.54500	4120.41800	4120.57500	0.02
2025.11.12	07:33:00	4120.62500	4121.61500	4120.62500	4120.86500	0.02
2025.11.12	07:34:00	4120.84500	4121.39500	4119.16500	4119.57800	0.02
2025.11.12	07:35:00	4118.98500	4119.58500	4117.91500	4117.93500	0.03
2025.11.12	07:36:00	4117.95500	4119.09500	4117.60800	4117.69500	0.03
2025.11.12	07:37:00	4117.72500	4118.40500	4116.29500	4116.80500	0.03
2025.11.12	07:38:00	4116.79500	4117.50500	4116.20500	4117.05500	0.03
2025.11.12	07:39:00	4117.02500	4117.44500	4115.88500	4116.85500	0.03
2025.11.12	07:40:00	4116.83500	4117.52500	4116.32500	4117.52500	0.03
2025.11.12	07:41:00	4117.56500	4118.31500	4116.65500	4116.72500	0.03
2025.11.12	07:42:00	4116.75500	4116.93500	4114.55500	4115.22500	0.03
2025.11.12	07:43:00	4115.23500	4115.29500	4113.56500	4113.86500	0.03
2025.11.12	07:44:00	4113.89500	4114.51500	4113.44500	4114.22500	0.02
2025.11.12	07:45:00	4114.23500	4114.59500	4113.60500	4114.39500	0.02
2025.11.12	07:46:00	4114.36500	4114.48500	4113.16500	4113.84500	0.02
2025.11.12	07:47:00	4113.80500	4115.42500	4113.65500	4114.97500	0.02
2025.11.12	07:48:00	4114.99500	4117.29500	4114.95500	4117.29500	0.02
2025.11.12	07:49:00	4117.24500	4117.61500	4116.97500	4117.40500	0.02
2025.11.12	07:50:00	4117.43500	4118.32500	4116.70500	4117.10500	0.03
2025.11.12	07:51:00	4117.12500	4118.83500	4116.99500	4117.95500	0.02
2025.11.12	07:52:00	4117.93500	4118.90500	4117.58500	4118.39500	0.02
2025.11.12	07:53:00	4118.36500	4118.36500	4116.80500	4117.04500	0.02
2025.11.12	07:54:00	4117.07500	4117.51500	4115.78500	4116.59500	0.02
2025.11.12	07:55:00	4116.61500	4117.98500	4116.04500	4117.89500	0.02
2025.11.12	07:56:00	4117.91500	4118.06500	4116.95500	4116.95500	0.02
2025.11.12	07:57:00	4116.97500	4117.47500	4116.40500	4117.22500	0.02
2025.11.12	07:58:00	4117.27500	4117.69500	4116.71500	4117.21500	0.02
2025.11.12	07:59:00	4117.19500	4117.81500	4116.67500	4116.92500	0.02
2025.11.12	08:00:00	4116.95500	4118.22500	4116.48500	4118.15500	0.03
2025.11.12	08:01:00	4118.09500	4119.07500	4117.43500	4117.93500	0.04
2025.11.12	08:02:00	4117.96500	4118.26500	4116.47500	4117.27500	0.04
2025.11.12	08:03:00	4117.24500	4117.41500	4115.75500	4117.02500	0.03
2025.11.12	08:04:00	4116.99500	4118.21500	4116.97500	4117.16500	0.02
2025.11.12	08:05:00	4117.11500	4117.35500	4115.87500	4116.09500	0.02
2025.11.12	08:06:00	4115.94500	4116.17500	4114.66500	4115.46500	0.03
2025.11.12	08:07:00	4115.48500	4115.54500	4113.57800	4114.50500	0.04
2025.11.12	08:08:00	4114.72500	4115.51500	4112.13500	4115.24500	0.04
2025.11.12	08:09:00	4115.26500	4115.61500	4113.79500	4114.09500	0.04
2025.11.12	08:10:00	4114.12500	4114.72500	4112.01500	4112.35500	0.03
2025.11.12	08:11:00	4112.39500	4115.08500	4112.19500	4113.93500	0.03
2025.11.12	08:12:00	4113.94500	4116.77500	4113.94500	4116.77500	0.03
2025.11.12	08:13:00	4116.75500	4117.98500	4115.93500	4117.38500	0.03
2025.11.12	08:14:00	4117.41500	4119.30500	4117.41500	4118.57500	0.03
2025.11.12	08:15:00	4118.48500	4119.46500	4117.05500	4117.50500	0.04
2025.11.12	08:16:00	4117.48500	4118.33500	4117.15500	4118.30500	0.03
2025.11.12	08:17:00	4118.27500	4120.07500	4118.05500	4119.90500	0.03
2025.11.12	08:18:00	4119.92500	4121.44500	4119.66500	4120.84500	0.04
2025.11.12	08:19:00	4120.89500	4122.09500	4119.88500	4122.06500	0.04
2025.11.12	08:20:00	4122.04500	4123.84500	4121.91500	4123.75500	0.03
2025.11.12	08:21:00	4123.75500	4124.87500	4123.17500	4124.05500	0.03
2025.11.12	08:22:00	4124.07500	4126.93500	4124.07500	4126.76500	0.04
2025.11.12	08:23:00	4126.74500	4126.98500	4125.69500	4126.97500	0.04
2025.11.12	08:24:00	4127.08500	4129.39500	4126.99500	4129.13500	0.05
2025.11.12	08:25:00	4129.09500	4130.13500	4128.57500	4130.10500	0.03
2025.11.12	08:26:00	4130.08500	4130.08500	4127.89500	4127.89500	0.03
2025.11.12	08:27:00	4127.87500	4128.08500	4127.04800	4127.56500	0.02
2025.11.12	08:28:00	4127.54500	4128.92500	4127.37500	4128.82500	0.03
2025.11.12	08:29:00	4128.72500	4128.74500	4127.28500	4127.81500	0.03
2025.11.12	08:30:00	4127.84500	4128.25500	4126.46500	4126.49500	0.03
2025.11.12	08:31:00	4126.46500	4128.98500	4126.07500	4128.48500	0.03
2025.11.12	08:32:00	4128.50500	4129.46500	4127.20500	4128.81500	0.04
2025.11.12	08:33:00	4128.83500	4128.90500	4128.11500	4128.57500	0.04
2025.11.12	08:34:00	4128.47500	4128.89500	4128.08500	4128.55500	0.03
2025.11.12	08:35:00	4128.55500	4130.40500	4128.40500	4129.01500	0.03
2025.11.12	08:36:00	4128.98500	4130.94500	4128.21500	4130.88500	0.03
2025.11.12	08:37:00	4130.80500	4132.61500	4129.96500	4131.48500	0.05
2025.11.12	08:38:00	4131.44500	4131.44500	4129.68500	4130.39500	0.02
2025.11.12	08:39:00	4130.42500	4130.76500	4129.07500	4129.11500	0.02
2025.11.12	08:40:00	4129.09500	4129.12500	4126.97500	4127.28500	0.02
2025.11.12	08:41:00	4127.30500	4128.32500	4126.91500	4127.99500	0.02
2025.11.12	08:42:00	4128.39500	4129.85500	4128.33500	4128.94500	0.02
2025.11.12	08:43:00	4128.95500	4129.32500	4128.40500	4129.25500	0.02
2025.11.12	08:44:00	4129.23500	4129.49500	4128.19500	4128.35500	0.02
2025.11.12	08:45:00	4128.38500	4129.43500	4128.38500	4129.10500	0.02
2025.11.12	08:46:00	4129.13500	4129.76500	4128.89500	4129.10500	0.01
2025.11.12	08:47:00	4129.28500	4130.36500	4129.20500	4129.95500	0.02
2025.11.12	08:48:00	4129.93500	4130.13500	4129.41500	4130.11500	0.02
2025.11.12	08:49:00	4130.11500	4130.99500	4129.94500	4130.68500	0.02
2025.11.12	08:50:00	4130.66500	4132.19500	4130.64500	4131.70500	0.01
2025.11.12	08:51:00	4131.67500	4132.42500	4130.89500	4131.03500	0.02
2025.11.12	08:52:00	4131.06500	4131.43500	4129.86500	4130.01500	0.01
2025.11.12	08:53:00	4130.03500	4130.64500	4129.87500	4130.16500	0.02
2025.11.12	08:54:00	4130.19500	4130.22500	4129.04500	4129.32500	0.02
2025.11.12	08:55:00	4129.42500	4130.75500	4129.35500	4129.68500	0.03
2025.11.12	08:56:00	4129.67500	4129.79500	4128.77800	4129.07500	0.03
2025.11.12	08:57:00	4129.07500	4130.34500	4129.05500	4129.95500	0.03
2025.11.12	08:58:00	4129.99500	4130.86500	4129.91500	4130.83500	0.03
2025.11.12	08:59:00	4130.76500	4131.48500	4130.74500	4131.14500	0.03
2025.11.12	09:00:00	4131.14500	4131.48500	4130.65500	4131.42500	0.03
2025.11.12	09:01:00	4131.42500	4132.59500	4130.98500	4132.36500	0.02
2025.11.12	09:02:00	4132.41500	4133.38500	4132.29500	4133.06500	0.03
2025.11.12	09:03:00	4133.04500	4133.04500	4131.90500	4131.98500	0.02
2025.11.12	09:04:00	4132.00500	4132.69500	4131.11500	4131.39500	0.02
2025.11.12	09:05:00	4131.37500	4131.83500	4130.51500	4130.60500	0.02
2025.11.12	09:06:00	4130.60500	4131.07500	4130.40800	4130.45500	0.02
2025.11.12	09:07:00	4130.41500	4130.72500	4129.82500	4130.57500	0.02
2025.11.12	09:08:00	4130.59500	4131.46500	4130.55500	4131.06500	0.02
2025.11.12	09:09:00	4131.06500	4131.06500	4129.76500	4129.97500	0.02
2025.11.12	09:10:00	4129.99500	4130.10500	4128.96500	4129.05500	0.03
2025.11.12	09:11:00	4129.05500	4129.38500	4128.43800	4128.43800	0.01
2025.11.12	09:12:00	4128.46500	4128.46500	4127.13500	4127.51500	0.02
2025.11.12	09:13:00	4127.54500	4128.46500	4127.54500	4128.23500	0.02
2025.11.12	09:14:00	4128.21500	4128.86500	4128.15500	4128.34500	0.02
2025.11.12	09:15:00	4128.32500	4130.25500	4128.32500	4130.23500	0.03
2025.11.12	09:16:00	4130.15500	4132.26500	4129.76500	4132.05500	0.02
2025.11.12	09:17:00	4132.03500	4132.13500	4130.15500	4130.15500	0.02
2025.11.12	09:18:00	4130.24500	4130.41500	4128.98500	4128.98500	0.02
2025.11.12	09:19:00	4129.01500	4129.59800	4127.99500	4128.05500	0.05
2025.11.12	09:20:00	4128.05500	4129.30500	4128.05500	4128.33500	0.02
2025.11.12	09:21:00	4128.28500	4129.02500	4127.00500	4127.49500	0.02
2025.11.12	09:22:00	4127.52500	4129.31500	4127.52500	4128.30500	0.02
2025.11.12	09:23:00	4128.28500	4128.93500	4128.28500	4128.33500	0.02
2025.11.12	09:24:00	4128.35500	4129.19500	4128.32500	4128.37500	0.02
2025.11.12	09:25:00	4128.39500	4128.39500	4126.61800	4126.61800	0.02
2025.11.12	09:26:00	4126.61800	4127.13500	4124.88800	4124.88800	0.05
2025.11.12	09:27:00	4124.88800	4125.58500	4124.88800	4124.88800	0.02
2025.11.12	09:28:00	4124.88800	4126.90500	4124.88800	4126.64500	0.03
2025.11.12	09:29:00	4126.67500	4127.56500	4126.35500	4126.98500	0.03
2025.11.12	09:30:00	4127.01500	4129.13500	4126.98500	4129.12500	0.03
2025.11.12	09:31:00	4129.12500	4129.48500	4128.02500	4128.59500	0.03
2025.11.12	09:32:00	4128.50500	4128.50500	4127.12500	4127.14500	0.02
2025.11.12	09:33:00	4127.11500	4128.05500	4126.94500	4127.64500	0.02
2025.11.12	09:34:00	4127.61500	4127.65500	4125.69800	4125.75500	0.02
2025.11.12	09:35:00	4125.87800	4126.20800	4124.31500	4125.07500	0.03
2025.11.12	09:36:00	4125.04500	4126.17500	4124.88800	4125.39500	0.03
2025.11.12	09:37:00	4125.29500	4126.35500	4124.04800	4124.34800	0.05
2025.11.12	09:38:00	4124.44800	4126.54800	4124.15500	4126.34900	0.06
2025.11.12	09:39:00	4126.34800	4128.68900	4126.14800	4128.04800	0.05
2025.11.12	09:40:00	4128.04800	4128.54800	4126.12800	4126.44900	0.05
2025.11.12	09:41:00	4126.52900	4127.54900	4125.88800	4125.94900	0.04
2025.11.12	09:42:00	4125.96900	4126.04900	4123.99800	4124.02500	0.06
2025.11.12	09:43:00	4123.99800	4124.85500	4123.99800	4124.53900	0.04
2025.11.12	09:44:00	4124.53500	4126.16500	4124.29500	4125.93500	0.03
2025.11.12	09:45:00	4125.96900	4126.44900	4125.33500	4125.93900	0.04
2025.11.12	09:46:00	4125.90900	4126.50900	4124.60500	4125.64900	0.05
2025.11.12	09:47:00	4125.71900	4125.77900	4124.57800	4124.57800	0.03
2025.11.12	09:48:00	4124.57800	4125.33900	4124.24800	4124.54800	0.04
2025.11.12	09:49:00	4124.59900	4125.54900	4123.99800	4123.99800	0.05
2025.11.12	09:50:00	4123.99800	4124.31900	4120.87500	4121.39500	0.07
2025.11.12	09:51:00	4121.51900	4122.31500	4120.24900	4121.25500	0.06
2025.11.12	09:52:00	4121.28500	4122.90500	4120.81500	4122.87500	0.03
2025.11.12	09:53:00	4122.85500	4123.96500	4122.14500	4123.30500	0.04
2025.11.12	09:54:00	4123.28500	4125.03500	4122.76500	4123.96500	0.04
2025.11.12	09:55:00	4123.95500	4125.52500	4123.63500	4125.08500	0.03
2025.11.12	09:56:00	4125.03500	4125.03500	4123.20500	4123.23500	0.02
2025.11.12	09:57:00	4123.32500	4123.93500	4123.00800	4123.55500	0.02
2025.11.12	09:58:00	4123.51500	4124.29500	4122.69500	4124.14500	0.02
2025.11.12	09:59:00	4124.10500	4124.75500	4123.91500	4124.47500	0.01
2025.11.12	10:00:00	4124.50500	4124.55500	4123.28500	4123.40500	0.02
2025.11.12	10:01:00	4123.38500	4124.44500	4123.29500	4123.95500	0.01
2025.11.12	10:02:00	4123.93500	4124.64500	4122.69500	4123.64500	0.03
2025.11.12	10:03:00	4123.66500	4124.90500	4123.52500	4124.90500	0.02
2025.11.12	10:04:00	4124.90500	4125.96500	4124.81500	4125.50500	0.02
2025.11.12	10:05:00	4125.48500	4126.18500	4124.81500	4124.96500	0.02
2025.11.12	10:06:00	4124.99500	4125.71500	4124.57500	4125.65500	0.01
2025.11.12	10:07:00	4125.63500	4125.63500	4123.92500	4124.00500	0.02
2025.11.12	10:08:00	4124.03500	4124.12500	4122.85500	4123.22500	0.02
2025.11.12	10:09:00	4123.19500	4124.97500	4123.07500	4124.34500	0.02
2025.11.12	10:10:00	4124.36500	4124.72500	4123.43500	4123.43500	0.01
2025.11.12	10:11:00	4123.40500	4123.67500	4121.66500	4121.72500	0.03
2025.11.12	10:12:00	4121.97500	4123.81500	4121.97500	4123.43500	0.02
2025.11.12	10:13:00	4123.48500	4124.95500	4123.47500	4124.42500	0.02
2025.11.12	10:14:00	4124.40500	4125.38500	4124.00500	4125.36500	0.03
2025.11.12	10:15:00	4125.38500	4126.12500	4124.50900	4125.90500	0.06
2025.11.12	10:16:00	4125.89800	4127.54900	4125.56800	4127.54900	0.07
2025.11.12	10:17:00	4127.56900	4128.10500	4126.06500	4127.20500	0.05
2025.11.12	10:18:00	4127.18500	4127.78500	4126.21500	4126.45900	0.05
2025.11.12	10:19:00	4126.48900	4126.60500	4125.43500	4125.43500	0.03
2025.11.12	10:20:00	4125.37500	4126.46500	4125.08500	4125.74500	0.03
2025.11.12	10:21:00	4125.72500	4126.11500	4124.16800	4125.49500	0.03
2025.11.12	10:22:00	4125.49900	4125.52500	4123.84800	4123.88800	0.05
2025.11.12	10:23:00	4123.61500	4124.50500	4122.89500	4123.12500	0.02
2025.11.12	10:24:00	4123.18500	4123.50500	4122.43500	4122.46500	0.02
2025.11.12	10:25:00	4122.44500	4122.48500	4120.84500	4121.41500	0.02
2025.11.12	10:26:00	4121.38500	4121.96500	4120.94500	4120.96500	0.02
2025.11.12	10:27:00	4121.00500	4123.05500	4120.95500	4121.80500	0.03
2025.11.12	10:28:00	4121.80500	4121.80500	4120.58500	4120.63500	0.02
2025.11.12	10:29:00	4120.57800	4121.17500	4120.01500	4120.47500	0.02
2025.11.12	10:30:00	4120.45500	4120.52500	4117.71500	4119.50500	0.04
2025.11.12	10:31:00	4119.47500	4122.36500	4119.03500	4121.76500	0.04
2025.11.12	10:32:00	4121.83500	4122.57500	4121.46500	4122.17500	0.03
2025.11.12	10:33:00	4122.14500	4122.24500	4121.53500	4122.03500	0.03
2025.11.12	10:34:00	4121.99500	4123.36500	4121.81500	4122.51500	0.03
2025.11.12	10:35:00	4122.54500	4122.54500	4121.65500	4122.20500	0.01
2025.11.12	10:36:00	4122.23500	4123.82500	4122.12500	4123.81500	0.01
2025.11.12	10:37:00	4123.77500	4124.69500	4123.24500	4124.17500	0.05
2025.11.12	10:38:00	4124.13500	4124.88500	4123.77500	4124.41500	0.04
2025.11.12	10:39:00	4124.44500	4125.65500	4124.44500	4125.31500	0.04
2025.11.12	10:40:00	4125.28500	4127.85500	4125.28500	4127.52500	0.03
2025.11.12	10:41:00	4127.53500	4127.53500	4125.66500	4126.07500	0.04
2025.11.12	10:42:00	4126.11500	4126.34500	4125.06500	4126.03500	0.03
2025.11.12	10:43:00	4126.00500	4126.00500	4124.82500	4125.56500	0.02
2025.11.12	10:44:00	4125.58500	4125.98500	4125.07500	4125.46500	0.02
2025.11.12	10:45:00	4125.51500	4127.66500	4125.39500	4127.23500	0.05
2025.11.12	10:46:00	4127.25500	4127.40500	4125.29500	4125.77500	0.03
2025.11.12	10:47:00	4125.57500	4125.80500	4124.68500	4125.75500	0.02
2025.11.12	10:48:00	4125.75500	4126.41500	4125.59500	4126.37500	0.02
2025.11.12	10:49:00	4126.37500	4127.44500	4126.25500	4127.04500	0.03
2025.11.12	10:50:00	4127.07500	4127.28500	4126.44500	4126.69500	0.02
2025.11.12	10:51:00	4126.67500	4127.06500	4125.56500	4126.42500	0.05
2025.11.12	10:52:00	4126.42500	4126.49500	4125.37500	4125.66500	0.02
2025.11.12	10:53:00	4125.69500	4125.76500	4125.18500	4125.57500	0.02
2025.11.12	10:54:00	4125.57500	4125.66500	4124.20500	4125.58500	0.04
2025.11.12	10:55:00	4125.60500	4127.24500	4125.60500	4126.97500	0.02
2025.11.12	10:56:00	4126.99500	4127.24500	4126.88500	4127.12500	0.03
2025.11.12	10:57:00	4127.12500	4128.43500	4127.06500	4128.14500	0.03
2025.11.12	10:58:00	4128.14500	4129.14500	4128.14500	4128.55500	0.02
2025.11.12	10:59:00	4128.52500	4128.55500	4126.88500	4127.56500	0.03
2025.11.12	11:00:00	4127.69500	4128.93500	4127.42500	4128.87500	0.02
2025.11.12	11:01:00	4128.89500	4129.42500	4127.78500	4128.34500	0.02
2025.11.12	11:02:00	4128.37500	4128.46500	4127.60500	4127.72500	0.01
2025.11.12	11:03:00	4127.74500	4128.12500	4126.54500	4126.67500	0.01
2025.11.12	11:04:00	4126.56500	4127.07500	4126.43500	4126.67500	0.01
2025.11.12	11:05:00	4126.70500	4127.52500	4126.69500	4127.45500	0.02
2025.11.12	11:06:00	4127.43500	4127.95500	4127.43500	4127.58500	0.01
2025.11.12	11:07:00	4127.52500	4128.11500	4127.40500	4128.09500	0.01
2025.11.12	11:08:00	4128.07500	4128.67500	4127.96500	4128.38500	0.01
2025.11.12	11:09:00	4128.40500	4129.40500	4128.38500	4128.92500	0.01
2025.11.12	11:10:00	4128.90500	4130.87500	4128.87500	4130.80500	0.02
2025.11.12	11:11:00	4130.83500	4130.85500	4129.67500	4129.67500	0.01
2025.11.12	11:12:00	4129.66500	4130.44500	4129.47500	4130.22500	0.01
2025.11.12	11:13:00	4130.22500	4130.64500	4129.51500	4129.87500	0.01
2025.11.12	11:14:00	4130.17500	4130.95500	4130.13500	4130.95500	0.02
2025.11.12	11:15:00	4131.00500	4131.01500	4128.95500	4128.98500	0.02
2025.11.12	11:16:00	4129.01500	4129.27500	4128.51500	4128.79500	0.02
2025.11.12	11:17:00	4128.74500	4129.13500	4128.03500	4128.83500	0.03
2025.11.12	11:18:00	4128.83500	4129.13500	4128.31500	4128.43500	0.02
2025.11.12	11:19:00	4128.38500	4128.49500	4127.61500	4127.93800	0.02
2025.11.12	11:20:00	4127.93800	4128.33500	4125.05500	4125.14900	0.03
2025.11.12	11:21:00	4125.18900	4125.34500	4124.52500	4124.65500	0.01
2025.11.12	11:22:00	4124.61500	4124.85500	4122.82500	4123.37500	0.03
2025.11.12	11:23:00	4123.31500	4125.21800	4123.19500	4124.82500	0.03
2025.11.12	11:24:00	4124.84500	4125.57500	4124.60500	4124.82500	0.02
2025.11.12	11:25:00	4124.85500	4126.67500	4124.45500	4126.64500	0.02
2025.11.12	11:26:00	4126.63500	4127.47500	4125.38500	4126.33500	0.03
2025.11.12	11:27:00	4126.30500	4126.30500	4124.84500	4124.91500	0.02
2025.11.12	11:28:00	4124.87500	4126.08500	4124.22500	4125.99500	0.02
2025.11.12	11:29:00	4125.96500	4126.03500	4124.00500	4124.08500	0.02
2025.11.12	11:30:00	4123.97900	4124.83500	4123.29500	4124.38500	0.03
2025.11.12	11:31:00	4124.35500	4127.01500	4124.10500	4126.76500	0.03
2025.11.12	11:32:00	4126.78500	4127.05500	4125.83500	4126.94500	0.03
2025.11.12	11:33:00	4126.94500	4127.65500	4126.54500	4126.73500	0.03
2025.11.12	11:34:00	4126.80500	4127.00500	4126.28500	4126.89500	0.02
2025.11.12	11:35:00	4126.96500	4128.20500	4126.87500	4127.93500	0.02
2025.11.12	11:36:00	4127.98500	4128.13500	4127.43500	4127.53500	0.01
2025.11.12	11:37:00	4127.57500	4127.59500	4126.98500	4127.11500	0.01
2025.11.12	11:38:00	4127.13500	4128.29500	4126.78500	4128.06500	0.02
2025.11.12	11:39:00	4128.08500	4128.08500	4126.13500	4126.90500	0.02
2025.11.12	11:40:00	4126.87500	4127.03500	4126.36500	4126.49500	0.02
2025.11.12	11:41:00	4126.46500	4126.82500	4125.83500	4126.52500	0.02
2025.11.12	11:42:00	4126.50500	4127.79500	4126.45500	4127.68500	0.01
2025.11.12	11:43:00	4127.65500	4128.45500	4127.29500	4127.61500	0.02
2025.11.12	11:44:00	4127.58500	4128.22500	4127.56500	4128.22500	0.01
2025.11.12	11:45:00	4128.18500	4128.65500	4127.70500	4128.06500	0.01
2025.11.12	11:46:00	4128.03500	4128.52500	4127.50500	4127.53500	0.02
2025.11.12	11:47:00	4127.56500	4128.07500	4126.69500	4127.91500	0.02
2025.11.12	11:48:00	4127.96900	4128.40500	4127.08500	4127.11900	0.02
2025.11.12	11:49:00	4127.12900	4127.36500	4125.70500	4126.08900	0.06
2025.11.12	11:50:00	4126.11900	4127.00900	4125.49800	4126.56500	0.05
2025.11.12	11:51:00	4126.64500	4127.67500	4126.62500	4127.35500	0.02
2025.11.12	11:52:00	4127.33500	4127.70500	4126.53500	4126.53500	0.02
2025.11.12	11:53:00	4126.50500	4127.05900	4126.11500	4126.91900	0.03
2025.11.12	11:54:00	4126.91900	4127.62900	4126.70500	4126.70500	0.04
2025.11.12	11:55:00	4126.63500	4126.72900	4125.39900	4125.44900	0.05
2025.11.12	11:56:00	4125.44800	4125.49900	4123.46500	4123.46500	0.05
2025.11.12	11:57:00	4123.98400	4126.02900	4123.45500	4124.45500	0.04
2025.11.12	11:58:00	4124.51900	4125.83500	4123.87500	4125.48500	0.06
2025.11.12	11:59:00	4125.50900	4126.64900	4125.40500	4125.76500	0.04
2025.11.12	12:00:00	4125.79500	4127.47500	4125.26500	4125.65500	0.02
2025.11.12	12:01:00	4125.67500	4126.04500	4124.80500	4124.85500	0.02
2025.11.12	12:02:00	4124.87500	4126.96500	4124.73500	4126.04500	0.02
2025.11.12	12:03:00	4126.06500	4127.90500	4126.06500	4127.71500	0.02
2025.11.12	12:04:00	4127.64500	4127.87500	4126.45500	4127.55500	0.02
2025.11.12	12:05:00	4127.52500	4129.64500	4127.16500	4129.61500	0.03
2025.11.12	12:06:00	4129.64500	4129.97500	4128.57900	4128.89500	0.03
2025.11.12	12:07:00	4128.91500	4129.08500	4127.62500	4128.04500	0.02
2025.11.12	12:08:00	4128.02500	4128.71500	4126.85500	4126.92500	0.02
2025.11.12	12:09:00	4126.89500	4127.92500	4126.81500	4127.89500	0.02
2025.11.12	12:10:00	4127.94500	4129.07500	4127.94500	4128.31500	0.03
2025.11.12	12:11:00	4128.35500	4128.84500	4127.59500	4128.64500	0.02
2025.11.12	12:12:00	4128.62500	4129.76500	4127.97800	4129.13500	0.03
2025.11.12	12:13:00	4129.17500	4129.67500	4128.74500	4129.49500	0.01
2025.11.12	12:14:00	4129.52500	4130.57500	4129.28500	4130.35500	0.03
2025.11.12	12:15:00	4130.38500	4131.61500	4130.28500	4131.25500	0.04
2025.11.12	12:16:00	4131.21500	4132.26500	4131.19500	4132.02500	0.03
2025.11.12	12:17:00	4131.99500	4132.84500	4131.73800	4131.97500	0.03
2025.11.12	12:18:00	4131.95500	4132.33500	4131.15500	4132.02500	0.04
2025.11.12	12:19:00	4132.06500	4132.36500	4130.01500	4131.11500	0.05
2025.11.12	12:20:00	4131.07500	4132.57500	4130.91500	4131.37500	0.03
2025.11.12	12:21:00	4131.44500	4133.49800	4131.20500	4133.41500	0.04
2025.11.12	12:22:00	4133.39500	4134.10500	4132.86500	4133.90500	0.03
2025.11.12	12:23:00	4133.88500	4133.94500	4131.30500	4131.88500	0.03
2025.11.12	12:24:00	4131.92500	4133.44500	4131.56500	4133.32500	0.02
2025.11.12	12:25:00	4133.35500	4134.72500	4132.72500	4134.65500	0.03
2025.11.12	12:26:00	4134.63500	4137.02500	4134.17800	4136.57500	0.04
2025.11.12	12:27:00	4136.53500	4136.63500	4135.56500	4135.56500	0.03
2025.11.12	12:28:00	4135.58500	4136.70500	4135.06500	4135.96500	0.04
2025.11.12	12:29:00	4136.15500	4137.46500	4135.92500	4136.15500	0.03
2025.11.12	12:30:00	4136.12500	4137.47500	4136.07500	4136.92500	0.03
2025.11.12	12:31:00	4136.89500	4137.39500	4136.37500	4137.12500	0.03
2025.11.12	12:32:00	4137.10500	4138.08500	4136.47500	4137.89500	0.03
2025.11.12	12:33:00	4137.91500	4138.34500	4137.58500	4138.27500	0.02
2025.11.12	12:34:00	4138.25500	4139.24500	4138.07500	4138.49500	0.03
2025.11.12	12:35:00	4138.44500	4139.27500	4137.23500	4137.30500	0.04
2025.11.12	12:36:00	4137.32500	4138.67500	4137.32500	4137.88500	0.03
2025.11.12	12:37:00	4138.00500	4139.08500	4137.75500	4138.25500	0.03
2025.11.12	12:38:00	4138.15500	4138.65500	4137.46500	4137.97500	0.03
2025.11.12	12:39:00	4137.99500	4138.20500	4137.09500	4137.74500	0.02
2025.11.12	12:40:00	4137.86500	4137.86500	4136.16500	4136.17500	0.02
2025.11.12	12:41:00	4136.16500	4136.20500	4133.49500	4134.30500	0.06
2025.11.12	12:42:00	4134.33500	4135.10500	4133.53500	4134.83500	0.03
2025.11.12	12:43:00	4134.80500	4135.44500	4134.53500	4134.55500	0.02
2025.11.12	12:44:00	4134.53500	4135.23500	4133.83500	4134.16500	0.03
2025.11.12	12:45:00	4134.20500	4135.26500	4133.61500	4135.26500	0.02
2025.11.12	12:46:00	4135.28500	4135.86500	4134.62500	4135.22500	0.03
2025.11.12	12:47:00	4135.16500	4136.95500	4134.86500	4136.12500	0.02
2025.11.12	12:48:00	4136.14500	4136.52500	4134.45500	4134.56500	0.02
2025.11.12	12:49:00	4134.58500	4134.92500	4133.86500	4134.04500	0.01
2025.11.12	12:50:00	4134.00500	4134.28500	4132.80500	4132.80500	0.02
2025.11.12	12:51:00	4132.79800	4134.31500	4132.75800	4134.15500	0.02
2025.11.12	12:52:00	4134.17500	4134.79500	4133.97500	4134.42900	0.02
2025.11.12	12:53:00	4134.42900	4134.76500	4132.72800	4132.92900	0.06
2025.11.12	12:54:00	4132.92900	4133.07500	4131.18500	4131.45500	0.05
2025.11.12	12:55:00	4131.49900	4131.49900	4130.00000	4131.31500	0.06
2025.11.12	12:56:00	4131.34500	4131.98500	4130.17500	4130.35500	0.03
2025.11.12	12:57:00	4130.38900	4130.44500	4130.00000	4130.00000	0.03
2025.11.12	12:58:00	4130.00000	4131.03500	4130.00000	4130.62500	0.02
2025.11.12	12:59:00	4130.57500	4130.83500	4130.00000	4130.00000	0.02
2025.11.12	13:00:00	4130.07500	4130.07500	4128.09500	4128.40500	0.04
2025.11.12	13:01:00	4128.38500	4129.02500	4127.01500	4129.02500	0.04
2025.11.12	13:02:00	4129.02500	4130.13500	4128.02500	4129.72500	0.04
2025.11.12	13:03:00	4129.66500	4130.67500	4129.26500	4130.38500	0.05
2025.11.12	13:04:00	4130.38500	4131.00500	4129.33500	4131.00500	0.05
2025.11.12	13:05:00	4131.00500	4131.27500	4128.81500	4128.81500	0.05
2025.11.12	13:06:00	4128.84500	4129.87500	4127.42500	4129.75500	0.04
2025.11.12	13:07:00	4129.75500	4130.30500	4127.72500	4127.72500	0.06
2025.11.12	13:08:00	4127.68500	4127.98500	4126.40500	4127.01500	0.04
2025.11.12	13:09:00	4127.03500	4127.62500	4125.43500	4125.46500	0.04
2025.11.12	13:10:00	4125.31500	4125.49500	4122.49500	4125.47500	0.05
2025.11.12	13:11:00	4125.49500	4127.00500	4123.96500	4125.06500	0.05
2025.11.12	13:12:00	4125.01500	4126.78500	4123.90500	4126.78500	0.05
2025.11.12	13:13:00	4126.84500	4127.09500	4125.06500	4126.05500	0.04
2025.11.12	13:14:00	4126.05500	4127.19500	4125.47500	4125.50500	0.03
2025.11.12	13:15:00	4125.48500	4127.21500	4124.87500	4127.12500	0.04
2025.11.12	13:16:00	4127.22500	4127.22500	4125.41500	4125.69500	0.03
2025.11.12	13:17:00	4125.71500	4126.75500	4125.27500	4125.84500	0.03
2025.11.12	13:18:00	4125.81500	4125.82500	4124.49500	4124.53500	0.02
2025.11.12	13:19:00	4124.50500	4124.65500	4122.96500	4123.41500	0.04
2025.11.12	13:20:00	4123.77300	4127.13500	4123.77300	4126.37500	0.05
2025.11.12	13:21:00	4126.39500	4126.75500	4125.39500	4126.72500	0.04
2025.11.12	13:22:00	4126.69500	4128.51500	4126.69500	4127.60500	0.04
2025.11.12	13:23:00	4127.64500	4128.82500	4126.97500	4128.69500	0.04
2025.11.12	13:24:00	4128.71500	4130.06500	4127.68500	4128.95500	0.05
2025.11.12	13:25:00	4128.99500	4130.12500	4127.05500	4127.61500	0.06
2025.11.12	13:26:00	4127.58500	4128.34800	4125.25500	4125.84900	0.08
2025.11.12	13:27:00	4125.87900	4127.52900	4125.55900	4127.12900	0.09
2025.11.12	13:28:00	4127.14900	4128.75900	4126.81500	4127.97900	0.07
2025.11.12	13:29:00	4128.01500	4128.76900	4126.89900	4127.25900	0.07
2025.11.12	13:30:00	4127.25900	4128.09900	4126.12500	4127.19500	0.06
2025.11.12	13:31:00	4127.16500	4128.33500	4126.88500	4128.00500	0.05
2025.11.12	13:32:00	4128.02500	4130.13500	4127.94500	4129.95500	0.04
2025.11.12	13:33:00	4129.92500	4130.55500	4129.06500	4130.23500	0.04
2025.11.12	13:34:00	4130.19500	4131.57500	4130.09500	4131.46500	0.04
2025.11.12	13:35:00	4131.44500	4132.43500	4129.32500	4129.32500	0.05
2025.11.12	13:36:00	4129.35500	4130.78500	4128.50500	4130.40500	0.06
2025.11.12	13:37:00	4130.37500	4131.07500	4128.65500	4128.81500	0.03
2025.11.12	13:38:00	4128.79500	4130.48500	4128.16800	4130.48500	0.03
2025.11.12	13:39:00	4130.50500	4130.54500	4128.15500	4128.24500	0.02
2025.11.12	13:40:00	4128.28500	4129.33500	4127.66500	4128.39500	0.04
2025.11.12	13:41:00	4128.36500	4129.88500	4128.20500	4128.88500	0.03
2025.11.12	13:42:00	4128.90500	4130.95500	4128.80500	4130.66500	0.03
2025.11.12	13:43:00	4130.64500	4131.35500	4129.59500	4129.59500	0.03
2025.11.12	13:44:00	4129.63500	4129.65500	4128.23500	4128.85500	0.02
2025.11.12	13:45:00	4128.83500	4129.01500	4127.98500	4128.18500	0.02
2025.11.12	13:46:00	4128.44500	4130.45500	4128.18500	4130.45500	0.03
2025.11.12	13:47:00	4130.37500	4131.29500	4130.02500	4131.09500	0.04
2025.11.12	13:48:00	4131.07500	4131.25500	4129.39500	4130.23500	0.03
2025.11.12	13:49:00	4130.21500	4130.96500	4129.97500	4130.42500	0.02
2025.11.12	13:50:00	4130.38500	4130.38500	4128.60500	4128.64500	0.02
2025.11.12	13:51:00	4128.67500	4129.35500	4126.93500	4126.95500	0.02
2025.11.12	13:52:00	4126.93500	4126.95500	4125.43500	4125.79500	0.03
2025.11.12	13:53:00	4125.81500	4126.61500	4125.03500	4125.20500	0.03
2025.11.12	13:54:00	4125.25500	4125.66500	4124.57500	4124.83500	0.02
2025.11.12	13:55:00	4124.73500	4126.83500	4124.14500	4126.06500	0.04
2025.11.12	13:56:00	4126.09500	4127.48500	4125.93500	4127.10500	0.03
2025.11.12	13:57:00	4127.14500	4127.31500	4125.19500	4125.41500	0.03
2025.11.12	13:58:00	4125.36500	4126.24500	4124.88500	4125.52500	0.03
2025.11.12	13:59:00	4125.54500	4127.41500	4125.50500	4126.97500	0.03
2025.11.12	14:00:00	4127.01500	4128.17500	4126.64500	4127.50500	0.03
2025.11.12	14:01:00	4127.48500	4129.25500	4127.21500	4128.94500	0.04
2025.11.12	14:02:00	4128.96500	4130.21500	4128.92500	4129.10500	0.04
2025.11.12	14:03:00	4129.05500	4131.88500	4129.03500	4131.85500	0.05
2025.11.12	14:04:00	4131.87500	4133.67900	4131.72500	4133.24900	0.07
2025.11.12	14:05:00	4133.28900	4133.28900	4130.60500	4130.89500	0.05
2025.11.12	14:06:00	4130.88500	4133.13500	4130.86500	4133.11500	0.03
2025.11.12	14:07:00	4133.13500	4135.18500	4133.13500	4133.99500	0.05
2025.11.12	14:08:00	4133.96500	4134.71500	4132.65500	4133.45500	0.04
2025.11.12	14:09:00	4133.48500	4135.30500	4133.44500	4134.75500	0.04
2025.11.12	14:10:00	4134.73500	4135.93500	4134.54500	4135.66500	0.03
2025.11.12	14:11:00	4135.63500	4137.55500	4135.63500	4136.74500	0.04
2025.11.12	14:12:00	4136.72500	4137.81500	4136.38500	4136.47500	0.04
2025.11.12	14:13:00	4136.54800	4136.79500	4134.84500	4134.86500	0.05
2025.11.12	14:14:00	4135.05500	4135.32500	4133.60500	4134.95500	0.04
2025.11.12	14:15:00	4134.93500	4135.62500	4134.54500	4134.62500	0.05
2025.11.12	14:16:00	4134.65500	4135.59500	4133.73500	4135.29500	0.03
2025.11.12	14:17:00	4135.27500	4136.40500	4135.14500	4135.39500	0.04
2025.11.12	14:18:00	4135.42500	4135.46500	4133.09500	4133.14500	0.03
2025.11.12	14:19:00	4133.11500	4133.53500	4132.00500	4132.63500	0.03
2025.11.12	14:20:00	4132.60500	4134.35500	4132.32500	4133.34500	0.05
2025.11.12	14:21:00	4133.37500	4133.37500	4131.56500	4132.12500	0.04
2025.11.12	14:22:00	4132.25500	4133.90500	4132.25500	4133.15500	0.03
2025.11.12	14:23:00	4133.20500	4134.25500	4132.24500	4132.24500	0.04
2025.11.12	14:24:00	4132.26500	4133.51500	4131.55500	4132.46500	0.04
2025.11.12	14:25:00	4132.43500	4134.16500	4131.92500	4131.97500	0.04
2025.11.12	14:26:00	4131.95500	4133.25500	4131.88500	4132.16500	0.02
2025.11.12	14:27:00	4132.18500	4132.75500	4131.61500	4131.80500	0.03
2025.11.12	14:28:00	4131.78500	4133.90500	4131.76500	4133.36500	0.04
2025.11.12	14:29:00	4133.31500	4133.58500	4131.62500	4131.64500	0.04
2025.11.12	14:30:00	4131.73500	4134.46500	4129.87500	4133.25500	0.07
2025.11.12	14:31:00	4133.25500	4133.28500	4131.09500	4131.47500	0.06
2025.11.12	14:32:00	4131.45500	4131.45500	4128.97500	4129.46500	0.07
2025.11.12	14:33:00	4129.44500	4129.73500	4126.80500	4127.08500	0.06
2025.11.12	14:34:00	4127.05500	4128.13500	4124.79500	4127.10500	0.07
2025.11.12	14:35:00	4127.14500	4130.65500	4126.68500	4129.22500	0.07
2025.11.12	14:36:00	4129.20500	4133.11500	4129.13500	4133.02500	0.06
2025.11.12	14:37:00	4132.99500	4134.92500	4132.73500	4134.35500	0.06
2025.11.12	14:38:00	4134.39500	4138.25500	4134.27500	4136.18500	0.06
2025.11.12	14:39:00	4136.20500	4136.49500	4135.01500	4135.43500	0.06
2025.11.12	14:40:00	4135.39500	4138.66500	4134.29500	4137.97500	0.07
2025.11.12	14:41:00	4137.97500	4138.75500	4136.41500	4137.02500	0.07
2025.11.12	14:42:00	4137.21500	4137.78500	4135.89800	4137.00500	0.05
2025.11.12	14:43:00	4137.03500	4138.04500	4134.89500	4135.03500	0.05
2025.11.12	14:44:00	4135.05500	4136.37500	4133.42500	4136.03500	0.05
2025.11.12	14:45:00	4136.00500	4136.42500	4133.94500	4134.43500	0.06
2025.11.12	14:46:00	4134.46500	4136.61500	4133.97500	4134.00500	0.06
2025.11.12	14:47:00	4134.03500	4134.86500	4131.65500	4132.15500	0.06
2025.11.12	14:48:00	4132.17500	4134.39500	4131.77500	4132.88500	0.06
2025.11.12	14:49:00	4132.85500	4134.16500	4132.49500	4134.14500	0.04
2025.11.12	14:50:00	4134.54500	4138.61500	4134.41500	4137.09900	0.06
2025.11.12	14:51:00	4137.29800	4139.45500	4137.07500	4137.39500	0.08
2025.11.12	14:52:00	4137.43500	4138.76500	4136.63500	4138.57500	0.05
2025.11.12	14:53:00	4138.59500	4139.24500	4137.93500	4138.94500	0.05
2025.11.12	14:54:00	4139.03500	4139.54500	4138.36500	4139.05500	0.04
2025.11.12	14:55:00	4139.10500	4139.14500	4137.97500	4138.02500	0.04
2025.11.12	14:56:00	4138.10500	4139.92500	4138.03500	4139.78500	0.06
2025.11.12	14:57:00	4139.76500	4139.87500	4135.91900	4136.39900	0.07
2025.11.12	14:58:00	4136.39900	4136.94500	4135.01500	4135.85900	0.10
2025.11.12	14:59:00	4135.85900	4137.27500	4135.43500	4136.39500	0.06
2025.11.12	15:00:00	4136.37500	4136.67500	4134.87800	4136.31500	0.05
2025.11.12	15:01:00	4136.32500	4136.32500	4134.40800	4135.38500	0.06
2025.11.12	15:02:00	4135.61500	4137.52500	4135.25500	4137.43500	0.05
2025.11.12	15:03:00	4137.38500	4140.14500	4137.38500	4139.92500	0.05
2025.11.12	15:04:00	4139.98500	4141.76500	4139.18500	4141.59500	0.06
2025.11.12	15:05:00	4141.65500	4142.23500	4139.92500	4140.93500	0.05
2025.11.12	15:06:00	4140.95500	4142.57500	4140.16500	4142.42500	0.04
2025.11.12	15:07:00	4142.40500	4144.29500	4141.65500	4141.95500	0.05
2025.11.12	15:08:00	4141.98500	4142.97500	4141.32500	4142.60500	0.05
2025.11.12	15:09:00	4142.58500	4144.54500	4142.39500	4143.85500	0.04
2025.11.12	15:10:00	4143.82500	4153.36500	4143.75500	4151.61900	0.09
2025.11.12	15:11:00	4151.45900	4159.20500	4151.32900	4158.13500	0.13
2025.11.12	15:12:00	4158.13500	4158.49900	4155.54900	4155.61800	0.13
2025.11.12	15:13:00	4155.68900	4161.61900	4155.65800	4160.86500	0.14
2025.11.12	15:14:00	4160.81500	4161.99800	4159.77500	4161.69800	0.12
2025.11.12	15:15:00	4161.72500	4162.55500	4159.47800	4161.75500	0.10
2025.11.12	15:16:00	4161.79500	4167.82500	4161.76500	4167.00500	0.11
2025.11.12	15:17:00	4166.98500	4172.33500	4166.46500	4169.63500	0.11
2025.11.12	15:18:00	4169.70900	4170.53900	4167.69800	4168.12800	0.09
2025.11.12	15:19:00	4168.12800	4168.63500	4165.13800	4166.94500	0.11
2025.11.12	15:20:00	4166.91500	4167.18900	4164.25800	4164.45800	0.10
2025.11.12	15:21:00	4164.46800	4164.87900	4159.82500	4161.03500	0.12
2025.11.12	15:22:00	4161.03800	4165.84500	4161.03800	4164.44900	0.14
2025.11.12	15:23:00	4164.44900	4165.11900	4161.86800	4164.62500	0.12
2025.11.12	15:24:00	4164.64500	4166.10900	4164.18800	4164.67900	0.13
2025.11.12	15:25:00	4164.49500	4166.14900	4161.93500	4163.00500	0.11
2025.11.12	15:26:00	4162.96900	4166.22900	4161.81900	4165.89500	0.08
2025.11.12	15:27:00	4165.91500	4168.17500	4164.83500	4168.17500	0.08
2025.11.12	15:28:00	4168.24500	4169.34900	4167.23500	4168.05900	0.12
2025.11.12	15:29:00	4168.08900	4168.10900	4166.27900	4166.35500	0.11
2025.11.12	15:30:00	4166.25800	4168.72900	4165.77800	4168.72900	0.11
2025.11.12	15:31:00	4168.65800	4171.04800	4167.70800	4169.74800	0.13
2025.11.12	15:32:00	4169.74800	4171.37500	4169.56500	4170.91900	0.09
2025.11.12	15:33:00	4170.91900	4176.32900	4170.20500	4175.58500	0.14
2025.11.12	15:34:00	4175.64900	4179.10900	4175.57500	4177.51500	0.14
2025.11.12	15:35:00	4177.48500	4180.19500	4177.26500	4179.18900	0.08
2025.11.12	15:36:00	4179.16900	4179.41500	4176.43900	4177.25900	0.11
2025.11.12	15:37:00	4177.25900	4178.12500	4175.32900	4176.07900	0.10
2025.11.12	15:38:00	4175.92900	4177.12500	4174.75500	4176.50900	0.12
2025.11.12	15:39:00	4176.48900	4177.83500	4176.21500	4176.91900	0.10
2025.11.12	15:40:00	4176.91900	4177.85500	4175.16500	4175.22900	0.09
2025.11.12	15:41:00	4175.25500	4180.14800	4174.47900	4179.76800	0.11
2025.11.12	15:42:00	4179.94800	4180.75500	4178.23500	4179.36500	0.09
2025.11.12	15:43:00	4179.38500	4180.00500	4177.02500	4178.33500	0.07
2025.11.12	15:44:00	4178.36500	4179.12500	4176.31500	4178.51500	0.07
2025.11.12	15:45:00	4178.54500	4179.48500	4176.47900	4178.83500	0.08
2025.11.12	15:46:00	4178.83500	4179.48500	4178.39500	4178.75500	0.05
2025.11.12	15:47:00	4178.77500	4179.08500	4176.08500	4178.03500	0.06
2025.11.12	15:48:00	4178.21500	4182.28500	4178.14500	4181.98500	0.06
2025.11.12	15:49:00	4181.98900	4183.84500	4181.40500	4183.30500	0.08
2025.11.12	15:50:00	4183.33500	4185.41500	4183.17500	4184.15900	0.11
2025.11.12	15:51:00	4184.15900	4184.91500	4180.32800	4180.33900	0.12
2025.11.12	15:52:00	4180.40900	4180.87900	4176.71900	4176.71900	0.12
2025.11.12	15:53:00	4176.61900	4178.16900	4175.39800	4175.98900	0.12
2025.11.12	15:54:00	4175.96900	4178.21900	4174.57800	4175.20900	0.14
2025.11.12	15:55:00	4175.20900	4178.48500	4175.05800	4178.05900	0.15
2025.11.12	15:56:00	4178.10900	4181.35500	4178.01800	4181.35500	0.12
2025.11.12	15:57:00	4181.33500	4181.95500	4180.23500	4181.11900	0.11
2025.11.12	15:58:00	4181.10900	4182.23500	4178.35800	4178.35800	0.11
2025.11.12	15:59:00	4178.38900	4181.43900	4178.38900	4181.10900	0.12
2025.11.12	16:00:00	4181.09500	4182.52500	4179.83500	4181.14500	0.09
2025.11.12	16:01:00	4181.06500	4182.88500	4180.26500	4182.62500	0.10
2025.11.12	16:02:00	4182.59900	4184.74800	4182.24500	4184.52800	0.10
2025.11.12	16:03:00	4184.10500	4185.79800	4184.05900	4185.49800	0.10
2025.11.12	16:04:00	4185.49800	4187.30900	4185.30900	4186.78800	0.10
2025.11.12	16:05:00	4186.83900	4187.65500	4184.65900	4184.97500	0.10
2025.11.12	16:06:00	4184.99500	4186.57500	4184.29500	4185.86500	0.07
2025.11.12	16:07:00	4185.83500	4189.10500	4185.56500	4187.69500	0.09
2025.11.12	16:08:00	4187.65500	4188.07900	4186.75800	4187.61500	0.10
2025.11.12	16:09:00	4187.58500	4187.87800	4185.51500	4186.40500	0.08
2025.11.12	16:10:00	4186.42500	4186.74500	4184.40500	4185.45500	0.09
2025.11.12	16:11:00	4185.48500	4185.60500	4180.32500	4181.38500	0.09
2025.11.12	16:12:00	4181.36500	4183.88500	4181.31500	4183.88500	0.07
2025.11.12	16:13:00	4183.91500	4185.00500	4182.62500	4183.89500	0.08
2025.11.12	16:14:00	4183.91500	4184.28500	4181.71500	4183.70500	0.06
2025.11.12	16:15:00	4183.74500	4187.03500	4183.55500	4185.77500	0.08
2025.11.12	16:16:00	4185.80500	4186.67500	4184.64500	4184.64500	0.06
2025.11.12	16:17:00	4184.66500	4185.85500	4181.34500	4181.84500	0.06
2025.11.12	16:18:00	4181.83500	4183.75500	4181.14500	4183.52500	0.06
2025.11.12	16:19:00	4183.47500	4184.54500	4182.83500	4183.68500	0.06
2025.11.12	16:20:00	4183.75500	4184.39500	4182.40500	4182.47900	0.08
2025.11.12	16:21:00	4182.45500	4183.62500	4180.71500	4181.01900	0.08
2025.11.12	16:22:00	4180.98900	4184.39500	4180.82800	4183.53500	0.08
2025.11.12	16:23:00	4183.55500	4185.04500	4182.60500	4182.94500	0.06
2025.11.12	16:24:00	4182.96500	4184.03500	4181.21500	4183.15500	0.06
2025.11.12	16:25:00	4183.13500	4184.60500	4182.73500	4183.03500	0.05
2025.11.12	16:26:00	4183.00500	4185.56500	4182.79500	4185.56500	0.04
2025.11.12	16:27:00	4185.53500	4185.79500	4184.07900	4184.18900	0.06
2025.11.12	16:28:00	4184.17500	4184.69800	4182.70500	4183.99500	0.06
2025.11.12	16:29:00	4184.01500	4187.54500	4183.79500	4186.77500	0.05
2025.11.12	16:30:00	4186.79500	4189.27500	4186.10500	4189.03900	0.07
2025.11.12	16:31:00	4189.01500	4191.55500	4188.99500	4189.82800	0.08
2025.11.12	16:32:00	4189.98500	4193.68800	4189.90800	4193.66500	0.08
2025.11.12	16:33:00	4193.64500	4194.75500	4191.89800	4194.05500	0.08
2025.11.12	16:34:00	4194.01500	4195.82500	4193.26500	4193.76500	0.07
2025.11.12	16:35:00	4193.91500	4195.09500	4192.04500	4193.34500	0.06
2025.11.12	16:36:00	4193.29500	4193.76500	4191.43500	4192.82800	0.06
2025.11.12	16:37:00	4192.82800	4196.02500	4192.41500	4192.52500	0.07
2025.11.12	16:38:00	4192.55500	4192.88500	4190.45500	4191.65500	0.06
2025.11.12	16:39:00	4191.67500	4191.67500	4187.44500	4187.70500	0.06
2025.11.12	16:40:00	4187.39500	4189.88500	4187.31500	4189.76500	0.07
2025.11.12	16:41:00	4189.78500	4193.82500	4189.42500	4192.54500	0.07
2025.11.12	16:42:00	4192.54500	4194.75500	4192.49500	4193.85500	0.07
2025.11.12	16:43:00	4193.82500	4193.86500	4192.13500	4193.35500	0.06
2025.11.12	16:44:00	4193.33500	4193.53500	4191.96500	4193.19500	0.06
2025.11.12	16:45:00	4193.26500	4194.18500	4191.90500	4192.57500	0.06
2025.11.12	16:46:00	4192.57500	4193.01500	4191.36500	4191.88500	0.06
2025.11.12	16:47:00	4191.90500	4192.06500	4190.03500	4190.04500	0.06
2025.11.12	16:48:00	4190.04500	4190.21500	4187.22500	4188.55500	0.06
2025.11.12	16:49:00	4188.60500	4192.07500	4188.11500	4191.41500	0.07
2025.11.12	16:50:00	4191.43500	4193.13500	4190.45500	4191.28500	0.07
2025.11.12	16:51:00	4191.26500	4191.64500	4190.14500	4191.58500	0.05
2025.11.12	16:52:00	4191.58500	4194.30500	4191.05500	4193.70500	0.07
2025.11.12	16:53:00	4193.70500	4193.96500	4192.83500	4193.26500	0.06
2025.11.12	16:54:00	4193.47500	4195.82500	4193.45500	4194.20500	0.06
2025.11.12	16:55:00	4194.23500	4195.72500	4193.20500	4193.63500	0.07
2025.11.12	16:56:00	4193.60900	4195.42500	4193.55900	4194.48500	0.08
2025.11.12	16:57:00	4194.57500	4194.75500	4193.60500	4194.72900	0.06
2025.11.12	16:58:00	4194.72900	4196.54500	4194.34800	4196.46500	0.10
2025.11.12	16:59:00	4196.43500	4197.54800	4195.55900	4196.16500	0.07
2025.11.12	17:00:00	4196.15500	4199.41500	4195.52500	4198.84500	0.09
2025.11.12	17:01:00	4198.84500	4199.92500	4197.11500	4199.35500	0.08
2025.11.12	17:02:00	4199.35500	4199.35500	4196.96900	4198.26500	0.06
2025.11.12	17:03:00	4198.21500	4201.19900	4198.10500	4200.44800	0.07
2025.11.12	17:04:00	4200.45800	4202.20500	4199.32500	4201.91500	0.10
2025.11.12	17:05:00	4201.91500	4201.92500	4199.24500	4199.62500	0.08
2025.11.12	17:06:00	4199.58500	4199.58500	4197.44500	4198.82500	0.08
2025.11.12	17:07:00	4198.87500	4198.98900	4197.16900	4197.64900	0.08
2025.11.12	17:08:00	4197.66500	4199.28500	4197.30500	4197.73900	0.09
2025.11.12	17:09:00	4197.73900	4199.77500	4197.70900	4199.28500	0.08
2025.11.12	17:10:00	4199.33500	4199.48900	4196.17500	4197.43900	0.09
2025.11.12	17:11:00	4197.49900	4198.73900	4196.45900	4196.66900	0.09
2025.11.12	17:12:00	4196.66900	4197.73900	4195.65900	4197.55900	0.10
2025.11.12	17:13:00	4197.61500	4199.50500	4196.77500	4199.23900	0.10
2025.11.12	17:14:00	4199.20900	4199.43900	4197.97500	4198.57900	0.08
2025.11.12	17:15:00	4198.64900	4199.44900	4198.08500	4198.76900	0.10
2025.11.12	17:16:00	4198.76900	4199.23900	4196.76500	4197.43900	0.10
2025.11.12	17:17:00	4197.49900	4197.82900	4193.35800	4196.08900	0.12
2025.11.12	17:18:00	4196.11900	4196.28900	4192.17900	4193.42500	0.12
2025.11.12	17:19:00	4193.46500	4195.11500	4192.45500	4192.92900	0.12
2025.11.12	17:20:00	4192.90900	4195.88900	4192.90900	4195.71900	0.10
2025.11.12	17:21:00	4195.71900	4195.87900	4193.38800	4194.45900	0.10
2025.11.12	17:22:00	4194.42900	4195.60900	4193.98800	4193.98800	0.10
2025.11.12	17:23:00	4194.03900	4194.93900	4192.62500	4194.36900	0.09
2025.11.12	17:24:00	4194.36900	4197.73900	4194.04900	4197.73900	0.09
2025.11.12	17:25:00	4197.70500	4198.32500	4196.69800	4197.42900	0.08
2025.11.12	17:26:00	4197.42900	4198.01500	4196.15500	4196.95900	0.09
2025.11.12	17:27:00	4196.94900	4198.04900	4196.50500	4197.49800	0.08
2025.11.12	17:28:00	4197.49800	4197.93500	4194.88900	4195.00900	0.08
2025.11.12	17:29:00	4195.00900	4196.27900	4194.68800	4196.22500	0.09
2025.11.12	17:30:00	4196.20900	4198.20500	4195.47900	4198.06500	0.08
2025.11.12	17:31:00	4197.81500	4198.49500	4197.13500	4197.93500	0.08
2025.11.12	17:32:00	4197.90500	4200.19500	4197.90500	4199.69800	0.10
2025.11.12	17:33:00	4199.69800	4201.42500	4199.69800	4201.22500	0.08
2025.11.12	17:34:00	4201.27500	4201.42500	4199.30500	4200.94800	0.08
2025.11.12	17:35:00	4200.92500	4201.99500	4199.86500	4201.93900	0.08
2025.11.12	17:36:00	4201.96500	4203.90500	4200.13900	4200.61500	0.08
2025.11.12	17:37:00	4200.81500	4202.56500	4200.39500	4202.13500	0.08
2025.11.12	17:38:00	4202.14500	4204.53900	4201.66500	4203.72500	0.08
2025.11.12	17:39:00	4203.72500	4205.34800	4202.88900	4204.18500	0.09
2025.11.12	17:40:00	4204.10900	4205.95500	4203.76500	4205.14800	0.07
2025.11.12	17:41:00	4205.14800	4206.25900	4203.89500	4204.03900	0.09
2025.11.12	17:42:00	4204.03900	4204.82900	4202.20900	4204.29800	0.10
2025.11.12	17:43:00	4204.32500	4204.41900	4201.09800	4201.71500	0.09
2025.11.12	17:44:00	4201.71500	4203.49800	4201.69900	4202.39800	0.07
2025.11.12	17:45:00	4202.39800	4202.99900	4201.55500	4201.92900	0.07
2025.11.12	17:46:00	4201.98900	4202.35900	4200.77500	4201.84800	0.08
2025.11.12	17:47:00	4202.04800	4204.29800	4202.01900	4203.19500	0.07
2025.11.12	17:48:00	4203.16500	4203.24500	4201.23900	4202.45900	0.07
2025.11.12	17:49:00	4202.45900	4202.84900	4201.63500	4202.50500	0.07
2025.11.12	17:50:00	4202.47500	4202.50500	4200.16500	4201.43500	0.09
2025.11.12	17:51:00	4201.49500	4201.69500	4199.34900	4199.48900	0.08
2025.11.12	17:52:00	4199.48900	4201.32900	4199.10900	4201.32900	0.09
2025.11.12	17:53:00	4201.24800	4202.29900	4199.94800	4200.65900	0.10
2025.11.12	17:54:00	4200.65900	4202.59500	4200.64800	4201.67900	0.10
2025.11.12	17:55:00	4201.78900	4203.84800	4201.47900	4203.74800	0.08
2025.11.12	17:56:00	4203.74800	4204.24800	4201.94800	4203.24800	0.08
2025.11.12	17:57:00	4203.24800	4203.34800	4200.64800	4200.99900	0.10
2025.11.12	17:58:00	4201.04800	4201.29800	4199.95500	4200.35900	0.08
2025.11.12	17:59:00	4200.38900	4200.78900	4198.85900	4199.29900	0.09
2025.11.12	18:00:00	4199.29900	4201.44800	4199.29900	4200.10900	0.07
2025.11.12	18:01:00	4200.10900	4200.17900	4197.30900	4197.49900	0.08
2025.11.12	18:02:00	4197.49900	4198.20500	4196.21900	4196.77500	0.10
2025.11.12	18:03:00	4196.77500	4197.43500	4192.86500	4192.89500	0.08
2025.11.12	18:04:00	4192.87500	4193.42500	4190.21900	4192.33900	0.14
2025.11.12	18:05:00	4192.51800	4195.52900	4191.61900	4194.19500	0.12
2025.11.12	18:06:00	4194.21500	4194.68900	4191.78500	4192.25900	0.10
2025.11.12	18:07:00	4192.38900	4195.65900	4192.21900	4195.65900	0.11
2025.11.12	18:08:00	4195.64900	4196.13900	4194.60800	4194.89800	0.11
2025.11.12	18:09:00	4194.91900	4196.43900	4194.59800	4194.79800	0.08
2025.11.12	18:10:00	4194.78900	4198.21900	4194.78900	4198.21900	0.10
2025.11.12	18:11:00	4198.21900	4200.02500	4197.87500	4199.24800	0.09
2025.11.12	18:12:00	4199.24800	4200.59900	4198.71500	4198.92900	0.08
2025.11.12	18:13:00	4198.85900	4200.72900	4198.27900	4199.82500	0.07
2025.11.12	18:14:00	4199.85900	4200.28500	4198.96500	4199.58500	0.08
2025.11.12	18:15:00	4199.61500	4199.89900	4197.92500	4199.25900	0.08
2025.11.12	18:16:00	4199.27900	4200.00900	4198.96900	4199.26900	0.08
2025.11.12	18:17:00	4199.27900	4199.84900	4198.03800	4198.65900	0.11
2025.11.12	18:18:00	4198.60900	4199.04900	4197.64900	4198.95900	0.10
2025.11.12	18:19:00	4198.96500	4199.58900	4198.18500	4198.55900	0.11
2025.11.12	18:20:00	4198.59900	4201.20900	4198.52800	4201.09800	0.11
2025.11.12	18:21:00	4201.09800	4201.29800	4199.35900	4200.00900	0.09
2025.11.12	18:22:00	4199.96900	4200.84900	4199.02900	4200.84900	0.12
2025.11.12	18:23:00	4200.84900	4202.72500	4200.81900	4202.66900	0.11
2025.11.12	18:24:00	4202.65900	4204.42900	4202.13500	4203.80900	0.14
2025.11.12	18:25:00	4203.77900	4206.58500	4203.25500	4206.37500	0.10
2025.11.12	18:26:00	4206.37500	4209.19500	4205.52900	4209.08500	0.09
2025.11.12	18:27:00	4209.20500	4211.49500	4209.07500	4210.92500	0.08
2025.11.12	18:28:00	4210.76500	4210.87500	4207.26500	4207.52500	0.08
2025.11.12	18:29:00	4207.58500	4208.47500	4206.13500	4206.46500	0.12
2025.11.12	18:30:00	4206.54900	4209.09500	4206.54900	4208.89500	0.08
2025.11.12	18:31:00	4208.87500	4209.49500	4207.99500	4208.26500	0.07
2025.11.12	18:32:00	4208.28500	4208.63500	4207.45500	4207.92500	0.05
2025.11.12	18:33:00	4208.08500	4208.95500	4207.79500	4208.50500	0.05
2025.11.12	18:34:00	4208.50500	4208.52500	4205.65500	4205.99900	0.06
2025.11.12	18:35:00	4206.33500	4207.85800	4205.98900	4207.79800	0.06
2025.11.12	18:36:00	4207.75900	4209.31500	4207.72800	4207.99500	0.07
2025.11.12	18:37:00	4207.90500	4208.61900	4207.39800	4208.20900	0.04
2025.11.12	18:38:00	4208.19800	4208.69800	4207.11500	4208.39500	0.05
2025.11.12	18:39:00	4208.41500	4210.36500	4208.29900	4210.15500	0.06
2025.11.12	18:40:00	4210.15900	4210.25900	4208.12500	4208.82900	0.06
2025.11.12	18:41:00	4208.84900	4209.27500	4207.96500	4207.99500	0.05
2025.11.12	18:42:00	4207.96500	4208.84500	4207.69500	4208.10500	0.05
2025.11.12	18:43:00	4208.08500	4209.07500	4207.92500	4208.75500	0.05
2025.11.12	18:44:00	4208.75900	4209.07500	4208.09500	4208.27500	0.05
2025.11.12	18:45:00	4208.26500	4209.38500	4208.17900	4209.18500	0.07
2025.11.12	18:46:00	4209.15500	4209.73500	4208.74900	4208.77500	0.06
2025.11.12	18:47:00	4208.75500	4208.90500	4207.78500	4208.81900	0.06
2025.11.12	18:48:00	4208.79500	4209.21900	4208.00500	4208.02900	0.04
2025.11.12	18:49:00	4208.09900	4208.30500	4206.71500	4207.58900	0.04
2025.11.12	18:50:00	4207.67900	4208.07900	4206.71500	4207.76500	0.06
2025.11.12	18:51:00	4207.71500	4208.68500	4207.33500	4208.57500	0.06
2025.11.12	18:52:00	4208.54500	4208.92500	4208.12500	4208.56500	0.06
2025.11.12	18:53:00	4208.58500	4209.06500	4208.03900	4208.59500	0.05
2025.11.12	18:54:00	4208.61500	4208.91500	4208.12500	4208.38900	0.06
2025.11.12	18:55:00	4208.37900	4209.03500	4208.24500	4208.96500	0.07
2025.11.12	18:56:00	4208.94800	4210.17900	4208.19500	4208.23500	0.06
2025.11.12	18:57:00	4208.18500	4208.62500	4207.22500	4208.09900	0.05
2025.11.12	18:58:00	4208.07900	4208.16500	4206.68500	4207.37500	0.06
2025.11.12	18:59:00	4207.42500	4207.54900	4206.34500	4206.63900	0.06
2025.11.12	19:00:00	4206.71500	4208.36500	4206.64500	4207.36500	0.07
2025.11.12	19:01:00	4207.38900	4208.03500	4206.82900	4207.08900	0.06
2025.11.12	19:02:00	4207.35500	4208.51500	4207.17500	4208.25900	0.08
2025.11.12	19:03:00	4208.24500	4209.56900	4208.02500	4209.34900	0.07
2025.11.12	19:04:00	4209.34500	4209.85900	4207.78500	4208.01500	0.06
2025.11.12	19:05:00	4208.03900	4209.07900	4207.24500	4209.07900	0.06
2025.11.12	19:06:00	4209.06900	4209.50900	4207.22900	4207.79900	0.06
2025.11.12	19:07:00	4207.82900	4207.87900	4206.76900	4207.73900	0.06
2025.11.12	19:08:00	4207.74900	4207.83900	4204.77800	4204.93900	0.07
2025.11.12	19:09:00	4204.89900	4206.49900	4204.60800	4206.49900	0.08
2025.11.12	19:10:00	4206.49900	4206.55900	4202.06800	4202.47900	0.10
2025.11.12	19:11:00	4202.47900	4203.08800	4199.88900	4199.88900	0.10
2025.11.12	19:12:00	4199.88900	4200.11900	4195.55500	4197.93500	0.12
2025.11.12	19:13:00	4197.97500	4198.81500	4196.64500	4198.22900	0.09
2025.11.12	19:14:00	4198.29800	4198.36500	4193.80800	4195.46900	0.08
2025.11.12	19:15:00	4195.48900	4197.62900	4195.48900	4197.62900	0.09
2025.11.12	19:16:00	4197.65900	4199.86900	4197.17900	4199.78900	0.08
2025.11.12	19:17:00	4199.80900	4200.04900	4196.89800	4198.13500	0.08
2025.11.12	19:18:00	4198.18500	4198.44900	4196.50500	4197.06900	0.09
2025.11.12	19:19:00	4197.09900	4197.47900	4194.66500	4195.14900	0.08
2025.11.12	19:20:00	4195.14900	4198.25900	4195.14900	4196.95900	0.08
2025.11.12	19:21:00	4196.95900	4197.42900	4194.51500	4195.89900	0.07
2025.11.12	19:22:00	4195.90900	4196.06900	4192.47500	4193.31500	0.08
2025.11.12	19:23:00	4193.27500	4194.23500	4192.16900	4193.62900	0.07
2025.11.12	19:24:00	4193.62900	4193.92900	4192.23900	4193.08900	0.07
2025.11.12	19:25:00	4193.07900	4194.20900	4191.82500	4192.56500	0.07
2025.11.12	19:26:00	4192.52500	4194.62500	4192.07500	4194.48900	0.06
2025.11.12	19:27:00	4194.65500	4194.90500	4193.04500	4194.62500	0.05
2025.11.12	19:28:00	4194.66500	4195.72500	4192.95500	4193.19500	0.05
2025.11.12	19:29:00	4193.22500	4193.97500	4192.57900	4193.95500	0.04
2025.11.12	19:30:00	4193.98500	4197.00500	4193.98500	4196.65500	0.05
2025.11.12	19:31:00	4196.61500	4197.64500	4196.24500	4197.53500	0.04
2025.11.12	19:32:00	4197.47500	4197.55500	4196.42500	4196.67500	0.05
2025.11.12	19:33:00	4196.81500	4199.50500	4196.16500	4199.38500	0.05
2025.11.12	19:34:00	4199.41500	4200.08500	4198.49500	4200.06500	0.05
2025.11.12	19:35:00	4199.99500	4200.01500	4198.39500	4199.22500	0.04
2025.11.12	19:36:00	4199.22500	4200.16500	4199.04800	4199.42500	0.03
2025.11.12	19:37:00	4199.42500	4199.86500	4199.01500	4199.01500	0.03
2025.11.12	19:38:00	4199.01500	4199.15500	4197.49500	4197.61900	0.03
2025.11.12	19:39:00	4197.62500	4198.29500	4196.13900	4196.33500	0.05
2025.11.12	19:40:00	4196.36500	4196.47500	4194.85500	4195.09500	0.06
2025.11.12	19:41:00	4195.45800	4195.80500	4194.15500	4194.53900	0.07
2025.11.12	19:42:00	4194.53900	4195.16500	4193.79500	4194.23900	0.06
2025.11.12	19:43:00	4194.23900	4197.09800	4193.79800	4196.79800	0.06
2025.11.12	19:44:00	4196.79800	4196.79800	4194.29800	4194.79800	0.05
2025.11.12	19:45:00	4194.78500	4197.59800	4194.56500	4196.69800	0.06
2025.11.12	19:46:00	4196.69800	4198.49800	4196.49500	4197.59800	0.05
2025.11.12	19:47:00	4197.61900	4198.54900	4197.12500	4198.54800	0.06
2025.11.12	19:48:00	4198.45500	4198.64800	4197.54800	4198.54800	0.04
2025.11.12	19:49:00	4198.54800	4198.74800	4197.49800	4197.59800	0.05
2025.11.12	19:50:00	4197.61900	4197.99800	4195.25900	4195.34800	0.08
2025.11.12	19:51:00	4195.36900	4196.45900	4195.24900	4196.14900	0.09
2025.11.12	19:52:00	4196.14900	4197.99800	4195.84900	4197.90500	0.08
2025.11.12	19:53:00	4197.90500	4199.10500	4197.09800	4199.08500	0.06
2025.11.12	19:54:00	4199.06500	4199.64500	4198.71500	4199.34900	0.04
2025.11.12	19:55:00	4199.25500	4199.33500	4197.30500	4197.35900	0.06
2025.11.12	19:56:00	4197.35900	4197.57500	4196.02900	4197.20900	0.07
2025.11.12	19:57:00	4197.20900	4197.41500	4195.00900	4195.67900	0.08
2025.11.12	19:58:00	4195.65900	4196.53500	4195.02900	4195.90500	0.09
2025.11.12	19:59:00	4195.93900	4197.27900	4195.83900	4197.22900	0.08
2025.11.12	20:00:00	4197.17900	4197.37500	4195.39500	4195.68500	0.04
2025.11.12	20:01:00	4195.70500	4196.98500	4194.68500	4195.28500	0.03
2025.11.12	20:02:00	4195.32500	4195.95500	4193.58500	4195.11500	0.03
2025.11.12	20:03:00	4195.25500	4196.77500	4195.07500	4195.97500	0.03
2025.11.12	20:04:00	4195.93500	4197.46500	4195.84500	4197.15500	0.03
2025.11.12	20:05:00	4197.17500	4197.17500	4195.57500	4195.78500	0.04
2025.11.12	20:06:00	4195.78500	4195.78500	4192.09500	4192.53500	0.04
2025.11.12	20:07:00	4192.50500	4193.26500	4191.54500	4191.77500	0.04
2025.11.12	20:08:00	4191.74500	4195.82500	4190.30500	4195.75500	0.06
2025.11.12	20:09:00	4195.88500	4196.71500	4194.94500	4194.99500	0.05
2025.11.12	20:10:00	4194.82500	4196.90500	4194.79500	4196.24500	0.04
2025.11.12	20:11:00	4196.22500	4197.79500	4195.50500	4197.34500	0.06
2025.11.12	20:12:00	4197.35500	4197.35500	4195.60500	4196.92500	0.05
2025.11.12	20:13:00	4196.90500	4197.17500	4196.43500	4196.96500	0.03
2025.11.12	20:14:00	4196.96500	4197.45500	4196.50500	4197.33500	0.03
2025.11.12	20:15:00	4197.40500	4199.41500	4197.01500	4198.43500	0.04
2025.11.12	20:16:00	4198.46500	4198.46500	4195.08500	4195.18500	0.04
2025.11.12	20:17:00	4195.13500	4196.78500	4194.93500	4196.13500	0.03
2025.11.12	20:18:00	4196.11500	4196.28500	4195.07500	4195.16500	0.03
2025.11.12	20:19:00	4195.13500	4196.09500	4195.01500	4195.71500	0.04
2025.11.12	20:20:00	4195.69500	4197.54800	4195.52500	4196.56500	0.04
2025.11.12	20:21:00	4196.59500	4197.58500	4196.11500	4196.19500	0.02
2025.11.12	20:22:00	4196.21500	4196.26500	4194.56500	4194.63500	0.03
2025.11.12	20:23:00	4194.63500	4195.03500	4193.67500	4194.19500	0.04
2025.11.12	20:24:00	4194.22500	4195.26500	4193.71500	4194.46500	0.05
2025.11.12	20:25:00	4194.41500	4194.88500	4193.87500	4194.61500	0.03
2025.11.12	20:26:00	4194.64800	4195.34500	4193.76500	4194.54800	0.04
2025.11.12	20:27:00	4194.54800	4195.49800	4194.24800	4195.00500	0.04
2025.11.12	20:28:00	4195.10500	4195.10500	4194.25500	4194.61500	0.06
2025.11.12	20:29:00	4194.58500	4195.66500	4194.44500	4195.17500	0.04
2025.11.12	20:30:00	4195.23500	4195.27500	4193.35500	4193.55500	0.05
2025.11.12	20:31:00	4193.50500	4194.96500	4193.37500	4194.83500	0.05
2025.11.12	20:32:00	4194.83500	4196.73500	4194.71500	4196.46500	0.04
2025.11.12	20:33:00	4196.46500	4197.26500	4195.10800	4195.52500	0.04
2025.11.12	20:34:00	4195.52500	4195.89500	4194.07500	4194.76500	0.03
2025.11.12	20:35:00	4194.39500	4194.84500	4194.02500	4194.53500	0.04
2025.11.12	20:36:00	4194.54500	4194.65500	4192.65500	4192.88500	0.05
2025.11.12	20:37:00	4192.90500	4193.77500	4191.82500	4192.14500	0.05
2025.11.12	20:38:00	4192.09500	4193.51500	4191.59800	4192.70500	0.05
2025.11.12	20:39:00	4192.66500	4193.55500	4192.44500	4193.13500	0.04
2025.11.12	20:40:00	4193.39500	4194.48500	4193.36500	4194.24500	0.04
2025.11.12	20:41:00	4194.21500	4194.96500	4193.85500	4194.88500	0.05
2025.11.12	20:42:00	4194.86500	4195.28500	4193.19500	4194.13500	0.04
2025.11.12	20:43:00	4194.09500	4194.09500	4192.77500	4193.66500	0.04
2025.11.12	20:44:00	4193.66500	4195.41500	4193.65500	4195.36500	0.04
2025.11.12	20:45:00	4195.38500	4196.26500	4194.79500	4195.84500	0.04
2025.11.12	20:46:00	4195.87500	4195.87500	4194.61500	4194.85500	0.12
2025.11.12	20:47:00	4194.88500	4194.92500	4193.81500	4194.33500	0.09
2025.11.12	20:48:00	4194.31500	4194.49500	4193.69800	4193.75500	0.13
2025.11.12	20:49:00	4193.78500	4194.40500	4193.49800	4193.53800	0.12
2025.11.12	20:50:00	4193.33500	4195.09500	4193.17500	4195.04500	0.12
2025.11.12	20:51:00	4195.00500	4197.35500	4195.00500	4196.94500	0.05
2025.11.12	20:52:00	4196.91500	4198.66500	4196.48800	4197.66500	0.07
2025.11.12	20:53:00	4197.56500	4199.20500	4196.89800	4197.17500	0.06
2025.11.12	20:54:00	4197.17500	4197.24500	4195.19500	4195.61500	0.06
2025.11.12	20:55:00	4195.73500	4196.67500	4194.99500	4196.25500	0.05
2025.11.12	20:56:00	4196.25500	4196.63500	4195.41500	4195.54500	0.04
2025.11.12	20:57:00	4195.54500	4195.70500	4194.25500	4195.24500	0.06
2025.11.12	20:58:00	4195.33500	4195.72500	4194.56500	4194.77500	0.05
2025.11.12	20:59:00	4194.70500	4196.30500	4194.23500	4195.71500	0.05
2025.11.12	21:00:00	4195.74500	4196.19800	4194.07500	4195.59800	0.03
2025.11.12	21:01:00	4195.99800	4196.89800	4195.64500	4195.84800	0.02
2025.11.12	21:02:00	4195.84800	4195.99500	4194.94500	4195.61500	0.02
2025.11.12	21:03:00	4195.61500	4195.94500	4194.79800	4194.89800	0.02
2025.11.12	21:04:00	4194.89800	4194.92500	4193.77500	4194.19800	0.02
2025.11.12	21:05:00	4194.12500	4194.80500	4193.94500	4194.69800	0.02
2025.11.12	21:06:00	4194.79800	4195.39800	4194.59800	4195.19800	0.02
2025.11.12	21:07:00	4195.29800	4195.69800	4194.87500	4195.59800	0.01
2025.11.12	21:08:00	4195.69800	4196.39800	4195.48500	4196.10500	0.01
2025.11.12	21:09:00	4196.15500	4196.54800	4195.54800	4195.94800	0.01
2025.11.12	21:10:00	4195.84800	4195.84800	4194.54800	4195.25500	0.01
2025.11.12	21:11:00	4195.25500	4195.31500	4192.68500	4192.78500	0.02
2025.11.12	21:12:00	4192.73500	4193.74500	4192.69500	4193.24500	0.01
2025.11.12	21:13:00	4193.21500	4193.39800	4192.39800	4193.30500	0.02
2025.11.12	21:14:00	4193.30500	4193.39800	4192.49800	4192.49800	0.01
2025.11.12	21:15:00	4192.52500	4192.79500	4190.72500	4190.95500	0.02
2025.11.12	21:16:00	4190.92500	4192.59800	4190.92500	4192.44500	0.02
2025.11.12	21:17:00	4192.47500	4193.11500	4192.33500	4192.69500	0.01
2025.11.12	21:18:00	4192.69500	4194.64800	4192.55500	4194.34800	0.01
2025.11.12	21:19:00	4194.18500	4194.19500	4193.07500	4193.19500	0.01
2025.11.12	21:20:00	4193.16500	4193.24800	4192.17500	4192.23500	0.01
2025.11.12	21:21:00	4192.25500	4193.27500	4192.25500	4192.44800	0.01
2025.11.12	21:22:00	4192.47500	4193.77500	4192.14800	4193.64800	0.01
2025.11.12	21:23:00	4193.64800	4194.54800	4193.64800	4194.54800	0.01
2025.11.12	21:24:00	4194.44800	4195.74800	4194.15500	4195.54800	0.01
2025.11.12	21:25:00	4195.44800	4196.44800	4195.34800	4196.04800	0.02
2025.11.12	21:26:00	4196.24800	4196.24800	4195.94500	4196.04800	0.00
2025.11.12	21:27:00	4195.74800	4196.14800	4195.61500	4196.14800	0.01
2025.11.12	21:28:00	4196.34800	4197.34800	4196.24800	4196.89800	0.01
2025.11.12	21:29:00	4196.89800	4198.09800	4196.89800	4197.34500	0.02
2025.11.12	21:30:00	4197.49800	4198.34500	4197.49800	4198.34500	0.01
2025.11.12	21:31:00	4198.31500	4200.12500	4198.15500	4200.12500	0.02
2025.11.12	21:32:00	4200.13500	4201.84500	4199.82500	4201.68500	0.02
2025.11.12	21:33:00	4201.68500	4201.79500	4199.72500	4199.75500	0.02
2025.11.12	21:34:00	4199.72500	4199.85500	4198.24500	4198.33500	0.02
2025.11.12	21:35:00	4198.30500	4198.51500	4197.24500	4197.65500	0.01
2025.11.12	21:36:00	4197.61500	4199.10500	4197.41500	4199.05500	0.02
2025.11.12	21:37:00	4199.09800	4199.19500	4198.38500	4198.73500	0.01
2025.11.12	21:38:00	4198.77500	4198.81500	4198.33500	4198.68500	0.01
2025.11.12	21:39:00	4198.68500	4198.68500	4197.35500	4197.52500	0.01
2025.11.12	21:40:00	4197.54500	4197.57500	4196.31500	4197.18500	0.01
2025.11.12	21:41:00	4197.23500	4197.35500	4196.38500	4196.90500	0.01
2025.11.12	21:42:00	4196.88500	4197.22500	4196.77500	4196.94500	0.01
2025.11.12	21:43:00	4196.91500	4197.04500	4196.61500	4196.92500	0.01
2025.11.12	21:44:00	4196.90500	4197.41500	4196.84500	4197.16500	0.01
2025.11.12	21:45:00	4197.14500	4197.14500	4196.35500	4196.50500	0.01
2025.11.12	21:46:00	4196.52500	4197.00500	4196.11500	4197.00500	0.01
2025.11.12	21:47:00	4196.95500	4198.34500	4196.87500	4197.80500	0.01
2025.11.12	21:48:00	4197.76500	4199.30500	4197.76500	4198.99800	0.01
2025.11.12	21:49:00	4199.03500	4199.26500	4198.12500	4198.44500	0.01
2025.11.12	21:50:00	4198.40500	4198.40500	4196.44500	4196.90500	0.01
2025.11.12	21:51:00	4196.87500	4197.57500	4196.80500	4197.54500	0.01
2025.11.12	21:52:00	4197.48500	4198.63500	4197.16500	4198.30500	0.01
2025.11.12	21:53:00	4198.34500	4198.78500	4197.61500	4198.04800	0.01
2025.11.12	21:54:00	4198.32500	4198.32500	4196.20500	4196.38500	0.01
2025.11.12	21:55:00	4196.36500	4196.36500	4194.48500	4194.84500	0.02
2025.11.12	21:56:00	4194.84500	4195.17500	4194.14500	4194.17500	0.01
2025.11.12	21:57:00	4194.24500	4194.75500	4194.16500	4194.19500	0.01
2025.11.12	21:58:00	4194.21500	4195.53500	4193.89500	4195.04800	0.01
2025.11.12	21:59:00	4195.29500	4195.38500	4194.54500	4194.60500	0.01
2025.11.12	23:00:00	4194.27500	4204.24800	4193.61500	4202.74800	0.04
2025.11.12	23:01:00	4202.74800	4202.90500	4200.60500	4200.94800	0.02
2025.11.12	23:02:00	4200.94800	4204.93500	4200.60500	4204.27500	0.05
2025.11.12	23:03:00	4204.23500	4205.34800	4202.69800	4203.04800	0.03
2025.11.12	23:04:00	4202.54800	4203.59800	4201.09800	4202.24800	0.03
2025.11.12	23:05:00	4202.24800	4205.79800	4202.24800	4204.59800	0.03
2025.11.12	23:06:00	4203.99800	4205.39800	4202.70500	4204.64800	0.02
2025.11.12	23:07:00	4204.54800	4204.64800	4201.67500	4203.34800	0.01
2025.11.12	23:08:00	4203.34800	4206.14800	4203.21500	4206.14800	0.02
2025.11.12	23:09:00	4206.14800	4206.79800	4205.24800	4206.79800	0.02
2025.11.12	23:10:00	4206.49800	4208.17800	4202.09800	4203.04800	0.15
2025.11.12	23:11:00	4203.04800	4203.14800	4201.49800	4202.04800	0.02
2025.11.12	23:12:00	4201.94800	4203.19800	4201.34800	4202.79800	0.02
2025.11.12	23:13:00	4202.59800	4202.79800	4198.25800	4198.60500	0.03
2025.11.12	23:14:00	4198.29800	4198.60500	4197.04500	4198.33500	0.02
2025.11.12	23:15:00	4198.53500	4199.82500	4198.00000	4199.50500	0.03
2025.11.12	23:16:00	4199.55500	4199.55500	4198.71800	4199.46500	0.01
2025.11.12	23:17:00	4199.46500	4199.55500	4197.23800	4197.34800	0.02
2025.11.12	23:18:00	4197.33800	4197.93800	4196.22800	4197.36800	0.02
2025.11.12	23:19:00	4197.36800	4197.92800	4196.65800	4196.69800	0.02
2025.11.12	23:20:00	4196.69800	4196.82800	4194.78800	4194.78800	0.02
2025.11.12	23:21:00	4194.78800	4195.81800	4193.76800	4195.49800	0.03
2025.11.12	23:22:00	4195.52800	4195.94800	4194.36800	4195.29800	0.01
2025.11.12	23:23:00	4195.32800	4195.32800	4194.13500	4194.93800	0.03
2025.11.12	23:24:00	4195.00800	4195.07800	4193.45800	4193.54800	0.02
2025.11.12	23:25:00	4193.54800	4195.99800	4193.54800	4195.45800	0.02
2025.11.12	23:26:00	4195.41500	4195.47800	4194.43800	4195.44500	0.02
2025.11.12	23:27:00	4195.34500	4196.77800	4195.34500	4196.41500	0.01
2025.11.12	23:28:00	4196.50800	4197.38500	4196.50800	4196.79500	0.01
2025.11.12	23:29:00	4196.59500	4196.59500	4195.36500	4195.69500	0.01
2025.11.12	23:30:00	4195.73500	4195.84500	4193.81500	4194.64500	0.01
2025.11.12	23:31:00	4194.62500	4194.68500	4193.14500	4193.55500	0.01
2025.11.12	23:32:00	4193.57500	4194.06500	4192.91500	4193.10500	0.01
2025.11.12	23:33:00	4193.14500	4194.37500	4192.87500	4194.30500	0.01
2025.11.12	23:34:00	4194.32500	4194.37500	4193.34500	4193.44500	0.01
2025.11.12	23:35:00	4193.46500	4193.90500	4192.75500	4192.98500	0.01
2025.11.12	23:36:00	4193.01500	4193.04500	4192.44500	4192.70500	0.01
2025.11.12	23:37:00	4192.72500	4192.72500	4191.80500	4192.34500	0.01
2025.11.12	23:38:00	4192.32500	4192.98500	4189.02500	4189.08500	0.02
2025.11.12	23:39:00	4189.13500	4189.68500	4188.37500	4188.83500	0.02
2025.11.12	23:40:00	4188.85500	4189.02500	4187.59800	4187.59800	0.08
2025.11.12	23:41:00	4187.59800	4188.44500	4187.59800	4188.05500	0.04
2025.11.12	23:42:00	4188.03500	4188.91500	4187.00500	4188.90500	0.07
2025.11.12	23:43:00	4188.92500	4191.07500	4188.92500	4190.27500	0.02
2025.11.12	23:44:00	4190.24500	4190.72500	4189.61500	4190.72500	0.01
2025.11.12	23:45:00	4190.70500	4191.36500	4190.28500	4190.87500	0.02
2025.11.12	23:46:00	4190.71500	4192.53500	4190.66500	4191.12500	0.02
2025.11.12	23:47:00	4191.37500	4191.55500	4190.39500	4190.79500	0.02
2025.11.12	23:48:00	4190.78500	4192.60500	4190.75500	4192.26500	0.02
2025.11.12	23:49:00	4192.26500	4192.57500	4190.98500	4191.12500	0.02
2025.11.12	23:50:00	4191.12500	4191.64500	4189.03500	4189.05500	0.01
2025.11.12	23:51:00	4189.09500	4190.32500	4188.88500	4189.38500	0.02
2025.11.12	23:52:00	4189.35500	4191.21500	4189.21500	4190.89500	0.01
2025.11.12	23:53:00	4190.93500	4192.19500	4190.93500	4191.46500	0.01
2025.11.12	23:54:00	4191.49500	4192.19500	4191.32500	4192.07500	0.01
2025.11.12	23:55:00	4192.07500	4192.58500	4192.02500	4192.55500	0.01
2025.11.12	23:56:00	4192.54500	4193.18500	4191.38500	4191.48500	0.02
2025.11.12	23:57:00	4191.44500	4191.44500	4190.67500	4190.99500	0.01
2025.11.12	23:58:00	4191.01500	4191.58500	4190.59500	4190.60500	0.01
2025.11.12	23:59:00	4190.60500	4191.21500	4190.44500	4190.97500	0.01
2025.11.13	00:00:00	4190.96500	4191.98500	4189.34500	4189.73500	0.02
2025.11.13	00:01:00	4189.44500	4190.51500	4189.05500	4189.24500	0.02
2025.11.13	00:02:00	4189.22500	4189.60500	4187.86500	4188.05500	0.03
2025.11.13	00:03:00	4188.12500	4189.14500	4187.94500	4187.99500	0.02
2025.11.13	00:04:00	4188.09500	4188.38500	4187.73500	4188.27500	0.01
2025.11.13	00:05:00	4188.22500	4189.31500	4187.40500	4189.07500	0.02
2025.11.13	00:06:00	4189.12500	4189.88500	4189.04500	4189.86500	0.01
2025.11.13	00:07:00	4189.80500	4190.09500	4188.97500	4189.14500	0.01
2025.11.13	00:08:00	4189.12500	4189.26500	4187.15500	4187.48500	0.02
2025.11.13	00:09:00	4187.45500	4188.26500	4187.45500	4188.22500	0.01
2025.11.13	00:10:00	4188.19500	4188.47500	4187.57500	4187.74500	0.01
2025.11.13	00:11:00	4187.71500	4187.71500	4187.21500	4187.43500	0.02
2025.11.13	00:12:00	4187.37500	4187.79500	4185.70900	4187.12500	0.03
2025.11.13	00:13:00	4187.02500	4189.86500	4187.02500	4189.64500	0.02
2025.11.13	00:14:00	4189.71500	4190.66500	4187.49500	4187.90500	0.03
2025.11.13	00:15:00	4187.87500	4188.95500	4187.13500	4188.30500	0.02
2025.11.13	00:16:00	4188.19500	4188.43500	4187.84500	4187.98500	0.01
2025.11.13	00:17:00	4187.95500	4189.25500	4187.34500	4189.22500	0.01
2025.11.13	00:18:00	4189.19500	4190.00500	4188.67500	4189.75500	0.01
2025.11.13	00:19:00	4189.80500	4190.68500	4189.24500	4190.62500	0.02
2025.11.13	00:20:00	4190.58500	4191.29500	4190.45800	4191.05500	0.02
2025.11.13	00:21:00	4191.09500	4191.81500	4190.72500	4191.70500	0.01
2025.11.13	00:22:00	4192.09500	4192.29500	4190.65500	4192.04500	0.02
2025.11.13	00:23:00	4192.04500	4193.62500	4192.04500	4193.50500	0.02
2025.11.13	00:24:00	4193.50500	4193.50500	4192.74500	4193.38500	0.01
2025.11.13	00:25:00	4193.36500	4193.96500	4192.57500	4192.57500	0.01
2025.11.13	00:26:00	4192.45500	4193.04500	4192.27500	4192.97500	0.01
2025.11.13	00:27:00	4193.00500	4193.04500	4191.83500	4192.33500	0.01
2025.11.13	00:28:00	4192.35500	4192.61500	4191.35500	4191.89500	0.01
2025.11.13	00:29:00	4191.87500	4192.91500	4191.81500	4192.60500	0.01
2025.11.13	00:30:00	4192.62500	4196.45500	4192.49500	4196.33500	0.05
2025.11.13	00:31:00	4196.36500	4197.92500	4195.92500	4197.56500	0.03
2025.11.13	00:32:00	4197.58500	4198.82500	4197.22500	4197.64500	0.04
2025.11.13	00:33:00	4198.16500	4198.51500	4197.15500	4198.36500	0.03
2025.11.13	00:34:00	4198.38500	4199.73500	4198.01500	4198.97500	0.03
2025.11.13	00:35:00	4199.03500	4201.00500	4198.40500	4200.67500	0.04
2025.11.13	00:36:00	4200.59500	4202.14500	4199.27500	4201.80500	0.04
2025.11.13	00:37:00	4201.73500	4202.24500	4200.47500	4202.21500	0.03
2025.11.13	00:38:00	4202.25500	4205.57500	4202.24500	4205.28500	0.03
2025.11.13	00:39:00	4204.90500	4205.88500	4203.78500	4204.48500	0.03
2025.11.13	00:40:00	4204.52500	4205.02500	4201.74800	4203.37500	0.03
2025.11.13	00:41:00	4203.64500	4203.78500	4200.78500	4201.41500	0.03
2025.11.13	00:42:00	4201.44500	4201.70500	4199.50500	4200.32500	0.03
2025.11.13	00:43:00	4200.38500	4201.40500	4198.86500	4200.26500	0.03
2025.11.13	00:44:00	4200.24500	4201.77500	4199.01500	4201.77500	0.02
2025.11.13	00:45:00	4201.74500	4202.63500	4200.19500	4200.78500	0.03
2025.11.13	00:46:00	4200.86500	4201.08500	4199.82500	4200.02500	0.02
2025.11.13	00:47:00	4200.01500	4200.44500	4198.21500	4199.46500	0.03
2025.11.13	00:48:00	4199.49500	4201.14500	4198.84500	4200.45500	0.03
2025.11.13	00:49:00	4200.43500	4200.96500	4199.00500	4200.12500	0.03
2025.11.13	00:50:00	4199.89800	4203.60500	4199.82500	4202.97500	0.05
2025.11.13	00:51:00	4203.01500	4203.64500	4201.81500	4203.52500	0.04
2025.11.13	00:52:00	4203.48500	4204.27500	4202.79500	4204.27500	0.04
2025.11.13	00:53:00	4204.27500	4205.75500	4204.06500	4205.40500	0.03
2025.11.13	00:54:00	4205.48500	4208.23500	4205.41500	4207.12500	0.04
2025.11.13	00:55:00	4207.10500	4208.46500	4206.51500	4208.23500	0.03
2025.11.13	00:56:00	4208.25500	4208.72500	4205.65500	4205.83500	0.03
2025.11.13	00:57:00	4205.81500	4205.81500	4204.11500	4204.30500	0.02
2025.11.13	00:58:00	4204.33500	4206.93500	4203.91500	4206.91500	0.03
2025.11.13	00:59:00	4206.87500	4207.92500	4205.39500	4205.71500	0.03
2025.11.13	01:00:00	4205.73500	4209.02500	4202.63500	4202.63500	0.07
2025.11.13	01:01:00	4202.58500	4203.07500	4200.49500	4201.98500	0.06
2025.11.13	01:02:00	4201.97500	4202.49500	4199.69500	4202.40500	0.06
2025.11.13	01:03:00	4202.42500	4203.46500	4199.48500	4199.64500	0.08
2025.11.13	01:04:00	4199.62500	4201.03500	4198.08500	4198.09500	0.05
2025.11.13	01:05:00	4198.04500	4199.56500	4196.73500	4199.38500	0.05
2025.11.13	01:06:00	4199.35500	4200.36500	4195.66500	4195.91500	0.06
2025.11.13	01:07:00	4195.88500	4195.88500	4193.76500	4195.42500	0.05
2025.11.13	01:08:00	4195.45500	4195.93500	4193.50500	4194.00500	0.04
2025.11.13	01:09:00	4193.98500	4195.90500	4193.59500	4195.33500	0.04
2025.11.13	01:10:00	4195.27500	4195.85500	4193.86500	4195.71500	0.04
2025.11.13	01:11:00	4195.62500	4195.72500	4194.39800	4195.07500	0.04
2025.11.13	01:12:00	4195.22500	4195.36500	4190.99800	4190.99800	0.04
2025.11.13	01:13:00	4190.99800	4192.84800	4190.59800	4190.85500	0.05
2025.11.13	01:14:00	4190.54800	4191.89800	4189.84800	4190.79800	0.08
2025.11.13	01:15:00	4190.79800	4190.89800	4187.37500	4187.67500	0.11
2025.11.13	01:16:00	4187.67500	4189.00800	4185.96800	4187.48800	0.16
2025.11.13	01:17:00	4187.50800	4187.76500	4181.82800	4182.17500	0.15
2025.11.13	01:18:00	4182.15500	4183.26500	4179.92500	4180.44500	0.06
2025.11.13	01:19:00	4180.72500	4183.31500	4179.62500	4183.29500	0.05
2025.11.13	01:20:00	4183.27500	4187.52500	4183.26500	4187.44500	0.04
2025.11.13	01:21:00	4187.41500	4187.44800	4183.86500	4186.18500	0.04
2025.11.13	01:22:00	4186.24800	4188.02500	4186.24800	4187.26500	0.04
2025.11.13	01:23:00	4187.29500	4189.63500	4187.16500	4189.63500	0.04
2025.11.13	01:24:00	4189.66500	4190.57500	4188.20500	4190.57500	0.04
2025.11.13	01:25:00	4190.67500	4190.67500	4187.89500	4188.00500	0.04
2025.11.13	01:26:00	4187.97500	4189.09500	4185.13500	4185.59500	0.05
2025.11.13	01:27:00	4185.39500	4187.35500	4184.16500	4185.15500	0.04
2025.11.13	01:28:00	4185.18500	4186.83500	4184.37500	4186.69800	0.05
2025.11.13	01:29:00	4186.69800	4188.23500	4185.92500	4187.60500	0.04
2025.11.13	01:30:00	4187.62500	4188.31500	4185.00500	4185.32500	0.04
2025.11.13	01:31:00	4185.39800	4185.59800	4182.59800	4182.59800	0.05
2025.11.13	01:32:00	4182.69800	4183.39800	4180.32500	4180.32500	0.05
2025.11.13	01:33:00	4180.30500	4186.09800	4180.19500	4186.09800	0.06
2025.11.13	01:34:00	4186.09800	4187.19800	4184.29800	4186.36500	0.04
2025.11.13	01:35:00	4186.34500	4187.69800	4185.59800	4186.32500	0.05
2025.11.13	01:36:00	4186.37500	4187.07500	4184.95500	4185.77500	0.07
2025.11.13	01:37:00	4185.73500	4188.95500	4185.39800	4188.10500	0.06
2025.11.13	01:38:00	4188.11500	4189.96500	4187.21500	4188.19800	0.05
2025.11.13	01:39:00	4188.29800	4189.94500	4186.39800	4186.94500	0.05
2025.11.13	01:40:00	4186.81500	4189.58500	4186.57500	4188.98500	0.04
2025.11.13	01:41:00	4188.98500	4189.65500	4188.17800	4188.52500	0.04
2025.11.13	01:42:00	4188.53500	4190.10500	4187.53500	4188.77500	0.05
2025.11.13	01:43:00	4188.90500	4190.04500	4188.79500	4189.93500	0.03
2025.11.13	01:44:00	4189.96500	4190.28500	4187.58500	4188.18500	0.03
2025.11.13	01:45:00	4188.16500	4188.74500	4185.94800	4186.11500	0.03
2025.11.13	01:46:00	4186.14500	4186.14500	4183.11800	4184.29800	0.04
2025.11.13	01:47:00	4184.24500	4186.02500	4182.11500	4182.11500	0.05
2025.11.13	01:48:00	4181.81500	4185.85500	4181.50500	4185.13500	0.03
2025.11.13	01:49:00	4185.11500	4188.12500	4185.11500	4187.50500	0.03
2025.11.13	01:50:00	4187.47500	4188.23500	4185.26500	4187.74500	0.04
2025.11.13	01:51:00	4187.77500	4188.88500	4186.52500	4187.45500	0.04
2025.11.13	01:52:00	4187.48500	4188.27500	4187.24500	4187.76500	0.02
2025.11.13	01:53:00	4187.74500	4190.52500	4187.66500	4190.46500	0.03
2025.11.13	01:54:00	4190.67500	4190.67500	4187.56500	4188.44500	0.03
2025.11.13	01:55:00	4188.20500	4188.60500	4186.40500	4188.40500	0.03
2025.11.13	01:56:00	4188.35500	4191.17500	4188.01500	4191.01500	0.04
2025.11.13	01:57:00	4190.98500	4193.34500	4190.92500	4193.32500	0.04
2025.11.13	01:58:00	4193.29500	4193.41500	4191.96500	4193.15500	0.04
2025.11.13	01:59:00	4193.17500	4193.79500	4191.50500	4191.99500	0.03
2025.11.13	02:00:00	4191.94500	4192.47500	4190.07500	4190.30500	0.07
2025.11.13	02:01:00	4190.28500	4194.48500	4189.93500	4194.48500	0.04
2025.11.13	02:02:00	4194.46500	4195.58500	4193.89500	4194.63500	0.04
2025.11.13	02:03:00	4194.65500	4195.47500	4193.28500	4193.94500	0.03
2025.11.13	02:04:00	4193.92500	4194.31500	4193.29500	4193.56500	0.03
2025.11.13	02:05:00	4193.54500	4193.56500	4190.08500	4191.45500	0.05
2025.11.13	02:06:00	4191.25500	4191.27500	4188.21500	4190.23500	0.04
2025.11.13	02:07:00	4190.21500	4192.39500	4189.16500	4190.89500	0.04
2025.11.13	02:08:00	4190.85500	4194.64500	4190.85500	4194.06500	0.03
2025.11.13	02:09:00	4194.10500	4195.66500	4194.10500	4195.01500	0.03
2025.11.13	02:10:00	4195.03500	4195.08500	4193.29500	4193.31500	0.03
2025.11.13	02:11:00	4193.29500	4193.68500	4191.86500	4192.48500	0.03
2025.11.13	02:12:00	4192.50500	4192.97500	4191.39500	4191.81500	0.03
2025.11.13	02:13:00	4191.84500	4194.91500	4191.84500	4194.69500	0.02
2025.11.13	02:14:00	4194.66500	4194.98500	4193.73500	4193.86500	0.03
2025.11.13	02:15:00	4193.88500	4194.65500	4193.59500	4193.96500	0.01
2025.11.13	02:16:00	4193.92500	4193.96500	4192.46500	4192.53500	0.02
2025.11.13	02:17:00	4192.55500	4193.44500	4192.35500	4193.13500	0.02
2025.11.13	02:18:00	4192.73500	4193.88500	4192.06500	4192.13500	0.03
2025.11.13	02:19:00	4192.09500	4193.04500	4192.02500	4192.45500	0.03
2025.11.13	02:20:00	4192.42500	4193.80500	4192.36500	4192.94500	0.02
2025.11.13	02:21:00	4192.94500	4193.24500	4191.75500	4192.96500	0.03
2025.11.13	02:22:00	4192.91500	4192.91500	4189.58500	4189.58500	0.03
2025.11.13	02:23:00	4189.60500	4190.03500	4188.12800	4189.30800	0.07
2025.11.13	02:24:00	4189.30800	4189.34800	4185.76500	4186.22500	0.05
2025.11.13	02:25:00	4186.42500	4188.35500	4186.42500	4187.34800	0.03
2025.11.13	02:26:00	4187.34800	4187.74800	4185.74800	4187.25500	0.03
2025.11.13	02:27:00	4187.29500	4187.65500	4185.54800	4186.54800	0.03
2025.11.13	02:28:00	4186.56500	4187.44800	4185.54800	4187.14800	0.02
2025.11.13	02:29:00	4186.86500	4187.92500	4186.74800	4187.53500	0.02
2025.11.13	02:30:00	4187.55500	4187.55500	4184.71500	4185.37500	0.04
2025.11.13	02:31:00	4185.39500	4186.89800	4184.59800	4186.54800	0.05
2025.11.13	02:32:00	4186.54800	4187.54800	4184.67500	4185.36500	0.03
2025.11.13	02:33:00	4185.32500	4186.43500	4184.53500	4184.58500	0.02
2025.11.13	02:34:00	4184.60500	4185.40500	4183.25500	4185.35500	0.03
2025.11.13	02:35:00	4185.32500	4186.85500	4184.64500	4185.91500	0.03
2025.11.13	02:36:00	4185.83500	4186.79500	4185.28500	4186.64500	0.03
2025.11.13	02:37:00	4186.62500	4187.27500	4185.65500	4187.25500	0.03
2025.11.13	02:38:00	4187.23500	4188.79500	4186.97500	4188.03500	0.03
2025.11.13	02:39:00	4188.06500	4192.32500	4187.57500	4190.26500	0.04
2025.11.13	02:40:00	4190.23500	4192.23500	4189.85500	4192.22500	0.03
2025.11.13	02:41:00	4192.20500	4192.95500	4190.64500	4190.86500	0.03
2025.11.13	02:42:00	4190.90500	4192.49500	4190.70500	4191.49500	0.03
2025.11.13	02:43:00	4191.47500	4193.80500	4191.47500	4193.62500	0.03
2025.11.13	02:44:00	4193.69500	4194.34500	4191.54500	4191.75500	0.03
2025.11.13	02:45:00	4191.72500	4193.90500	4191.39500	4192.11500	0.02
2025.11.13	02:46:00	4192.02500	4193.25500	4191.47500	4191.81500	0.04
2025.11.13	02:47:00	4191.84500	4193.50500	4190.66500	4190.66500	0.04
2025.11.13	02:48:00	4190.64500	4191.20500	4188.88500	4190.24500	0.04
2025.11.13	02:49:00	4190.19500	4192.01500	4189.93500	4190.08500	0.04
2025.11.13	02:50:00	4190.03500	4190.80500	4188.56500	4188.89500	0.03
2025.11.13	02:51:00	4188.93500	4189.57500	4188.08500	4188.32500	0.02
2025.11.13	02:52:00	4188.30500	4188.69500	4186.34500	4186.86500	0.04
2025.11.13	02:53:00	4186.52500	4187.81500	4185.30500	4187.47500	0.04
2025.11.13	02:54:00	4187.50500	4190.73500	4187.44500	4190.59500	0.03
2025.11.13	02:55:00	4190.55500	4192.68500	4189.94500	4191.03500	0.02
2025.11.13	02:56:00	4191.06500	4191.38800	4188.40500	4188.84500	0.04
2025.11.13	02:57:00	4188.86500	4191.07500	4188.85500	4190.53500	0.03
2025.11.13	02:58:00	4190.55500	4191.19500	4188.41500	4191.08500	0.03
2025.11.13	02:59:00	4191.02500	4191.48500	4189.64500	4189.88500	0.02
2025.11.13	03:00:00	4189.85500	4192.21500	4189.79500	4191.95500	0.03
2025.11.13	03:01:00	4191.97500	4195.31500	4191.74500	4194.42500	0.03
2025.11.13	03:02:00	4194.35500	4195.79500	4193.03500	4195.57500	0.03
2025.11.13	03:03:00	4195.65500	4196.26500	4194.46500	4194.70500	0.02
2025.11.13	03:04:00	4194.27500	4195.56500	4193.71500	4195.45500	0.03
2025.11.13	03:05:00	4195.47500	4197.18500	4194.98500	4197.18500	0.04
2025.11.13	03:06:00	4197.21500	4199.24800	4197.21500	4198.14800	0.06
2025.11.13	03:07:00	4198.14800	4199.34800	4197.21500	4199.19500	0.04
2025.11.13	03:08:00	4199.34800	4201.23500	4199.13500	4200.82800	0.04
2025.11.13	03:09:00	4200.82800	4200.88500	4198.87500	4199.36500	0.04
2025.11.13	03:10:00	4199.39500	4201.71500	4198.91500	4201.71500	0.03
2025.11.13	03:11:00	4201.69500	4202.94500	4201.49500	4202.73500	0.04
2025.11.13	03:12:00	4202.70500	4203.68500	4201.78500	4203.39500	0.03
2025.11.13	03:13:00	4203.37500	4203.37500	4200.50500	4200.54500	0.04
2025.11.13	03:14:00	4200.60500	4200.85500	4198.98500	4199.50500	0.04
2025.11.13	03:15:00	4199.52500	4200.69500	4197.56500	4200.57800	0.03
2025.11.13	03:16:00	4200.57800	4202.00500	4200.57800	4201.87800	0.03
2025.11.13	03:17:00	4201.87800	4201.87800	4199.93500	4200.55500	0.03
2025.11.13	03:18:00	4200.16500	4201.29500	4200.11500	4200.65500	0.02
2025.11.13	03:19:00	4200.67500	4202.52500	4200.38500	4202.21500	0.04
2025.11.13	03:20:00	4202.18500	4205.11500	4202.15500	4204.93500	0.03
2025.11.13	03:21:00	4204.86500	4205.56500	4204.31500	4204.88500	0.04
2025.11.13	03:22:00	4204.86500	4205.23500	4202.47500	4203.19500	0.03
2025.11.13	03:23:00	4203.17500	4204.92500	4203.12500	4204.01500	0.04
2025.11.13	03:24:00	4203.94500	4204.93500	4203.39500	4203.56500	0.04
2025.11.13	03:25:00	4203.53500	4203.71500	4201.65500	4202.72500	0.03
2025.11.13	03:26:00	4202.75500	4202.89500	4200.36800	4200.37800	0.04
2025.11.13	03:27:00	4200.38800	4200.47800	4198.17500	4198.24500	0.05
2025.11.13	03:28:00	4198.27500	4198.67500	4196.27500	4198.57500	0.04
2025.11.13	03:29:00	4198.59500	4200.52500	4198.53500	4200.48500	0.04
2025.11.13	03:30:00	4200.46500	4203.19800	4200.16800	4203.03500	0.05
2025.11.13	03:31:00	4203.04500	4203.13500	4200.69500	4201.00500	0.04
2025.11.13	03:32:00	4201.04500	4202.02500	4200.05500	4200.12500	0.03
2025.11.13	03:33:00	4200.10500	4203.12500	4200.03800	4202.63500	0.04
2025.11.13	03:34:00	4202.60500	4202.74500	4201.17500	4201.90500	0.04
2025.11.13	03:35:00	4202.07500	4203.24800	4201.81500	4202.87500	0.02
2025.11.13	03:36:00	4202.82500	4203.07800	4201.31500	4201.31500	0.02
2025.11.13	03:37:00	4201.28500	4202.47500	4201.24800	4201.36500	0.01
2025.11.13	03:38:00	4201.38500	4202.17500	4201.11500	4201.89500	0.02
2025.11.13	03:39:00	4201.92500	4203.11500	4201.88500	4202.90500	0.02
2025.11.13	03:40:00	4202.87500	4203.18500	4201.65500	4202.18500	0.03
2025.11.13	03:41:00	4202.09500	4202.74500	4202.00500	4202.59500	0.02
2025.11.13	03:42:00	4203.00500	4204.44500	4202.49500	4204.41500	0.02
2025.11.13	03:43:00	4204.43500	4206.61500	4204.43500	4206.42800	0.02
2025.11.13	03:44:00	4206.43800	4207.09500	4206.04500	4206.98500	0.02
2025.11.13	03:45:00	4206.95500	4207.39500	4205.98500	4206.21500	0.03
2025.11.13	03:46:00	4206.23500	4207.69500	4205.86500	4207.56500	0.02
2025.11.13	03:47:00	4207.58500	4209.37500	4207.57500	4209.35500	0.03
2025.11.13	03:48:00	4209.38500	4209.60500	4207.42500	4207.87500	0.04
2025.11.13	03:49:00	4207.89500	4208.31500	4206.84500	4208.31500	0.04
2025.11.13	03:50:00	4208.34500	4209.27800	4208.23500	4208.89500	0.02
2025.11.13	03:51:00	4208.92500	4210.27800	4208.41500	4209.64800	0.03
2025.11.13	03:52:00	4209.70800	4209.75800	4207.69800	4207.89800	0.03
2025.11.13	03:53:00	4207.99800	4208.54500	4207.09800	4207.84500	0.02
2025.11.13	03:54:00	4207.81500	4210.00500	4207.55500	4209.01500	0.02
2025.11.13	03:55:00	4209.04500	4211.05500	4208.84500	4210.87500	0.03
2025.11.13	03:56:00	4210.83500	4212.42500	4210.55500	4210.72500	0.04
2025.11.13	03:57:00	4210.71500	4212.52500	4210.13500	4210.59500	0.03
2025.11.13	03:58:00	4210.55500	4211.73500	4210.10500	4211.09500	0.03
2025.11.13	03:59:00	4211.12500	4212.90500	4211.02500	4212.56500	0.03
2025.11.13	04:00:00	4212.54500	4213.13500	4212.00500	4212.23500	0.04
2025.11.13	04:01:00	4212.20500	4212.51500	4209.59500	4209.72500	0.08
2025.11.13	04:02:00	4209.71500	4211.01500	4209.36500	4210.55500	0.04
2025.11.13	04:03:00	4210.45500	4210.88500	4209.03500	4210.04500	0.02
2025.11.13	04:04:00	4210.06500	4211.43500	4210.03500	4211.39800	0.03
2025.11.13	04:05:00	4211.47800	4212.65500	4211.10500	4212.21500	0.03
2025.11.13	04:06:00	4212.25500	4217.92500	4212.19500	4215.82500	0.04
2025.11.13	04:07:00	4215.84500	4219.12500	4215.25500	4218.82500	0.05
2025.11.13	04:08:00	4218.85500	4218.93500	4216.55500	4218.92500	0.05
2025.11.13	04:09:00	4218.87500	4218.87500	4217.56500	4218.03500	0.03
2025.11.13	04:10:00	4218.05500	4218.11500	4216.28500	4216.55500	0.03
2025.11.13	04:11:00	4216.49500	4217.42500	4215.82500	4216.42500	0.02
2025.11.13	04:12:00	4216.40500	4216.51500	4214.53500	4216.08500	0.03
2025.11.13	04:13:00	4216.04500	4217.24500	4215.87500	4217.17500	0.02
2025.11.13	04:14:00	4217.19500	4218.01500	4216.56500	4217.33500	0.03
2025.11.13	04:15:00	4217.31500	4217.34500	4214.91500	4214.92500	0.02
2025.11.13	04:16:00	4215.03500	4215.65500	4214.52500	4215.38500	0.03
2025.11.13	04:17:00	4215.36500	4215.37500	4213.13500	4213.40500	0.03
2025.11.13	04:18:00	4213.38500	4213.38500	4211.70800	4212.45500	0.05
2025.11.13	04:19:00	4212.47500	4213.66500	4212.47500	4212.54500	0.02
2025.11.13	04:20:00	4212.51500	4212.51500	4211.10800	4211.78500	0.05
2025.11.13	04:21:00	4211.94500	4212.84500	4211.10500	4212.24500	0.02
2025.11.13	04:22:00	4212.22500	4212.61500	4210.28500	4210.50500	0.04
2025.11.13	04:23:00	4210.49800	4210.59500	4208.67500	4208.69800	0.05
2025.11.13	04:24:00	4208.70800	4209.61800	4208.46800	4209.25500	0.02
2025.11.13	04:25:00	4209.28500	4209.43500	4208.77500	4208.90500	0.01
2025.11.13	04:26:00	4208.88500	4208.98500	4206.37500	4207.92500	0.04
2025.11.13	04:27:00	4207.98500	4208.00500	4207.17800	4207.48500	0.02
2025.11.13	04:28:00	4207.52500	4208.69500	4207.47500	4208.53800	0.04
2025.11.13	04:29:00	4208.54800	4209.99800	4208.54800	4209.39500	0.04
2025.11.13	04:30:00	4209.41500	4210.34800	4209.04800	4210.24800	0.04
2025.11.13	04:31:00	4210.24800	4210.34800	4209.26500	4209.75500	0.04
2025.11.13	04:32:00	4209.78500	4209.98500	4208.86500	4208.86500	0.02
2025.11.13	04:33:00	4208.95500	4208.95500	4206.46500	4206.48500	0.01
2025.11.13	04:34:00	4206.49500	4208.05500	4206.49500	4207.57500	0.02
2025.11.13	04:35:00	4207.55500	4208.34800	4207.55500	4208.29500	0.02
2025.11.13	04:36:00	4208.26500	4209.64800	4207.29800	4208.25500	0.03
2025.11.13	04:37:00	4208.22500	4209.30500	4207.29500	4208.20500	0.02
2025.11.13	04:38:00	4208.20500	4208.20500	4204.76500	4206.97500	0.04
2025.11.13	04:39:00	4206.54500	4208.96500	4206.54500	4207.98500	0.03
2025.11.13	04:40:00	4207.96500	4208.35500	4206.44500	4206.73500	0.03
2025.11.13	04:41:00	4206.75500	4207.41500	4206.09500	4207.37500	0.02
2025.11.13	04:42:00	4207.40500	4208.14500	4207.07500	4207.22500	0.02
2025.11.13	04:43:00	4207.20500	4207.20500	4203.14500	4203.76500	0.03
2025.11.13	04:44:00	4203.73500	4207.59500	4203.56500	4207.57500	0.02
2025.11.13	04:45:00	4207.59500	4208.95500	4207.09500	4208.61500	0.03
2025.11.13	04:46:00	4208.59500	4209.14500	4207.61500	4208.02500	0.02
2025.11.13	04:47:00	4208.04500	4209.27500	4207.26500	4209.09500	0.02
2025.11.13	04:48:00	4209.15500	4209.33500	4207.09500	4207.09500	0.03
2025.11.13	04:49:00	4207.06500	4207.63500	4206.66500	4207.06500	0.02
2025.11.13	04:50:00	4207.04500	4208.26500	4206.44500	4207.59500	0.02
2025.11.13	04:51:00	4207.56500	4207.92500	4206.92500	4207.33500	0.02
2025.11.13	04:52:00	4207.30500	4208.18500	4205.82500	4208.06500	0.03
2025.11.13	04:53:00	4208.04500	4209.13500	4207.92500	4208.03500	0.02
2025.11.13	04:54:00	4208.06500	4208.38500	4205.94500	4206.08500	0.02
2025.11.13	04:55:00	4205.97500	4206.72500	4205.43500	4206.46500	0.03
2025.11.13	04:56:00	4206.49500	4207.63500	4206.36800	4206.87500	0.02
2025.11.13	04:57:00	4206.84500	4207.61500	4206.81500	4207.38500	0.01
2025.11.13	04:58:00	4207.36500	4210.17500	4206.68500	4210.17500	0.03
2025.11.13	04:59:00	4210.21500	4210.47500	4208.93500	4209.16500	0.03
2025.11.13	05:00:00	4209.13500	4210.00500	4207.40500	4207.63500	0.03
2025.11.13	05:01:00	4207.63500	4208.85500	4207.19500	4208.85500	0.02
2025.11.13	05:02:00	4208.92500	4211.18500	4208.92500	4210.90500	0.03
2025.11.13	05:03:00	4210.88500	4211.07500	4210.45500	4210.80500	0.02
2025.11.13	05:04:00	4210.70500	4210.82500	4208.77500	4208.84500	0.02
2025.11.13	05:05:00	4208.86500	4210.70500	4208.86500	4210.61500	0.02
2025.11.13	05:06:00	4210.58500	4212.33500	4210.47500	4212.33500	0.02
2025.11.13	05:07:00	4212.31500	4213.04500	4211.93500	4213.04500	0.03
2025.11.13	05:08:00	4213.04500	4215.45500	4211.55500	4215.35500	0.03
2025.11.13	05:09:00	4215.32500	4215.78500	4213.83500	4215.35500	0.04
2025.11.13	05:10:00	4215.32500	4216.61500	4214.84500	4216.28500	0.04
2025.11.13	05:11:00	4216.33500	4216.95500	4215.15500	4215.53500	0.02
2025.11.13	05:12:00	4215.57500	4215.67500	4213.44500	4214.94500	0.04
2025.11.13	05:13:00	4214.89500	4215.25500	4213.32500	4214.67500	0.04
2025.11.13	05:14:00	4214.66500	4217.45500	4214.04500	4217.23500	0.04
2025.11.13	05:15:00	4217.21500	4217.54500	4216.21500	4217.54500	0.02
2025.11.13	05:16:00	4217.54500	4217.54500	4214.89500	4215.52500	0.02
2025.11.13	05:17:00	4215.54500	4216.54500	4215.28500	4215.72500	0.02
2025.11.13	05:18:00	4215.70500	4216.58500	4215.10500	4215.63500	0.02
2025.11.13	05:19:00	4215.66500	4216.03500	4214.41500	4215.83500	0.02
2025.11.13	05:20:00	4215.85500	4215.85500	4214.31500	4214.59500	0.02
2025.11.13	05:21:00	4214.62500	4215.10500	4214.30500	4214.88500	0.02
2025.11.13	05:22:00	4214.90500	4215.47500	4214.03500	4215.29500	0.02
2025.11.13	05:23:00	4215.30500	4216.14500	4215.30500	4215.61500	0.01
2025.11.13	05:24:00	4215.65500	4215.65500	4212.66500	4212.87500	0.04
2025.11.13	05:25:00	4212.90500	4215.20500	4211.99500	4215.20500	0.03
2025.11.13	05:26:00	4215.23500	4215.79500	4214.72500	4215.23500	0.02
2025.11.13	05:27:00	4215.21500	4215.21500	4212.84800	4213.06500	0.02
2025.11.13	05:28:00	4213.14800	4213.54800	4211.79800	4212.44800	0.05
2025.11.13	05:29:00	4212.34800	4213.04800	4211.84800	4212.14800	0.03
2025.11.13	05:30:00	4212.14800	4212.59800	4209.83500	4212.35500	0.07
2025.11.13	05:31:00	4212.33500	4214.89500	4212.22500	4214.64500	0.04
2025.11.13	05:32:00	4214.68500	4215.14500	4213.37500	4214.16500	0.04
2025.11.13	05:33:00	4214.44500	4215.56500	4213.43500	4214.47500	0.04
2025.11.13	05:34:00	4214.56500	4215.80500	4212.88500	4213.85500	0.03
2025.11.13	05:35:00	4214.25500	4214.63500	4213.41500	4213.90500	0.04
2025.11.13	05:36:00	4213.93500	4214.16500	4212.61500	4213.00500	0.03
2025.11.13	05:37:00	4212.96500	4213.40500	4211.55500	4213.36500	0.04
2025.11.13	05:38:00	4213.20500	4214.94500	4213.20500	4214.24500	0.02
2025.11.13	05:39:00	4214.19500	4215.46500	4213.37500	4214.89500	0.04
2025.11.13	05:40:00	4215.00500	4216.01500	4213.69500	4214.20500	0.04
2025.11.13	05:41:00	4214.12500	4216.08500	4213.62500	4215.70500	0.03
2025.11.13	05:42:00	4215.61500	4216.20500	4214.84800	4214.91500	0.03
2025.11.13	05:43:00	4214.95500	4216.74500	4214.04500	4215.27500	0.03
2025.11.13	05:44:00	4215.25500	4216.87500	4214.90500	4215.10500	0.03
2025.11.13	05:45:00	4214.74800	4215.47500	4214.38500	4215.02500	0.03
2025.11.13	05:46:00	4215.04500	4216.46500	4212.97500	4212.97500	0.03
2025.11.13	05:47:00	4213.02500	4215.55500	4212.52500	4214.76500	0.04
2025.11.13	05:48:00	4214.81500	4215.47500	4213.25500	4214.14500	0.03
2025.11.13	05:49:00	4214.06500	4214.45500	4212.92500	4213.04500	0.04
2025.11.13	05:50:00	4212.93500	4213.67500	4211.83500	4213.26500	0.04
2025.11.13	05:51:00	4213.71500	4213.94500	4208.98500	4209.02500	0.05
2025.11.13	05:52:00	4208.98500	4212.32500	4207.82500	4212.28500	0.04
2025.11.13	05:53:00	4212.30500	4214.59500	4212.28500	4214.43500	0.03
2025.11.13	05:54:00	4214.41500	4215.56500	4214.09500	4215.46500	0.02
2025.11.13	05:55:00	4215.37500	4215.37500	4213.79500	4215.04500	0.03
2025.11.13	05:56:00	4215.00500	4215.08500	4212.99500	4213.13500	0.04
2025.11.13	05:57:00	4213.02500	4214.51500	4212.54500	4213.23900	0.06
2025.11.13	05:58:00	4213.20900	4213.21900	4210.44800	4211.79500	0.06
2025.11.13	05:59:00	4211.82500	4213.19800	4211.31500	4211.74900	0.03
2025.11.13	06:00:00	4211.74900	4211.76900	4210.51500	4210.79500	0.04
2025.11.13	06:01:00	4210.81500	4211.03500	4208.45500	4208.52500	0.03
2025.11.13	06:02:00	4208.50500	4209.51500	4206.78900	4208.83900	0.06
2025.11.13	06:03:00	4208.93900	4209.23500	4205.83500	4206.00500	0.05
2025.11.13	06:04:00	4206.02500	4207.39900	4204.88500	4207.26500	0.05
2025.11.13	06:05:00	4207.41900	4210.71500	4207.24500	4210.68500	0.04
2025.11.13	06:06:00	4210.67500	4210.84500	4208.90500	4209.17500	0.03
2025.11.13	06:07:00	4209.15500	4209.49500	4207.73500	4208.92500	0.03
2025.11.13	06:08:00	4208.95500	4210.77500	4208.59500	4210.39500	0.03
2025.11.13	06:09:00	4210.37500	4210.98500	4209.45500	4210.14500	0.03
2025.11.13	06:10:00	4210.17500	4210.20500	4208.40500	4209.24500	0.02
2025.11.13	06:11:00	4209.28500	4209.28500	4206.61500	4206.61500	0.02
2025.11.13	06:12:00	4206.63500	4207.59500	4206.49500	4206.73500	0.03
2025.11.13	06:13:00	4207.17500	4207.71500	4205.90500	4206.33900	0.05
2025.11.13	06:14:00	4206.32500	4207.11500	4205.42500	4205.78500	0.05
2025.11.13	06:15:00	4205.75500	4206.62500	4204.31900	4204.31900	0.05
2025.11.13	06:16:00	4204.33900	4205.78500	4203.06500	4205.62500	0.05
2025.11.13	06:17:00	4205.84500	4207.35500	4205.09500	4206.51500	0.04
2025.11.13	06:18:00	4206.49500	4207.39500	4206.00500	4206.45500	0.03
2025.11.13	06:19:00	4206.48500	4207.68500	4206.19500	4206.83500	0.02
2025.11.13	06:20:00	4206.72500	4208.72500	4206.72500	4208.33500	0.04
2025.11.13	06:21:00	4208.29500	4208.47500	4206.89500	4208.47500	0.03
2025.11.13	06:22:00	4208.50500	4208.57500	4206.53500	4206.97500	0.04
2025.11.13	06:23:00	4206.80500	4207.59500	4206.52500	4206.71900	0.03
2025.11.13	06:24:00	4206.71900	4208.44500	4206.06500	4207.47500	0.04
2025.11.13	06:25:00	4207.44500	4208.85500	4207.37500	4208.62500	0.03
2025.11.13	06:26:00	4208.53500	4208.77500	4207.44500	4208.47500	0.03
2025.11.13	06:27:00	4208.50500	4210.47500	4208.21500	4210.31500	0.03
2025.11.13	06:28:00	4210.32500	4211.35500	4209.90500	4210.32500	0.03
2025.11.13	06:29:00	4210.29500	4210.41500	4208.26500	4208.89900	0.04
2025.11.13	06:30:00	4208.89900	4208.89900	4206.67900	4207.11500	0.03
2025.11.13	06:31:00	4207.13500	4208.52900	4206.59500	4208.34500	0.03
2025.11.13	06:32:00	4208.37500	4209.08900	4207.18900	4207.18900	0.04
2025.11.13	06:33:00	4207.18900	4208.72500	4206.74500	4208.66500	0.03
2025.11.13	06:34:00	4208.68900	4209.79500	4208.38500	4208.76500	0.02
2025.11.13	06:35:00	4208.74500	4208.95500	4208.32500	4208.95500	0.02
2025.11.13	06:36:00	4208.89500	4209.27500	4207.93500	4209.27500	0.02
2025.11.13	06:37:00	4209.20500	4209.46500	4206.52500	4207.11500	0.02
2025.11.13	06:38:00	4207.08500	4207.08500	4205.46500	4206.16500	0.04
2025.11.13	06:39:00	4206.14500	4207.35500	4205.89800	4205.90500	0.03
2025.11.13	06:40:00	4205.84500	4206.50500	4205.18500	4206.05500	0.03
2025.11.13	06:41:00	4206.03500	4207.34500	4206.03500	4207.06500	0.02
2025.11.13	06:42:00	4207.08500	4207.97500	4205.44500	4205.60500	0.02
2025.11.13	06:43:00	4205.57500	4206.94500	4205.52500	4206.75500	0.02
2025.11.13	06:44:00	4206.73500	4207.14500	4205.50500	4205.61500	0.02
2025.11.13	06:45:00	4205.54500	4206.03500	4205.01500	4205.43500	0.03
2025.11.13	06:46:00	4205.45500	4205.96500	4205.08500	4205.20500	0.03
2025.11.13	06:47:00	4205.11500	4207.56500	4205.11500	4206.73500	0.04
2025.11.13	06:48:00	4206.64500	4207.39500	4206.50500	4207.16500	0.02
2025.11.13	06:49:00	4207.16500	4207.23500	4206.14500	4207.06500	0.02
2025.11.13	06:50:00	4207.08500	4207.99800	4206.77500	4207.79500	0.03
2025.11.13	06:51:00	4207.79500	4209.51500	4207.79500	4209.14500	0.03
2025.11.13	06:52:00	4209.23500	4210.22500	4208.47500	4209.92500	0.03
2025.11.13	06:53:00	4209.90500	4211.61500	4209.88500	4211.01500	0.02
2025.11.13	06:54:00	4211.03500	4211.72500	4211.00500	4211.61500	0.04
2025.11.13	06:55:00	4211.66500	4212.07100	4210.98500	4211.55500	0.04
2025.11.13	06:56:00	4211.55500	4211.69800	4211.17500	4211.57500	0.02
2025.11.13	06:57:00	4211.57500	4211.69800	4211.27500	4211.61500	0.03
2025.11.13	06:58:00	4211.56500	4211.60500	4210.74500	4210.86500	0.02
2025.11.13	06:59:00	4210.86500	4210.86500	4210.11500	4210.26500	0.02
2025.11.13	07:00:00	4210.26500	4211.01500	4209.61500	4210.98500	0.02
2025.11.13	07:01:00	4210.96500	4211.24500	4210.45500	4210.90500	0.01
2025.11.13	07:02:00	4211.06500	4211.61500	4210.97500	4211.21500	0.02
2025.11.13	07:03:00	4211.26500	4211.80500	4210.91500	4211.71500	0.03
2025.11.13	07:04:00	4211.68500	4211.68500	4210.40500	4210.51500	0.02
2025.11.13	07:05:00	4210.55500	4210.58500	4208.29500	4210.11500	0.02
2025.11.13	07:06:00	4210.05500	4210.96500	4209.84500	4210.75500	0.03
2025.11.13	07:07:00	4210.77500	4211.02500	4209.73500	4210.47500	0.03
2025.11.13	07:08:00	4210.44500	4211.12500	4210.18500	4210.68500	0.02
2025.11.13	07:09:00	4210.57500	4210.83500	4209.51500	4210.29500	0.02
2025.11.13	07:10:00	4210.44500	4211.03500	4209.36500	4210.31500	0.02
2025.11.13	07:11:00	4210.33500	4211.22500	4209.73500	4210.03500	0.02
2025.11.13	07:12:00	4210.05500	4210.09500	4208.29500	4209.04500	0.03
2025.11.13	07:13:00	4208.98500	4209.90500	4208.14500	4209.52500	0.02
2025.11.13	07:14:00	4209.50500	4210.38500	4209.36500	4210.34500	0.02
2025.11.13	07:15:00	4210.30500	4211.63500	4210.30500	4211.06500	0.03
2025.11.13	07:16:00	4211.08500	4211.31500	4210.13500	4210.91500	0.02
2025.11.13	07:17:00	4210.86500	4211.24500	4210.55500	4210.80500	0.02
2025.11.13	07:18:00	4210.78500	4211.45500	4209.96500	4210.45500	0.04
2025.11.13	07:19:00	4210.38500	4210.87500	4210.02500	4210.34500	0.03
2025.11.13	07:20:00	4210.39500	4211.11500	4210.24500	4210.78500	0.02
2025.11.13	07:21:00	4210.68500	4211.02500	4209.88500	4210.96500	0.03
2025.11.13	07:22:00	4210.99500	4211.65500	4210.32500	4211.54500	0.03
2025.11.13	07:23:00	4211.57500	4212.82500	4211.38500	4212.65500	0.03
2025.11.13	07:24:00	4212.65500	4215.05500	4212.44500	4214.81500	0.03
2025.11.13	07:25:00	4214.83500	4216.91500	4214.05500	4216.59500	0.03
2025.11.13	07:26:00	4216.57500	4218.16500	4216.25500	4216.80500	0.04
2025.11.13	07:27:00	4216.81500	4217.63500	4214.79500	4215.79500	0.03
2025.11.13	07:28:00	4215.75500	4216.65500	4215.45500	4215.47500	0.02
2025.11.13	07:29:00	4215.06500	4216.77500	4215.06500	4216.14500	0.02
2025.11.13	07:30:00	4216.38500	4216.66500	4215.05500	4215.65500	0.03
2025.11.13	07:31:00	4215.61500	4217.61500	4215.61500	4216.65500	0.02
2025.11.13	07:32:00	4216.68500	4218.72500	4216.68500	4218.16500	0.02
2025.11.13	07:33:00	4218.18500	4218.18500	4215.58500	4215.78500	0.03
2025.11.13	07:34:00	4215.75500	4216.31500	4215.13500	4216.19500	0.03
2025.11.13	07:35:00	4216.19500	4216.61500	4214.22500	4214.29500	0.03
2025.11.13	07:36:00	4214.29500	4215.35500	4213.45500	4213.80500	0.03
2025.11.13	07:37:00	4213.82500	4214.52500	4213.03500	4214.40500	0.02
2025.11.13	07:38:00	4214.38500	4215.00500	4213.94500	4214.83500	0.02
2025.11.13	07:39:00	4214.75500	4215.43500	4213.72500	4214.87500	0.02
2025.11.13	07:40:00	4214.98500	4216.00500	4214.96500	4215.28500	0.02
2025.11.13	07:41:00	4215.33500	4215.37500	4214.73500	4214.83500	0.01
2025.11.13	07:42:00	4214.80500	4216.23500	4214.44500	4216.01500	0.02
2025.11.13	07:43:00	4216.06500	4216.12500	4214.88500	4214.88500	0.01
2025.11.13	07:44:00	4214.90500	4215.38500	4214.21500	4215.29500	0.02
2025.11.13	07:45:00	4215.27500	4216.09500	4214.83500	4215.80500	0.02
2025.11.13	07:46:00	4215.76500	4217.80500	4215.63500	4217.72500	0.04
2025.11.13	07:47:00	4217.72500	4218.21500	4216.78500	4217.02500	0.03
2025.11.13	07:48:00	4217.07500	4217.20500	4216.09500	4216.43500	0.02
2025.11.13	07:49:00	4216.40500	4216.73500	4214.13500	4214.32500	0.02
2025.11.13	07:50:00	4214.28500	4214.37500	4212.32500	4214.37500	0.03
2025.11.13	07:51:00	4214.33500	4215.77500	4214.05500	4215.73500	0.02
2025.11.13	07:52:00	4215.76500	4217.59500	4215.04500	4217.33500	0.02
2025.11.13	07:53:00	4217.35500	4218.12500	4217.23500	4217.59500	0.03
2025.11.13	07:54:00	4217.61500	4218.37500	4217.39500	4218.28500	0.02
2025.11.13	07:55:00	4218.32500	4218.57500	4217.21500	4217.83500	0.04
2025.11.13	07:56:00	4217.86500	4218.04500	4216.89800	4217.29500	0.04
2025.11.13	07:57:00	4217.59800	4219.00500	4217.59800	4218.11500	0.03
2025.11.13	07:58:00	4218.06500	4218.55500	4217.89800	4218.31500	0.02
2025.11.13	07:59:00	4218.36500	4219.98500	4218.36500	4219.96500	0.03
2025.11.13	08:00:00	4219.94500	4221.74500	4218.97500	4221.40500	0.05
2025.11.13	08:01:00	4221.43500	4222.28500	4220.92500	4221.94500	0.04
2025.11.13	08:02:00	4221.97500	4223.93500	4221.85500	4223.23500	0.05
2025.11.13	08:03:00	4223.20500	4226.37500	4223.07500	4226.06500	0.05
2025.11.13	08:04:00	4226.07500	4226.45500	4224.36500	4224.36500	0.04
2025.11.13	08:05:00	4224.30500	4225.70500	4221.74500	4225.56500	0.05
2025.11.13	08:06:00	4225.60500	4226.61500	4224.84500	4225.24500	0.04
2025.11.13	08:07:00	4225.21500	4227.27500	4225.17500	4226.66500	0.06
2025.11.13	08:08:00	4226.66500	4228.77500	4226.62500	4227.20500	0.05
2025.11.13	08:09:00	4227.16500	4229.16500	4227.03500	4229.12500	0.04
2025.11.13	08:10:00	4229.15500	4229.26500	4228.01900	4228.90500	0.03
2025.11.13	08:11:00	4228.92500	4229.11500	4226.50500	4228.59500	0.03
2025.11.13	08:12:00	4228.57500	4228.93500	4226.84500	4227.04500	0.03
2025.11.13	08:13:00	4227.01500	4227.73500	4226.93500	4227.56500	0.01
2025.11.13	08:14:00	4227.54500	4230.28500	4227.54500	4229.56500	0.03
2025.11.13	08:15:00	4229.59500	4233.77500	4228.08500	4232.41500	0.06
2025.11.13	08:16:00	4232.41500	4234.25500	4231.41500	4232.83500	0.04
2025.11.13	08:17:00	4232.81500	4232.82500	4231.13500	4232.09500	0.03
2025.11.13	08:18:00	4232.09500	4233.69500	4232.08500	4232.70500	0.05
2025.11.13	08:19:00	4232.53800	4234.81500	4232.34500	4234.01500	0.04
2025.11.13	08:20:00	4234.03500	4235.58500	4233.33500	4233.37500	0.05
2025.11.13	08:21:00	4233.37500	4233.38500	4231.35500	4231.76500	0.05
2025.11.13	08:22:00	4231.72500	4235.25500	4231.38500	4235.22500	0.04
2025.11.13	08:23:00	4235.26500	4237.04500	4234.87500	4235.73500	0.05
2025.11.13	08:24:00	4235.76500	4237.25500	4235.03500	4236.69500	0.04
2025.11.13	08:25:00	4236.66500	4237.17500	4235.10500	4235.11500	0.03
2025.11.13	08:26:00	4235.16500	4237.13500	4234.76500	4236.23500	0.03
2025.11.13	08:27:00	4236.59500	4237.86500	4236.34500	4236.39500	0.03
2025.11.13	08:28:00	4236.39500	4236.85500	4235.70500	4236.53500	0.03
2025.11.13	08:29:00	4236.56500	4238.01500	4236.00500	4237.22500	0.03
2025.11.13	08:30:00	4237.16500	4238.12500	4236.86500	4237.50500	0.02
2025.11.13	08:31:00	4237.48500	4239.18500	4237.39500	4239.17500	0.08
2025.11.13	08:32:00	4239.16500	4239.25500	4235.05800	4235.71500	0.06
2025.11.13	08:33:00	4235.73500	4237.32500	4235.31500	4236.52500	0.06
2025.11.13	08:34:00	4236.48500	4237.79500	4235.80500	4237.00500	0.09
2025.11.13	08:35:00	4236.97500	4237.14900	4236.17500	4236.58500	0.03
2025.11.13	08:36:00	4236.61500	4237.41500	4236.44500	4236.93500	0.12
2025.11.13	08:37:00	4236.99500	4237.15500	4235.21900	4235.56900	0.09
2025.11.13	08:38:00	4235.79800	4236.53900	4234.13800	4234.96900	0.07
2025.11.13	08:39:00	4235.01900	4235.25500	4233.25500	4233.81800	0.04
2025.11.13	08:40:00	4233.79500	4234.96500	4233.11900	4234.96500	0.07
2025.11.13	08:41:00	4234.90500	4235.82500	4234.47500	4235.70500	0.03
2025.11.13	08:42:00	4235.71500	4237.17500	4235.64500	4236.39500	0.02
2025.11.13	08:43:00	4236.37500	4236.67500	4235.88500	4235.92500	0.01
2025.11.13	08:44:00	4235.90500	4236.93500	4235.59500	4235.85500	0.02
2025.11.13	08:45:00	4235.87500	4236.08500	4234.13500	4234.85500	0.02
2025.11.13	08:46:00	4234.87500	4235.15500	4234.04500	4234.33500	0.02
2025.11.13	08:47:00	4234.31500	4235.04500	4233.88500	4233.92500	0.03
2025.11.13	08:48:00	4233.91500	4235.70500	4233.74500	4235.64500	0.01
2025.11.13	08:49:00	4235.51500	4235.96500	4235.07500	4235.93500	0.01
2025.11.13	08:50:00	4235.89500	4236.52500	4234.83500	4235.96500	0.02
2025.11.13	08:51:00	4235.98900	4237.28500	4235.96500	4236.73500	0.04
2025.11.13	08:52:00	4236.67500	4238.31500	4236.51500	4236.99500	0.03
2025.11.13	08:53:00	4236.97500	4236.99500	4234.62500	4235.27500	0.04
2025.11.13	08:54:00	4235.22500	4236.31900	4234.56500	4234.56500	0.05
2025.11.13	08:55:00	4234.59500	4236.11500	4234.42500	4235.60500	0.02
2025.11.13	08:56:00	4235.57500	4236.64500	4234.48500	4235.68500	0.03
2025.11.13	08:57:00	4235.71900	4235.80900	4234.29800	4234.34900	0.05
2025.11.13	08:58:00	4234.36900	4234.37900	4232.73800	4233.23900	0.07
2025.11.13	08:59:00	4233.20900	4233.52900	4231.92900	4232.50900	0.06
2025.11.13	09:00:00	4232.50900	4234.14800	4230.89800	4234.01800	0.08
2025.11.13	09:01:00	4233.90900	4233.94800	4231.13500	4232.30500	0.05
2025.11.13	09:02:00	4232.09500	4232.55500	4230.95500	4231.03900	0.03
2025.11.13	09:03:00	4231.02500	4231.95500	4229.33500	4230.24500	0.04
2025.11.13	09:04:00	4230.21500	4230.36500	4227.34500	4229.42500	0.04
2025.11.13	09:05:00	4229.44500	4232.20500	4229.33500	4231.97500	0.04
2025.11.13	09:06:00	4231.97500	4233.52500	4231.48500	4232.63500	0.04
2025.11.13	09:07:00	4232.68500	4233.65500	4231.31500	4231.31500	0.03
2025.11.13	09:08:00	4231.33500	4233.50500	4231.20500	4233.27500	0.02
2025.11.13	09:09:00	4233.31500	4233.67500	4232.95500	4233.51500	0.02
2025.11.13	09:10:00	4233.48500	4233.62500	4231.78500	4231.78500	0.03
2025.11.13	09:11:00	4231.81900	4232.00500	4230.76500	4230.88500	0.03
2025.11.13	09:12:00	4230.94900	4232.87500	4230.94900	4232.63500	0.03
2025.11.13	09:13:00	4232.61500	4233.55500	4232.25500	4233.01500	0.02
2025.11.13	09:14:00	4233.01500	4233.01500	4232.51500	4232.72500	0.02
2025.11.13	09:15:00	4232.74500	4233.28500	4231.81500	4232.35500	0.03
2025.11.13	09:16:00	4232.37500	4233.41500	4232.27500	4233.30500	0.03
2025.11.13	09:17:00	4233.32500	4234.79500	4232.80500	4234.76500	0.03
2025.11.13	09:18:00	4234.76500	4238.17500	4234.76500	4237.59800	0.03
2025.11.13	09:19:00	4237.47500	4238.26500	4236.54500	4237.94500	0.03
2025.11.13	09:20:00	4237.96500	4239.31500	4237.17500	4237.27500	0.03
2025.11.13	09:21:00	4237.24500	4237.34500	4235.63500	4235.66500	0.03
2025.11.13	09:22:00	4235.62500	4235.78500	4235.02500	4235.25900	0.02
2025.11.13	09:23:00	4235.27500	4235.60500	4233.82500	4234.10500	0.04
2025.11.13	09:24:00	4234.12900	4234.36900	4232.59500	4232.77900	0.05
2025.11.13	09:25:00	4232.77900	4233.97500	4232.37800	4232.65500	0.04
2025.11.13	09:26:00	4232.63500	4232.79500	4230.70500	4231.08900	0.04
2025.11.13	09:27:00	4230.94500	4232.68900	4230.91900	4230.97900	0.07
2025.11.13	09:28:00	4230.97900	4231.37900	4229.05500	4229.56500	0.06
2025.11.13	09:29:00	4229.56500	4230.86500	4226.58500	4226.70500	0.04
2025.11.13	09:30:00	4226.76500	4228.95500	4224.76500	4228.08500	0.05
2025.11.13	09:31:00	4228.07500	4230.05500	4227.78500	4229.95500	0.03
2025.11.13	09:32:00	4229.89500	4233.57500	4229.89500	4233.24500	0.04
2025.11.13	09:33:00	4233.22500	4233.67500	4232.00500	4232.00500	0.03
2025.11.13	09:34:00	4232.03500	4232.29500	4231.27500	4231.85500	0.03
2025.11.13	09:35:00	4231.87500	4233.32500	4231.80500	4233.06500	0.03
2025.11.13	09:36:00	4233.07500	4233.25500	4230.19500	4230.43500	0.03
2025.11.13	09:37:00	4230.43500	4231.99500	4230.33500	4231.58500	0.04
2025.11.13	09:38:00	4231.54500	4233.23500	4231.10500	4231.13900	0.03
2025.11.13	09:39:00	4231.12900	4231.15900	4229.45500	4229.58500	0.04
2025.11.13	09:40:00	4229.56500	4229.69500	4228.53500	4229.12500	0.03
2025.11.13	09:41:00	4229.15500	4230.35500	4228.70500	4229.01500	0.02
2025.11.13	09:42:00	4228.97500	4229.05900	4228.15800	4228.51500	0.03
2025.11.13	09:43:00	4228.49500	4229.52500	4227.94800	4228.11900	0.03
2025.11.13	09:44:00	4228.16900	4229.42900	4227.16500	4227.51500	0.06
2025.11.13	09:45:00	4227.53500	4230.27900	4227.20500	4229.96900	0.04
2025.11.13	09:46:00	4229.95500	4231.36500	4229.32900	4231.00500	0.03
2025.11.13	09:47:00	4230.97500	4231.51500	4230.52500	4231.02500	0.03
2025.11.13	09:48:00	4230.99500	4232.66500	4230.91500	4232.56500	0.02
2025.11.13	09:49:00	4232.53500	4233.32500	4232.22500	4233.17500	0.03
2025.11.13	09:50:00	4232.95500	4233.08500	4232.14500	4232.46500	0.03
2025.11.13	09:51:00	4232.46500	4232.46500	4231.84500	4232.36500	0.03
2025.11.13	09:52:00	4232.36500	4233.47500	4231.87500	4233.15500	0.02
2025.11.13	09:53:00	4233.13500	4233.20500	4232.54500	4233.05500	0.02
2025.11.13	09:54:00	4233.07900	4233.54500	4232.47500	4232.53500	0.02
2025.11.13	09:55:00	4232.51900	4232.59900	4231.39500	4231.90900	0.03
2025.11.13	09:56:00	4231.90500	4232.27500	4231.71500	4232.25900	0.03
2025.11.13	09:57:00	4232.24500	4233.47500	4232.11500	4233.45500	0.01
2025.11.13	09:58:00	4233.43500	4233.43500	4232.26500	4232.74500	0.01
2025.11.13	09:59:00	4232.70900	4233.50500	4232.19500	4232.92500	0.02
2025.11.13	10:00:00	4232.89500	4233.37500	4232.75500	4232.94500	0.02
2025.11.13	10:01:00	4232.89500	4233.44500	4232.47500	4233.10500	0.01
2025.11.13	10:02:00	4233.07500	4233.59500	4232.96500	4233.28500	0.01
2025.11.13	10:03:00	4233.25500	4233.40500	4232.67500	4232.70500	0.01
2025.11.13	10:04:00	4232.67500	4233.51500	4232.48500	4233.51500	0.01
2025.11.13	10:05:00	4233.53500	4233.64500	4232.19500	4232.94500	0.02
2025.11.13	10:06:00	4232.91500	4233.02500	4232.31500	4232.31500	0.01
2025.11.13	10:07:00	4232.22900	4232.39500	4231.63500	4231.98500	0.02
2025.11.13	10:08:00	4231.95500	4232.48500	4231.71500	4232.35500	0.02
2025.11.13	10:09:00	4232.35500	4235.67500	4231.64500	4235.37500	0.04
2025.11.13	10:10:00	4235.37500	4238.15500	4235.36500	4237.82500	0.04
2025.11.13	10:11:00	4237.79500	4238.97500	4237.10500	4237.40500	0.04
2025.11.13	10:12:00	4237.38500	4238.55500	4236.01500	4237.96800	0.03
2025.11.13	10:13:00	4237.97800	4238.55500	4237.85800	4238.26500	0.03
2025.11.13	10:14:00	4238.28500	4238.54500	4237.25500	4237.25500	0.03
2025.11.13	10:15:00	4237.29500	4238.06500	4236.17500	4236.17500	0.03
2025.11.13	10:16:00	4236.19500	4237.59500	4235.21500	4237.55500	0.03
2025.11.13	10:17:00	4237.55800	4238.02500	4236.79500	4237.35500	0.02
2025.11.13	10:18:00	4237.35500	4238.06500	4237.27500	4237.90500	0.02
2025.11.13	10:19:00	4238.19500	4238.82500	4237.40500	4237.80500	0.03
2025.11.13	10:20:00	4237.86500	4239.36500	4237.74500	4239.22500	0.03
2025.11.13	10:21:00	4239.22500	4239.90500	4237.93800	4237.93800	0.04
2025.11.13	10:22:00	4238.02900	4238.02900	4236.32500	4237.22900	0.06
2025.11.13	10:23:00	4237.25900	4238.63900	4237.03500	4238.57500	0.04
2025.11.13	10:24:00	4238.57500	4238.66500	4237.96500	4238.25500	0.03
2025.11.13	10:25:00	4238.25500	4239.26500	4238.04500	4238.07500	0.04
2025.11.13	10:26:00	4237.99900	4238.47500	4237.37500	4237.86500	0.04
2025.11.13	10:27:00	4237.84500	4238.04900	4236.76500	4236.76500	0.04
2025.11.13	10:28:00	4236.79500	4237.51500	4236.15800	4236.69500	0.03
2025.11.13	10:29:00	4236.71500	4236.80500	4234.54500	4234.73500	0.04
2025.11.13	10:30:00	4234.73500	4234.98500	4231.33800	4232.64800	0.07
2025.11.13	10:31:00	4232.64800	4234.68500	4232.22500	4234.44800	0.06
2025.11.13	10:32:00	4234.48800	4236.04900	4233.77800	4234.44800	0.07
2025.11.13	10:33:00	4234.44800	4234.59800	4233.54800	4234.59800	0.04
2025.11.13	10:34:00	4234.59800	4234.69800	4232.87800	4233.17500	0.05
2025.11.13	10:35:00	4233.17500	4233.17500	4231.46500	4231.97500	0.05
2025.11.13	10:36:00	4231.95500	4233.36500	4231.08500	4231.13500	0.05
2025.11.13	10:37:00	4231.15500	4231.15500	4228.74500	4228.74500	0.08
2025.11.13	10:38:00	4228.81900	4229.34900	4228.14800	4228.40900	0.07
2025.11.13	10:39:00	4228.22500	4231.35900	4227.24800	4231.32900	0.07
2025.11.13	10:40:00	4231.30900	4232.76500	4230.19500	4232.49500	0.05
2025.11.13	10:41:00	4232.56500	4232.86500	4230.91500	4230.91500	0.04
2025.11.13	10:42:00	4230.95900	4231.57900	4230.07500	4231.51500	0.05
2025.11.13	10:43:00	4231.49900	4233.86900	4231.48500	4233.62900	0.06
2025.11.13	10:44:00	4233.63900	4234.05900	4232.83500	4233.27900	0.05
2025.11.13	10:45:00	4233.26900	4234.37900	4233.00500	4234.17900	0.04
2025.11.13	10:46:00	4234.13900	4234.43500	4233.09500	4233.54900	0.05
2025.11.13	10:47:00	4233.52500	4234.39500	4233.33900	4233.88500	0.03
2025.11.13	10:48:00	4233.88500	4233.88500	4232.63500	4232.65500	0.04
2025.11.13	10:49:00	4232.69500	4233.35500	4232.48500	4233.35500	0.03
2025.11.13	10:50:00	4233.37500	4233.73500	4231.00500	4231.75900	0.04
2025.11.13	10:51:00	4231.83500	4232.25500	4230.45500	4230.51500	0.04
2025.11.13	10:52:00	4230.49500	4231.10800	4229.60500	4229.74500	0.04
2025.11.13	10:53:00	4229.70900	4230.04500	4228.19500	4228.27500	0.05
2025.11.13	10:54:00	4228.29500	4229.00500	4227.93500	4228.83900	0.05
2025.11.13	10:55:00	4228.83900	4228.86900	4227.10500	4227.63500	0.05
2025.11.13	10:56:00	4227.62900	4228.53500	4226.80500	4228.02900	0.06
2025.11.13	10:57:00	4227.96500	4228.23500	4225.88500	4226.41500	0.08
2025.11.13	10:58:00	4226.36900	4226.36900	4221.58500	4222.03500	0.10
2025.11.13	10:59:00	4221.89500	4226.18500	4221.45500	4225.32500	0.07
2025.11.13	11:00:00	4225.37500	4226.62500	4222.35500	4222.60500	0.07
2025.11.13	11:01:00	4222.59500	4225.02500	4221.33500	4224.25500	0.07
2025.11.13	11:02:00	4224.25500	4227.11500	4224.25500	4226.79500	0.04
2025.11.13	11:03:00	4226.84500	4227.35500	4224.82500	4225.08500	0.05
2025.11.13	11:04:00	4225.10500	4228.12500	4225.04500	4227.77500	0.05
2025.11.13	11:05:00	4227.77500	4229.71500	4227.77500	4229.37500	0.05
2025.11.13	11:06:00	4229.41500	4229.44500	4228.38500	4229.38500	0.06
2025.11.13	11:07:00	4229.40500	4231.36500	4229.13500	4229.20500	0.05
2025.11.13	11:08:00	4229.25500	4229.44500	4227.24500	4227.83500	0.04
2025.11.13	11:09:00	4227.84500	4229.69500	4227.40500	4229.23500	0.04
2025.11.13	11:10:00	4229.23500	4229.60500	4228.95800	4229.15500	0.03
2025.11.13	11:11:00	4229.18500	4229.30500	4226.73500	4226.91500	0.04
2025.11.13	11:12:00	4226.94500	4229.00500	4226.94500	4228.84500	0.05
2025.11.13	11:13:00	4228.87500	4228.99500	4227.96500	4228.44500	0.04
2025.11.13	11:14:00	4228.47500	4229.20500	4226.97500	4226.97500	0.05
2025.11.13	11:15:00	4226.95500	4227.89500	4226.22500	4227.24500	0.06
2025.11.13	11:16:00	4227.22500	4227.69500	4226.16500	4227.21500	0.07
2025.11.13	11:17:00	4227.08500	4227.27500	4223.93500	4223.99500	0.05
2025.11.13	11:18:00	4224.02500	4224.36500	4221.96500	4222.73500	0.06
2025.11.13	11:19:00	4222.75500	4225.05500	4222.65500	4224.88500	0.08
2025.11.13	11:20:00	4224.86500	4224.94500	4221.89800	4222.13500	0.06
2025.11.13	11:21:00	4222.13500	4222.75500	4220.78500	4221.69500	0.06
2025.11.13	11:22:00	4221.66500	4221.73500	4219.00500	4219.64500	0.09
2025.11.13	11:23:00	4219.74500	4222.13500	4219.65800	4222.03500	0.05
2025.11.13	11:24:00	4222.04500	4224.99500	4221.47500	4224.99500	0.04
2025.11.13	11:25:00	4224.99500	4225.49500	4222.76500	4223.14500	0.05
2025.11.13	11:26:00	4223.16500	4223.99500	4222.88500	4223.88500	0.03
2025.11.13	11:27:00	4223.87500	4224.13500	4222.56500	4222.84500	0.02
2025.11.13	11:28:00	4222.86500	4223.09500	4221.99500	4222.57500	0.02
2025.11.13	11:29:00	4222.59500	4222.93500	4221.40500	4222.77500	0.02
2025.11.13	11:30:00	4223.14500	4223.97500	4222.56500	4222.60500	0.03
2025.11.13	11:31:00	4222.64500	4223.36500	4222.11500	4223.13500	0.03
2025.11.13	11:32:00	4223.10500	4223.57500	4221.87500	4222.04500	0.02
2025.11.13	11:33:00	4221.94500	4223.31500	4221.63500	4222.98500	0.03
2025.11.13	11:34:00	4222.95500	4225.99500	4222.92500	4225.35500	0.03
2025.11.13	11:35:00	4225.33500	4226.33500	4225.33500	4226.15500	0.02
2025.11.13	11:36:00	4226.18500	4226.81500	4225.46500	4225.47500	0.02
2025.11.13	11:37:00	4225.44500	4225.45500	4224.38500	4224.40500	0.02
2025.11.13	11:38:00	4224.38500	4225.29500	4224.21500	4225.29500	0.02
2025.11.13	11:39:00	4225.29500	4226.71500	4224.49500	4226.71500	0.03
2025.11.13	11:40:00	4226.60500	4227.34500	4225.90500	4226.10500	0.03
2025.11.13	11:41:00	4226.18500	4227.12500	4225.93500	4226.96500	0.03
2025.11.13	11:42:00	4226.96500	4229.10500	4226.63500	4229.05500	0.04
2025.11.13	11:43:00	4229.05500	4229.78500	4228.80500	4229.52500	0.03
2025.11.13	11:44:00	4229.55500	4231.93500	4229.45500	4231.69500	0.04
2025.11.13	11:45:00	4231.72500	4231.74500	4229.18500	4230.39500	0.03
2025.11.13	11:46:00	4230.36500	4230.36500	4229.37500	4229.56500	0.02
2025.11.13	11:47:00	4229.53500	4229.99500	4229.36500	4229.86500	0.02
2025.11.13	11:48:00	4229.78500	4231.42500	4229.17500	4231.23500	0.02
2025.11.13	11:49:00	4231.20500	4231.21500	4228.25500	4228.25500	0.03
2025.11.13	11:50:00	4228.22500	4229.39500	4228.22500	4229.14500	0.03
2025.11.13	11:51:00	4229.16500	4231.26500	4229.16500	4231.07500	0.03
2025.11.13	11:52:00	4231.03500	4231.86500	4230.85500	4231.37500	0.03
2025.11.13	11:53:00	4231.40500	4231.47500	4230.98500	4231.22500	0.02
2025.11.13	11:54:00	4231.28500	4232.05500	4231.24500	4231.78500	0.02
2025.11.13	11:55:00	4231.80500	4232.10500	4230.76500	4230.76500	0.02
2025.11.13	11:56:00	4230.80500	4231.57500	4230.71500	4230.91500	0.02
2025.11.13	11:57:00	4230.93500	4231.43500	4229.90500	4231.29500	0.04
2025.11.13	11:58:00	4231.37500	4231.53500	4229.94500	4230.49500	0.03
2025.11.13	11:59:00	4230.47500	4230.85500	4230.14500	4230.31500	0.03
2025.11.13	12:00:00	4230.16500	4231.55500	4229.89800	4231.08500	0.09
2025.11.13	12:01:00	4231.06900	4231.28500	4229.91800	4231.11500	0.06
2025.11.13	12:02:00	4231.10500	4231.30500	4230.19500	4231.16500	0.06
2025.11.13	12:03:00	4231.01900	4231.64500	4230.24800	4231.54500	0.06
2025.11.13	12:04:00	4231.57500	4231.64500	4230.78500	4230.81800	0.05
2025.11.13	12:05:00	4230.82500	4231.45500	4229.89800	4231.22500	0.06
2025.11.13	12:06:00	4231.26500	4231.53500	4230.35500	4231.07500	0.05
2025.11.13	12:07:00	4231.19800	4231.32500	4230.39800	4230.91500	0.05
2025.11.13	12:08:00	4230.98500	4234.44800	4230.98500	4233.94800	0.06
2025.11.13	12:09:00	4234.00500	4235.44800	4233.85500	4234.01500	0.09
2025.11.13	12:10:00	4233.98500	4234.82500	4233.33500	4234.39800	0.06
2025.11.13	12:11:00	4234.49800	4235.09800	4232.43500	4232.43500	0.06
2025.11.13	12:12:00	4232.51500	4233.52500	4232.13500	4233.47500	0.06
2025.11.13	12:13:00	4233.43500	4233.94800	4232.42500	4233.09800	0.05
2025.11.13	12:14:00	4233.09800	4234.29800	4232.69800	4234.22500	0.05
2025.11.13	12:15:00	4234.22500	4234.65500	4233.41800	4234.49800	0.05
2025.11.13	12:16:00	4234.40500	4234.40500	4233.54500	4234.05500	0.03
2025.11.13	12:17:00	4234.08500	4234.79500	4234.02500	4234.37500	0.05
2025.11.13	12:18:00	4234.35500	4234.39500	4233.56500	4233.94500	0.07
2025.11.13	12:19:00	4233.95500	4235.49500	4233.65500	4235.12500	0.07
2025.11.13	12:20:00	4235.10500	4236.34500	4234.99500	4235.44500	0.06
2025.11.13	12:21:00	4235.49500	4236.51500	4235.43500	4236.20500	0.04
2025.11.13	12:22:00	4236.24500	4236.96500	4236.08500	4236.32500	0.05
2025.11.13	12:23:00	4236.27500	4236.97500	4235.94500	4236.09500	0.05
2025.11.13	12:24:00	4236.10500	4236.38500	4235.33500	4235.80500	0.07
2025.11.13	12:25:00	4235.76500	4235.84500	4233.49800	4233.78500	0.07
2025.11.13	12:26:00	4233.81500	4234.87500	4232.26500	4232.28500	0.05
2025.11.13	12:27:00	4232.19500	4232.24500	4230.30500	4232.20500	0.08
2025.11.13	12:28:00	4232.19500	4233.24500	4231.44500	4233.20500	0.08
2025.11.13	12:29:00	4233.20500	4233.35500	4232.69500	4233.19500	0.04
2025.11.13	12:30:00	4233.19500	4234.14500	4233.15500	4233.83500	0.05
2025.11.13	12:31:00	4233.83500	4233.83500	4232.53500	4232.58500	0.05
2025.11.13	12:32:00	4232.54500	4233.58500	4231.95500	4233.42500	0.07
2025.11.13	12:33:00	4233.39500	4234.39500	4233.31500	4234.20500	0.05
2025.11.13	12:34:00	4234.25500	4234.63500	4233.79500	4234.63500	0.05
2025.11.13	12:35:00	4234.61500	4235.44500	4234.12500	4235.36500	0.06
2025.11.13	12:36:00	4235.36500	4236.69500	4235.36500	4236.51500	0.07
2025.11.13	12:37:00	4236.49500	4236.98500	4235.85800	4236.59500	0.08
2025.11.13	12:38:00	4236.62500	4237.09500	4236.22500	4236.99500	0.06
2025.11.13	12:39:00	4236.98500	4237.07500	4236.03500	4236.49500	0.07
2025.11.13	12:40:00	4236.46500	4236.47500	4235.36500	4235.80500	0.05
2025.11.13	12:41:00	4235.80500	4236.59500	4235.74500	4236.22500	0.05
2025.11.13	12:42:00	4236.23500	4236.28500	4234.54500	4234.76500	0.06
2025.11.13	12:43:00	4234.78500	4235.94500	4234.33500	4235.59500	0.06
2025.11.13	12:44:00	4235.51500	4235.88500	4235.17500	4235.25500	0.05
2025.11.13	12:45:00	4235.28500	4236.89500	4235.28500	4236.75500	0.04
2025.11.13	12:46:00	4236.74500	4237.33500	4236.47500	4237.18500	0.04
2025.11.13	12:47:00	4237.17500	4238.79500	4237.17500	4238.60500	0.06
2025.11.13	12:48:00	4238.61500	4238.94500	4237.59500	4237.68500	0.09
2025.11.13	12:49:00	4237.64500	4237.67500	4236.64500	4237.29500	0.08
2025.11.13	12:50:00	4237.26500	4237.35500	4235.58500	4236.46500	0.07
2025.11.13	12:51:00	4236.49500	4237.30500	4236.17500	4237.22500	0.06
2025.11.13	12:52:00	4237.23500	4238.23500	4237.17500	4238.23500	0.08
2025.11.13	12:53:00	4238.32500	4238.95500	4238.32500	4238.52500	0.06
2025.11.13	12:54:00	4238.50500	4239.21500	4238.49500	4239.19500	0.05
2025.11.13	12:55:00	4239.21500	4239.21500	4238.26500	4238.81500	0.07
2025.11.13	12:56:00	4238.84500	4242.30500	4238.39500	4242.07500	0.09
2025.11.13	12:57:00	4242.07500	4242.43500	4241.45500	4241.47500	0.08
2025.11.13	12:58:00	4241.46500	4243.29500	4241.38500	4243.12500	0.09
2025.11.13	12:59:00	4243.13500	4244.92500	4242.39500	4242.39500	0.09
2025.11.13	13:00:00	4242.46500	4243.64500	4240.10500	4240.64500	0.08
2025.11.13	13:01:00	4240.65500	4241.32500	4236.55500	4236.55500	0.15
2025.11.13	13:02:00	4236.57500	4237.80500	4234.24500	4235.03500	0.12
2025.11.13	13:03:00	4235.05500	4235.54500	4228.92500	4229.05500	0.15
2025.11.13	13:04:00	4229.13500	4230.98500	4228.47500	4230.29500	0.13
2025.11.13	13:05:00	4230.27500	4231.05500	4227.81500	4228.53500	0.12
2025.11.13	13:06:00	4228.43500	4229.45500	4226.05500	4226.70500	0.12
2025.11.13	13:07:00	4226.70500	4229.81500	4226.38500	4228.74500	0.09
2025.11.13	13:08:00	4228.71500	4232.23500	4228.08500	4231.73500	0.05
2025.11.13	13:09:00	4231.73500	4232.63500	4228.49500	4229.88500	0.07
2025.11.13	13:10:00	4229.91500	4229.95500	4225.67500	4227.70500	0.07
2025.11.13	13:11:00	4227.68500	4229.07500	4226.57500	4227.99500	0.05
2025.11.13	13:12:00	4227.96500	4230.65500	4227.88500	4229.86500	0.04
2025.11.13	13:13:00	4229.84500	4230.33500	4227.56500	4228.48500	0.04
2025.11.13	13:14:00	4228.44500	4230.40500	4227.55500	4230.40500	0.05
2025.11.13	13:15:00	4230.39500	4230.93500	4228.58500	4230.60500	0.06
2025.11.13	13:16:00	4230.62500	4231.92500	4229.71500	4231.87500	0.05
2025.11.13	13:17:00	4231.87500	4234.89500	4231.87500	4233.03500	0.06
2025.11.13	13:18:00	4233.10500	4233.10500	4230.84500	4230.84500	0.03
2025.11.13	13:19:00	4230.92500	4231.12500	4228.37500	4229.65800	0.10
2025.11.13	13:20:00	4229.41800	4232.76500	4228.66500	4230.86500	0.11
2025.11.13	13:21:00	4230.84500	4233.42500	4230.73500	4231.04500	0.04
2025.11.13	13:22:00	4231.06500	4233.37500	4230.93500	4233.19500	0.04
2025.11.13	13:23:00	4233.24500	4233.61500	4232.51500	4233.39500	0.05
2025.11.13	13:24:00	4233.32500	4236.71500	4233.32500	4236.54500	0.10
2025.11.13	13:25:00	4236.53500	4237.46500	4235.27500	4235.63500	0.08
2025.11.13	13:26:00	4235.66500	4236.30500	4234.29500	4235.66500	0.07
2025.11.13	13:27:00	4235.64500	4236.51500	4234.83500	4234.89500	0.06
2025.11.13	13:28:00	4234.88500	4235.44500	4234.35500	4234.50500	0.04
2025.11.13	13:29:00	4234.51500	4235.73500	4234.33500	4234.89500	0.03
2025.11.13	13:30:00	4234.91500	4235.91500	4232.94500	4232.94500	0.03
2025.11.13	13:31:00	4233.18500	4233.22500	4226.15500	4228.01500	0.06
2025.11.13	13:32:00	4228.11500	4230.19500	4228.10500	4228.78500	0.05
2025.11.13	13:33:00	4228.78500	4229.57500	4222.94500	4225.52500	0.16
2025.11.13	13:34:00	4225.52500	4226.24500	4223.32500	4224.15500	0.14
2025.11.13	13:35:00	4224.30500	4225.53500	4220.12500	4221.20500	0.16
2025.11.13	13:36:00	4221.22500	4225.74500	4221.01500	4225.74500	0.06
2025.11.13	13:37:00	4225.69500	4228.15500	4224.55500	4227.89500	0.05
2025.11.13	13:38:00	4227.91500	4228.10500	4224.87500	4225.19500	0.05
2025.11.13	13:39:00	4225.22500	4225.90500	4222.44500	4223.97500	0.07
2025.11.13	13:40:00	4223.95500	4225.05500	4221.85500	4224.89500	0.05
2025.11.13	13:41:00	4224.92500	4225.34500	4222.15500	4222.98500	0.04
2025.11.13	13:42:00	4222.99500	4226.68500	4222.61500	4226.61500	0.03
2025.11.13	13:43:00	4226.64500	4229.80500	4226.45500	4229.27500	0.04
2025.11.13	13:44:00	4229.26500	4230.70500	4227.12500	4228.22500	0.04
2025.11.13	13:45:00	4228.21500	4230.81500	4227.92500	4229.17500	0.04
2025.11.13	13:46:00	4229.09500	4229.09500	4225.96500	4227.50500	0.04
2025.11.13	13:47:00	4227.52500	4228.75500	4227.30500	4227.36500	0.04
2025.11.13	13:48:00	4227.39500	4227.79500	4225.73500	4226.91500	0.04
2025.11.13	13:49:00	4226.89500	4227.34500	4223.82500	4224.64500	0.05
2025.11.13	13:50:00	4224.60500	4226.89500	4224.12500	4226.59500	0.03
2025.11.13	13:51:00	4226.64800	4228.42500	4226.00500	4226.07500	0.05
2025.11.13	13:52:00	4226.00500	4228.58500	4226.00500	4228.41800	0.03
2025.11.13	13:53:00	4228.43500	4230.04800	4228.43500	4228.86500	0.04
2025.11.13	13:54:00	4228.94800	4231.29800	4228.94800	4231.29800	0.05
2025.11.13	13:55:00	4231.29800	4232.04500	4229.95500	4231.87500	0.05
2025.11.13	13:56:00	4231.91500	4232.27500	4230.58500	4230.88500	0.04
2025.11.13	13:57:00	4230.82500	4230.99500	4229.99800	4230.15500	0.04
2025.11.13	13:58:00	4230.17500	4231.02500	4229.40500	4230.44500	0.04
2025.11.13	13:59:00	4230.47500	4231.54500	4230.39800	4231.49800	0.03
2025.11.13	14:00:00	4231.76500	4232.11500	4228.61500	4228.66500	0.04
2025.11.13	14:01:00	4228.62500	4229.27500	4227.17500	4228.00500	0.06
2025.11.13	14:02:00	4228.04500	4228.27500	4226.42500	4227.27500	0.04
2025.11.13	14:03:00	4227.29500	4227.39500	4222.85500	4223.46500	0.05
2025.11.13	14:04:00	4223.44500	4225.01500	4221.57500	4225.01500	0.06
2025.11.13	14:05:00	4225.00500	4225.81500	4222.76500	4222.80500	0.04
2025.11.13	14:06:00	4222.82500	4223.97500	4221.51500	4223.38500	0.04
2025.11.13	14:07:00	4223.41500	4224.57500	4221.28500	4222.03500	0.03
2025.11.13	14:08:00	4222.01500	4222.49500	4214.45500	4214.45500	0.09
2025.11.13	14:09:00	4214.48500	4216.99500	4213.59500	4216.18500	0.07
2025.11.13	14:10:00	4216.22500	4219.26500	4213.66500	4217.92500	0.06
2025.11.13	14:11:00	4217.90500	4219.47500	4216.68500	4218.84500	0.05
2025.11.13	14:12:00	4218.84500	4221.76500	4218.79500	4221.42500	0.05
2025.11.13	14:13:00	4221.45500	4221.70500	4217.34900	4217.93500	0.05
2025.11.13	14:14:00	4217.96500	4220.43500	4216.49800	4220.34500	0.04
2025.11.13	14:15:00	4220.30500	4220.90500	4218.13800	4219.47500	0.04
2025.11.13	14:16:00	4219.44500	4219.59500	4218.06500	4219.21500	0.03
2025.11.13	14:17:00	4219.14500	4220.01500	4218.43500	4219.80500	0.03
2025.11.13	14:18:00	4219.77500	4219.93500	4218.47500	4218.89500	0.03
2025.11.13	14:19:00	4218.86500	4220.06500	4216.92500	4217.11500	0.03
2025.11.13	14:20:00	4217.02500	4217.02500	4214.45500	4216.07500	0.05
2025.11.13	14:21:00	4216.02500	4216.27500	4214.21500	4214.26500	0.05
2025.11.13	14:22:00	4214.24500	4215.42500	4212.03500	4214.37500	0.04
2025.11.13	14:23:00	4214.03500	4216.37500	4212.23500	4215.02500	0.05
2025.11.13	14:24:00	4215.07500	4216.15500	4213.71500	4215.62500	0.04
2025.11.13	14:25:00	4215.28500	4215.28500	4212.12500	4212.53500	0.04
2025.11.13	14:26:00	4212.58500	4213.48500	4209.19500	4210.78500	0.05
2025.11.13	14:27:00	4210.75500	4212.71500	4208.46500	4209.76500	0.07
2025.11.13	14:28:00	4209.77500	4211.53500	4207.86500	4207.86500	0.05
2025.11.13	14:29:00	4207.85500	4211.58500	4207.29500	4211.04500	0.05
2025.11.13	14:30:00	4211.01500	4211.01500	4204.82500	4206.05500	0.07
2025.11.13	14:31:00	4206.03500	4210.70500	4203.58500	4210.24500	0.07
2025.11.13	14:32:00	4210.24500	4211.35500	4208.10500	4211.21500	0.07
2025.11.13	14:33:00	4211.17500	4214.01500	4210.09500	4213.85500	0.06
2025.11.13	14:34:00	4213.88500	4215.34500	4211.35500	4213.79500	0.06
2025.11.13	14:35:00	4213.82500	4217.14500	4213.82500	4214.23500	0.07
2025.11.13	14:36:00	4214.22500	4219.02500	4213.48500	4219.02500	0.06
2025.11.13	14:37:00	4218.99500	4219.50500	4216.38500	4219.42500	0.06
2025.11.13	14:38:00	4219.45500	4219.95500	4216.16500	4216.47500	0.06
2025.11.13	14:39:00	4216.49500	4216.49500	4210.10500	4210.82500	0.06
2025.11.13	14:40:00	4210.89500	4210.89500	4206.13500	4208.75500	0.07
2025.11.13	14:41:00	4208.79500	4211.43500	4205.19500	4205.19500	0.07
2025.11.13	14:42:00	4205.05500	4205.62500	4194.18500	4194.18500	0.08
2025.11.13	14:43:00	4194.28500	4196.45500	4188.34500	4189.62500	0.13
2025.11.13	14:44:00	4189.65500	4189.65500	4184.35500	4187.60500	0.10
2025.11.13	14:45:00	4187.47900	4193.36500	4184.98500	4191.72500	0.08
2025.11.13	14:46:00	4191.61500	4194.45500	4189.07500	4190.58500	0.08
2025.11.13	14:47:00	4190.56500	4194.31500	4187.70500	4192.07500	0.08
2025.11.13	14:48:00	4192.08500	4194.10500	4190.00000	4191.50500	0.09
2025.11.13	14:49:00	4191.55500	4192.58500	4185.32500	4187.97500	0.13
2025.11.13	14:50:00	4187.95500	4190.11500	4185.50500	4188.85500	0.08
2025.11.13	14:51:00	4188.89500	4191.70800	4188.55500	4190.46500	0.07
2025.11.13	14:52:00	4190.47500	4193.52500	4187.21500	4192.81500	0.07
2025.11.13	14:53:00	4192.75500	4194.31500	4188.87800	4190.12500	0.13
2025.11.13	14:54:00	4190.30500	4192.82500	4189.36800	4192.21800	0.23
2025.11.13	14:55:00	4192.25500	4196.96500	4189.87800	4196.48500	0.13
2025.11.13	14:56:00	4196.92500	4200.75500	4196.59500	4199.75500	0.07
2025.11.13	14:57:00	4199.73500	4199.81500	4194.84500	4198.49500	0.07
2025.11.13	14:58:00	4198.43500	4199.70500	4196.30500	4198.69500	0.07
2025.11.13	14:59:00	4198.67500	4198.67500	4195.12500	4195.16500	0.06
2025.11.13	15:00:00	4195.03800	4196.51500	4193.28500	4196.23500	0.08
2025.11.13	15:01:00	4196.28500	4196.54500	4189.09500	4193.25500	0.10
2025.11.13	15:02:00	4193.29500	4194.59500	4189.96500	4191.97500	0.06
2025.11.13	15:03:00	4192.00500	4194.18500	4190.04800	4193.81500	0.07
2025.11.13	15:04:00	4193.89500	4196.86500	4193.41500	4196.22500	0.06
2025.11.13	15:05:00	4196.25500	4199.09500	4193.56500	4198.63500	0.06
2025.11.13	15:06:00	4198.57500	4201.81500	4198.03500	4201.80500	0.06
2025.11.13	15:07:00	4201.96500	4203.86500	4200.23500	4203.50500	0.06
2025.11.13	15:08:00	4203.52500	4204.30500	4202.79500	4204.11500	0.06
2025.11.13	15:09:00	4204.09500	4204.86500	4202.61500	4202.65500	0.06
2025.11.13	15:10:00	4202.63500	4203.07500	4198.04500	4200.57500	0.07
2025.11.13	15:11:00	4200.61500	4201.82500	4198.44500	4199.03500	0.07
2025.11.13	15:12:00	4199.17500	4202.28500	4198.95500	4200.70500	0.06
2025.11.13	15:13:00	4200.56500	4201.26500	4199.21500	4201.08500	0.06
2025.11.13	15:14:00	4201.11500	4202.45500	4200.33500	4201.40500	0.05
2025.11.13	15:15:00	4201.16500	4204.40500	4199.76500	4204.15500	0.07
2025.11.13	15:16:00	4204.13500	4204.13500	4199.88500	4200.82500	0.07
2025.11.13	15:17:00	4200.84500	4202.37500	4200.10500	4200.32500	0.06
2025.11.13	15:18:00	4200.35500	4202.01500	4199.43500	4199.59500	0.07
2025.11.13	15:19:00	4199.81500	4201.98500	4199.79500	4200.61500	0.06
2025.11.13	15:20:00	4200.63500	4204.11500	4200.63500	4204.01500	0.06
2025.11.13	15:21:00	4204.02500	4204.09500	4200.35500	4200.41500	0.23
2025.11.13	15:22:00	4200.44500	4201.93500	4198.05500	4198.26500	0.22
2025.11.13	15:23:00	4198.33500	4199.47500	4196.42500	4197.60500	0.32
2025.11.13	15:24:00	4197.60500	4203.17500	4197.50500	4202.91500	0.36
2025.11.13	15:25:00	4202.85500	4203.14500	4198.90500	4198.95500	0.31
2025.11.13	15:26:00	4198.93500	4199.56500	4194.46500	4195.75500	0.30
2025.11.13	15:27:00	4195.60500	4196.70500	4194.01500	4195.49500	0.31
2025.11.13	15:28:00	4195.49500	4196.38500	4191.30500	4193.31500	0.33
2025.11.13	15:29:00	4193.31500	4196.16500	4192.93500	4194.50500	0.26
2025.11.13	15:30:00	4194.46500	4195.45500	4192.25500	4195.42500	0.22
2025.11.13	15:31:00	4195.37500	4197.29500	4194.81500	4196.68500	0.05
2025.11.13	15:32:00	4196.64500	4196.64500	4190.30500	4190.39500	0.17
2025.11.13	15:33:00	4190.36500	4190.36500	4186.19800	4188.16500	0.39
2025.11.13	15:34:00	4188.16500	4190.47500	4187.82500	4189.94500	0.20
2025.11.13	15:35:00	4189.68500	4191.95500	4189.03500	4190.03500	0.22
2025.11.13	15:36:00	4190.00500	4192.52500	4189.90500	4192.06500	0.15
2025.11.13	15:37:00	4192.07500	4193.16500	4190.25500	4191.01500	0.19
2025.11.13	15:38:00	4191.08500	4195.53500	4190.97500	4194.83500	0.14
2025.11.13	15:39:00	4194.85500	4198.18500	4194.03500	4197.20500	0.10
2025.11.13	15:40:00	4197.18500	4199.14500	4196.44500	4199.11500	0.09
2025.11.13	15:41:00	4199.13500	4200.64500	4198.00500	4199.31500	0.06
2025.11.13	15:42:00	4199.34500	4200.38500	4196.20500	4198.48500	0.05
2025.11.13	15:43:00	4198.50500	4199.81500	4198.40500	4198.40500	0.05
2025.11.13	15:44:00	4198.38500	4199.23500	4196.94500	4197.39500	0.11
2025.11.13	15:45:00	4197.39500	4198.25500	4192.98500	4192.98500	0.07
2025.11.13	15:46:00	4192.86500	4193.35500	4188.35500	4191.64500	0.07
2025.11.13	15:47:00	4191.57500	4194.80500	4189.89500	4194.58500	0.06
2025.11.13	15:48:00	4194.58500	4195.81500	4194.04500	4194.80500	0.05
2025.11.13	15:49:00	4194.78500	4197.56500	4194.78500	4196.55500	0.05
2025.11.13	15:50:00	4196.57500	4199.39500	4196.17500	4199.12500	0.05
2025.11.13	15:51:00	4199.05500	4199.19500	4196.18500	4197.13500	0.05
2025.11.13	15:52:00	4197.11500	4197.36500	4195.84500	4197.21500	0.05
2025.11.13	15:53:00	4197.18500	4197.92500	4195.25500	4196.68500	0.06
2025.11.13	15:54:00	4196.66500	4196.66500	4192.73500	4193.96500	0.06
2025.11.13	15:55:00	4194.02500	4195.87800	4192.64500	4195.48500	0.06
2025.11.13	15:56:00	4195.43500	4198.21500	4195.10500	4197.03500	0.06
2025.11.13	15:57:00	4197.07500	4199.98500	4196.80500	4199.34500	0.07
2025.11.13	15:58:00	4199.39500	4201.74500	4198.76800	4200.93500	0.06
2025.11.13	15:59:00	4200.91500	4203.13500	4200.81500	4202.27500	0.07
2025.11.13	16:00:00	4202.30500	4207.13800	4201.97500	4206.48500	0.12
2025.11.13	16:01:00	4206.52500	4207.46800	4205.53500	4206.10500	0.14
2025.11.13	16:02:00	4206.13500	4208.67500	4206.13500	4207.55500	0.06
2025.11.13	16:03:00	4207.53500	4208.02500	4206.48500	4206.64500	0.05
2025.11.13	16:04:00	4206.58500	4206.77500	4203.17500	4203.44500	0.10
2025.11.13	16:05:00	4203.47500	4206.68500	4203.39500	4205.95500	0.08
2025.11.13	16:06:00	4205.99500	4206.60500	4204.16500	4204.64500	0.07
2025.11.13	16:07:00	4204.66500	4205.33500	4203.50500	4204.35500	0.14
2025.11.13	16:08:00	4204.32500	4205.80500	4204.11500	4204.92500	0.10
2025.11.13	16:09:00	4204.89500	4207.58500	4204.75500	4207.44500	0.06
2025.11.13	16:10:00	4207.49500	4209.48500	4207.34500	4209.08500	0.07
2025.11.13	16:11:00	4209.08500	4210.67500	4208.02500	4209.55500	0.05
2025.11.13	16:12:00	4209.59500	4209.88500	4208.30500	4209.40500	0.04
2025.11.13	16:13:00	4209.36500	4210.34500	4207.75500	4208.32500	0.04
2025.11.13	16:14:00	4208.25500	4210.32500	4207.74500	4209.76500	0.04
2025.11.13	16:15:00	4209.84500	4210.09800	4208.96500	4209.99800	0.05
2025.11.13	16:16:00	4209.99800	4210.69800	4208.47500	4208.91500	0.09
2025.11.13	16:17:00	4208.88500	4209.47500	4208.41800	4209.35500	0.06
2025.11.13	16:18:00	4209.30500	4209.54500	4207.94500	4208.51500	0.04
2025.11.13	16:19:00	4208.60800	4208.94500	4205.71500	4207.50500	0.06
2025.11.13	16:20:00	4207.48500	4208.56500	4206.08500	4208.20500	0.05
2025.11.13	16:21:00	4208.13500	4208.65500	4206.44500	4207.04500	0.05
2025.11.13	16:22:00	4207.08500	4208.26500	4206.58500	4207.90500	0.05
2025.11.13	16:23:00	4207.98500	4208.67500	4207.39500	4207.88500	0.05
2025.11.13	16:24:00	4207.88500	4208.27500	4204.96500	4205.11500	0.04
2025.11.13	16:25:00	4205.28500	4205.55500	4202.95800	4203.46500	0.06
2025.11.13	16:26:00	4203.42500	4206.30500	4203.08500	4205.54500	0.06
2025.11.13	16:27:00	4205.54500	4206.89500	4203.41500	4205.68500	0.06
2025.11.13	16:28:00	4205.66500	4207.81500	4204.82500	4206.06500	0.06
2025.11.13	16:29:00	4206.09500	4207.57500	4205.52500	4206.27500	0.05
2025.11.13	16:30:00	4206.27500	4207.94500	4206.13500	4207.15500	0.05
2025.11.13	16:31:00	4207.13500	4208.23500	4206.04500	4207.06500	0.05
2025.11.13	16:32:00	4207.11500	4208.25500	4206.56500	4207.16500	0.05
2025.11.13	16:33:00	4207.16500	4207.92500	4206.13500	4207.12500	0.05
2025.11.13	16:34:00	4207.10500	4208.63500	4206.84500	4207.68500	0.06
2025.11.13	16:35:00	4207.72500	4208.59500	4206.28500	4207.89500	0.06
2025.11.13	16:36:00	4207.79500	4207.79500	4205.54500	4207.10500	0.06
2025.11.13	16:37:00	4207.12500	4208.23500	4205.82500	4206.00500	0.05
2025.11.13	16:38:00	4206.03500	4206.32500	4200.82500	4201.68500	0.07
2025.11.13	16:39:00	4201.65500	4202.12500	4198.91500	4199.91500	0.07
2025.11.13	16:40:00	4199.97500	4201.85500	4199.41500	4201.46500	0.06
2025.11.13	16:41:00	4201.42500	4202.24500	4195.42500	4196.40500	0.10
2025.11.13	16:42:00	4196.50500	4200.53500	4196.50500	4198.16500	0.10
2025.11.13	16:43:00	4198.24800	4198.29500	4196.56500	4197.78500	0.09
2025.11.13	16:44:00	4197.84800	4198.36500	4196.09800	4197.45500	0.08
2025.11.13	16:45:00	4197.41500	4200.59500	4197.28500	4199.95500	0.06
2025.11.13	16:46:00	4199.98500	4201.23500	4199.77500	4199.79500	0.05
2025.11.13	16:47:00	4199.76500	4200.85500	4198.83500	4199.49500	0.05
2025.11.13	16:48:00	4199.52500	4199.63500	4197.18800	4198.96500	0.05
2025.11.13	16:49:00	4199.33500	4201.24500	4199.30500	4200.98500	0.05
2025.11.13	16:50:00	4201.06500	4201.48500	4199.17500	4199.64500	0.04
2025.11.13	16:51:00	4199.69500	4202.94500	4198.61500	4202.83500	0.06
2025.11.13	16:52:00	4202.78500	4205.76500	4202.39500	4204.85500	0.06
2025.11.13	16:53:00	4204.86500	4205.23500	4203.24500	4203.92500	0.04
2025.11.13	16:54:00	4203.98500	4204.53500	4202.59500	4203.34500	0.04
2025.11.13	16:55:00	4203.48500	4204.21500	4201.81500	4201.93500	0.05
2025.11.13	16:56:00	4201.95800	4204.60500	4201.93500	4204.59500	0.04
2025.11.13	16:57:00	4204.66500	4206.57500	4204.27500	4206.23500	0.05
2025.11.13	16:58:00	4206.19500	4206.21500	4204.60500	4205.32500	0.05
2025.11.13	16:59:00	4205.30500	4206.90500	4204.37500	4206.58500	0.05
2025.11.13	17:00:00	4206.42500	4208.26500	4205.29500	4205.88500	0.05
2025.11.13	17:01:00	4206.04500	4206.08500	4203.27500	4203.39500	0.06
2025.11.13	17:02:00	4203.36500	4203.44500	4202.01500	4202.17500	0.06
2025.11.13	17:03:00	4202.14500	4203.14500	4200.91500	4201.45500	0.05
2025.11.13	17:04:00	4201.39500	4201.94800	4200.25500	4201.59500	0.06
2025.11.13	17:05:00	4201.56500	4203.48500	4199.34500	4203.35500	0.05
2025.11.13	17:06:00	4203.32500	4203.32500	4201.74500	4202.95500	0.04
2025.11.13	17:07:00	4202.92500	4203.13500	4200.56500	4202.97500	0.06
2025.11.13	17:08:00	4202.95500	4202.95500	4200.78500	4201.07500	0.06
2025.11.13	17:09:00	4201.02500	4202.30500	4199.95500	4200.43500	0.05
2025.11.13	17:10:00	4200.43500	4202.01500	4200.20500	4201.02500	0.04
2025.11.13	17:11:00	4201.00500	4201.08500	4198.43500	4199.27500	0.06
2025.11.13	17:12:00	4199.30500	4200.92500	4198.45500	4198.63500	0.05
2025.11.13	17:13:00	4198.60500	4199.13500	4195.83800	4197.99500	0.07
2025.11.13	17:14:00	4197.99500	4198.00500	4193.98500	4194.74500	0.05
2025.11.13	17:15:00	4194.84500	4197.41500	4194.72500	4196.81500	0.06
2025.11.13	17:16:00	4196.77500	4196.83500	4193.99500	4195.11500	0.06
2025.11.13	17:17:00	4195.11500	4196.62500	4194.24500	4196.03500	0.05
2025.11.13	17:18:00	4196.07500	4196.37500	4192.94500	4194.49500	0.07
2025.11.13	17:19:00	4194.43500	4196.19500	4193.93500	4194.39500	0.05
2025.11.13	17:20:00	4194.43800	4196.59500	4194.35500	4196.34500	0.05
2025.11.13	17:21:00	4196.36500	4198.11500	4195.06500	4198.07500	0.06
2025.11.13	17:22:00	4198.07500	4199.14500	4197.87500	4198.65500	0.06
2025.11.13	17:23:00	4198.65500	4201.52500	4198.37500	4201.50500	0.05
2025.11.13	17:24:00	4201.53500	4202.49500	4199.99500	4201.62500	0.06
2025.11.13	17:25:00	4201.64500	4202.07500	4200.35500	4201.84500	0.06
2025.11.13	17:26:00	4201.84500	4202.17500	4200.03500	4201.94500	0.04
2025.11.13	17:27:00	4201.97500	4204.25500	4201.95500	4203.75500	0.05
2025.11.13	17:28:00	4203.72500	4204.65500	4203.26500	4203.30500	0.05
2025.11.13	17:29:00	4203.30500	4203.87500	4202.38500	4202.46500	0.05
2025.11.13	17:30:00	4202.48500	4203.56500	4202.43500	4202.92500	0.04
2025.11.13	17:31:00	4202.96500	4203.69500	4202.04500	4202.51500	0.03
2025.11.13	17:32:00	4202.55500	4203.23500	4202.00500	4202.33500	0.03
2025.11.13	17:33:00	4202.29500	4204.32500	4202.10500	4204.11500	0.04
2025.11.13	17:34:00	4204.12800	4206.20500	4204.12800	4205.81500	0.08
2025.11.13	17:35:00	4205.79500	4206.42500	4203.60500	4203.79500	0.10
2025.11.13	17:36:00	4203.72500	4204.72500	4202.75800	4202.97500	0.14
2025.11.13	17:37:00	4203.10500	4203.95500	4202.05500	4203.40500	0.12
2025.11.13	17:38:00	4203.45500	4205.05500	4203.21500	4203.35500	0.13
2025.11.13	17:39:00	4203.35500	4203.69500	4201.98500	4202.42500	0.12
2025.11.13	17:40:00	4202.41500	4203.15500	4201.62500	4202.74500	0.13
2025.11.13	17:41:00	4202.82500	4203.80500	4201.20500	4202.37500	0.13
2025.11.13	17:42:00	4202.36500	4202.92500	4200.14500	4200.96500	0.12
2025.11.13	17:43:00	4200.96500	4201.18500	4199.53500	4199.53500	0.12
2025.11.13	17:44:00	4199.55500	4200.71500	4199.22500	4200.36500	0.10
2025.11.13	17:45:00	4200.42500	4200.81500	4196.93500	4197.12500	0.10
2025.11.13	17:46:00	4197.12500	4199.35500	4196.09500	4199.29500	0.12
2025.11.13	17:47:00	4199.21500	4199.97500	4198.38500	4199.80500	0.11
2025.11.13	17:48:00	4199.80500	4202.21500	4199.06500	4202.13500	0.09
2025.11.13	17:49:00	4202.11500	4203.91500	4201.40500	4203.61500	0.09
2025.11.13	17:50:00	4203.59500	4205.30500	4203.22500	4203.87500	0.11
2025.11.13	17:51:00	4203.85500	4205.27500	4203.52500	4203.83500	0.09
2025.11.13	17:52:00	4203.83500	4204.07500	4202.86500	4203.40500	0.09
2025.11.13	17:53:00	4203.43500	4204.85500	4202.08500	4203.09500	0.09
2025.11.13	17:54:00	4203.11500	4204.50500	4202.94500	4203.68500	0.11
2025.11.13	17:55:00	4203.60500	4203.82500	4201.89500	4203.08500	0.12
2025.11.13	17:56:00	4203.15500	4203.35500	4201.09500	4201.21500	0.13
2025.11.13	17:57:00	4201.28500	4202.17500	4200.38500	4201.56500	0.11
2025.11.13	17:58:00	4201.56500	4201.87500	4200.73500	4201.42500	0.08
2025.11.13	17:59:00	4201.45500	4202.63500	4201.06500	4201.54500	0.08
2025.11.13	18:00:00	4201.61500	4202.47500	4200.47500	4202.26500	0.06
2025.11.13	18:01:00	4202.22500	4202.95500	4201.71500	4202.20500	0.05
2025.11.13	18:02:00	4202.23500	4203.03500	4201.15500	4201.42500	0.08
2025.11.13	18:03:00	4201.39500	4202.53500	4200.62500	4201.54500	0.07
2025.11.13	18:04:00	4201.54500	4201.93500	4201.13500	4201.64500	0.05
2025.11.13	18:05:00	4201.66500	4202.26500	4200.55500	4201.70500	0.06
2025.11.13	18:06:00	4201.79500	4202.78500	4200.84500	4201.59500	0.07
2025.11.13	18:07:00	4201.54500	4202.24500	4200.59500	4201.99500	0.08
2025.11.13	18:08:00	4202.01500	4202.16500	4200.24500	4200.39500	0.07
2025.11.13	18:09:00	4200.38500	4201.68500	4199.85500	4201.54500	0.09
2025.11.13	18:10:00	4201.52500	4201.84500	4199.56500	4201.69500	0.08
2025.11.13	18:11:00	4201.69500	4202.86500	4201.04500	4201.88500	0.08
2025.11.13	18:12:00	4201.91500	4202.95500	4201.62500	4202.46500	0.06
2025.11.13	18:13:00	4202.46500	4202.57500	4200.29500	4201.10500	0.07
2025.11.13	18:14:00	4201.24500	4203.02500	4201.24500	4201.85500	0.09
2025.11.13	18:15:00	4201.82500	4202.82500	4200.87500	4201.04500	0.09
2025.11.13	18:16:00	4201.02500	4201.81500	4199.89500	4201.25500	0.07
2025.11.13	18:17:00	4201.24500	4201.59900	4200.03500	4200.15500	0.11
2025.11.13	18:18:00	4200.24500	4202.12500	4200.24500	4201.52500	0.08
2025.11.13	18:19:00	4201.48500	4201.79500	4199.59500	4200.63500	0.09
2025.11.13	18:20:00	4200.60500	4201.15500	4199.42500	4200.95500	0.08
2025.11.13	18:21:00	4200.96500	4201.04500	4197.53500	4198.56500	0.08
2025.11.13	18:22:00	4198.56500	4199.81500	4198.54500	4199.34500	0.06
2025.11.13	18:23:00	4199.34500	4199.46500	4198.26500	4198.88500	0.08
2025.11.13	18:24:00	4198.86500	4199.03500	4197.00500	4198.32500	0.08
2025.11.13	18:25:00	4198.37500	4198.63500	4193.65500	4193.85500	0.08
2025.11.13	18:26:00	4193.88500	4195.44500	4192.99500	4194.26500	0.09
2025.11.13	18:27:00	4194.24500	4194.95500	4189.19500	4190.16500	0.10
2025.11.13	18:28:00	4190.16500	4191.34500	4189.05500	4190.54500	0.12
2025.11.13	18:29:00	4190.59500	4190.98500	4187.38500	4190.14500	0.11
2025.11.13	18:30:00	4190.13500	4190.59500	4187.00500	4187.34500	0.09
2025.11.13	18:31:00	4187.33500	4188.60500	4171.60500	4173.46900	0.12
2025.11.13	18:32:00	4173.39500	4174.47900	4164.41500	4168.22500	0.12
2025.11.13	18:33:00	4168.57500	4168.70500	4160.26500	4164.85900	0.11
2025.11.13	18:34:00	4164.62500	4167.38500	4161.61500	4165.67500	0.11
2025.11.13	18:35:00	4165.43500	4165.63500	4151.78500	4154.64800	2.08
2025.11.13	18:36:00	4153.61500	4155.28500	4150.64500	4151.72800	0.66
2025.11.13	18:37:00	4151.91500	4158.10500	4150.57500	4157.06500	0.10
2025.11.13	18:38:00	4156.97500	4158.08500	4145.34500	4145.51500	0.13
2025.11.13	18:39:00	4145.63500	4148.76500	4144.96500	4148.11500	0.17
2025.11.13	18:40:00	4148.11500	4154.26500	4146.46500	4154.17500	0.15
2025.11.13	18:41:00	4154.15500	4156.32500	4148.75500	4155.71500	0.15
2025.11.13	18:42:00	4155.82500	4156.54500	4152.41500	4153.71500	0.13
2025.11.13	18:43:00	4153.66900	4158.75500	4153.12900	4158.55500	0.12
2025.11.13	18:44:00	4158.55500	4158.80500	4153.19900	4155.55900	0.09
2025.11.13	18:45:00	4155.52900	4157.16900	4153.79900	4157.11500	0.10
2025.11.13	18:46:00	4157.11900	4157.38900	4149.79500	4150.99500	0.11
2025.11.13	18:47:00	4150.98500	4153.81500	4150.45500	4153.15900	0.08
2025.11.13	18:48:00	4153.10900	4155.18500	4152.72500	4154.81500	0.09
2025.11.13	18:49:00	4154.83500	4158.86500	4154.83500	4157.95500	0.08
2025.11.13	18:50:00	4157.95500	4161.83500	4157.95500	4160.38500	0.08
2025.11.13	18:51:00	4160.44500	4161.27500	4158.67500	4159.34500	0.07
2025.11.13	18:52:00	4159.32500	4160.07500	4156.37500	4157.50500	0.08
2025.11.13	18:53:00	4157.68500	4158.53500	4155.79500	4156.80500	0.07
2025.11.13	18:54:00	4156.80500	4157.01500	4154.50500	4155.04500	0.06
2025.11.13	18:55:00	4154.95500	4156.35900	4153.98500	4154.22900	0.10
2025.11.13	18:56:00	4154.19900	4156.08900	4152.82500	4154.90500	0.08
2025.11.13	18:57:00	4154.87900	4155.44500	4151.80500	4153.22900	0.08
2025.11.13	18:58:00	4153.21500	4157.98500	4153.17500	4157.71500	0.07
2025.11.13	18:59:00	4157.50500	4158.94500	4157.17500	4157.63900	0.09
2025.11.13	19:00:00	4157.63900	4157.63900	4154.12900	4154.20900	0.07
2025.11.13	19:01:00	4154.16900	4154.56900	4148.86500	4149.16500	0.10
2025.11.13	19:02:00	4149.01500	4150.00500	4145.59500	4147.77500	0.09
2025.11.13	19:03:00	4147.74500	4151.45500	4147.63500	4149.80500	0.08
2025.11.13	19:04:00	4149.71500	4150.94500	4148.37500	4149.96500	0.07
2025.11.13	19:05:00	4149.94500	4154.23500	4148.97500	4153.41500	0.07
2025.11.13	19:06:00	4153.39500	4155.39500	4153.27500	4154.95500	0.06
2025.11.13	19:07:00	4154.95500	4156.65500	4152.62500	4153.35500	0.07
2025.11.13	19:08:00	4153.35900	4153.57500	4149.53900	4150.91500	0.06
2025.11.13	19:09:00	4150.89500	4155.17500	4150.63500	4154.37500	0.07
2025.11.13	19:10:00	4154.54500	4156.66500	4154.24900	4154.24900	0.07
2025.11.13	19:11:00	4154.28500	4156.80500	4154.08500	4155.97900	0.07
2025.11.13	19:12:00	4155.94500	4156.33500	4154.51500	4154.60500	0.06
2025.11.13	19:13:00	4154.66500	4154.67500	4153.05500	4153.23500	0.06
2025.11.13	19:14:00	4153.23500	4154.63500	4152.06500	4153.57500	0.06
2025.11.13	19:15:00	4153.62500	4153.88500	4150.76500	4150.81500	0.06
2025.11.13	19:16:00	4150.78500	4152.29500	4150.34500	4151.83500	0.06
2025.11.13	19:17:00	4151.79500	4154.05500	4151.08500	4153.75900	0.06
2025.11.13	19:18:00	4153.81500	4158.27500	4153.73500	4158.21500	0.06
2025.11.13	19:19:00	4158.15500	4159.00500	4157.58500	4158.15500	0.06
2025.11.13	19:20:00	4158.12500	4159.07500	4156.93500	4157.07500	0.06
2025.11.13	19:21:00	4157.04500	4158.10500	4155.21500	4156.56500	0.06
2025.11.13	19:22:00	4156.56500	4156.88500	4154.90500	4155.52500	0.06
2025.11.13	19:23:00	4155.49500	4156.74500	4154.65500	4155.18500	0.06
2025.11.13	19:24:00	4155.15500	4157.90500	4154.83500	4157.29500	0.06
2025.11.13	19:25:00	4157.45500	4160.90500	4156.65500	4160.70500	0.06
2025.11.13	19:26:00	4160.65500	4160.85500	4158.89500	4160.34500	0.06
2025.11.13	19:27:00	4160.29500	4160.82500	4156.41500	4156.53500	0.05
2025.11.13	19:28:00	4156.55500	4158.85500	4156.55500	4158.83500	0.06
2025.11.13	19:29:00	4158.85500	4159.97900	4158.61500	4159.59500	0.06
2025.11.13	19:30:00	4159.57500	4160.58900	4157.90500	4158.63500	0.06
2025.11.13	19:31:00	4158.63500	4160.33500	4158.47500	4159.33500	0.05
2025.11.13	19:32:00	4159.30500	4160.79500	4158.98500	4158.98500	0.05
2025.11.13	19:33:00	4158.98500	4160.04500	4158.67500	4159.81500	0.04
2025.11.13	19:34:00	4159.84500	4163.66500	4159.22500	4161.93500	0.05
2025.11.13	19:35:00	4161.89500	4166.18500	4161.68500	4165.31900	0.06
2025.11.13	19:36:00	4165.35500	4167.47500	4165.35500	4166.74500	0.07
2025.11.13	19:37:00	4166.74500	4169.12900	4165.26900	4168.84900	0.08
2025.11.13	19:38:00	4168.86900	4168.86900	4164.75500	4165.54900	0.11
2025.11.13	19:39:00	4165.59900	4168.47900	4165.56900	4167.96900	0.09
2025.11.13	19:40:00	4167.93900	4167.98900	4165.57500	4165.77900	0.09
2025.11.13	19:41:00	4165.74900	4167.87900	4165.74900	4167.87900	0.07
2025.11.13	19:42:00	4167.76500	4168.62900	4167.12900	4167.39900	0.06
2025.11.13	19:43:00	4167.35900	4168.69500	4167.28500	4168.20900	0.06
2025.11.13	19:44:00	4168.17900	4169.60500	4167.26500	4169.46500	0.06
2025.11.13	19:45:00	4169.50500	4170.35500	4168.18500	4168.81500	0.07
2025.11.13	19:46:00	4168.87500	4169.91500	4167.76900	4169.15500	0.05
2025.11.13	19:47:00	4169.20900	4169.78500	4167.05500	4167.31500	0.05
2025.11.13	19:48:00	4167.38500	4167.66500	4165.61500	4165.76900	0.06
2025.11.13	19:49:00	4165.82900	4166.64900	4164.77500	4165.56900	0.06
2025.11.13	19:50:00	4165.56900	4167.68500	4165.48900	4166.93500	0.06
2025.11.13	19:51:00	4166.97500	4168.35500	4166.97500	4167.24500	0.06
2025.11.13	19:52:00	4167.24900	4169.29500	4166.96500	4168.05500	0.07
2025.11.13	19:53:00	4167.85900	4168.14500	4166.58500	4167.26500	0.05
2025.11.13	19:54:00	4167.16500	4167.87500	4166.46500	4166.46500	0.05
2025.11.13	19:55:00	4166.46500	4166.46500	4163.04500	4163.04500	0.06
2025.11.13	19:56:00	4163.02500	4163.70500	4162.00500	4162.60500	0.06
2025.11.13	19:57:00	4162.60500	4164.39500	4162.02500	4163.99500	0.06
2025.11.13	19:58:00	4164.01900	4165.01500	4163.60500	4164.06500	0.06
2025.11.13	19:59:00	4164.09900	4164.27500	4162.51500	4163.65500	0.06
2025.11.13	20:00:00	4163.67500	4164.24500	4162.43500	4163.57500	0.04
2025.11.13	20:01:00	4163.60500	4166.88800	4163.58500	4165.87500	0.07
2025.11.13	20:02:00	4165.85800	4166.33500	4163.96500	4163.99500	0.05
2025.11.13	20:03:00	4163.98500	4165.52500	4163.39500	4163.89500	0.04
2025.11.13	20:04:00	4163.86500	4163.86500	4161.36500	4162.94500	0.04
2025.11.13	20:05:00	4162.96500	4163.48500	4161.33500	4161.70900	0.04
2025.11.13	20:06:00	4161.68500	4162.35500	4159.99500	4162.23500	0.08
2025.11.13	20:07:00	4162.37500	4162.53900	4160.74500	4161.07900	0.07
2025.11.13	20:08:00	4161.03500	4162.64500	4161.03500	4162.62500	0.08
2025.11.13	20:09:00	4162.57500	4164.11500	4161.36500	4163.70500	0.08
2025.11.13	20:10:00	4163.70500	4164.80500	4162.73500	4163.27500	0.08
2025.11.13	20:11:00	4163.24500	4166.12500	4163.23500	4165.36500	0.08
2025.11.13	20:12:00	4165.33500	4166.69500	4165.30500	4166.65500	0.08
2025.11.13	20:13:00	4166.63500	4166.66500	4165.55500	4166.54500	0.09
2025.11.13	20:14:00	4166.52500	4166.60500	4164.68500	4164.91900	0.09
2025.11.13	20:15:00	4164.89500	4165.37500	4161.85800	4164.14500	0.12
2025.11.13	20:16:00	4164.21500	4166.71800	4163.85500	4166.39500	0.09
2025.11.13	20:17:00	4166.39500	4166.92500	4165.01500	4165.10500	0.08
2025.11.13	20:18:00	4165.07500	4165.64800	4163.62800	4163.98500	0.11
2025.11.13	20:19:00	4163.93500	4164.97500	4161.83500	4162.05500	0.12
2025.11.13	20:20:00	4162.05500	4163.44500	4160.61500	4160.88500	0.10
2025.11.13	20:21:00	4160.96900	4162.82500	4160.60500	4162.38500	0.10
2025.11.13	20:22:00	4162.43500	4164.35500	4162.41500	4163.53500	0.06
2025.11.13	20:23:00	4163.53500	4163.59900	4162.31500	4162.90500	0.07
2025.11.13	20:24:00	4162.86500	4165.32500	4162.83500	4165.17500	0.07
2025.11.13	20:25:00	4165.09500	4165.53500	4164.03500	4165.22500	0.08
2025.11.13	20:26:00	4165.25500	4165.51500	4164.59500	4164.74500	0.09
2025.11.13	20:27:00	4164.76500	4167.80500	4164.19500	4167.76500	0.08
2025.11.13	20:28:00	4167.76500	4169.52500	4167.73500	4167.99500	0.07
2025.11.13	20:29:00	4167.99500	4170.28500	4167.77500	4169.06500	0.07
2025.11.13	20:30:00	4169.10500	4170.52500	4167.30500	4167.57500	0.05
2025.11.13	20:31:00	4167.57500	4167.72500	4165.65500	4167.37500	0.04
2025.11.13	20:32:00	4167.37500	4167.61500	4166.34500	4166.60500	0.05
2025.11.13	20:33:00	4166.53900	4166.65500	4165.97500	4166.14500	0.05
2025.11.13	20:34:00	4166.30500	4167.35500	4166.21500	4167.13500	0.04
2025.11.13	20:35:00	4167.01500	4167.51500	4165.55500	4165.82500	0.04
2025.11.13	20:36:00	4165.80500	4166.53500	4165.55500	4166.51500	0.05
2025.11.13	20:37:00	4166.48500	4167.13500	4166.20500	4167.06500	0.04
2025.11.13	20:38:00	4167.10500	4168.18500	4165.99500	4168.03500	0.04
2025.11.13	20:39:00	4168.03500	4168.31500	4167.03500	4167.11500	0.04
2025.11.13	20:40:00	4167.18500	4167.71500	4166.59500	4166.63500	0.06
2025.11.13	20:41:00	4166.65500	4166.99500	4165.12500	4165.21500	0.04
2025.11.13	20:42:00	4165.21500	4165.99500	4164.82500	4165.29500	0.05
2025.11.13	20:43:00	4165.29500	4165.44500	4163.25500	4163.47500	0.06
2025.11.13	20:44:00	4163.50500	4165.01500	4163.27500	4164.53500	0.06
2025.11.13	20:45:00	4164.50500	4165.69500	4163.71500	4164.67800	0.10
2025.11.13	20:46:00	4164.69800	4166.31500	4163.70500	4166.21500	0.08
2025.11.13	20:47:00	4166.21500	4166.88500	4165.02500	4165.42500	0.05
2025.11.13	20:48:00	4165.44500	4166.40500	4163.39500	4163.62500	0.04
2025.11.13	20:49:00	4163.62500	4164.16500	4162.00500	4162.17500	0.05
2025.11.13	20:50:00	4162.25500	4164.68500	4162.20500	4164.68500	0.06
2025.11.13	20:51:00	4164.86500	4164.88500	4163.23500	4163.41500	0.05
2025.11.13	20:52:00	4163.39500	4163.41500	4161.06500	4162.22500	0.07
2025.11.13	20:53:00	4162.30500	4162.72500	4160.56500	4160.84500	0.08
2025.11.13	20:54:00	4160.96500	4162.66500	4160.85500	4162.44500	0.08
2025.11.13	20:55:00	4162.56500	4164.15500	4162.56500	4163.81500	0.07
2025.11.13	20:56:00	4163.83500	4163.90500	4162.40500	4163.75500	0.05
2025.11.13	20:57:00	4163.87500	4165.44500	4162.30500	4163.60500	0.06
2025.11.13	20:58:00	4163.57500	4164.46500	4162.08500	4162.65500	0.06
2025.11.13	20:59:00	4163.03500	4163.96500	4162.07500	4163.73500	0.06
2025.11.13	21:00:00	4163.68500	4163.88500	4162.38500	4163.30500	0.03
2025.11.13	21:01:00	4163.27500	4163.37500	4160.93500	4161.44500	0.02
2025.11.13	21:02:00	4161.44500	4162.16500	4161.36500	4162.07500	0.01
2025.11.13	21:03:00	4162.04500	4165.46500	4162.04500	4165.46500	0.02
2025.11.13	21:04:00	4165.46500	4167.00500	4165.46500	4166.71500	0.02
2025.11.13	21:05:00	4166.71500	4168.06500	4166.71500	4167.89500	0.02
2025.11.13	21:06:00	4167.86500	4168.42500	4166.89500	4167.93500	0.02
2025.11.13	21:07:00	4167.96500	4170.66500	4167.59500	4170.32500	0.03
2025.11.13	21:08:00	4170.34500	4177.98500	4169.84500	4177.80500	0.06
2025.11.13	21:09:00	4177.80500	4180.90500	4177.05800	4179.94500	0.06
2025.11.13	21:10:00	4180.01500	4180.01500	4177.03800	4177.84500	0.05
2025.11.13	21:11:00	4177.86500	4178.05500	4176.87500	4177.16500	0.03
2025.11.13	21:12:00	4177.14500	4177.51500	4175.54500	4175.69500	0.04
2025.11.13	21:13:00	4175.81500	4176.86500	4175.13500	4176.38500	0.04
2025.11.13	21:14:00	4176.41500	4178.85500	4176.31500	4178.07500	0.04
2025.11.13	21:15:00	4178.14800	4178.26500	4177.54800	4177.99800	0.04
2025.11.13	21:16:00	4177.96500	4178.00500	4176.22500	4176.49500	0.02
2025.11.13	21:17:00	4176.15800	4177.34800	4175.99800	4177.01800	0.02
2025.11.13	21:18:00	4177.01800	4177.01800	4175.49500	4175.62800	0.02
2025.11.13	21:19:00	4175.64800	4175.73800	4175.13800	4175.13800	0.02
2025.11.13	21:20:00	4175.13800	4176.04500	4175.12500	4175.28800	0.02
2025.11.13	21:21:00	4175.35500	4175.95500	4175.28800	4175.85800	0.02
2025.11.13	21:22:00	4175.85800	4176.78500	4175.59500	4176.61800	0.02
2025.11.13	21:23:00	4176.63800	4177.70500	4175.70800	4175.84800	0.03
2025.11.13	21:24:00	4175.85800	4176.08500	4175.34800	4175.75800	0.02
2025.11.13	21:25:00	4175.66800	4176.10800	4175.55800	4176.10800	0.03
2025.11.13	21:26:00	4176.05800	4177.00800	4175.84500	4175.99800	0.03
2025.11.13	21:27:00	4175.91500	4176.05500	4174.65500	4174.69500	0.01
2025.11.13	21:28:00	4174.74800	4174.77500	4172.54500	4172.79800	0.03
2025.11.13	21:29:00	4172.81800	4174.12800	4172.69800	4173.90800	0.04
2025.11.13	21:30:00	4173.70800	4174.77500	4173.22800	4173.40500	0.02
2025.11.13	21:31:00	4173.38500	4174.17800	4172.64800	4174.14800	0.02
2025.11.13	21:32:00	4174.17800	4175.33800	4174.17800	4174.89500	0.03
2025.11.13	21:33:00	4174.87500	4175.57500	4174.39500	4174.51500	0.03
2025.11.13	21:34:00	4174.52500	4175.00500	4174.34500	4174.89500	0.02
2025.11.13	21:35:00	4174.93800	4174.93800	4172.25800	4172.31800	0.02
2025.11.13	21:36:00	4172.31800	4172.48800	4171.73800	4171.92800	0.02
2025.11.13	21:37:00	4171.95500	4173.17500	4171.36800	4173.17500	0.03
2025.11.13	21:38:00	4173.14500	4173.14500	4169.02800	4169.10500	0.04
2025.11.13	21:39:00	4169.10500	4171.28800	4169.04500	4169.36500	0.03
2025.11.13	21:40:00	4169.38500	4170.41500	4169.16800	4170.15500	0.03
2025.11.13	21:41:00	4170.18500	4170.42500	4169.89500	4169.93500	0.01
2025.11.13	21:42:00	4170.13500	4171.16500	4170.01500	4170.76500	0.02
2025.11.13	21:43:00	4170.78500	4170.97500	4170.01500	4170.04500	0.02
2025.11.13	21:44:00	4170.10500	4172.89500	4170.04500	4172.78500	0.03
2025.11.13	21:45:00	4172.78500	4172.82500	4171.90500	4172.66500	0.03
2025.11.13	21:46:00	4172.66500	4173.36500	4172.54500	4173.04500	0.02
2025.11.13	21:47:00	4172.97500	4172.97500	4172.19500	4172.36500	0.02
2025.11.13	21:48:00	4172.36500	4172.41500	4171.37500	4171.40500	0.03
2025.11.13	21:49:00	4171.40500	4171.62500	4170.84500	4171.31500	0.02
2025.11.13	21:50:00	4171.50800	4171.60500	4171.24500	4171.60500	0.03
2025.11.13	21:51:00	4171.60500	4171.79500	4171.37500	4171.55500	0.02
2025.11.13	21:52:00	4171.52500	4171.83500	4171.35500	4171.55500	0.01
2025.11.13	21:53:00	4171.55500	4171.56500	4170.80500	4170.82500	0.01
2025.11.13	21:54:00	4170.82500	4171.40500	4170.76500	4171.18500	0.02
2025.11.13	21:55:00	4171.14500	4171.98500	4171.14500	4171.91500	0.02
2025.11.13	21:56:00	4171.94500	4173.39500	4171.94500	4172.56500	0.03
2025.11.13	21:57:00	4172.53500	4172.85500	4170.87500	4171.22500	0.02
2025.11.13	21:58:00	4171.21500	4171.50500	4170.72500	4171.14500	0.02
2025.11.13	21:59:00	4171.14500	4171.63500	4170.86500	4170.86500	0.02
2025.11.13	23:00:00	4168.40800	4171.79800	4168.40800	4171.79800	0.03
2025.11.13	23:01:00	4171.79800	4175.62500	4171.07500	4175.59500	0.02
2025.11.13	23:02:00	4175.58500	4175.58500	4173.79500	4173.93500	0.03
2025.11.13	23:03:00	4173.84500	4176.41500	4173.43500	4176.41500	0.02
2025.11.13	23:04:00	4176.50500	4176.50500	4174.64800	4176.33500	0.03
2025.11.13	23:05:00	4176.20800	4180.34800	4176.20800	4180.34800	0.03
2025.11.13	23:06:00	4180.34800	4181.14500	4178.64800	4179.27500	0.03
2025.11.13	23:07:00	4179.28500	4180.55500	4178.28500	4180.45500	0.02
2025.11.13	23:08:00	4180.08500	4180.08500	4176.94800	4177.15500	0.02
2025.11.13	23:09:00	4177.27500	4178.59800	4176.89800	4176.93500	0.02
2025.11.13	23:10:00	4176.95500	4178.17500	4176.38500	4177.48500	0.03
2025.11.13	23:11:00	4177.49500	4178.64500	4176.21500	4178.01500	0.02
2025.11.13	23:12:00	4178.01500	4178.15500	4175.52500	4176.79500	0.01
2025.11.13	23:13:00	4176.77500	4176.80500	4175.94500	4176.31500	0.01
2025.11.13	23:14:00	4176.34500	4176.95500	4176.07500	4176.21500	0.01
2025.11.13	23:15:00	4176.26500	4176.76500	4175.67500	4176.76500	0.01
2025.11.13	23:16:00	4176.74500	4176.75500	4175.70500	4176.10500	0.01
2025.11.13	23:17:00	4176.10500	4178.15500	4175.97500	4177.84500	0.01
2025.11.13	23:18:00	4177.82500	4181.07500	4177.78500	4180.78500	0.02
2025.11.13	23:19:00	4180.80500	4180.98500	4180.14500	4180.28500	0.01
2025.11.13	23:20:00	4180.19500	4180.48500	4179.61500	4180.46500	0.01
2025.11.13	23:21:00	4180.47500	4181.94500	4180.47500	4181.72500	0.01
2025.11.13	23:22:00	4181.74500	4181.74500	4180.26500	4180.31500	0.02
2025.11.13	23:23:00	4180.28500	4181.05500	4179.73500	4180.42500	0.01
2025.11.13	23:24:00	4180.45500	4180.45500	4178.71500	4178.83500	0.01
2025.11.13	23:25:00	4178.81500	4179.47500	4178.22500	4178.27500	0.01
2025.11.13	23:26:00	4178.27500	4179.62500	4178.15500	4179.19500	0.01
2025.11.13	23:27:00	4179.41500	4179.92500	4179.25500	4179.28500	0.01
2025.11.13	23:28:00	4179.17500	4180.30500	4179.17500	4180.30500	0.01
2025.11.13	23:29:00	4180.59500	4184.26500	4178.74500	4178.79500	0.04
2025.11.13	23:30:00	4178.98500	4178.98500	4176.30500	4177.09500	0.04
2025.11.13	23:31:00	4177.12500	4179.57500	4177.02800	4177.32500	0.04
2025.11.13	23:32:00	4177.15500	4179.20500	4176.88800	4179.02500	0.02
2025.11.13	23:33:00	4179.22800	4180.69500	4179.11500	4179.94500	0.02
2025.11.13	23:34:00	4179.99500	4179.99500	4178.63500	4179.93500	0.02
2025.11.13	23:35:00	4180.14500	4180.14500	4178.88800	4179.73500	0.01
2025.11.13	23:36:00	4179.75500	4179.75500	4178.45500	4178.52500	0.01
2025.11.13	23:37:00	4178.50500	4178.69500	4176.95500	4177.10500	0.01
2025.11.13	23:38:00	4177.14500	4179.65500	4177.05500	4179.24500	0.01
2025.11.13	23:39:00	4179.27500	4181.42500	4178.67500	4181.27500	0.01
2025.11.13	23:40:00	4181.18500	4181.46500	4179.79500	4179.81500	0.01
2025.11.13	23:41:00	4179.79500	4180.30500	4179.33500	4179.39500	0.01
2025.11.13	23:42:00	4179.42500	4179.61500	4178.70500	4178.99500	0.01
2025.11.13	23:43:00	4178.96500	4179.17500	4177.57500	4177.71500	0.01
2025.11.13	23:44:00	4177.69500	4179.14500	4177.69500	4179.02500	0.01
2025.11.13	23:45:00	4179.04500	4180.40500	4178.53500	4179.98500	0.01
2025.11.13	23:46:00	4180.01500	4181.28500	4179.94500	4181.02500	0.01
2025.11.13	23:47:00	4181.09500	4183.74500	4181.01500	4183.60500	0.02
2025.11.13	23:48:00	4183.58500	4185.09500	4183.07500	4184.66500	0.02
2025.11.13	23:49:00	4184.58500	4185.20500	4183.28500	4185.20500	0.02
2025.11.13	23:50:00	4185.20500	4186.44500	4184.39500	4185.79500	0.02
2025.11.13	23:51:00	4185.81500	4186.16500	4184.40500	4184.45500	0.02
2025.11.13	23:52:00	4184.07500	4186.45500	4183.95500	4186.30500	0.02
2025.11.13	23:53:00	4186.05500	4186.40500	4183.94500	4183.94500	0.02
2025.11.13	23:54:00	4183.94500	4184.09500	4182.47500	4183.39500	0.01
2025.11.13	23:55:00	4183.45500	4184.64500	4183.00500	4184.35500	0.01
2025.11.13	23:56:00	4184.36500	4184.40500	4182.43500	4183.02500	0.01
2025.11.13	23:57:00	4183.04500	4184.96500	4182.64500	4184.63500	0.01
2025.11.13	23:58:00	4184.62500	4185.02500	4184.19500	4184.32500	0.01
2025.11.13	23:59:00	4184.29500	4185.91500	4183.67500	4185.72500	0.01
2025.11.14	00:00:00	4185.79500	4186.38500	4183.34500	4183.45500	0.02
2025.11.14	00:01:00	4183.01500	4185.67500	4183.01500	4185.43500	0.01
2025.11.14	00:02:00	4185.36500	4185.45500	4183.45500	4183.96500	0.02
2025.11.14	00:03:00	4183.94500	4183.97500	4182.54500	4183.37500	0.02
2025.11.14	00:04:00	4183.39500	4184.56500	4183.03500	4183.45500	0.01
2025.11.14	00:05:00	4183.43500	4184.60500	4181.02500	4181.22500	0.02
2025.11.14	00:06:00	4181.17500	4182.01500	4180.52500	4181.26500	0.02
2025.11.14	00:07:00	4181.26500	4181.26500	4179.04500	4179.89500	0.02
2025.11.14	00:08:00	4179.88500	4182.42500	4179.88500	4181.57500	0.01
2025.11.14	00:09:00	4181.59500	4183.59500	4181.41500	4183.57500	0.01
2025.11.14	00:10:00	4183.59500	4184.97500	4182.77500	4184.30500	0.02
2025.11.14	00:11:00	4184.27500	4185.44500	4183.95500	4185.00500	0.01
2025.11.14	00:12:00	4184.99500	4185.85500	4184.49500	4185.49500	0.01
2025.11.14	00:13:00	4185.96500	4186.00500	4183.86500	4185.06500	0.01
2025.11.14	00:14:00	4184.94500	4185.41500	4183.98500	4185.38500	0.01
2025.11.14	00:15:00	4185.33500	4185.36500	4183.18500	4183.18500	0.01
2025.11.14	00:16:00	4182.99500	4185.36500	4182.29500	4185.26500	0.01
2025.11.14	00:17:00	4185.29500	4185.98500	4184.78500	4185.53500	0.01
2025.11.14	00:18:00	4185.52500	4185.90500	4184.98500	4185.88500	0.01
2025.11.14	00:19:00	4185.91500	4189.27500	4185.91500	4188.65500	0.03
2025.11.14	00:20:00	4188.63500	4189.41500	4187.77500	4188.19500	0.02
2025.11.14	00:21:00	4188.15500	4189.58500	4187.77500	4189.33500	0.02
2025.11.14	00:22:00	4189.25500	4189.35500	4188.10500	4188.18500	0.01
2025.11.14	00:23:00	4188.14500	4188.17500	4186.88500	4187.00500	0.02
2025.11.14	00:24:00	4186.81500	4186.99500	4185.99500	4186.04500	0.02
2025.11.14	00:25:00	4186.16500	4187.19500	4185.91500	4187.06500	0.01
2025.11.14	00:26:00	4186.65500	4186.75500	4186.13500	4186.21500	0.01
2025.11.14	00:27:00	4186.18500	4186.18500	4184.65500	4185.01500	0.01
2025.11.14	00:28:00	4185.03500	4186.82500	4184.59500	4186.11500	0.01
2025.11.14	00:29:00	4186.13500	4188.22500	4185.98500	4188.06500	0.01
2025.11.14	00:30:00	4188.09500	4188.88500	4187.39500	4187.46500	0.01
2025.11.14	00:31:00	4187.43500	4187.72500	4185.30500	4187.29500	0.02
2025.11.14	00:32:00	4187.25500	4187.25500	4186.22500	4186.50500	0.01
2025.11.14	00:33:00	4186.48500	4186.48500	4185.31500	4186.38500	0.02
2025.11.14	00:34:00	4186.36500	4188.23500	4186.00500	4187.90500	0.01
2025.11.14	00:35:00	4187.88500	4187.92500	4186.60500	4187.28500	0.01
2025.11.14	00:36:00	4187.31500	4187.85500	4186.39500	4186.83500	0.02
2025.11.14	00:37:00	4186.88500	4188.02500	4186.85500	4187.52500	0.02
2025.11.14	00:38:00	4187.55500	4189.28500	4187.23500	4188.83500	0.02
2025.11.14	00:39:00	4188.67500	4189.53500	4188.27500	4189.50500	0.02
2025.11.14	00:40:00	4189.53500	4189.53500	4187.05500	4187.20500	0.02
2025.11.14	00:41:00	4187.25500	4187.77500	4186.73500	4187.41500	0.01
2025.11.14	00:42:00	4187.38500	4188.76800	4186.80500	4186.94500	0.02
2025.11.14	00:43:00	4186.81500	4187.02500	4185.81500	4186.40500	0.02
2025.11.14	00:44:00	4186.38500	4187.10500	4185.99500	4186.46500	0.02
2025.11.14	00:45:00	4186.48500	4186.98500	4185.92500	4186.14500	0.02
2025.11.14	00:46:00	4186.12500	4186.91500	4184.48500	4184.74500	0.01
2025.11.14	00:47:00	4184.72500	4185.98500	4183.58500	4185.80500	0.02
2025.11.14	00:48:00	4185.84500	4185.88500	4184.63500	4185.43500	0.02
2025.11.14	00:49:00	4185.45500	4186.15500	4185.00500	4185.28500	0.03
2025.11.14	00:50:00	4185.26500	4185.64500	4183.96500	4184.03500	0.02
2025.11.14	00:51:00	4184.00500	4184.03500	4181.50500	4181.70500	0.03
2025.11.14	00:52:00	4181.73500	4182.01500	4179.47500	4179.52500	0.03
2025.11.14	00:53:00	4179.11500	4180.47500	4178.14500	4180.17500	0.05
2025.11.14	00:54:00	4180.16800	4180.88500	4179.11500	4179.38500	0.06
2025.11.14	00:55:00	4179.35500	4179.92800	4177.83500	4179.74800	0.05
2025.11.14	00:56:00	4179.75800	4181.53800	4179.75800	4181.39800	0.05
2025.11.14	00:57:00	4181.37500	4182.89800	4180.99800	4182.69800	0.05
2025.11.14	00:58:00	4182.61500	4184.50500	4182.59800	4184.09800	0.03
2025.11.14	00:59:00	4184.19800	4184.24800	4182.93500	4183.50500	0.03
2025.11.14	01:00:00	4183.29800	4184.30500	4178.63500	4180.29800	0.08
2025.11.14	01:01:00	4180.15500	4182.39500	4179.19800	4181.14500	0.07
2025.11.14	01:02:00	4181.16500	4184.59500	4180.31500	4184.51500	0.05
2025.11.14	01:03:00	4184.53500	4188.05500	4183.94800	4188.05500	0.05
2025.11.14	01:04:00	4188.07500	4188.75500	4185.75500	4187.15500	0.06
2025.11.14	01:05:00	4187.19500	4188.13500	4184.04500	4185.58500	0.05
2025.11.14	01:06:00	4185.55500	4187.56500	4185.21500	4186.19500	0.03
2025.11.14	01:07:00	4186.16500	4188.04500	4185.91500	4187.47500	0.03
2025.11.14	01:08:00	4187.49500	4188.68500	4186.90500	4187.07500	0.03
2025.11.14	01:09:00	4187.05500	4187.05500	4185.01500	4185.52500	0.03
2025.11.14	01:10:00	4185.46500	4186.86500	4184.61500	4184.61500	0.03
2025.11.14	01:11:00	4184.67500	4184.81500	4182.74500	4184.80500	0.03
2025.11.14	01:12:00	4184.82500	4185.22500	4181.94500	4182.22500	0.02
2025.11.14	01:13:00	4182.20500	4183.22500	4180.98500	4181.08500	0.03
2025.11.14	01:14:00	4181.07500	4183.42500	4180.81500	4182.67500	0.03
2025.11.14	01:15:00	4182.65500	4184.61500	4182.03800	4183.46500	0.04
2025.11.14	01:16:00	4183.51500	4186.30500	4182.91500	4186.16500	0.04
2025.11.14	01:17:00	4186.14500	4186.22500	4180.81500	4180.81500	0.03
2025.11.14	01:18:00	4180.77500	4181.76500	4179.28500	4181.20500	0.06
2025.11.14	01:19:00	4181.25500	4183.09500	4180.60500	4182.06500	0.03
2025.11.14	01:20:00	4182.09500	4182.09500	4179.61500	4181.06500	0.04
2025.11.14	01:21:00	4181.02500	4181.73500	4177.31500	4180.68500	0.05
2025.11.14	01:22:00	4180.55500	4182.91500	4180.31500	4180.43500	0.04
2025.11.14	01:23:00	4180.46500	4180.49500	4175.89500	4176.91500	0.03
2025.11.14	01:24:00	4176.94500	4179.40500	4176.08500	4176.35500	0.04
2025.11.14	01:25:00	4176.15500	4179.27500	4176.07500	4179.17500	0.04
2025.11.14	01:26:00	4179.09500	4181.28500	4179.08500	4179.38500	0.03
2025.11.14	01:27:00	4179.36500	4181.73500	4179.10500	4181.46500	0.03
2025.11.14	01:28:00	4181.48500	4181.53500	4176.84500	4176.84500	0.03
2025.11.14	01:29:00	4176.82500	4177.11500	4173.83500	4174.37500	0.06
2025.11.14	01:30:00	4174.39500	4177.59500	4173.96500	4177.40500	0.04
2025.11.14	01:31:00	4177.40500	4180.26500	4177.35500	4178.87500	0.05
2025.11.14	01:32:00	4178.89500	4179.58500	4177.01500	4177.50500	0.03
2025.11.14	01:33:00	4177.53500	4177.53500	4174.37500	4175.58500	0.03
2025.11.14	01:34:00	4175.56500	4176.78500	4173.34500	4173.51500	0.02
2025.11.14	01:35:00	4173.53500	4176.10500	4173.47500	4176.08500	0.03
2025.11.14	01:36:00	4176.10500	4177.37500	4175.13500	4176.60500	0.04
2025.11.14	01:37:00	4176.55500	4179.89500	4176.53500	4179.70500	0.03
2025.11.14	01:38:00	4179.75500	4182.40500	4179.61500	4181.23500	0.04
2025.11.14	01:39:00	4181.18500	4183.03500	4180.28500	4183.03500	0.04
2025.11.14	01:40:00	4183.43500	4183.60500	4180.65500	4180.74500	0.04
2025.11.14	01:41:00	4180.75500	4182.31500	4180.06500	4181.83500	0.03
2025.11.14	01:42:00	4181.86500	4182.64500	4179.49500	4180.36500	0.03
2025.11.14	01:43:00	4180.48500	4180.48500	4178.66500	4179.47500	0.03
2025.11.14	01:44:00	4179.48800	4180.82500	4178.63800	4179.72500	0.03
2025.11.14	01:45:00	4179.70500	4181.87500	4179.70500	4181.20500	0.03
2025.11.14	01:46:00	4181.23500	4184.93500	4181.04500	4184.93500	0.04
2025.11.14	01:47:00	4184.89500	4186.60500	4184.67500	4185.94500	0.03
2025.11.14	01:48:00	4185.83500	4186.60500	4185.39500	4186.05500	0.03
2025.11.14	01:49:00	4186.03500	4187.79500	4185.39500	4186.96500	0.03
2025.11.14	01:50:00	4186.92500	4187.24500	4184.71500	4185.97500	0.03
2025.11.14	01:51:00	4185.62500	4186.47500	4184.99500	4186.47500	0.03
2025.11.14	01:52:00	4186.51500	4189.07500	4186.51500	4188.38500	0.03
2025.11.14	01:53:00	4188.35500	4188.90500	4186.97500	4188.84500	0.02
2025.11.14	01:54:00	4188.87500	4191.73500	4188.87500	4191.00500	0.04
2025.11.14	01:55:00	4190.98500	4193.36500	4190.82800	4192.65500	0.08
2025.11.14	01:56:00	4192.68500	4193.22500	4191.33500	4191.92500	0.07
2025.11.14	01:57:00	4192.04500	4193.49800	4190.11500	4190.23500	0.11
2025.11.14	01:58:00	4190.33500	4190.47500	4188.93500	4189.33500	0.17
2025.11.14	01:59:00	4189.34500	4189.86500	4188.02500	4189.64500	0.17
2025.11.14	02:00:00	4189.73500	4190.37500	4188.36500	4188.45500	0.09
2025.11.14	02:01:00	4188.60500	4193.46500	4188.40500	4193.42500	0.04
2025.11.14	02:02:00	4193.59500	4193.59500	4192.18500	4193.20500	0.03
2025.11.14	02:03:00	4193.23500	4193.27500	4191.50500	4192.37500	0.03
2025.11.14	02:04:00	4192.39500	4192.51500	4191.41500	4192.14500	0.02
2025.11.14	02:05:00	4192.16500	4192.48500	4190.83500	4191.52500	0.03
2025.11.14	02:06:00	4191.50500	4191.50500	4190.13500	4190.62500	0.03
2025.11.14	02:07:00	4190.70500	4191.48500	4189.43500	4190.16500	0.03
2025.11.14	02:08:00	4190.11500	4190.76500	4189.69500	4190.57500	0.02
2025.11.14	02:09:00	4191.06500	4191.77500	4190.86500	4191.59500	0.03
2025.11.14	02:10:00	4191.57500	4191.84500	4190.67500	4191.78500	0.02
2025.11.14	02:11:00	4191.74500	4193.59800	4191.43500	4192.98500	0.02
2025.11.14	02:12:00	4193.01500	4194.25500	4192.67500	4193.63500	0.05
2025.11.14	02:13:00	4193.58500	4194.09500	4192.16500	4192.98500	0.06
2025.11.14	02:14:00	4193.01500	4194.03500	4192.68500	4193.69500	0.04
2025.11.14	02:15:00	4193.71500	4195.43500	4193.46500	4193.89500	0.02
2025.11.14	02:16:00	4193.87500	4194.04500	4193.17500	4193.62500	0.04
2025.11.14	02:17:00	4193.55500	4193.56500	4192.08500	4192.60500	0.04
2025.11.14	02:18:00	4192.56500	4193.70500	4192.20500	4193.63500	0.02
2025.11.14	02:19:00	4193.60500	4194.17500	4193.44500	4193.55500	0.01
2025.11.14	02:20:00	4193.59500	4195.15500	4193.52500	4195.09800	0.03
2025.11.14	02:21:00	4195.03500	4197.14800	4194.07500	4196.74800	0.04
2025.11.14	02:22:00	4196.94800	4197.04800	4195.60500	4195.83500	0.03
2025.11.14	02:23:00	4195.86500	4198.77500	4195.86500	4198.59500	0.03
2025.11.14	02:24:00	4198.64500	4198.96500	4197.41500	4197.51500	0.02
2025.11.14	02:25:00	4197.53500	4199.83500	4197.51500	4199.23500	0.03
2025.11.14	02:26:00	4199.27500	4201.35500	4198.50500	4201.31500	0.04
2025.11.14	02:27:00	4201.41500	4202.23500	4200.32500	4201.01500	0.04
2025.11.14	02:28:00	4200.99500	4201.96500	4199.76500	4199.94500	0.03
2025.11.14	02:29:00	4199.92500	4199.92500	4198.33500	4199.23500	0.02
2025.11.14	02:30:00	4199.25500	4202.82500	4198.75500	4202.02500	0.04
2025.11.14	02:31:00	4202.04500	4204.26500	4201.86500	4201.99500	0.05
2025.11.14	02:32:00	4201.94500	4203.16500	4201.74500	4202.15500	0.03
2025.11.14	02:33:00	4202.18500	4204.28500	4202.18500	4203.27500	0.03
2025.11.14	02:34:00	4203.24500	4203.80500	4201.97500	4202.66500	0.03
2025.11.14	02:35:00	4202.63500	4202.77500	4201.13500	4201.76500	0.03
2025.11.14	02:36:00	4201.80500	4201.88500	4200.09800	4200.29500	0.04
2025.11.14	02:37:00	4200.25500	4201.17500	4199.46500	4199.84800	0.08
2025.11.14	02:38:00	4199.84800	4201.70800	4199.42500	4201.14500	0.05
2025.11.14	02:39:00	4201.11800	4203.15800	4201.02800	4201.38500	0.06
2025.11.14	02:40:00	4201.59500	4203.64500	4201.56500	4202.57500	0.07
2025.11.14	02:41:00	4202.64500	4203.46800	4202.51800	4203.32800	0.05
2025.11.14	02:42:00	4203.33800	4203.41500	4201.59500	4201.63500	0.03
2025.11.14	02:43:00	4201.60500	4203.81500	4200.99800	4203.16500	0.03
2025.11.14	02:44:00	4203.19500	4204.18500	4203.07500	4203.61500	0.02
2025.11.14	02:45:00	4203.58500	4204.33500	4202.98500	4204.04500	0.03
2025.11.14	02:46:00	4204.01500	4204.18500	4202.39500	4203.51500	0.03
2025.11.14	02:47:00	4203.53500	4203.81500	4202.63500	4203.23500	0.03
2025.11.14	02:48:00	4203.21500	4204.79500	4203.19500	4204.45500	0.02
2025.11.14	02:49:00	4204.43500	4205.90500	4204.20500	4205.24500	0.03
2025.11.14	02:50:00	4205.21500	4208.79500	4205.12500	4208.79500	0.03
2025.11.14	02:51:00	4208.82500	4208.82500	4207.77500	4208.09500	0.03
2025.11.14	02:52:00	4208.06500	4209.18500	4207.45500	4208.74500	0.03
2025.11.14	02:53:00	4208.72500	4210.02500	4208.29500	4210.00500	0.03
2025.11.14	02:54:00	4209.97500	4210.02500	4206.97500	4207.36500	0.03
2025.11.14	02:55:00	4207.34500	4207.34500	4205.55500	4205.69500	0.03
2025.11.14	02:56:00	4205.51500	4206.98500	4205.51500	4206.72500	0.03
2025.11.14	02:57:00	4206.70500	4208.99800	4206.56500	4208.25500	0.03
2025.11.14	02:58:00	4208.22500	4209.63500	4208.11500	4208.38500	0.03
2025.11.14	02:59:00	4208.41500	4208.75500	4206.62500	4206.85500	0.02
2025.11.14	03:00:00	4206.77500	4206.96500	4204.77500	4205.49500	0.03
2025.11.14	03:01:00	4205.46500	4205.76500	4204.35500	4205.76500	0.04
2025.11.14	03:02:00	4205.74500	4207.03500	4204.81500	4206.90500	0.04
2025.11.14	03:03:00	4206.93500	4208.64500	4206.70500	4206.76500	0.03
2025.11.14	03:04:00	4206.73500	4207.05500	4204.86500	4205.09500	0.03
2025.11.14	03:05:00	4205.06500	4206.08500	4203.33500	4203.56500	0.04
2025.11.14	03:06:00	4203.56500	4205.67500	4202.95500	4205.65500	0.03
2025.11.14	03:07:00	4205.62500	4206.74500	4205.03500	4206.32500	0.03
2025.11.14	03:08:00	4206.34500	4206.94500	4206.02500	4206.31500	0.02
2025.11.14	03:09:00	4206.28500	4207.13500	4205.75500	4206.94500	0.03
2025.11.14	03:10:00	4206.96500	4207.75500	4206.57500	4207.45800	0.02
2025.11.14	03:11:00	4207.41500	4207.63500	4206.72500	4206.72500	0.02
2025.11.14	03:12:00	4206.27500	4206.54500	4205.30500	4206.43500	0.02
2025.11.14	03:13:00	4206.41500	4206.41500	4205.17500	4205.65500	0.03
2025.11.14	03:14:00	4205.60500	4206.18500	4204.74500	4205.41500	0.02
2025.11.14	03:15:00	4205.51500	4205.71500	4204.32500	4204.80500	0.01
2025.11.14	03:16:00	4204.85500	4206.85500	4204.85500	4206.85500	0.03
2025.11.14	03:17:00	4206.87500	4207.99500	4206.26500	4206.47500	0.02
2025.11.14	03:18:00	4206.54500	4207.62500	4206.54500	4207.00500	0.02
2025.11.14	03:19:00	4207.02500	4208.11500	4206.86500	4207.17500	0.01
2025.11.14	03:20:00	4207.15500	4207.70500	4207.05500	4207.07500	0.03
2025.11.14	03:21:00	4207.09500	4207.09500	4205.65500	4206.10500	0.02
2025.11.14	03:22:00	4206.01500	4206.84800	4205.84800	4206.84800	0.02
2025.11.14	03:23:00	4206.84800	4207.74800	4206.54800	4207.14800	0.02
2025.11.14	03:24:00	4207.24800	4210.64800	4207.24800	4210.34800	0.03
2025.11.14	03:25:00	4210.34800	4210.74800	4209.37500	4210.35500	0.03
2025.11.14	03:26:00	4210.29800	4210.29800	4208.29500	4208.75500	0.02
2025.11.14	03:27:00	4208.74500	4209.28500	4208.52500	4208.90500	0.02
2025.11.14	03:28:00	4208.87500	4210.06500	4208.58500	4209.64500	0.02
2025.11.14	03:29:00	4209.54500	4210.59800	4209.54500	4210.49800	0.02
2025.11.14	03:30:00	4210.49800	4211.01500	4209.89500	4210.28500	0.04
2025.11.14	03:31:00	4210.26500	4210.26500	4208.46500	4208.90500	0.01
2025.11.14	03:32:00	4208.91500	4209.87500	4208.48500	4209.44500	0.02
2025.11.14	03:33:00	4209.41500	4210.31500	4208.98500	4210.00500	0.02
2025.11.14	03:34:00	4210.05500	4210.05500	4207.84500	4207.96500	0.02
2025.11.14	03:35:00	4207.93500	4209.12500	4207.74500	4208.43500	0.01
2025.11.14	03:36:00	4208.41500	4208.41500	4207.67500	4208.22500	0.01
2025.11.14	03:37:00	4208.25500	4208.64500	4207.26500	4207.43500	0.01
2025.11.14	03:38:00	4207.41500	4207.97500	4206.83500	4207.25500	0.02
2025.11.14	03:39:00	4207.30500	4207.51500	4206.99500	4207.51500	0.02
2025.11.14	03:40:00	4207.38500	4208.44500	4207.32500	4207.79500	0.01
2025.11.14	03:41:00	4207.81500	4208.36500	4207.58500	4207.98500	0.01
2025.11.14	03:42:00	4208.01500	4208.04500	4207.13500	4207.20500	0.02
2025.11.14	03:43:00	4207.18500	4207.74500	4207.09800	4207.67500	0.01
2025.11.14	03:44:00	4207.58500	4207.61500	4206.59800	4206.89500	0.01
2025.11.14	03:45:00	4207.00500	4207.00500	4204.66500	4205.21500	0.02
2025.11.14	03:46:00	4205.18500	4205.54500	4204.87500	4205.00500	0.02
2025.11.14	03:47:00	4204.96500	4205.10500	4203.61500	4204.64500	0.02
2025.11.14	03:48:00	4204.65500	4205.75500	4204.47500	4204.76500	0.02
2025.11.14	03:49:00	4204.85500	4205.89500	4204.75500	4205.62500	0.01
2025.11.14	03:50:00	4205.59500	4205.89500	4204.65500	4204.67500	0.01
2025.11.14	03:51:00	4204.65500	4204.93500	4203.04500	4204.52500	0.02
2025.11.14	03:52:00	4204.42500	4204.64500	4203.03500	4203.18500	0.02
2025.11.14	03:53:00	4203.21500	4203.62500	4202.81500	4202.81500	0.02
2025.11.14	03:54:00	4202.83500	4203.43500	4201.14500	4203.24500	0.03
2025.11.14	03:55:00	4203.22500	4204.04500	4202.21500	4203.16500	0.02
2025.11.14	03:56:00	4203.19500	4204.60500	4203.09500	4204.60500	0.02
2025.11.14	03:57:00	4204.60500	4205.51500	4204.60500	4205.00500	0.02
2025.11.14	03:58:00	4204.97500	4204.97500	4203.71500	4204.19500	0.02
2025.11.14	03:59:00	4204.22500	4204.26500	4203.71500	4204.11500	0.02
2025.11.14	04:00:00	4204.08500	4205.27500	4204.06500	4205.22500	0.01
2025.11.14	04:01:00	4205.18500	4205.41500	4204.45500	4205.05500	0.02
2025.11.14	04:02:00	4205.03500	4205.45500	4204.75500	4204.83500	0.01
2025.11.14	04:03:00	4204.85500	4204.85500	4204.06500	4204.24500	0.01
2025.11.14	04:04:00	4204.28500	4204.81500	4204.28500	4204.61500	0.01
2025.11.14	04:05:00	4204.60500	4204.69500	4203.03500	4203.06500	0.02
2025.11.14	04:06:00	4203.03500	4203.31500	4202.06500	4202.06500	0.02
2025.11.14	04:07:00	4202.09500	4203.63500	4201.89500	4203.49500	0.02
2025.11.14	04:08:00	4203.47500	4203.99500	4203.16500	4203.57500	0.01
2025.11.14	04:09:00	4203.55500	4203.72500	4202.04500	4202.35500	0.01
2025.11.14	04:10:00	4202.37500	4202.65500	4202.07500	4202.34500	0.01
2025.11.14	04:11:00	4202.34500	4202.58500	4201.58500	4201.69500	0.01
2025.11.14	04:12:00	4201.56500	4201.93500	4200.97500	4201.04500	0.02
2025.11.14	04:13:00	4201.06500	4201.12500	4197.96500	4198.04500	0.02
2025.11.14	04:14:00	4198.09500	4200.16500	4198.09500	4199.85500	0.03
2025.11.14	04:15:00	4200.12500	4200.41500	4198.40500	4199.02500	0.03
2025.11.14	04:16:00	4199.00500	4200.97500	4198.44500	4200.92500	0.03
2025.11.14	04:17:00	4200.82500	4201.14500	4199.45500	4200.22500	0.03
2025.11.14	04:18:00	4200.06500	4201.02500	4199.70500	4200.38500	0.02
2025.11.14	04:19:00	4200.38500	4200.49500	4198.90500	4199.81500	0.03
2025.11.14	04:20:00	4199.83500	4200.56500	4198.50500	4199.13500	0.02
2025.11.14	04:21:00	4198.79500	4199.36500	4198.54500	4199.26500	0.02
2025.11.14	04:22:00	4199.12500	4200.54500	4199.09500	4199.73500	0.03
2025.11.14	04:23:00	4199.71500	4200.58500	4199.64800	4199.77500	0.03
2025.11.14	04:24:00	4199.74500	4199.74500	4198.75500	4199.57500	0.02
2025.11.14	04:25:00	4199.55500	4199.65500	4198.74800	4199.46500	0.01
2025.11.14	04:26:00	4199.42500	4199.65500	4197.59800	4198.19800	0.02
2025.11.14	04:27:00	4198.19800	4198.72500	4197.73500	4198.59500	0.01
2025.11.14	04:28:00	4198.57500	4199.21500	4197.69500	4197.86500	0.02
2025.11.14	04:29:00	4197.84500	4197.92500	4196.67500	4197.39500	0.02
2025.11.14	04:30:00	4197.36500	4197.82500	4196.91500	4197.78500	0.01
2025.11.14	04:31:00	4197.75500	4200.20500	4197.67500	4200.14500	0.01
2025.11.14	04:32:00	4200.17500	4200.69500	4200.01500	4200.64500	0.01
2025.11.14	04:33:00	4200.68500	4201.89500	4200.49500	4201.89500	0.02
2025.11.14	04:34:00	4201.86500	4203.38500	4201.80500	4202.92500	0.02
2025.11.14	04:35:00	4202.90500	4203.56500	4202.10500	4203.33500	0.02
2025.11.14	04:36:00	4203.39500	4203.56500	4202.35500	4203.07500	0.01
2025.11.14	04:37:00	4203.05500	4203.45500	4201.20500	4201.94500	0.02
2025.11.14	04:38:00	4201.90500	4202.39500	4200.91500	4201.31500	0.02
2025.11.14	04:39:00	4201.45500	4202.84500	4201.37500	4202.48500	0.01
2025.11.14	04:40:00	4202.74500	4203.34500	4201.86500	4203.18500	0.02
2025.11.14	04:41:00	4203.21500	4203.95500	4202.01500	4202.14500	0.02
2025.11.14	04:42:00	4202.17500	4203.08500	4201.26500	4201.28500	0.02
2025.11.14	04:43:00	4201.30500	4202.65500	4200.82500	4202.65500	0.02
2025.11.14	04:44:00	4202.57500	4202.59500	4201.78500	4202.11500	0.01
2025.11.14	04:45:00	4202.14500	4202.14500	4200.85500	4200.85500	0.01
2025.11.14	04:46:00	4200.89500	4201.07500	4200.31500	4200.66500	0.02
2025.11.14	04:47:00	4200.69500	4201.13500	4200.32500	4200.65500	0.02
2025.11.14	04:48:00	4200.63500	4201.52500	4200.60500	4201.03500	0.01
2025.11.14	04:49:00	4201.01500	4201.52500	4200.44500	4201.52500	0.01
2025.11.14	04:50:00	4201.56500	4202.63500	4201.51500	4202.37500	0.01
2025.11.14	04:51:00	4202.40500	4202.66500	4201.38500	4201.40500	0.01
2025.11.14	04:52:00	4201.38500	4201.89500	4201.30500	4201.71500	0.01
2025.11.14	04:53:00	4201.59500	4201.59500	4200.88500	4201.15500	0.01
2025.11.14	04:54:00	4201.12500	4201.38500	4199.82500	4199.90500	0.02
2025.11.14	04:55:00	4199.92500	4201.75500	4199.58500	4201.72500	0.02
2025.11.14	04:56:00	4201.70500	4202.62500	4201.36500	4202.44500	0.01
2025.11.14	04:57:00	4202.42500	4203.30500	4202.41500	4202.54500	0.01
2025.11.14	04:58:00	4202.52500	4202.98500	4201.94500	4202.88500	0.02
2025.11.14	04:59:00	4202.91500	4203.32500	4202.82500	4202.93500	0.01
2025.11.14	05:00:00	4202.96500	4203.31500	4201.10500	4201.36500	0.02
2025.11.14	05:01:00	4201.32500	4201.32500	4199.58500	4199.62500	0.03
2025.11.14	05:02:00	4199.18500	4199.48500	4197.75500	4197.97500	0.05
2025.11.14	05:03:00	4197.80500	4199.67500	4197.47500	4199.26500	0.04
2025.11.14	05:04:00	4199.30500	4199.52500	4198.84500	4199.14500	0.01
2025.11.14	05:05:00	4199.12500	4199.50500	4198.26500	4198.67500	0.01
2025.11.14	05:06:00	4198.69500	4198.70500	4198.10500	4198.34500	0.01
2025.11.14	05:07:00	4198.31500	4198.85500	4198.01500	4198.74500	0.01
2025.11.14	05:08:00	4198.78500	4199.11500	4197.48500	4197.72500	0.02
2025.11.14	05:09:00	4197.66500	4197.66500	4193.14800	4193.22500	0.03
2025.11.14	05:10:00	4193.23500	4195.07500	4192.92500	4194.66500	0.04
2025.11.14	05:11:00	4194.68500	4194.68500	4192.00500	4193.13500	0.03
2025.11.14	05:12:00	4193.02800	4193.19500	4192.06500	4192.31500	0.03
2025.11.14	05:13:00	4192.16500	4192.29500	4188.63500	4189.19500	0.12
2025.11.14	05:14:00	4189.16500	4190.32500	4188.57500	4189.00500	0.09
2025.11.14	05:15:00	4188.75500	4189.22500	4184.70500	4185.14500	0.09
2025.11.14	05:16:00	4185.15500	4187.51500	4183.66500	4185.54500	0.06
2025.11.14	05:17:00	4185.65500	4187.20500	4184.72500	4187.03500	0.04
2025.11.14	05:18:00	4187.05500	4188.48500	4186.37500	4187.02500	0.03
2025.11.14	05:19:00	4186.99500	4189.12500	4186.26500	4188.60500	0.04
2025.11.14	05:20:00	4188.36500	4189.13500	4187.48500	4187.98500	0.03
2025.11.14	05:21:00	4187.92500	4188.08500	4185.29500	4186.28500	0.03
2025.11.14	05:22:00	4186.31500	4187.46500	4185.82500	4186.79500	0.02
2025.11.14	05:23:00	4186.81500	4188.02500	4185.94500	4187.06500	0.02
2025.11.14	05:24:00	4187.09500	4188.96500	4186.41500	4188.37500	0.03
2025.11.14	05:25:00	4188.34500	4188.93500	4185.35500	4186.01500	0.08
2025.11.14	05:26:00	4185.96500	4186.77500	4184.69500	4185.56500	0.11
2025.11.14	05:27:00	4185.56500	4187.15500	4183.72500	4187.11500	0.10
2025.11.14	05:28:00	4187.13500	4188.36500	4187.07500	4188.36500	0.03
2025.11.14	05:29:00	4188.37500	4189.06500	4187.54500	4187.88500	0.03
2025.11.14	05:30:00	4187.91500	4189.31500	4185.31500	4189.31500	0.06
2025.11.14	05:31:00	4189.34500	4189.53500	4186.33500	4189.20500	0.04
2025.11.14	05:32:00	4189.16500	4191.48500	4189.07500	4190.70500	0.04
2025.11.14	05:33:00	4190.52500	4192.63500	4190.43500	4192.21500	0.04
2025.11.14	05:34:00	4192.20500	4192.78500	4191.49800	4191.92500	0.04
2025.11.14	05:35:00	4192.11500	4192.21500	4188.65500	4189.02500	0.04
2025.11.14	05:36:00	4188.99500	4191.16500	4187.58500	4191.04500	0.04
2025.11.14	05:37:00	4191.07500	4192.73500	4190.14500	4191.21500	0.04
2025.11.14	05:38:00	4191.17500	4191.77500	4190.39800	4191.68500	0.03
2025.11.14	05:39:00	4191.66500	4194.79800	4191.49800	4194.49800	0.05
2025.11.14	05:40:00	4194.49800	4195.86500	4193.49800	4194.27500	0.04
2025.11.14	05:41:00	4194.32500	4196.28500	4194.30500	4196.11500	0.07
2025.11.14	05:42:00	4196.08500	4196.14500	4195.11500	4195.45500	0.05
2025.11.14	05:43:00	4195.45500	4195.97500	4193.73500	4194.30500	0.03
2025.11.14	05:44:00	4194.33500	4194.49500	4192.85500	4193.69500	0.03
2025.11.14	05:45:00	4193.72500	4195.11500	4193.60500	4194.45500	0.04
2025.11.14	05:46:00	4194.48500	4194.85500	4193.67500	4193.97500	0.03
2025.11.14	05:47:00	4193.89500	4193.89500	4191.91500	4192.28500	0.06
2025.11.14	05:48:00	4192.23500	4192.46500	4191.03500	4191.31500	0.07
2025.11.14	05:49:00	4191.42900	4194.05500	4191.24500	4194.05500	0.07
2025.11.14	05:50:00	4194.06500	4194.96500	4192.20500	4193.50500	0.10
2025.11.14	05:51:00	4193.44500	4193.50500	4191.53500	4191.67500	0.12
2025.11.14	05:52:00	4191.67500	4191.83500	4190.47500	4191.54500	0.16
2025.11.14	05:53:00	4191.50500	4192.87500	4191.20500	4192.52500	0.13
2025.11.14	05:54:00	4192.52500	4193.19500	4191.13500	4191.88500	0.12
2025.11.14	05:55:00	4191.86500	4191.93500	4189.02500	4189.21500	0.17
2025.11.14	05:56:00	4189.24500	4189.95500	4187.99800	4188.74800	0.22
2025.11.14	05:57:00	4188.74800	4189.79800	4187.64500	4188.20500	0.23
2025.11.14	05:58:00	4188.20500	4189.89800	4188.07500	4189.79800	0.07
2025.11.14	05:59:00	4189.69800	4189.99800	4188.79800	4189.59800	0.04
2025.11.14	06:00:00	4189.59800	4189.59800	4187.75500	4188.60500	0.15
2025.11.14	06:01:00	4188.61500	4188.83500	4185.81500	4188.05500	0.09
2025.11.14	06:02:00	4188.02500	4188.87500	4187.08500	4187.38500	0.04
2025.11.14	06:03:00	4187.27500	4188.82500	4186.91500	4188.54500	0.02
2025.11.14	06:04:00	4188.57500	4191.65500	4188.43500	4190.81500	0.02
2025.11.14	06:05:00	4190.77500	4192.94500	4190.56500	4192.58500	0.02
2025.11.14	06:06:00	4192.55500	4193.06500	4191.57500	4191.58500	0.02
2025.11.14	06:07:00	4191.59500	4192.79500	4190.83500	4192.59500	0.02
2025.11.14	06:08:00	4192.54500	4192.54500	4190.96500	4191.56500	0.02
2025.11.14	06:09:00	4191.68500	4191.68500	4189.03500	4189.26500	0.03
2025.11.14	06:10:00	4189.23500	4190.33500	4188.00500	4190.33500	0.03
2025.11.14	06:11:00	4190.13500	4190.89500	4189.07500	4189.23500	0.03
2025.11.14	06:12:00	4189.22500	4190.09500	4189.01500	4189.50500	0.02
2025.11.14	06:13:00	4189.56500	4189.77500	4188.17500	4188.83500	0.02
2025.11.14	06:14:00	4188.81500	4189.69500	4188.39500	4189.47500	0.02
2025.11.14	06:15:00	4189.50500	4189.88500	4186.59500	4186.61500	0.03
2025.11.14	06:16:00	4186.59500	4187.47500	4183.59500	4184.18500	0.05
2025.11.14	06:17:00	4184.20500	4186.03500	4183.92500	4185.22500	0.03
2025.11.14	06:18:00	4185.27500	4185.27500	4182.86500	4184.09500	0.05
2025.11.14	06:19:00	4184.21500	4184.29500	4183.21500	4183.70500	0.03
2025.11.14	06:20:00	4183.68500	4183.68500	4179.26500	4181.62500	0.09
2025.11.14	06:21:00	4181.64500	4183.14500	4180.06500	4180.78500	0.07
2025.11.14	06:22:00	4180.72500	4182.17500	4180.46500	4181.79500	0.06
2025.11.14	06:23:00	4181.73500	4182.16500	4181.02500	4181.93500	0.06
2025.11.14	06:24:00	4181.90500	4182.19500	4180.70500	4181.50500	0.06
2025.11.14	06:25:00	4181.60500	4181.77500	4179.92500	4179.96500	0.06
2025.11.14	06:26:00	4179.98500	4180.05500	4175.60500	4176.57500	0.12
2025.11.14	06:27:00	4176.57500	4177.48500	4175.14500	4175.25500	0.12
2025.11.14	06:28:00	4175.22500	4176.25500	4173.21800	4174.03500	0.12
2025.11.14	06:29:00	4174.07500	4178.20500	4173.77500	4178.00500	0.10
2025.11.14	06:30:00	4177.93500	4179.01500	4176.09500	4178.79500	0.09
2025.11.14	06:31:00	4178.66500	4179.16500	4176.71500	4178.86500	0.07
2025.11.14	06:32:00	4178.86500	4179.67500	4176.60500	4178.05500	0.07
2025.11.14	06:33:00	4178.09500	4180.61500	4177.78500	4180.37500	0.04
2025.11.14	06:34:00	4180.41500	4181.91500	4179.89500	4181.51500	0.05
2025.11.14	06:35:00	4181.56500	4183.01500	4181.34800	4182.68500	0.04
2025.11.14	06:36:00	4182.70500	4183.05500	4181.27500	4181.87500	0.05
2025.11.14	06:37:00	4181.88500	4182.89500	4180.63500	4182.89500	0.03
2025.11.14	06:38:00	4182.88500	4183.85500	4182.73500	4183.20500	0.05
2025.11.14	06:39:00	4183.20500	4183.45500	4181.79500	4182.46500	0.04
2025.11.14	06:40:00	4182.41500	4182.93500	4181.71500	4182.91500	0.05
2025.11.14	06:41:00	4182.89500	4182.94500	4180.60500	4180.83500	0.06
2025.11.14	06:42:00	4180.78500	4180.78500	4179.48500	4179.62500	0.06
2025.11.14	06:43:00	4179.68500	4181.21500	4179.48500	4181.20500	0.04
2025.11.14	06:44:00	4181.43500	4181.96500	4180.12500	4180.18500	0.05
2025.11.14	06:45:00	4180.16500	4180.27500	4177.61500	4177.85500	0.07
2025.11.14	06:46:00	4177.85500	4178.27500	4175.94500	4176.22500	0.08
2025.11.14	06:47:00	4176.30500	4177.14500	4175.38500	4175.80500	0.07
2025.11.14	06:48:00	4175.80500	4175.85500	4173.20500	4174.39500	0.09
2025.11.14	06:49:00	4174.42500	4174.43500	4171.59500	4172.95500	0.09
2025.11.14	06:50:00	4172.96500	4175.63500	4172.92500	4174.31500	0.06
2025.11.14	06:51:00	4174.32500	4174.38500	4170.44500	4171.75500	0.07
2025.11.14	06:52:00	4171.95500	4173.10500	4169.39500	4170.85500	0.06
2025.11.14	06:53:00	4170.83800	4172.57500	4169.84800	4171.29500	0.05
2025.11.14	06:54:00	4171.29500	4172.40500	4169.60500	4171.60500	0.07
2025.11.14	06:55:00	4171.59800	4173.77500	4171.29800	4172.77500	0.05
2025.11.14	06:56:00	4172.89800	4174.52500	4172.89500	4173.39500	0.06
2025.11.14	06:57:00	4173.37500	4174.43500	4172.45500	4172.69500	0.07
2025.11.14	06:58:00	4172.70500	4174.27500	4172.19800	4173.21500	0.06
2025.11.14	06:59:00	4173.47500	4176.46500	4173.19800	4175.04500	0.04
2025.11.14	07:00:00	4175.02500	4177.16500	4172.97500	4176.76500	0.06
2025.11.14	07:01:00	4176.81500	4176.81500	4172.51500	4172.78500	0.04
2025.11.14	07:02:00	4172.81500	4172.84500	4169.21500	4171.13500	0.09
2025.11.14	07:03:00	4171.16500	4171.70500	4169.73500	4171.41500	0.07
2025.11.14	07:04:00	4171.41500	4176.05500	4171.41500	4176.03500	0.06
2025.11.14	07:05:00	4176.02500	4176.85500	4173.68500	4176.85500	0.04
2025.11.14	07:06:00	4176.82500	4177.16500	4175.26500	4175.27500	0.04
2025.11.14	07:07:00	4174.93500	4176.55500	4174.20500	4174.23500	0.05
2025.11.14	07:08:00	4174.24500	4174.94500	4171.29500	4171.73500	0.09
2025.11.14	07:09:00	4171.66500	4174.35500	4171.66500	4173.78500	0.06
2025.11.14	07:10:00	4173.76500	4174.23500	4170.95500	4171.04500	0.06
2025.11.14	07:11:00	4171.08500	4172.42500	4170.56500	4170.92500	0.07
2025.11.14	07:12:00	4170.93500	4172.90500	4170.89500	4172.76500	0.06
2025.11.14	07:13:00	4172.78500	4174.75500	4172.45500	4174.33500	0.06
2025.11.14	07:14:00	4174.30500	4174.37500	4171.26500	4171.31500	0.07
2025.11.14	07:15:00	4171.31500	4171.99500	4169.58500	4171.69500	0.08
2025.11.14	07:16:00	4171.73500	4173.81500	4171.67500	4172.58500	0.08
2025.11.14	07:17:00	4172.57500	4173.03500	4169.81500	4170.46500	0.07
2025.11.14	07:18:00	4170.49500	4171.70500	4169.82500	4170.67500	0.08
2025.11.14	07:19:00	4170.68500	4172.15500	4170.30500	4170.95500	0.08
2025.11.14	07:20:00	4170.96500	4172.31500	4166.87500	4167.40500	0.08
2025.11.14	07:21:00	4167.39500	4167.84500	4165.78500	4166.79500	0.10
2025.11.14	07:22:00	4166.76500	4167.34500	4162.26500	4162.90500	0.10
2025.11.14	07:23:00	4162.89800	4163.69800	4160.79800	4162.49800	0.10
2025.11.14	07:24:00	4162.41500	4163.24800	4161.14500	4162.60500	0.07
2025.11.14	07:25:00	4162.59800	4162.84800	4159.04500	4159.15500	0.08
2025.11.14	07:26:00	4159.15500	4162.66500	4158.68500	4161.82500	0.07
2025.11.14	07:27:00	4161.69500	4162.24500	4159.67500	4161.90500	0.05
2025.11.14	07:28:00	4161.92500	4163.03500	4161.89500	4161.89500	0.03
2025.11.14	07:29:00	4161.87500	4164.15500	4161.87500	4163.06500	0.03
2025.11.14	07:30:00	4163.11500	4165.09500	4163.11500	4163.35800	0.05
2025.11.14	07:31:00	4163.33500	4166.36500	4163.33500	4166.01500	0.06
2025.11.14	07:32:00	4166.06500	4166.06500	4163.74800	4163.89500	0.06
2025.11.14	07:33:00	4163.88500	4164.51500	4162.40800	4164.31500	0.05
2025.11.14	07:34:00	4164.34800	4164.59500	4163.39500	4164.38800	0.06
2025.11.14	07:35:00	4164.40800	4165.56500	4164.16800	4165.03500	0.06
2025.11.14	07:36:00	4165.03500	4166.01500	4164.75500	4165.25500	0.06
2025.11.14	07:37:00	4165.28500	4168.55500	4165.13500	4168.48500	0.06
2025.11.14	07:38:00	4168.47500	4168.67500	4166.91500	4168.19500	0.07
2025.11.14	07:39:00	4168.16500	4168.83500	4167.92500	4168.59500	0.04
2025.11.14	07:40:00	4168.56500	4168.59500	4167.62500	4168.32500	0.05
2025.11.14	07:41:00	4168.26500	4168.36500	4167.04500	4168.04500	0.06
2025.11.14	07:42:00	4167.99500	4170.37500	4167.79500	4170.29500	0.06
2025.11.14	07:43:00	4170.29500	4172.75500	4170.06500	4172.57500	0.03
2025.11.14	07:44:00	4172.56500	4174.11500	4172.56500	4173.67500	0.02
2025.11.14	07:45:00	4173.75500	4174.80500	4173.11500	4173.27500	0.03
2025.11.14	07:46:00	4173.32500	4176.16500	4173.32500	4176.16500	0.04
2025.11.14	07:47:00	4176.23500	4176.23500	4174.49500	4174.75500	0.05
2025.11.14	07:48:00	4174.65500	4177.73500	4174.65500	4177.58500	0.05
2025.11.14	07:49:00	4177.61500	4178.73500	4176.58800	4178.70500	0.03
2025.11.14	07:50:00	4178.70500	4179.95500	4177.36500	4178.87500	0.07
2025.11.14	07:51:00	4178.80500	4181.56500	4178.34800	4181.56500	0.08
2025.11.14	07:52:00	4181.39500	4181.98500	4179.83500	4179.91500	0.06
2025.11.14	07:53:00	4179.94500	4180.72500	4179.21500	4180.29500	0.07
2025.11.14	07:54:00	4180.30500	4180.80500	4179.54500	4180.80500	0.07
2025.11.14	07:55:00	4180.76500	4181.06500	4179.12500	4179.94500	0.06
2025.11.14	07:56:00	4179.91500	4180.55500	4179.22500	4179.42500	0.05
2025.11.14	07:57:00	4179.44500	4179.97500	4178.02500	4179.97500	0.05
2025.11.14	07:58:00	4180.00500	4180.25500	4179.50500	4179.54500	0.07
2025.11.14	07:59:00	4179.53500	4182.18500	4179.02500	4180.95500	0.07
2025.11.14	08:00:00	4180.89500	4181.65500	4179.42500	4179.78500	0.09
2025.11.14	08:01:00	4179.75500	4181.97500	4178.60500	4181.14500	0.07
2025.11.14	08:02:00	4181.14500	4181.32500	4178.47500	4178.56500	0.09
2025.11.14	08:03:00	4178.58500	4179.64500	4178.20500	4179.64500	0.09
2025.11.14	08:04:00	4179.65500	4180.76500	4178.92500	4180.57500	0.08
2025.11.14	08:05:00	4180.67500	4180.84500	4179.09500	4179.89500	0.08
2025.11.14	08:06:00	4179.84500	4181.35500	4177.68500	4178.06500	0.09
2025.11.14	08:07:00	4177.91500	4179.33500	4177.68500	4179.08500	0.08
2025.11.14	08:08:00	4179.07500	4179.30500	4175.49500	4175.82500	0.07
2025.11.14	08:09:00	4175.78500	4175.91500	4173.22500	4173.37500	0.08
2025.11.14	08:10:00	4173.40500	4175.31500	4172.95500	4174.74500	0.09
2025.11.14	08:11:00	4175.00500	4176.68500	4174.06500	4175.61500	0.06
2025.11.14	08:12:00	4175.59500	4178.13500	4175.54500	4176.64500	0.06
2025.11.14	08:13:00	4176.68500	4177.19500	4175.24500	4175.86500	0.05
2025.11.14	08:14:00	4175.85500	4175.94500	4174.07500	4174.23500	0.05
2025.11.14	08:15:00	4174.06500	4176.27500	4173.37500	4176.08500	0.06
2025.11.14	08:16:00	4176.06500	4178.50500	4175.23500	4178.32500	0.07
2025.11.14	08:17:00	4178.32500	4180.09500	4178.26500	4178.68500	0.04
2025.11.14	08:18:00	4178.70500	4181.86500	4178.70500	4181.59500	0.04
2025.11.14	08:19:00	4181.61500	4184.03500	4181.33500	4181.81500	0.04
2025.11.14	08:20:00	4181.90500	4183.11500	4180.14500	4180.17500	0.06
2025.11.14	08:21:00	4180.14500	4180.40500	4177.77500	4177.87500	0.06
2025.11.14	08:22:00	4177.85500	4178.65500	4176.37500	4176.70500	0.06
2025.11.14	08:23:00	4176.70500	4179.80500	4175.88500	4179.06500	0.07
2025.11.14	08:24:00	4179.02500	4180.87500	4178.74800	4180.67500	0.07
2025.11.14	08:25:00	4180.56500	4180.86500	4177.89500	4178.08500	0.08
2025.11.14	08:26:00	4178.08500	4178.22500	4177.14500	4178.08500	0.07
2025.11.14	08:27:00	4178.06500	4178.17500	4175.93500	4176.02500	0.06
2025.11.14	08:28:00	4176.01500	4177.36500	4175.83500	4177.18500	0.04
2025.11.14	08:29:00	4177.13500	4177.81500	4175.97500	4176.70500	0.03
2025.11.14	08:30:00	4176.64500	4178.51500	4175.90500	4177.85500	0.02
2025.11.14	08:31:00	4177.88500	4179.55500	4177.88500	4178.81500	0.02
2025.11.14	08:32:00	4178.86500	4180.17500	4178.44500	4178.65500	0.03
2025.11.14	08:33:00	4178.68500	4180.51500	4177.91500	4179.91500	0.03
2025.11.14	08:34:00	4179.88500	4181.61500	4179.86500	4181.46500	0.03
2025.11.14	08:35:00	4181.49500	4183.07500	4181.08500	4182.00500	0.03
2025.11.14	08:36:00	4181.99500	4184.37500	4181.99500	4184.21500	0.02
2025.11.14	08:37:00	4184.18500	4186.38500	4184.13500	4186.23500	0.04
2025.11.14	08:38:00	4186.25500	4186.83500	4182.99500	4183.09500	0.03
2025.11.14	08:39:00	4183.05500	4184.08500	4182.36500	4182.41500	0.02
2025.11.14	08:40:00	4182.42500	4182.42500	4179.07500	4180.24500	0.03
2025.11.14	08:41:00	4179.90500	4180.50500	4177.59500	4177.59500	0.03
2025.11.14	08:42:00	4177.62500	4181.01500	4176.87500	4180.12500	0.05
2025.11.14	08:43:00	4180.13500	4182.31500	4178.77500	4181.38500	0.04
2025.11.14	08:44:00	4181.41500	4183.53500	4181.41500	4182.50500	0.04
2025.11.14	08:45:00	4182.47500	4183.56500	4181.40500	4182.52500	0.04
2025.11.14	08:46:00	4182.53500	4183.22500	4181.10500	4182.40500	0.03
2025.11.14	08:47:00	4182.37500	4182.59500	4179.50500	4180.56500	0.03
2025.11.14	08:48:00	4180.55500	4181.20500	4180.01500	4180.56500	0.03
2025.11.14	08:49:00	4180.59500	4181.91500	4177.62500	4177.66500	0.02
2025.11.14	08:50:00	4177.69500	4179.10500	4176.63500	4177.12500	0.04
2025.11.14	08:51:00	4177.11500	4177.63500	4174.70500	4174.74500	0.03
2025.11.14	08:52:00	4174.81500	4177.17500	4173.28500	4175.48500	0.05
2025.11.14	08:53:00	4175.48500	4177.27500	4175.19500	4176.83500	0.03
2025.11.14	08:54:00	4176.81500	4177.08500	4173.97500	4174.35500	0.04
2025.11.14	08:55:00	4174.35500	4175.15500	4173.24500	4173.26500	0.03
2025.11.14	08:56:00	4173.31500	4173.31500	4169.87500	4171.12500	0.05
2025.11.14	08:57:00	4171.20500	4171.97500	4169.97500	4171.40500	0.04
2025.11.14	08:58:00	4171.35500	4174.61500	4171.35500	4173.95500	0.03
2025.11.14	08:59:00	4173.96500	4175.91500	4173.89500	4175.85500	0.03
2025.11.14	09:00:00	4175.80500	4177.56500	4174.25500	4177.32500	0.05
2025.11.14	09:01:00	4177.31500	4177.31500	4172.87500	4174.07500	0.04
2025.11.14	09:02:00	4174.05500	4174.05500	4171.66500	4173.95500	0.04
2025.11.14	09:03:00	4173.97500	4174.37500	4169.74500	4171.12500	0.04
2025.11.14	09:04:00	4171.15500	4171.24500	4167.85500	4170.12500	0.04
2025.11.14	09:05:00	4170.05500	4171.43500	4169.51500	4170.68500	0.03
2025.11.14	09:06:00	4170.69500	4173.11500	4169.98500	4172.53500	0.03
2025.11.14	09:07:00	4172.55500	4174.61500	4172.55500	4174.17500	0.03
2025.11.14	09:08:00	4174.20500	4175.69500	4172.31500	4175.33800	0.03
2025.11.14	09:09:00	4175.68500	4176.88500	4175.54500	4176.84500	0.05
2025.11.14	09:10:00	4176.84500	4180.23500	4175.80500	4179.78500	0.05
2025.11.14	09:11:00	4179.75500	4180.38500	4179.10500	4180.38500	0.05
2025.11.14	09:12:00	4180.35500	4180.35500	4175.78500	4176.71500	0.05
2025.11.14	09:13:00	4176.63500	4177.75500	4176.03500	4176.35500	0.07
2025.11.14	09:14:00	4176.37500	4176.83500	4174.14500	4174.40500	0.06
2025.11.14	09:15:00	4174.40500	4177.07500	4174.35500	4175.12500	0.08
2025.11.14	09:16:00	4175.14500	4176.63500	4175.05500	4175.31500	0.06
2025.11.14	09:17:00	4175.25500	4175.98500	4173.73500	4173.85500	0.04
2025.11.14	09:18:00	4173.82500	4174.22500	4172.63500	4172.63500	0.06
2025.11.14	09:19:00	4172.63500	4172.63500	4170.61500	4171.83500	0.06
2025.11.14	09:20:00	4171.85500	4171.85500	4169.69500	4170.99500	0.07
2025.11.14	09:21:00	4170.99500	4172.72500	4170.24500	4170.98500	0.09
2025.11.14	09:22:00	4170.98500	4175.32500	4170.29500	4175.25500	0.09
2025.11.14	09:23:00	4175.34500	4176.30500	4173.63500	4174.17500	0.02
2025.11.14	09:24:00	4174.19500	4175.60500	4172.01500	4172.65500	0.05
2025.11.14	09:25:00	4172.61500	4173.03500	4171.38500	4171.69500	0.07
2025.11.14	09:26:00	4171.69500	4171.81500	4169.32500	4169.83500	0.07
2025.11.14	09:27:00	4169.90500	4170.18500	4168.55500	4168.64500	0.06
2025.11.14	09:28:00	4168.62500	4169.93500	4168.29500	4169.93500	0.07
2025.11.14	09:29:00	4169.93500	4170.84500	4169.67500	4169.95500	0.05
2025.11.14	09:30:00	4169.95500	4170.97500	4168.10500	4168.91500	0.05
2025.11.14	09:31:00	4168.81500	4169.72500	4166.25500	4169.71500	0.08
2025.11.14	09:32:00	4169.59500	4170.53500	4168.69500	4170.10500	0.03
2025.11.14	09:33:00	4170.25500	4171.00500	4167.71500	4168.03500	0.04
2025.11.14	09:34:00	4168.04500	4168.36500	4167.34500	4167.59500	0.05
2025.11.14	09:35:00	4167.63500	4170.06500	4167.60500	4168.49500	0.04
2025.11.14	09:36:00	4168.51500	4170.40500	4168.49500	4169.97500	0.04
2025.11.14	09:37:00	4169.95500	4170.29500	4169.58500	4170.02500	0.03
2025.11.14	09:38:00	4170.04500	4170.04500	4168.31500	4168.55500	0.03
2025.11.14	09:39:00	4168.63500	4170.35500	4167.50500	4169.47500	0.04
2025.11.14	09:40:00	4169.49500	4169.60500	4167.99500	4168.82500	0.02
2025.11.14	09:41:00	4168.79500	4170.45500	4168.76500	4169.47500	0.03
2025.11.14	09:42:00	4169.55500	4170.97500	4169.37500	4170.90500	0.03
2025.11.14	09:43:00	4170.99500	4171.18500	4170.64500	4170.83500	0.02
2025.11.14	09:44:00	4170.81500	4171.37500	4170.54500	4170.69500	0.03
2025.11.14	09:45:00	4170.72500	4171.14500	4170.37500	4170.50500	0.03
2025.11.14	09:46:00	4170.50500	4171.02500	4169.32500	4170.65500	0.03
2025.11.14	09:47:00	4170.68500	4171.22500	4170.39500	4170.68500	0.02
2025.11.14	09:48:00	4170.69500	4171.10500	4170.16500	4170.42500	0.02
2025.11.14	09:49:00	4170.45500	4170.70500	4169.45500	4170.26500	0.03
2025.11.14	09:50:00	4170.26500	4171.36500	4170.18500	4170.97500	0.03
2025.11.14	09:51:00	4170.95500	4171.47500	4170.77500	4170.79500	0.02
2025.11.14	09:52:00	4170.76500	4171.51500	4169.99500	4170.63500	0.02
2025.11.14	09:53:00	4170.60500	4171.29500	4170.57500	4170.88500	0.02
2025.11.14	09:54:00	4170.88500	4171.00500	4170.02500	4170.64500	0.03
2025.11.14	09:55:00	4170.32500	4171.01500	4170.29500	4170.91500	0.02
2025.11.14	09:56:00	4170.91500	4171.40500	4170.07500	4170.88500	0.02
2025.11.14	09:57:00	4170.91500	4170.91500	4168.96500	4170.06500	0.03
2025.11.14	09:58:00	4170.06500	4170.40500	4169.39500	4169.82500	0.02
2025.11.14	09:59:00	4169.86500	4169.86500	4168.58500	4169.14500	0.02
2025.11.14	10:00:00	4169.10500	4169.10500	4168.28500	4168.40500	0.01
2025.11.14	10:01:00	4168.40500	4170.31500	4168.35500	4170.11500	0.03
2025.11.14	10:02:00	4170.13500	4170.21500	4169.31500	4169.61500	0.02
2025.11.14	10:03:00	4169.57500	4169.57500	4167.95500	4168.67500	0.03
2025.11.14	10:04:00	4168.66500	4170.07500	4167.76500	4168.37500	0.03
2025.11.14	10:05:00	4168.33500	4168.33500	4163.46500	4163.60500	0.07
2025.11.14	10:06:00	4163.71500	4164.47500	4162.44500	4163.57500	0.08
2025.11.14	10:07:00	4163.53500	4166.46500	4162.62500	4165.92500	0.06
2025.11.14	10:08:00	4165.94500	4167.60500	4165.92500	4167.08500	0.05
2025.11.14	10:09:00	4167.09500	4167.43500	4166.16500	4167.11500	0.05
2025.11.14	10:10:00	4167.13500	4169.89500	4167.13500	4168.60500	0.04
2025.11.14	10:11:00	4168.68500	4169.27500	4167.93500	4168.30500	0.05
2025.11.14	10:12:00	4168.72500	4168.72500	4166.23500	4166.40500	0.03
2025.11.14	10:13:00	4166.43500	4166.57500	4164.99500	4164.99500	0.02
2025.11.14	10:14:00	4165.04500	4165.47500	4164.79500	4165.28500	0.01
2025.11.14	10:15:00	4165.25500	4165.39500	4163.19500	4164.26500	0.02
2025.11.14	10:16:00	4164.26500	4166.80500	4164.26500	4166.35500	0.03
2025.11.14	10:17:00	4166.33500	4166.66500	4163.15500	4163.64500	0.03
2025.11.14	10:18:00	4163.66500	4166.25500	4162.81500	4164.52500	0.04
2025.11.14	10:19:00	4164.44500	4166.86500	4164.29500	4166.31500	0.03
2025.11.14	10:20:00	4166.41500	4167.01500	4164.79500	4166.86500	0.02
2025.11.14	10:21:00	4166.94800	4169.91500	4166.94800	4169.10500	0.03
2025.11.14	10:22:00	4169.15500	4169.21500	4167.90500	4168.12500	0.02
2025.11.14	10:23:00	4168.12500	4170.41500	4168.08500	4169.52500	0.03
2025.11.14	10:24:00	4169.46500	4169.66500	4167.29500	4167.48500	0.02
2025.11.14	10:25:00	4167.50500	4167.65500	4165.24500	4166.20500	0.02
2025.11.14	10:26:00	4166.27500	4167.19500	4165.58500	4165.59500	0.02
2025.11.14	10:27:00	4165.48500	4166.67500	4165.27500	4166.09500	0.03
2025.11.14	10:28:00	4166.12500	4166.61500	4165.55500	4165.99500	0.02
2025.11.14	10:29:00	4166.01500	4166.62500	4164.10500	4164.86500	0.03
2025.11.14	10:30:00	4164.82500	4164.90500	4162.67500	4162.67500	0.03
2025.11.14	10:31:00	4162.67500	4164.05500	4162.20500	4162.79500	0.03
2025.11.14	10:32:00	4162.82500	4163.18500	4160.21800	4160.33500	0.03
2025.11.14	10:33:00	4160.35500	4162.06800	4159.98500	4160.92500	0.08
2025.11.14	10:34:00	4160.95500	4161.74500	4159.02800	4161.50500	0.03
2025.11.14	10:35:00	4161.49500	4161.97500	4160.73500	4161.95500	0.03
2025.11.14	10:36:00	4161.68500	4163.84500	4160.88500	4163.84500	0.03
2025.11.14	10:37:00	4163.84500	4164.98500	4163.56500	4164.87500	0.04
2025.11.14	10:38:00	4164.87500	4165.79500	4164.00500	4165.65500	0.04
2025.11.14	10:39:00	4165.65500	4168.16500	4165.53500	4168.15500	0.03
2025.11.14	10:40:00	4168.15500	4168.15500	4166.14500	4166.28500	0.03
2025.11.14	10:41:00	4166.67500	4167.19500	4166.52500	4166.56500	0.01
2025.11.14	10:42:00	4166.61500	4168.15500	4166.41500	4167.36500	0.02
2025.11.14	10:43:00	4167.34500	4167.74500	4166.23500	4166.23500	0.03
2025.11.14	10:44:00	4166.17500	4167.44500	4165.49500	4167.16500	0.02
2025.11.14	10:45:00	4167.19500	4167.24500	4165.75500	4166.25500	0.02
2025.11.14	10:46:00	4166.23500	4167.60500	4165.98500	4167.28500	0.02
2025.11.14	10:47:00	4167.25500	4169.74500	4165.50500	4166.25500	0.03
2025.11.14	10:48:00	4166.28500	4167.52500	4165.97500	4166.58500	0.03
2025.11.14	10:49:00	4166.55500	4169.19500	4166.06500	4169.18500	0.03
2025.11.14	10:50:00	4169.16500	4169.42500	4168.69500	4169.11500	0.02
2025.11.14	10:51:00	4169.14500	4169.69500	4168.93500	4169.58500	0.02
2025.11.14	10:52:00	4169.58500	4170.30500	4169.05500	4170.23500	0.02
2025.11.14	10:53:00	4170.21500	4170.24500	4169.37500	4169.77500	0.02
2025.11.14	10:54:00	4169.78500	4170.39500	4168.66500	4170.31500	0.03
2025.11.14	10:55:00	4170.29500	4170.85500	4169.52500	4169.69500	0.03
2025.11.14	10:56:00	4169.66500	4170.20500	4168.96500	4170.04500	0.02
2025.11.14	10:57:00	4170.01500	4170.55500	4169.23500	4169.39500	0.02
2025.11.14	10:58:00	4169.22500	4169.32500	4167.12800	4167.90500	0.03
2025.11.14	10:59:00	4167.95500	4168.19500	4166.08500	4167.69500	0.04
2025.11.14	11:00:00	4167.71500	4169.58500	4167.13500	4169.58500	0.02
2025.11.14	11:01:00	4169.60500	4169.70500	4166.04500	4168.27500	0.02
2025.11.14	11:02:00	4168.24500	4168.51500	4166.04500	4167.21500	0.05
2025.11.14	11:03:00	4167.21500	4167.21500	4165.28500	4165.78500	0.05
2025.11.14	11:04:00	4165.76500	4166.95500	4165.49500	4166.82500	0.02
2025.11.14	11:05:00	4166.80500	4167.88500	4166.52500	4167.66500	0.02
2025.11.14	11:06:00	4167.74500	4167.86500	4166.18500	4166.35500	0.02
2025.11.14	11:07:00	4166.21500	4166.74500	4163.94500	4164.42500	0.03
2025.11.14	11:08:00	4164.39500	4165.55500	4161.56500	4161.62500	0.03
2025.11.14	11:09:00	4161.60500	4161.94500	4157.96500	4159.67500	0.04
2025.11.14	11:10:00	4159.92500	4161.49500	4158.61500	4158.70500	0.04
2025.11.14	11:11:00	4158.78500	4158.81500	4154.14800	4156.29500	0.05
2025.11.14	11:12:00	4156.30500	4157.65500	4151.60500	4152.33500	0.05
2025.11.14	11:13:00	4152.25500	4153.84500	4150.66500	4153.66500	0.04
2025.11.14	11:14:00	4153.61500	4154.71500	4152.44500	4152.68500	0.03
2025.11.14	11:15:00	4152.56500	4152.67500	4149.44500	4151.23500	0.04
2025.11.14	11:16:00	4151.25500	4152.06500	4147.99500	4147.99500	0.04
2025.11.14	11:17:00	4147.95500	4148.12500	4141.57800	4142.12500	0.06
2025.11.14	11:18:00	4142.15500	4146.28500	4141.74500	4146.15500	0.05
2025.11.14	11:19:00	4146.12500	4148.45500	4145.96500	4148.31500	0.09
2025.11.14	11:20:00	4148.34500	4148.37500	4144.78500	4146.51500	0.10
2025.11.14	11:21:00	4146.54500	4146.59500	4142.39500	4144.75500	0.04
2025.11.14	11:22:00	4144.77500	4146.24500	4143.64500	4144.25500	0.07
2025.11.14	11:23:00	4144.33500	4146.12500	4142.85500	4146.08500	0.06
2025.11.14	11:24:00	4146.14500	4148.09500	4145.75500	4145.77500	0.04
2025.11.14	11:25:00	4145.75500	4148.56500	4145.66500	4148.49500	0.04
2025.11.14	11:26:00	4148.39500	4150.11500	4148.39500	4149.76500	0.03
2025.11.14	11:27:00	4149.41800	4150.66500	4149.08500	4150.19500	0.03
2025.11.14	11:28:00	4150.19500	4150.21500	4146.16500	4146.16500	0.02
2025.11.14	11:29:00	4146.08500	4149.08500	4146.08500	4148.51500	0.03
2025.11.14	11:30:00	4148.52500	4152.22500	4148.47500	4151.73500	0.03
2025.11.14	11:31:00	4151.82500	4151.85500	4149.19800	4149.30500	0.03
2025.11.14	11:32:00	4149.31500	4151.39500	4148.88500	4150.26500	0.03
2025.11.14	11:33:00	4150.14500	4151.20500	4149.17500	4150.49500	0.03
2025.11.14	11:34:00	4150.51500	4152.56500	4149.71500	4152.42500	0.03
2025.11.14	11:35:00	4152.40500	4155.10500	4152.40500	4155.10500	0.04
2025.11.14	11:36:00	4155.07500	4155.47500	4153.84500	4153.88500	0.03
2025.11.14	11:37:00	4153.83500	4155.71500	4153.38500	4154.99500	0.02
2025.11.14	11:38:00	4154.64500	4156.09500	4154.64500	4155.02500	0.02
2025.11.14	11:39:00	4154.98500	4156.23500	4154.89500	4155.43500	0.02
2025.11.14	11:40:00	4155.41500	4157.67500	4155.21500	4157.34500	0.02
2025.11.14	11:41:00	4157.37500	4157.39500	4154.93500	4155.02500	0.02
2025.11.14	11:42:00	4155.06500	4156.30500	4155.04500	4155.74500	0.02
2025.11.14	11:43:00	4155.72500	4155.94500	4152.97500	4153.33500	0.03
2025.11.14	11:44:00	4153.35500	4154.46500	4153.01500	4153.40500	0.02
2025.11.14	11:45:00	4153.38500	4153.38500	4150.98500	4151.18500	0.03
2025.11.14	11:46:00	4151.15500	4151.37500	4148.97500	4149.36500	0.04
2025.11.14	11:47:00	4149.33500	4149.56500	4145.54500	4145.79500	0.04
2025.11.14	11:48:00	4145.77500	4148.68500	4144.53500	4147.36500	0.05
2025.11.14	11:49:00	4147.37500	4150.16500	4146.43800	4148.16500	0.03
2025.11.14	11:50:00	4148.15500	4148.42500	4146.89500	4148.10500	0.03
2025.11.14	11:51:00	4148.10500	4151.14500	4148.07500	4149.61500	0.03
2025.11.14	11:52:00	4149.72500	4149.72500	4145.36500	4145.96500	0.03
2025.11.14	11:53:00	4145.94500	4146.56500	4144.23500	4145.41500	0.03
2025.11.14	11:54:00	4145.51500	4145.51500	4135.99500	4137.70500	0.05
2025.11.14	11:55:00	4137.65500	4140.19500	4135.41500	4135.41500	0.06
2025.11.14	11:56:00	4135.53500	4135.86500	4130.74500	4131.05500	0.10
2025.11.14	11:57:00	4130.98500	4136.31500	4130.68500	4135.00500	0.08
2025.11.14	11:58:00	4135.04500	4135.38500	4130.86500	4133.72500	0.05
2025.11.14	11:59:00	4133.75500	4134.12500	4131.42500	4132.72500	0.07
2025.11.14	12:00:00	4132.72500	4134.76500	4130.42500	4132.14500	0.08
2025.11.14	12:01:00	4132.17500	4133.57500	4130.95500	4131.66500	0.05
2025.11.14	12:02:00	4131.69500	4136.67500	4130.21500	4135.89500	0.05
2025.11.14	12:03:00	4135.91500	4135.92500	4133.33500	4135.13500	0.05
2025.11.14	12:04:00	4135.16500	4137.44500	4133.78500	4137.25500	0.07
2025.11.14	12:05:00	4137.26500	4139.73500	4136.96500	4138.14500	0.05
2025.11.14	12:06:00	4138.13500	4138.70500	4135.84500	4138.31500	0.06
2025.11.14	12:07:00	4138.21500	4139.59800	4136.10500	4139.35500	0.05
2025.11.14	12:08:00	4139.31500	4140.46500	4138.96500	4139.29500	0.04
2025.11.14	12:09:00	4139.40500	4139.40500	4134.89500	4135.40500	0.05
2025.11.14	12:10:00	4135.44500	4135.44500	4132.04500	4132.61500	0.07
2025.11.14	12:11:00	4132.53500	4133.08500	4128.46500	4129.46500	0.06
2025.11.14	12:12:00	4129.50500	4129.97500	4124.00800	4125.74500	0.20
2025.11.14	12:13:00	4125.09500	4127.72500	4124.21500	4125.91500	0.09
2025.11.14	12:14:00	4125.92500	4126.69500	4123.73500	4125.79500	0.10
2025.11.14	12:15:00	4125.82500	4128.25500	4124.44500	4125.24500	0.10
2025.11.14	12:16:00	4125.16500	4126.91500	4124.51500	4126.64500	0.10
2025.11.14	12:17:00	4126.11500	4126.28500	4120.26500	4120.33500	0.10
2025.11.14	12:18:00	4120.33500	4123.03500	4119.06500	4119.30500	0.09
2025.11.14	12:19:00	4119.32500	4119.50500	4115.92500	4118.20500	0.11
2025.11.14	12:20:00	4118.23500	4120.83500	4113.60500	4113.72500	0.08
2025.11.14	12:21:00	4113.78500	4116.05500	4112.62500	4113.69500	0.11
2025.11.14	12:22:00	4113.64500	4115.90500	4112.34500	4112.96500	0.07
2025.11.14	12:23:00	4112.96500	4118.11500	4112.61500	4117.42500	0.10
2025.11.14	12:24:00	4117.42500	4120.89500	4116.19500	4119.98500	0.07
2025.11.14	12:25:00	4119.89500	4121.40500	4119.77500	4120.67500	0.04
2025.11.14	12:26:00	4120.71500	4120.71500	4116.84500	4117.69500	0.04
2025.11.14	12:27:00	4117.66500	4118.00500	4115.13500	4117.85500	0.10
2025.11.14	12:28:00	4117.82500	4118.25500	4110.89500	4111.90500	0.13
2025.11.14	12:29:00	4111.82500	4114.76500	4111.61500	4113.06500	0.05
2025.11.14	12:30:00	4112.73500	4117.56500	4112.07500	4116.46500	0.05
2025.11.14	12:31:00	4116.43500	4117.80500	4114.41500	4117.19500	0.05
2025.11.14	12:32:00	4117.16500	4117.66500	4114.95500	4115.42500	0.07
2025.11.14	12:33:00	4115.40500	4115.40500	4110.18500	4110.52500	0.07
2025.11.14	12:34:00	4110.49500	4114.84500	4109.93500	4114.62500	0.08
2025.11.14	12:35:00	4114.62500	4116.04500	4111.73500	4113.22500	0.06
2025.11.14	12:36:00	4113.21500	4117.10500	4112.76500	4116.65500	0.06
2025.11.14	12:37:00	4116.65500	4117.90500	4115.72500	4117.61500	0.04
2025.11.14	12:38:00	4117.59500	4119.08500	4110.49500	4112.15500	0.05
2025.11.14	12:39:00	4112.10500	4113.18500	4108.87500	4112.95500	0.06
2025.11.14	12:40:00	4112.77500	4112.81500	4107.59500	4110.37500	0.11
2025.11.14	12:41:00	4110.41500	4112.12500	4108.99500	4109.42500	0.09
2025.11.14	12:42:00	4109.43500	4112.84500	4108.41500	4111.49500	0.09
2025.11.14	12:43:00	4111.59500	4115.47500	4110.29500	4114.43500	0.05
2025.11.14	12:44:00	4114.44500	4115.87500	4111.95500	4115.19500	0.04
2025.11.14	12:45:00	4115.17500	4117.54500	4113.70500	4117.46500	0.06
2025.11.14	12:46:00	4117.32500	4117.68500	4115.13500	4116.97500	0.06
2025.11.14	12:47:00	4116.95500	4117.63500	4116.24500	4117.31500	0.03
2025.11.14	12:48:00	4117.34500	4118.73500	4114.14500	4114.63500	0.04
2025.11.14	12:49:00	4114.31500	4116.62500	4113.44500	4115.80500	0.04
2025.11.14	12:50:00	4115.73500	4119.46500	4114.97500	4116.26500	0.05
2025.11.14	12:51:00	4116.23500	4117.37500	4114.17500	4117.21500	0.04
2025.11.14	12:52:00	4117.23500	4118.14800	4114.73500	4115.28500	0.03
2025.11.14	12:53:00	4115.31500	4117.16500	4114.05500	4115.60500	0.04
2025.11.14	12:54:00	4115.57500	4118.10800	4112.07500	4112.07500	0.06
2025.11.14	12:55:00	4112.09500	4112.09500	4109.57500	4110.20500	0.04
2025.11.14	12:56:00	4110.23500	4112.64500	4109.72500	4112.64500	0.04
2025.11.14	12:57:00	4112.63500	4114.25500	4111.81500	4112.88500	0.05
2025.11.14	12:58:00	4112.94500	4115.76500	4112.90500	4115.42500	0.05
2025.11.14	12:59:00	4115.38500	4117.01500	4114.17500	4115.88500	0.04
2025.11.14	13:00:00	4115.90500	4118.83500	4112.97500	4116.33500	0.08
2025.11.14	13:01:00	4116.11500	4116.74500	4108.95500	4109.03500	0.08
2025.11.14	13:02:00	4109.06500	4113.29500	4108.55500	4112.67500	0.07
2025.11.14	13:03:00	4112.64500	4115.26500	4111.24500	4112.24500	0.08
2025.11.14	13:04:00	4112.24500	4112.24500	4108.12500	4108.20500	0.11
2025.11.14	13:05:00	4108.08500	4111.30500	4107.89500	4110.41500	0.06
2025.11.14	13:06:00	4110.46500	4110.99500	4106.59500	4106.84500	0.05
2025.11.14	13:07:00	4106.87500	4109.78500	4106.79500	4108.93500	0.05
2025.11.14	13:08:00	4108.96500	4111.57500	4105.51500	4106.32500	0.06
2025.11.14	13:09:00	4106.30500	4108.94500	4105.10500	4107.07500	0.06
2025.11.14	13:10:00	4107.28500	4107.69500	4104.51500	4104.67500	0.04
2025.11.14	13:11:00	4104.69500	4105.34500	4096.95500	4098.12500	0.06
2025.11.14	13:12:00	4098.12500	4098.12500	4089.29500	4090.97500	0.15
2025.11.14	13:13:00	4091.27500	4092.90500	4085.33500	4085.57500	0.15
2025.11.14	13:14:00	4085.55500	4087.86500	4084.09500	4086.15500	0.08
2025.11.14	13:15:00	4086.20500	4091.53500	4085.44500	4091.47500	0.07
2025.11.14	13:16:00	4091.45500	4091.78500	4087.55500	4089.52500	0.07
2025.11.14	13:17:00	4089.69500	4090.09500	4085.03500	4087.24500	0.06
2025.11.14	13:18:00	4086.89500	4088.03500	4085.12500	4085.49500	0.07
2025.11.14	13:19:00	4085.46500	4087.48500	4076.44500	4076.91500	0.08
2025.11.14	13:20:00	4076.96500	4081.02500	4076.36500	4079.20500	0.08
2025.11.14	13:21:00	4079.18500	4083.35500	4076.21500	4079.82500	0.09
2025.11.14	13:22:00	4080.06500	4082.98500	4075.27500	4075.67500	0.12
2025.11.14	13:23:00	4075.63500	4075.97500	4064.81500	4066.52500	0.12
2025.11.14	13:24:00	4066.57500	4071.36500	4066.57500	4070.97500	0.09
2025.11.14	13:25:00	4071.03500	4071.40500	4064.98500	4067.24500	0.10
2025.11.14	13:26:00	4067.24500	4067.70500	4058.73500	4060.79500	0.13
2025.11.14	13:27:00	4060.81500	4066.43500	4059.89500	4065.60500	0.11
2025.11.14	13:28:00	4065.62500	4066.65500	4060.63500	4061.23500	0.08
2025.11.14	13:29:00	4061.19500	4062.69500	4052.43500	4055.38500	0.14
2025.11.14	13:30:00	4055.24500	4060.00500	4053.16500	4059.16500	0.12
2025.11.14	13:31:00	4059.16500	4060.78500	4055.89500	4060.20500	0.15
2025.11.14	13:32:00	4060.18500	4061.39500	4055.99500	4057.75500	0.09
2025.11.14	13:33:00	4057.78500	4063.32500	4056.83500	4060.65500	0.17
2025.11.14	13:34:00	4060.65500	4062.54800	4054.69500	4055.19500	0.17
2025.11.14	13:35:00	4055.15500	4055.59500	4046.00500	4050.70500	0.10
2025.11.14	13:36:00	4050.39900	4054.75500	4048.86500	4054.50500	0.10
2025.11.14	13:37:00	4054.41500	4058.34500	4050.64500	4058.34500	0.09
2025.11.14	13:38:00	4058.64500	4062.82500	4056.77500	4057.67500	0.15
2025.11.14	13:39:00	4057.79500	4058.70500	4054.41500	4055.69500	0.09
2025.11.14	13:40:00	4055.41500	4057.39500	4051.13500	4053.85500	0.09
2025.11.14	13:41:00	4053.85500	4058.19500	4052.92500	4056.67500	0.06
2025.11.14	13:42:00	4056.88500	4059.11500	4055.56500	4059.11500	0.06
2025.11.14	13:43:00	4059.14800	4060.02500	4056.66500	4057.79500	0.06
2025.11.14	13:44:00	4057.79500	4057.79500	4049.15500	4054.48500	0.08
2025.11.14	13:45:00	4054.41500	4055.55500	4049.23500	4053.35500	0.07
2025.11.14	13:46:00	4053.24500	4057.53500	4050.62500	4056.89500	0.07
2025.11.14	13:47:00	4056.89500	4057.52500	4052.85500	4054.28500	0.06
2025.11.14	13:48:00	4054.11500	4054.80500	4049.83500	4053.02500	0.08
2025.11.14	13:49:00	4053.00500	4055.09500	4050.38500	4051.97500	0.18
2025.11.14	13:50:00	4051.98500	4053.14800	4040.98500	4044.72500	0.14
2025.11.14	13:51:00	4044.32500	4046.29500	4041.14500	4042.94500	0.10
2025.11.14	13:52:00	4043.14500	4047.24500	4041.97500	4046.67500	0.11
2025.11.14	13:53:00	4046.61500	4052.75500	4046.35500	4052.22500	0.08
2025.11.14	13:54:00	4052.24500	4053.29500	4050.12500	4050.12500	0.06
2025.11.14	13:55:00	4050.23500	4054.14500	4050.16500	4050.52500	0.09
2025.11.14	13:56:00	4050.57500	4056.68500	4050.38500	4056.37500	0.06
2025.11.14	13:57:00	4056.38500	4056.88500	4053.35500	4055.04500	0.06
2025.11.14	13:58:00	4054.95500	4056.22500	4053.97500	4055.93500	0.05
2025.11.14	13:59:00	4055.84500	4056.08500	4053.35500	4055.53500	0.06
2025.11.14	14:00:00	4055.26500	4055.64500	4046.13500	4046.32500	0.11
2025.11.14	14:01:00	4046.20500	4047.36500	4043.03500	4043.25500	0.13
2025.11.14	14:02:00	4043.23500	4043.86500	4037.16500	4042.19500	0.10
2025.11.14	14:03:00	4042.16500	4043.18500	4040.13500	4042.46500	0.08
2025.11.14	14:04:00	4042.52500	4049.34500	4040.95500	4048.62500	0.09
2025.11.14	14:05:00	4048.42500	4053.87500	4047.77500	4053.82500	0.07
2025.11.14	14:06:00	4053.74500	4054.27500	4051.16500	4053.01500	0.06
2025.11.14	14:07:00	4052.98500	4053.13500	4049.11800	4051.29500	0.06
2025.11.14	14:08:00	4051.24500	4053.80500	4050.48500	4052.82500	0.05
2025.11.14	14:09:00	4052.50500	4052.71500	4045.90800	4046.35500	0.07
2025.11.14	14:10:00	4046.38500	4052.78500	4044.80500	4052.31500	0.06
2025.11.14	14:11:00	4052.01500	4053.67500	4049.21500	4052.95500	0.06
2025.11.14	14:12:00	4052.99500	4053.86500	4051.67500	4053.03500	0.04
2025.11.14	14:13:00	4053.00500	4054.15500	4049.90500	4051.02500	0.05
2025.11.14	14:14:00	4051.06500	4052.61500	4049.60500	4049.99500	0.05
2025.11.14	14:15:00	4050.01500	4052.51500	4049.22500	4050.50500	0.05
2025.11.14	14:16:00	4050.55500	4050.60500	4046.38500	4047.58500	0.05
2025.11.14	14:17:00	4047.55500	4050.66500	4047.50500	4049.06500	0.05
2025.11.14	14:18:00	4048.95500	4052.70500	4048.36500	4052.10500	0.05
2025.11.14	14:19:00	4052.24500	4054.35500	4051.90500	4052.20500	0.04
2025.11.14	14:20:00	4052.11500	4055.21500	4051.83500	4055.16500	0.05
2025.11.14	14:21:00	4055.19500	4057.59500	4054.45500	4057.51500	0.05
2025.11.14	14:22:00	4057.43500	4060.11500	4056.30500	4059.35500	0.06
2025.11.14	14:23:00	4059.37500	4060.19500	4058.08500	4058.08500	0.05
2025.11.14	14:24:00	4057.99500	4059.76500	4056.94500	4058.63500	0.05
2025.11.14	14:25:00	4058.65500	4058.65500	4055.19500	4055.34500	0.05
2025.11.14	14:26:00	4055.35500	4055.42500	4051.85500	4052.96500	0.05
2025.11.14	14:27:00	4052.99500	4055.94500	4051.30500	4055.02500	0.05
2025.11.14	14:28:00	4055.03500	4055.11500	4051.95500	4053.69500	0.04
2025.11.14	14:29:00	4053.71500	4054.74500	4052.35500	4053.22500	0.04
2025.11.14	14:30:00	4053.15500	4057.56500	4049.96500	4053.99500	0.09
2025.11.14	14:31:00	4054.01500	4056.76500	4051.21500	4051.38500	0.10
2025.11.14	14:32:00	4051.03900	4051.08500	4036.30500	4039.34500	0.11
2025.11.14	14:33:00	4039.40500	4040.05500	4032.15500	4033.51800	0.12
2025.11.14	14:34:00	4033.51800	4040.44500	4031.95500	4040.28500	0.09
2025.11.14	14:35:00	4040.30500	4052.93500	4039.80500	4050.94500	0.11
2025.11.14	14:36:00	4050.90500	4055.98500	4050.76500	4053.16500	0.11
2025.11.14	14:37:00	4053.35500	4062.39500	4052.73500	4061.03500	0.10
2025.11.14	14:38:00	4061.15500	4063.70500	4059.22500	4063.70500	0.10
2025.11.14	14:39:00	4063.73900	4067.76900	4063.09500	4067.37900	0.11
2025.11.14	14:40:00	4067.39500	4067.91500	4062.15500	4063.58500	0.09
2025.11.14	14:41:00	4063.66500	4070.80500	4063.66500	4069.62900	0.14
2025.11.14	14:42:00	4069.60900	4070.69900	4065.46500	4068.30900	0.15
2025.11.14	14:43:00	4068.30900	4070.83900	4065.03900	4070.29500	0.14
2025.11.14	14:44:00	4070.28900	4072.21500	4067.52900	4067.52900	0.12
2025.11.14	14:45:00	4067.55500	4068.67900	4065.09500	4068.25500	0.11
2025.11.14	14:46:00	4068.29500	4071.87500	4065.81900	4068.83500	0.10
2025.11.14	14:47:00	4068.81500	4072.79500	4068.35900	4071.46500	0.08
2025.11.14	14:48:00	4071.74500	4071.95500	4068.75900	4068.80900	0.11
2025.11.14	14:49:00	4068.79900	4068.79900	4063.42900	4063.45900	0.13
2025.11.14	14:50:00	4063.50900	4067.94500	4062.96500	4067.94500	0.10
2025.11.14	14:51:00	4067.87500	4067.98500	4065.29500	4066.98500	0.07
2025.11.14	14:52:00	4066.83900	4073.72500	4066.49500	4073.58500	0.07
2025.11.14	14:53:00	4073.52500	4078.27500	4073.36500	4077.93500	0.08
2025.11.14	14:54:00	4077.90500	4079.32500	4072.87500	4074.08500	0.09
2025.11.14	14:55:00	4074.06500	4076.44500	4071.74900	4073.51500	0.09
2025.11.14	14:56:00	4073.50500	4075.68500	4071.89900	4075.27500	0.08
2025.11.14	14:57:00	4075.32500	4076.81500	4074.24500	4075.48500	0.07
2025.11.14	14:58:00	4075.44500	4080.28500	4075.32500	4079.87500	0.07
2025.11.14	14:59:00	4079.89500	4083.81500	4078.95500	4082.58500	0.08
2025.11.14	15:00:00	4082.53500	4082.53500	4077.38500	4078.15500	0.09
2025.11.14	15:01:00	4078.18500	4078.33500	4074.18900	4075.83500	0.10
2025.11.14	15:02:00	4075.85900	4076.25500	4072.96900	4075.32500	0.09
2025.11.14	15:03:00	4075.33500	4075.69500	4069.61900	4071.50900	0.13
2025.11.14	15:04:00	4071.50900	4075.29500	4070.41500	4074.15500	0.13
2025.11.14	15:05:00	4074.20500	4075.23500	4069.84500	4072.86500	0.09
2025.11.14	15:06:00	4072.83500	4077.92500	4072.83500	4077.74500	0.08
2025.11.14	15:07:00	4077.76500	4077.76500	4070.92500	4071.41500	0.07
2025.11.14	15:08:00	4071.44500	4073.63900	4067.96500	4071.68500	0.09
2025.11.14	15:09:00	4071.70900	4076.84500	4071.36500	4075.09500	0.10
2025.11.14	15:10:00	4074.99500	4077.43500	4074.04500	4076.74500	0.08
2025.11.14	15:11:00	4076.70500	4076.93500	4071.39500	4072.62900	0.15
2025.11.14	15:12:00	4072.58900	4074.92500	4069.96500	4071.90500	0.12
2025.11.14	15:13:00	4071.93500	4076.74500	4071.38500	4075.69500	0.07
2025.11.14	15:14:00	4075.68500	4079.31500	4073.28500	4079.17500	0.06
2025.11.14	15:15:00	4078.99500	4080.24500	4076.36500	4077.78500	0.06
2025.11.14	15:16:00	4077.76500	4081.31500	4076.58500	4077.00500	0.06
2025.11.14	15:17:00	4076.98500	4080.69500	4076.79500	4077.39500	0.06
2025.11.14	15:18:00	4077.37500	4079.32500	4075.93500	4079.25500	0.09
2025.11.14	15:19:00	4079.30500	4081.42500	4078.08500	4080.54500	0.06
2025.11.14	15:20:00	4080.59500	4081.27500	4078.48500	4080.06500	0.06
2025.11.14	15:21:00	4080.29500	4080.82500	4077.67500	4080.04500	0.06
2025.11.14	15:22:00	4080.00500	4080.15500	4074.72500	4074.84500	0.06
2025.11.14	15:23:00	4074.86500	4075.07500	4071.74500	4072.61500	0.06
2025.11.14	15:24:00	4072.39500	4075.79500	4071.16500	4074.79500	0.06
2025.11.14	15:25:00	4074.84500	4074.84500	4071.34500	4073.50500	0.07
2025.11.14	15:26:00	4073.47500	4076.51500	4072.39500	4075.38500	0.06
2025.11.14	15:27:00	4075.29500	4079.80500	4075.06500	4079.00500	0.06
2025.11.14	15:28:00	4078.88500	4082.10500	4078.76500	4080.04500	0.06
2025.11.14	15:29:00	4079.79500	4081.21500	4077.50500	4080.81500	0.05
2025.11.14	15:30:00	4080.79500	4081.09500	4076.20500	4076.53500	0.06
2025.11.14	15:31:00	4076.50500	4077.79500	4074.39500	4075.86500	0.06
2025.11.14	15:32:00	4075.86500	4080.15500	4075.75500	4079.78500	0.06
2025.11.14	15:33:00	4079.74500	4080.15500	4076.15500	4076.32500	0.05
2025.11.14	15:34:00	4076.36500	4079.01500	4076.36500	4077.93500	0.05
2025.11.14	15:35:00	4077.90500	4077.97500	4075.18500	4076.86500	0.06
2025.11.14	15:36:00	4076.90500	4079.42500	4076.86500	4077.67500	0.04
2025.11.14	15:37:00	4077.70500	4080.23500	4076.28500	4080.14500	0.05
2025.11.14	15:38:00	4080.18500	4081.23500	4076.55500	4077.02500	0.05
2025.11.14	15:39:00	4076.93500	4078.71500	4076.86500	4077.06500	0.04
2025.11.14	15:40:00	4076.99500	4083.38500	4076.07500	4077.84500	0.06
2025.11.14	15:41:00	4077.52500	4077.87500	4073.83500	4075.43500	0.06
2025.11.14	15:42:00	4075.40500	4077.53500	4074.89500	4076.23500	0.05
2025.11.14	15:43:00	4076.24500	4077.04500	4074.46500	4075.29500	0.05
2025.11.14	15:44:00	4075.32500	4075.47500	4072.51500	4073.27500	0.05
2025.11.14	15:45:00	4073.11500	4074.40500	4071.78500	4074.25500	0.05
2025.11.14	15:46:00	4074.26500	4079.60500	4074.10500	4079.47500	0.06
2025.11.14	15:47:00	4079.50500	4088.92500	4079.47500	4088.52500	0.07
2025.11.14	15:48:00	4088.51500	4091.82500	4088.17900	4091.31500	0.06
2025.11.14	15:49:00	4091.25500	4091.29500	4087.60500	4090.49500	0.08
2025.11.14	15:50:00	4090.50900	4094.73500	4090.50900	4094.44500	0.07
2025.11.14	15:51:00	4094.40500	4096.42500	4093.13500	4094.18500	0.06
2025.11.14	15:52:00	4094.22500	4095.37800	4091.85800	4093.23500	0.07
2025.11.14	15:53:00	4093.16500	4094.62500	4089.41500	4089.61500	0.05
2025.11.14	15:54:00	4089.59500	4089.65500	4085.68500	4088.67500	0.06
2025.11.14	15:55:00	4088.71500	4088.93500	4083.94500	4084.64500	0.05
2025.11.14	15:56:00	4084.66500	4084.79500	4081.18500	4084.55500	0.05
2025.11.14	15:57:00	4084.58500	4089.94500	4084.58500	4089.88500	0.06
2025.11.14	15:58:00	4089.88500	4092.74500	4089.28500	4092.64500	0.07
2025.11.14	15:59:00	4092.69500	4093.86500	4090.63500	4093.40500	0.06
2025.11.14	16:00:00	4093.51500	4095.12500	4089.41500	4089.49500	0.06
2025.11.14	16:01:00	4089.36500	4090.79500	4087.85500	4088.20500	0.06
2025.11.14	16:02:00	4088.32500	4091.46500	4088.22500	4090.84500	0.05
2025.11.14	16:03:00	4090.81500	4090.83500	4088.58500	4088.59500	0.04
2025.11.14	16:04:00	4088.63500	4088.83500	4084.51500	4085.37500	0.05
2025.11.14	16:05:00	4085.26500	4086.35500	4081.60500	4082.27500	0.06
2025.11.14	16:06:00	4082.27500	4085.16500	4080.73500	4083.57500	0.07
2025.11.14	16:07:00	4083.64500	4086.39500	4083.51500	4085.19500	0.04
2025.11.14	16:08:00	4085.17500	4086.24500	4084.68500	4085.84500	0.04
2025.11.14	16:09:00	4085.81500	4087.70500	4085.36500	4086.86500	0.05
2025.11.14	16:10:00	4086.90500	4087.59500	4085.00500	4085.35500	0.04
2025.11.14	16:11:00	4085.33500	4085.72500	4082.03500	4085.42500	0.06
2025.11.14	16:12:00	4085.51500	4085.74500	4082.67500	4083.67500	0.05
2025.11.14	16:13:00	4083.70500	4084.42500	4082.49500	4083.52500	0.06
2025.11.14	16:14:00	4083.48500	4084.48500	4082.44500	4083.84500	0.07
2025.11.14	16:15:00	4083.92500	4085.80500	4082.05500	4083.04500	0.06
2025.11.14	16:16:00	4083.06500	4087.59500	4082.60500	4087.28500	0.04
2025.11.14	16:17:00	4087.30500	4091.39500	4086.98500	4089.62500	0.05
2025.11.14	16:18:00	4089.58500	4091.96500	4089.35500	4091.31500	0.04
2025.11.14	16:19:00	4091.37500	4096.73500	4091.25500	4096.73500	0.05
2025.11.14	16:20:00	4096.73500	4098.73500	4095.87500	4096.86500	0.05
2025.11.14	16:21:00	4096.84500	4098.55500	4096.29500	4097.65500	0.05
2025.11.14	16:22:00	4097.63500	4102.29500	4097.53500	4102.26500	0.05
2025.11.14	16:23:00	4102.29500	4102.85500	4100.74500	4101.09500	0.05
2025.11.14	16:24:00	4101.07500	4101.28500	4099.21500	4100.98500	0.04
2025.11.14	16:25:00	4101.02500	4102.63500	4100.78500	4102.20500	0.04
2025.11.14	16:26:00	4102.17500	4102.51500	4100.37500	4101.39500	0.04
2025.11.14	16:27:00	4101.40500	4101.89500	4100.31500	4101.14500	0.04
2025.11.14	16:28:00	4101.25500	4103.07500	4100.67800	4102.34800	0.08
2025.11.14	16:29:00	4102.34800	4102.68800	4099.47800	4101.94800	0.10
2025.11.14	16:30:00	4101.95500	4102.43500	4099.22500	4099.73500	0.06
2025.11.14	16:31:00	4099.67500	4100.95500	4098.34500	4099.19500	0.05
2025.11.14	16:32:00	4099.22500	4099.84500	4096.44800	4098.84500	0.06
2025.11.14	16:33:00	4098.81500	4099.02500	4096.36500	4097.25900	0.04
2025.11.14	16:34:00	4097.29500	4099.16500	4096.90500	4098.03500	0.04
2025.11.14	16:35:00	4098.04500	4098.54500	4096.22500	4097.51500	0.04
2025.11.14	16:36:00	4097.56500	4098.19500	4096.83500	4097.95500	0.03
2025.11.14	16:37:00	4097.92500	4100.73500	4097.18500	4100.73500	0.04
2025.11.14	16:38:00	4100.79800	4106.30500	4100.79800	4105.13500	0.05
2025.11.14	16:39:00	4105.10500	4105.85500	4103.41500	4105.29500	0.05
2025.11.14	16:40:00	4105.27500	4108.97500	4104.81500	4108.20500	0.05
2025.11.14	16:41:00	4108.25500	4110.91500	4108.03500	4109.00500	0.05
2025.11.14	16:42:00	4108.98500	4110.36500	4108.07500	4108.55500	0.05
2025.11.14	16:43:00	4108.61500	4109.16500	4107.96500	4108.66500	0.04
2025.11.14	16:44:00	4108.63500	4109.20500	4107.28500	4108.10500	0.05
2025.11.14	16:45:00	4108.37500	4109.16500	4104.43500	4104.76500	0.06
2025.11.14	16:46:00	4104.78500	4107.70500	4103.67500	4107.24500	0.10
2025.11.14	16:47:00	4107.13500	4108.14500	4104.31500	4106.05500	0.09
2025.11.14	16:48:00	4106.05500	4107.50900	4104.92500	4107.45900	0.08
2025.11.14	16:49:00	4107.45900	4107.45900	4104.68500	4106.26500	0.07
2025.11.14	16:50:00	4106.51500	4107.63500	4105.64500	4106.65500	0.06
2025.11.14	16:51:00	4106.65900	4106.85500	4105.57500	4106.20500	0.05
2025.11.14	16:52:00	4106.24500	4106.83500	4104.95500	4106.81500	0.04
2025.11.14	16:53:00	4106.83500	4107.67500	4105.98500	4107.01900	0.03
2025.11.14	16:54:00	4107.00500	4107.47500	4104.64500	4105.09500	0.04
2025.11.14	16:55:00	4105.06500	4106.57500	4102.86500	4102.86500	0.04
2025.11.14	16:56:00	4102.94500	4104.44500	4102.81500	4103.44500	0.04
2025.11.14	16:57:00	4103.42500	4104.90500	4103.37500	4104.15500	0.04
2025.11.14	16:58:00	4104.27500	4104.50500	4101.96500	4103.60500	0.05
2025.11.14	16:59:00	4103.63500	4105.30500	4103.51500	4104.97500	0.03
2025.11.14	17:00:00	4105.00500	4105.80500	4101.34500	4101.47500	0.04
2025.11.14	17:01:00	4101.60500	4104.42500	4101.56500	4103.93500	0.04
2025.11.14	17:02:00	4103.97500	4105.14500	4103.54500	4104.54500	0.04
2025.11.14	17:03:00	4104.91500	4107.72500	4104.24500	4107.28500	0.04
2025.11.14	17:04:00	4107.32500	4110.44500	4107.29500	4109.55500	0.04
2025.11.14	17:05:00	4109.23500	4109.31500	4105.24500	4105.29500	0.05
2025.11.14	17:06:00	4105.29500	4105.92500	4103.87500	4105.81500	0.05
2025.11.14	17:07:00	4105.61500	4105.93500	4099.30500	4099.98500	0.05
2025.11.14	17:08:00	4099.93500	4099.93500	4095.84500	4097.68500	0.09
2025.11.14	17:09:00	4097.72500	4104.10500	4097.59900	4103.94900	0.10
2025.11.14	17:10:00	4103.97500	4104.36500	4101.66500	4101.66500	0.07
2025.11.14	17:11:00	4101.64500	4102.03500	4098.85500	4100.43500	0.06
2025.11.14	17:12:00	4100.45500	4100.65500	4098.18500	4098.53500	0.04
2025.11.14	17:13:00	4098.49500	4100.40500	4097.48500	4099.90500	0.05
2025.11.14	17:14:00	4099.88500	4102.86500	4099.75500	4102.26500	0.06
2025.11.14	17:15:00	4102.29500	4103.47500	4101.04500	4101.52500	0.05
2025.11.14	17:16:00	4101.52500	4103.28500	4101.26500	4103.09500	0.05
2025.11.14	17:17:00	4103.12500	4103.95500	4102.91500	4103.02500	0.04
2025.11.14	17:18:00	4103.05500	4103.05500	4101.60500	4102.00500	0.05
2025.11.14	17:19:00	4102.02500	4102.28500	4099.43500	4100.62500	0.04
2025.11.14	17:20:00	4100.62500	4101.26500	4097.80500	4098.94500	0.05
2025.11.14	17:21:00	4099.20500	4100.73500	4099.10500	4099.52500	0.05
2025.11.14	17:22:00	4099.52500	4100.01500	4097.89500	4098.83500	0.05
2025.11.14	17:23:00	4098.79500	4101.67500	4098.77500	4101.19500	0.04
2025.11.14	17:24:00	4101.21500	4102.19500	4100.68500	4100.90500	0.04
2025.11.14	17:25:00	4100.94500	4101.48500	4097.51500	4097.93500	0.04
2025.11.14	17:26:00	4098.10500	4099.33500	4097.25500	4097.25500	0.04
2025.11.14	17:27:00	4097.29500	4099.02500	4095.03500	4096.09500	0.05
2025.11.14	17:28:00	4096.09500	4097.68500	4093.95500	4097.64500	0.05
2025.11.14	17:29:00	4097.65500	4099.24500	4096.57500	4098.70500	0.05
2025.11.14	17:30:00	4098.72500	4099.43500	4097.92500	4099.04500	0.05
2025.11.14	17:31:00	4099.07500	4104.45500	4099.07500	4103.82500	0.06
2025.11.14	17:32:00	4103.90500	4104.99500	4101.00500	4102.39500	0.06
2025.11.14	17:33:00	4102.39500	4104.27500	4101.25500	4102.92500	0.05
2025.11.14	17:34:00	4102.78900	4104.21500	4102.09500	4104.21500	0.04
2025.11.14	17:35:00	4104.24500	4108.96500	4104.19500	4108.20500	0.05
2025.11.14	17:36:00	4108.17500	4109.11500	4106.29500	4106.45500	0.05
2025.11.14	17:37:00	4106.49500	4108.46500	4105.95500	4107.73500	0.04
2025.11.14	17:38:00	4107.75500	4110.23500	4107.41500	4109.10500	0.04
2025.11.14	17:39:00	4109.12500	4110.11500	4108.30500	4108.97500	0.04
2025.11.14	17:40:00	4108.93500	4109.23500	4104.62500	4104.66500	0.06
2025.11.14	17:41:00	4104.68500	4105.64500	4102.10500	4102.61500	0.04
2025.11.14	17:42:00	4102.36500	4104.15500	4101.73500	4103.13500	0.03
2025.11.14	17:43:00	4103.11500	4103.63500	4102.43500	4103.58500	0.04
2025.11.14	17:44:00	4103.56500	4103.75500	4102.22500	4103.18500	0.03
2025.11.14	17:45:00	4103.25500	4103.47500	4100.22500	4100.22500	0.04
2025.11.14	17:46:00	4100.18500	4100.86500	4099.09500	4100.12500	0.04
2025.11.14	17:47:00	4100.11500	4101.40500	4099.08500	4100.27500	0.04
2025.11.14	17:48:00	4100.24500	4100.24500	4097.96500	4098.44500	0.03
2025.11.14	17:49:00	4098.41500	4100.30500	4098.03500	4099.30500	0.04
2025.11.14	17:50:00	4099.27500	4099.72500	4096.74500	4096.89500	0.05
2025.11.14	17:51:00	4096.92500	4099.97500	4095.97500	4097.27500	0.04
2025.11.14	17:52:00	4097.30500	4101.20500	4097.30500	4101.16500	0.04
2025.11.14	17:53:00	4101.02500	4104.05500	4100.95500	4103.48500	0.05
2025.11.14	17:54:00	4103.51500	4104.53500	4102.13500	4102.65500	0.05
2025.11.14	17:55:00	4102.70500	4102.80500	4100.55500	4101.39500	0.05
2025.11.14	17:56:00	4101.42500	4101.73500	4099.06500	4100.10500	0.04
2025.11.14	17:57:00	4100.03500	4100.50500	4098.81500	4099.81500	0.04
2025.11.14	17:58:00	4099.86500	4100.48500	4099.13500	4100.48500	0.05
2025.11.14	17:59:00	4100.45500	4100.73500	4098.89500	4099.71500	0.06
2025.11.14	18:00:00	4099.69500	4100.08500	4096.89500	4096.93500	0.05
2025.11.14	18:01:00	4096.97500	4098.04500	4090.48500	4093.35500	0.06
2025.11.14	18:02:00	4093.45500	4093.62500	4090.33500	4091.91500	0.06
2025.11.14	18:03:00	4091.90500	4092.51500	4086.49500	4086.58500	0.05
2025.11.14	18:04:00	4086.64500	4089.87500	4085.85500	4088.77500	0.10
2025.11.14	18:05:00	4088.74500	4091.41500	4086.65500	4088.56500	0.08
2025.11.14	18:06:00	4088.65500	4091.10900	4088.12500	4089.19500	0.06
2025.11.14	18:07:00	4089.18500	4093.26500	4088.43500	4092.47500	0.06
2025.11.14	18:08:00	4092.38500	4092.79500	4090.07500	4091.41500	0.06
2025.11.14	18:09:00	4091.44500	4092.74500	4090.80500	4091.44500	0.04
2025.11.14	18:10:00	4091.45500	4091.72500	4088.35500	4091.29500	0.05
2025.11.14	18:11:00	4091.31500	4092.77500	4090.08500	4090.28500	0.03
2025.11.14	18:12:00	4090.28500	4094.08500	4090.18500	4093.57500	0.05
2025.11.14	18:13:00	4093.60500	4095.19500	4093.60500	4093.94500	0.04
2025.11.14	18:14:00	4094.07500	4095.58500	4093.67500	4094.69500	0.04
2025.11.14	18:15:00	4094.71500	4095.03500	4092.15500	4092.40500	0.04
2025.11.14	18:16:00	4092.38500	4093.02500	4090.37500	4091.47500	0.05
2025.11.14	18:17:00	4091.43500	4091.98500	4087.86500	4088.38500	0.04
2025.11.14	18:18:00	4088.43900	4089.41500	4086.20500	4087.16900	0.09
2025.11.14	18:19:00	4087.19900	4089.39500	4086.97900	4089.02500	0.08
2025.11.14	18:20:00	4089.10500	4089.67500	4086.47500	4086.90500	0.05
2025.11.14	18:21:00	4086.92500	4087.64500	4083.64800	4084.15500	0.05
2025.11.14	18:22:00	4084.12500	4084.18500	4080.64500	4083.24800	0.08
2025.11.14	18:23:00	4083.23900	4087.19500	4083.04800	4086.59500	0.07
2025.11.14	18:24:00	4086.53500	4086.84500	4084.64800	4085.87900	0.06
2025.11.14	18:25:00	4085.81500	4087.60500	4084.90500	4086.38500	0.06
2025.11.14	18:26:00	4086.41500	4087.58500	4085.86500	4087.46500	0.05
2025.11.14	18:27:00	4087.46500	4088.34500	4087.06500	4087.38500	0.05
2025.11.14	18:28:00	4087.43500	4089.56500	4086.62500	4089.04500	0.06
2025.11.14	18:29:00	4089.01500	4093.56500	4088.90500	4092.91500	0.07
2025.11.14	18:30:00	4092.78900	4095.49500	4092.41500	4094.93500	0.06
2025.11.14	18:31:00	4094.89500	4094.96500	4090.72500	4092.16500	0.05
2025.11.14	18:32:00	4092.10500	4097.70500	4092.03500	4096.99500	0.05
2025.11.14	18:33:00	4096.89500	4096.92500	4095.26500	4096.09500	0.03
2025.11.14	18:34:00	4096.08500	4099.67500	4096.04500	4098.10500	0.04
2025.11.14	18:35:00	4098.03500	4101.26500	4097.93500	4098.96500	0.05
2025.11.14	18:36:00	4098.93500	4099.89500	4097.49500	4098.98500	0.04
2025.11.14	18:37:00	4099.00500	4099.97500	4098.83500	4099.62500	0.04
2025.11.14	18:38:00	4099.67500	4103.48500	4099.54500	4102.16500	0.05
2025.11.14	18:39:00	4102.14500	4103.27500	4100.48500	4100.63500	0.03
2025.11.14	18:40:00	4100.58500	4100.69500	4097.48500	4098.22500	0.04
2025.11.14	18:41:00	4098.24500	4098.26500	4094.68500	4095.12500	0.03
2025.11.14	18:42:00	4095.15500	4096.99500	4094.41500	4095.75500	0.04
2025.11.14	18:43:00	4095.72500	4096.53500	4095.04500	4096.45500	0.04
2025.11.14	18:44:00	4096.45500	4097.10500	4095.57500	4096.67500	0.03
2025.11.14	18:45:00	4096.65500	4097.95500	4096.65500	4097.27500	0.03
2025.11.14	18:46:00	4097.27500	4097.54500	4096.10500	4096.77500	0.03
2025.11.14	18:47:00	4096.80500	4097.31500	4096.08500	4096.54500	0.03
2025.11.14	18:48:00	4096.51500	4097.15500	4096.30500	4096.83500	0.03
2025.11.14	18:49:00	4096.81500	4096.94500	4095.41500	4095.95500	0.02
2025.11.14	18:50:00	4096.22500	4098.35500	4096.22500	4098.04500	0.03
2025.11.14	18:51:00	4098.01500	4102.06500	4097.81500	4101.18500	0.04
2025.11.14	18:52:00	4101.10500	4102.03500	4100.66500	4101.90500	0.03
2025.11.14	18:53:00	4101.87500	4102.47500	4101.20500	4102.14500	0.02
2025.11.14	18:54:00	4102.12500	4102.76500	4100.91500	4100.94500	0.03
2025.11.14	18:55:00	4100.99500	4101.07500	4099.30500	4099.31500	0.03
2025.11.14	18:56:00	4099.27500	4100.15500	4098.89500	4099.27500	0.03
2025.11.14	18:57:00	4099.23500	4099.57500	4097.21500	4097.57500	0.03
2025.11.14	18:58:00	4097.59500	4099.54500	4097.59500	4099.07500	0.03
2025.11.14	18:59:00	4098.98500	4099.06500	4097.63900	4097.86500	0.03
2025.11.14	19:00:00	4097.89500	4099.82500	4097.81500	4099.14500	0.03
2025.11.14	19:01:00	4099.11500	4099.11500	4096.73500	4097.49500	0.03
2025.11.14	19:02:00	4097.47500	4098.36500	4096.28500	4096.29500	0.03
2025.11.14	19:03:00	4096.27500	4098.00500	4096.27500	4097.48500	0.03
2025.11.14	19:04:00	4097.51500	4097.98500	4094.91500	4094.91500	0.03
2025.11.14	19:05:00	4094.86900	4095.17500	4091.31500	4091.35500	0.04
2025.11.14	19:06:00	4091.37500	4094.52500	4091.26500	4093.98500	0.04
2025.11.14	19:07:00	4093.95500	4094.20500	4090.79500	4090.79500	0.03
2025.11.14	19:08:00	4090.81500	4091.56500	4089.68500	4090.17500	0.03
2025.11.14	19:09:00	4090.19500	4093.16500	4089.86500	4093.14500	0.03
2025.11.14	19:10:00	4093.09500	4094.73500	4092.18500	4092.29500	0.04
2025.11.14	19:11:00	4092.26500	4092.82500	4090.85500	4091.01500	0.03
2025.11.14	19:12:00	4091.04500	4095.50500	4090.99500	4095.15500	0.03
2025.11.14	19:13:00	4095.18500	4095.61500	4093.46500	4093.50500	0.03
2025.11.14	19:14:00	4093.53500	4095.34500	4093.08500	4094.96500	0.03
2025.11.14	19:15:00	4094.98500	4097.04500	4094.46500	4095.99500	0.03
2025.11.14	19:16:00	4096.01500	4096.84500	4094.21500	4094.45500	0.04
2025.11.14	19:17:00	4094.43500	4094.43500	4091.97500	4092.60500	0.03
2025.11.14	19:18:00	4092.62500	4094.31500	4092.41500	4093.89500	0.02
2025.11.14	19:19:00	4093.87500	4093.99500	4092.81500	4093.71500	0.02
2025.11.14	19:20:00	4093.69500	4095.87500	4093.69500	4095.43500	0.02
2025.11.14	19:21:00	4095.41500	4095.65500	4094.62500	4095.34500	0.02
2025.11.14	19:22:00	4095.37500	4095.37500	4094.26500	4095.14500	0.02
2025.11.14	19:23:00	4095.05500	4095.18500	4093.04500	4093.68500	0.03
2025.11.14	19:24:00	4093.66500	4095.21500	4093.64500	4094.02500	0.03
2025.11.14	19:25:00	4094.00500	4094.37500	4092.30500	4093.33500	0.03
2025.11.14	19:26:00	4093.35500	4094.10500	4092.71500	4092.97500	0.02
2025.11.14	19:27:00	4092.99500	4093.65500	4092.01500	4093.61500	0.03
2025.11.14	19:28:00	4093.57500	4093.84500	4092.91500	4092.93500	0.03
2025.11.14	19:29:00	4092.61500	4093.69500	4092.61500	4093.39500	0.02
2025.11.14	19:30:00	4093.36500	4093.95500	4092.98500	4093.34500	0.02
2025.11.14	19:31:00	4093.24500	4093.78500	4090.39500	4090.64500	0.03
2025.11.14	19:32:00	4090.72500	4092.97500	4089.76500	4092.97500	0.04
2025.11.14	19:33:00	4092.94500	4093.63500	4091.24500	4092.04500	0.05
2025.11.14	19:34:00	4092.04500	4093.22500	4090.05500	4090.37500	0.04
2025.11.14	19:35:00	4090.39500	4091.60500	4089.87500	4091.43500	0.03
2025.11.14	19:36:00	4091.50500	4094.02500	4091.04500	4093.89500	0.03
2025.11.14	19:37:00	4093.86500	4094.44500	4092.01500	4093.63500	0.03
2025.11.14	19:38:00	4093.57500	4095.19500	4093.24500	4095.17500	0.02
2025.11.14	19:39:00	4095.19500	4095.39500	4093.86500	4093.90500	0.02
2025.11.14	19:40:00	4093.87500	4093.87500	4091.77500	4091.90500	0.03
2025.11.14	19:41:00	4091.87500	4092.24500	4091.00500	4091.59500	0.02
2025.11.14	19:42:00	4091.56500	4092.27500	4090.73500	4092.20500	0.03
2025.11.14	19:43:00	4092.22500	4092.25500	4091.01500	4091.14500	0.02
2025.11.14	19:44:00	4091.17500	4091.41500	4089.94500	4089.98500	0.02
2025.11.14	19:45:00	4090.00500	4090.61500	4088.43500	4089.10500	0.02
2025.11.14	19:46:00	4089.13500	4091.93500	4089.13500	4090.88500	0.03
2025.11.14	19:47:00	4090.89500	4092.25500	4090.66500	4091.92500	0.03
2025.11.14	19:48:00	4091.89500	4092.26500	4090.55500	4090.67500	0.03
2025.11.14	19:49:00	4090.60500	4091.31500	4089.76500	4090.02500	0.03
2025.11.14	19:50:00	4089.99500	4090.28500	4089.24500	4089.64900	0.04
2025.11.14	19:51:00	4089.68500	4092.50500	4089.16500	4092.25900	0.04
2025.11.14	19:52:00	4092.25900	4095.44900	4092.16900	4094.76900	0.07
2025.11.14	19:53:00	4094.70900	4094.88900	4092.82500	4093.32500	0.06
2025.11.14	19:54:00	4093.29500	4094.29900	4092.96900	4094.07900	0.05
2025.11.14	19:55:00	4093.81500	4094.54900	4091.44500	4091.93500	0.06
2025.11.14	19:56:00	4091.97900	4092.15900	4088.49500	4089.11900	0.07
2025.11.14	19:57:00	4089.21900	4090.88900	4088.86900	4089.53500	0.08
2025.11.14	19:58:00	4089.48500	4089.55800	4087.52900	4088.12500	0.06
2025.11.14	19:59:00	4088.14500	4091.10500	4088.14500	4089.78500	0.03
2025.11.14	20:00:00	4089.85500	4092.13500	4089.85500	4090.57500	0.03
2025.11.14	20:01:00	4090.21500	4090.29500	4088.36500	4089.31500	0.03
2025.11.14	20:02:00	4089.29500	4089.49500	4086.07500	4086.87500	0.03
2025.11.14	20:03:00	4086.90500	4087.79500	4084.65500	4084.99500	0.04
2025.11.14	20:04:00	4085.01500	4085.82500	4083.53500	4084.35500	0.03
2025.11.14	20:05:00	4084.38500	4088.14500	4084.38500	4088.10500	0.02
2025.11.14	20:06:00	4088.07500	4088.25500	4086.26500	4087.17500	0.03
2025.11.14	20:07:00	4087.10500	4087.68500	4084.83500	4086.66500	0.03
2025.11.14	20:08:00	4086.64500	4087.00500	4085.53500	4086.33500	0.02
2025.11.14	20:09:00	4086.35500	4087.23500	4086.05500	4087.23500	0.02
2025.11.14	20:10:00	4087.26500	4089.60500	4087.14500	4088.67500	0.04
2025.11.14	20:11:00	4088.67500	4089.86500	4088.23500	4088.58500	0.05
2025.11.14	20:12:00	4088.55500	4089.72500	4087.61500	4089.44500	0.03
2025.11.14	20:13:00	4089.41500	4090.86500	4088.22500	4089.11500	0.03
2025.11.14	20:14:00	4089.13500	4089.16500	4087.13500	4087.28500	0.04
2025.11.14	20:15:00	4087.26500	4088.83500	4086.24500	4086.31500	0.04
2025.11.14	20:16:00	4086.28500	4087.00500	4085.46500	4086.78500	0.04
2025.11.14	20:17:00	4086.82500	4086.93500	4085.55500	4086.36500	0.03
2025.11.14	20:18:00	4086.40500	4086.78500	4083.75900	4083.81500	0.05
2025.11.14	20:19:00	4083.83500	4086.16500	4083.83500	4084.09500	0.05
2025.11.14	20:20:00	4084.13500	4084.70500	4080.88500	4081.19500	0.04
2025.11.14	20:21:00	4081.17500	4081.17500	4076.70500	4076.84500	0.05
2025.11.14	20:22:00	4077.05500	4078.22500	4075.79900	4076.72500	0.05
2025.11.14	20:23:00	4076.75900	4078.02500	4076.15500	4077.05500	0.04
2025.11.14	20:24:00	4077.07500	4079.26500	4077.07500	4078.64500	0.05
2025.11.14	20:25:00	4078.65500	4079.41500	4077.13500	4077.76500	0.04
2025.11.14	20:26:00	4077.81500	4078.75500	4075.34500	4075.74500	0.04
2025.11.14	20:27:00	4075.77500	4079.21500	4075.51500	4079.21500	0.04
2025.11.14	20:28:00	4079.25500	4082.13500	4079.25500	4081.82500	0.04
2025.11.14	20:29:00	4081.79500	4083.97500	4081.53500	4083.58500	0.04
2025.11.14	20:30:00	4083.66500	4085.13500	4082.72500	4083.37500	0.05
2025.11.14	20:31:00	4083.34500	4083.58500	4081.75500	4083.33500	0.03
2025.11.14	20:32:00	4083.30500	4084.67500	4083.04500	4084.66500	0.03
2025.11.14	20:33:00	4084.64500	4086.79500	4083.38500	4086.77500	0.03
2025.11.14	20:34:00	4086.77500	4086.95500	4085.81500	4086.60500	0.03
2025.11.14	20:35:00	4086.75500	4089.11500	4086.67500	4088.93500	0.05
2025.11.14	20:36:00	4088.89500	4090.81500	4088.41500	4090.63500	0.03
2025.11.14	20:37:00	4090.57500	4092.19500	4090.42500	4090.47500	0.05
2025.11.14	20:38:00	4090.43500	4091.56500	4090.06500	4090.32500	0.03
2025.11.14	20:39:00	4090.35500	4092.08500	4090.23500	4091.77500	0.04
2025.11.14	20:40:00	4091.76500	4091.76500	4088.51500	4089.38500	0.04
2025.11.14	20:41:00	4089.23500	4089.57500	4087.31500	4087.51500	0.03
2025.11.14	20:42:00	4087.54500	4088.41500	4087.02500	4087.98500	0.03
2025.11.14	20:43:00	4087.96500	4088.61500	4087.28500	4087.80500	0.03
2025.11.14	20:44:00	4087.78500	4087.78500	4086.65500	4087.41500	0.03
2025.11.14	20:45:00	4087.37500	4087.82500	4086.23500	4087.79500	0.04
2025.11.14	20:46:00	4087.79500	4091.51500	4087.67500	4090.43500	0.05
2025.11.14	20:47:00	4090.43500	4090.94500	4089.43500	4090.27500	0.03
2025.11.14	20:48:00	4090.25500	4091.38500	4089.17500	4090.03500	0.04
2025.11.14	20:49:00	4090.00500	4090.17500	4088.51500	4089.12500	0.03
2025.11.14	20:50:00	4089.08900	4089.63500	4085.63500	4085.74500	0.04
2025.11.14	20:51:00	4085.92900	4088.06900	4085.74800	4086.62500	0.07
2025.11.14	20:52:00	4086.82500	4086.99500	4085.29500	4086.61900	0.06
2025.11.14	20:53:00	4086.56500	4086.94800	4085.79500	4086.65500	0.05
2025.11.14	20:54:00	4086.64800	4086.81900	4085.16500	4085.78500	0.05
2025.11.14	20:55:00	4085.85500	4086.77900	4085.57900	4085.80500	0.06
2025.11.14	20:56:00	4085.76500	4086.84500	4084.90900	4084.97500	0.04
2025.11.14	20:57:00	4084.99500	4087.52500	4084.81500	4087.50500	0.04
2025.11.14	20:58:00	4087.53500	4087.53500	4084.92500	4086.03500	0.06
2025.11.14	20:59:00	4086.06500	4087.84500	4085.76500	4086.98900	0.03
2025.11.14	21:00:00	4086.92500	4086.92500	4082.57500	4082.57500	0.02
2025.11.14	21:01:00	4082.57500	4084.51500	4082.02500	4084.04500	0.02
2025.11.14	21:02:00	4084.04500	4085.58500	4084.04500	4084.70500	0.01
2025.11.14	21:03:00	4084.66500	4084.66500	4083.31500	4084.25500	0.01
2025.11.14	21:04:00	4084.30900	4084.43500	4083.68500	4083.71500	0.00
2025.11.14	21:05:00	4083.74500	4084.06500	4080.88500	4081.16500	0.01
2025.11.14	21:06:00	4081.14500	4081.16500	4079.48500	4079.77500	0.01
2025.11.14	21:07:00	4079.82500	4082.57500	4079.34500	4082.57500	0.02
2025.11.14	21:08:00	4082.57500	4082.66500	4081.22500	4081.22500	0.01
2025.11.14	21:09:00	4081.13500	4081.18500	4080.15500	4080.15500	0.01
2025.11.14	21:10:00	4080.11500	4080.46500	4079.43500	4080.15500	0.01
2025.11.14	21:11:00	4080.22900	4080.90500	4079.44900	4080.90500	0.02
2025.11.14	21:12:00	4080.88500	4081.12500	4080.20500	4080.68500	0.01
2025.11.14	21:13:00	4080.71500	4080.93500	4079.16500	4079.46500	0.01
2025.11.14	21:14:00	4079.50500	4079.56500	4078.79500	4079.53500	0.01
2025.11.14	21:15:00	4079.50500	4083.29500	4079.35500	4083.14500	0.02
2025.11.14	21:16:00	4082.97500	4084.93500	4082.94500	4084.54500	0.01
2025.11.14	21:17:00	4084.44500	4084.97500	4083.90500	4084.22500	0.01
2025.11.14	21:18:00	4084.19500	4084.25500	4082.90500	4083.30500	0.02
2025.11.14	21:19:00	4083.28500	4083.59500	4081.41500	4081.74500	0.01
2025.11.14	21:20:00	4081.77500	4081.78500	4080.29500	4081.41500	0.01
2025.11.14	21:21:00	4081.41500	4081.41500	4080.52500	4081.09500	0.01
2025.11.14	21:22:00	4081.11500	4081.72500	4080.76500	4081.55500	0.01
2025.11.14	21:23:00	4081.50500	4082.71500	4081.08500	4082.57500	0.01
2025.11.14	21:24:00	4082.59500	4083.37500	4082.43500	4083.15500	0.01
2025.11.14	21:25:00	4083.15500	4084.56500	4082.72500	4084.56500	0.01
2025.11.14	21:26:00	4084.50500	4084.50500	4082.04500	4083.01500	0.02
2025.11.14	21:27:00	4083.01500	4083.01500	4082.48500	4082.79500	0.01
2025.11.14	21:28:00	4082.79500	4082.83900	4081.66500	4082.47500	0.01
2025.11.14	21:29:00	4082.46500	4083.38500	4082.15500	4082.61500	0.02
2025.11.14	21:30:00	4082.62500	4082.70500	4082.11500	4082.16500	0.01
2025.11.14	21:31:00	4082.16500	4082.19500	4080.97500	4082.19500	0.01
2025.11.14	21:32:00	4082.26900	4083.00500	4081.37500	4081.85500	0.02
2025.11.14	21:33:00	4081.83500	4082.35500	4081.61500	4082.25500	0.01
2025.11.14	21:34:00	4081.84500	4083.77500	4081.84500	4083.77500	0.01
2025.11.14	21:35:00	4083.76500	4083.81500	4079.69500	4080.81900	0.05
2025.11.14	21:36:00	4080.75500	4081.02900	4079.71500	4080.57500	0.02
2025.11.14	21:37:00	4080.60500	4081.62500	4079.96900	4080.60500	0.02
2025.11.14	21:38:00	4080.60500	4080.60500	4079.22500	4079.42500	0.02
2025.11.14	21:39:00	4079.40500	4079.40500	4078.00500	4078.14500	0.02
2025.11.14	21:40:00	4078.15500	4079.29500	4077.50900	4079.11500	0.02
2025.11.14	21:41:00	4078.83500	4079.90500	4078.39500	4079.62500	0.02
2025.11.14	21:42:00	4079.61500	4080.07500	4079.01500	4079.59500	0.01
2025.11.14	21:43:00	4079.55500	4081.19800	4079.53500	4079.78500	0.02
2025.11.14	21:44:00	4079.75500	4080.75900	4079.39900	4080.26500	0.03
2025.11.14	21:45:00	4080.25500	4080.80500	4079.32500	4079.58500	0.01
2025.11.14	21:46:00	4079.49500	4080.16500	4079.48500	4079.83500	0.01
2025.11.14	21:47:00	4079.77500	4079.77500	4078.84900	4079.63500	0.01
2025.11.14	21:48:00	4079.65500	4080.55500	4079.53500	4079.98500	0.01
2025.11.14	21:49:00	4080.02500	4080.07500	4079.15500	4079.38500	0.01
2025.11.14	21:50:00	4079.00500	4080.57500	4079.00500	4080.19800	0.02
2025.11.14	21:51:00	4080.28900	4080.31500	4079.79500	4079.95500	0.01
2025.11.14	21:52:00	4080.04900	4083.26900	4080.03500	4083.01500	0.02
2025.11.14	21:53:00	4082.99900	4083.83900	4082.75500	4082.89500	0.03
2025.11.14	21:54:00	4082.85500	4084.92500	4082.82500	4084.51500	0.01
2025.11.14	21:55:00	4084.46900	4084.55500	4083.16900	4084.08500	0.02
2025.11.14	21:56:00	4084.09800	4085.78900	4083.44900	4084.66500	0.02
2025.11.14	21:57:00	4084.68500	4084.70500	4083.78900	4084.32900	0.03
2025.11.14	21:58:00	4084.30500	4085.00500	4083.82900	4084.72900	0.03
2025.11.14	21:59:00	4084.72900	4085.00500	4079.96900	4082.01900	0.03
